Workbook

Sheet PCB Details 
B7: Date | C7: Serial No | D7: New Code | E7: MPG Name | F7: BMC Name | G7: Total Qty | H7: Recovery Basis | I7: Non -Recovery Basis | J7: AMCU Repair | K7: Approved By | L7: Delivered By | M7: Receive by | N7: Remarks
B8: 45783 | C8: Stipl | D8: 10140007 | E8: English Dubauli | F8: Dumroan | G8: 1 | H8: =+G8 -> 1 | I8: 0 | J8: 0 | K8: Manish Sir | L8: Gaurav | M8: Courier | N8: Cost on recovery basis
B9: 45783 | C9: Stipl | D9: 10140013 | E9: Mathura Dera | F9: Dumroan | G9: 1 | H9: =+G9 -> 1 | I9: 0 | J9: 0 | K9: Manish Sir | L9: Gaurav | M9: Courier | N9: Cost on recovery basis
B10: 45783 | C10: Stipl | D10: 10510001 | E10: Arak | F10: Dumroan | G10: 1 | H10: =+G10 -> 1 | I10: 0 | J10: 0 | K10: Manish Sir | L10: Gaurav | M10: Courier | N10: Cost on recovery basis
B11: 45783 | C11: Stipl | D11: 10140001 | E11: Dumri Purvi | F11: Dumroan | G11: 1 | H11: 1 | I11: 0 | J11: 0 | K11: Manish Sir | L11: Gaurav | M11: Courier | N11: Cost on recovery basis
B12: 45784 | C12: GREP041400D4FQH077 | D12: 10030030 | E12: Mirahati-2 | F12: Asarganj | G12: 1 | H12: 0 | I12: 1 | J12: 0 | K12: Manish Sir | L12: Gaurav | M12: Babul | N12: used on non recovery basis in MPG
B13: 45784 | C13: GREP041400D4FQH103 | D13: 10030037 | E13: Launa | F13: Asarganj | G13: 1 | H13: 1 | I13: 0 | J13: 0 | K13: Manish Sir | L13: Gaurav | M13: Babul (paid) | N13: Cost on recovery basis
B14: 45787 | C14: GREP041400D4FQH079 | D14: 10060090 | E14: Sangrampur | F14: Sonvarsa | G14: 1 | H14: 0 | I14: 1 | J14: 0 | K14: Manish Sir | L14: Gaurav | M14: Umakant | N14: used on non recovery basis in MPG
B15: 45787 | C15: GREP041400D4FQH138 | D15: 10020021 | E15: Mohanpur | F15: Laldiyara | G15: 1 | H15: 1 | I15: 0 | J15: 0 | K15: Manish Sir | L15: Gaurav | M15: Umakant | N15: Cost on recovery basis
B16: 45787 | C16: GREP041400D4FQH080 | D16: 10090032 | E16: DHARSANDA | F16: Halsi | G16: 1 | H16: 1 | I16: 0 | J16: 0 | K16: Manish Sir | L16: Gaurav | M16: Umakant | N16: Cost on recovery basis
B17: 45787 | C17: GREP041400D4FQH084 | D17: 1009 | E17: Halsi BMC | F17: Halsi | G17: 1 | H17: 0 | I17: 1 | J17: 0 | K17: Manish Sir | L17: Gaurav | M17: Umakant | N17: Used on Non recovery basis in BMC
B18: 45800 | C18: GREP041400D4FQH070 | D18: 0 | E18: Munger Store | F18: Munger | G18: 1 | H18: 0 | I18: 0 | J18: 1 | K18: Manish Sir | L18: Gaurav | M18: Dharmendra Tiwari | N18: AMCU Repair
B19: 45803 | C19: GREP041400D4FQH126 | D19: 10010076 | E19: Gomukh Bhith | F19: Manjhaul | G19: 1 | H19: 1 | I19: 0 | J19: 0 | K19: Manish Sir | L19: Gaurav | M19: transport | N19: Used on Non recovery basis in BMC
B20: 45803 | C20: GREP041400D4FQH095 | D20: 10140022 | E20: Hemadpur | F20: Dumroan | G20: 1 | H20: 1 | I20: 0 | J20: 0 | K20: Verma Sir | L20: Gaurav | M20: transport | N20: Cost on recovery basis
B21: 45812 | C21: GREP041400D4FQH134 | D21: 10060077 | E21: Tilathi | F21: Sonvarsa | G21: 1 | H21: 0 | I21: 1 | J21: 0 | K21: Manish Sir | L21: Gaurav | M21: Arun AI | N21: used on non recovery basis in MPG
B22: 45814 | C22: GREP041400D4FQH100 | D22: 10140131 | E22: Basawkala | F22: Dumroan | G22: 1 | H22: 0 | I22: 1 | J22: 0 | K22: Verma Sir | L22: Gaurav | M22: DTDC Courier | N22: used on non recovery basis in MPG
... B30: 45834 | C30: GREP041400D4FQH094 | D30: 10130012 | E30: Arniyaganj | F30: Musrigharari | G30: 1 | H30: 1 | I30: 0 | J30: 0 | K30: Shankar sir | L30: Shahid | M30: Dev Prakash(AI | N30: Cost on recovery basis
B31: 45989 | C31: PFD-09258522 | D31: 1013 | E31: Musrigharari BMC | F31: Musrigharari | G31: 1 | H31: 0 | I31: 1 | J31: 0 | K31: Shankar sir | L31: Shahid | M31: Dev Prakash(AI | N31: Used on Non recovery basis in BMC | O31: Replace GREP041400D4FQH141
B32: 45834 | C32: GREP041400D4FQH140 | D32: 1012 | E32: Simri Store | F32: Simri | G32: 1 | H32: 0 | I32: 0 | J32: 1 | K32: Shankar sir | L32: Shahid | M32: Dev Prakash(AI | N32: AMCU Repair
B33: 45845 | C33: GREP041400D4FQH120 | D33: 10140129 | E33: Gomukh Paharpur | F33: Dumroan | G33: 1 | H33: 0 | I33: 1 | J33: 0 | K33: Shankar sir | L33: Gaurav | M33: Rakesh Sir | N33: used on non recovery basis in MPG
B34: 45845 | C34: GREP041400D4FQH127 | D34: 10090036 | E34: TAAL-SHAHARSHA | F34: Halsi | G34: 1 | H34: 1 | I34: 0 | J34: 0 | K34: Manish Sir | L34: Gaurav | M34: Gaurav | N34: Cost on recovery basis
B35: 45852 | C35: GREP041400D4FQH111 | D35: 10310001 | E35: Manikpur | F35: Sonvarsa | G35: 1 | H35: 1 | I35: 0 | J35: 0 | K35: Manish Sir | L35: Gaurav | M35: Umakant(done) | N35: Cost on recovery basis
B36: 45852 | C36: GREP041400D4FQH132 | D36: 10020037 | E36: Jaitpur | F36: Laldiyara | G36: 1 | H36: 1 | I36: 0 | J36: 0 | K36: Manish Sir | L36: Gaurav | M36: Umakant | N36: Cost on recovery basis
B37: 45852 | C37: GREP041400D4FQH118 | D37: 10120082 | E37: Dedua Balo Tol | F37: Simri | G37: 1 | H37: 1 | I37: 0 | J37: 0 | K37: Shankar sir | L37: Gaurav | M37: Kamesh ji | N37: Cost on recovery basis
B38: 45852 | C38: GREP041400D4FQH135 | E38: Transfer to WB | G38: 1 | H38: 0 | I38: 0 | J38: 1 | K38: Rakesh Sir | L38: Gaurav | M38: Asto | N38: AMCU Repair
B39: 45852 | C39: GREP041400D4FQH133 | E39: Transfer to WB | G39: 1 | H39: 0 | I39: 0 | J39: 1 | K39: Rakesh Sir | L39: Gaurav | M39: Asto | N39: AMCU Repair
B40: 45852 | C40: GREP041400D4FQH067 | E40: Transfer to WB | G40: 1 | H40: 0 | I40: 0 | J40: 1 | K40: Rakesh Sir | L40: Gaurav | M40: Asto | N40: AMCU Repair
B41: 45852 | C41: GREP041400D4FQH066 | E41: Transfer to WB | G41: 1 | H41: 0 | I41: 0 | J41: 1 | K41: Rakesh Sir | L41: Gaurav | M41: Asto | N41: AMCU Repair
B42: 45852 | C42: GREP041400D4FQH099 | E42: Transfer to WB | G42: 1 | H42: 0 | I42: 0 | J42: 1 | K42: Rakesh Sir | L42: Gaurav | M42: Asto | N42: AMCU Repair
B43: 45852 | C43: GREP041400D4FQH073 | E43: Transfer to WB | G43: 1 | H43: 0 | I43: 0 | J43: 1 | K43: Rakesh Sir | L43: Gaurav | M43: Asto | N43: AMCU Repair
B44: 45852 | C44: GREP041400D4FQH104 | E44: Transfer to WB | G44: 1 | H44: 0 | I44: 0 | J44: 1 | K44: Rakesh Sir | L44: Gaurav | M44: Asto | N44: AMCU Repair
B45: 45852 | C45: GREP041400D4FQH106 | E45: Transfer to WB | G45: 1 | H45: 0 | I45: 0 | J45: 1 | K45: Rakesh Sir | L45: Gaurav | M45: Asto | N45: AMCU Repair
B46: 45852 | C46: GREP041400D4FQH124 | E46: Transfer to WB | G46: 1 | H46: 0 | I46: 0 | J46: 1 | K46: Rakesh Sir | L46: Gaurav | M46: Asto | N46: AMCU Repair
B47: 45852 | C47: GREP041400D4FQH074 | E47: Transfer to WB | G47: 1 | H47: 0 | I47: 0 | J47: 1 | K47: Rakesh Sir | L47: Gaurav | M47: Asto | N47: AMCU Repair
B48: 45852 | C48: GREP041400D4FQH087 | E48: Transfer to WB | G48: 1 | H48: 0 | I48: 0 | J48: 1 | K48: Rakesh Sir | L48: Gaurav | M48: Asto | N48: AMCU Repair
B49: 45856 | C49: GREP041400D4FQH129 | D49: 10080100 | E49: Sibutol-2 | F49: Teghra | G49: 1 | H49: 0 | I49: 1 | J49: 0 | K49: Manish Sir | L49: Gaurav | M49: Navnit kumar | N49: used on non recovery basis in MPG
B50: 45867 | C50: GREP041400D4FQH091 | D50: 10090046 | E50: Rata | F50: Halsi | G50: 1 | H50: 1 | I50: 0 | J50: 0 | K50: Manish Sir | L50: Gaurav | M50: Ranjeet | N50: Cost on recovery basis
B51: 45869 | E51: Munger Store | F51: Munger | G51: 23 | H51: 0 | I51: 0 | J51: 23 | K51: Manish Sir | L51: Gaurav | M51: Dharmendra Tiwari | N51: AMCU Repair
B52: 45874 | C52: GREP041400D4FQH075 | D52: 10030010 | E52: Katni | F52: Asarganj | G52: 1 | H52: 1 | I52: 0 | J52: 0 | K52: Manish Sir | L52: Gaurav | M52: Tinku (Paid) | N52: Cost on recovery basis
B53: 45908 | C53: GREP041400D4FQH081 | D53: 10090008 | E53: Mahasoni | F53: Halsi | G53: 1 | H53: 1 | I53: 0 | J53: 0 | K53: Manish Sir | L53: Gaurav | M53: Umakant (Paid) | N53: Cost on recovery basis
B54: 45908 | C54: PFD-09258547 | D54: 10060114 | E54: Mano-2 | F54: Sonvarsa | G54: 1 | H54: 0 | I54: 1 | J54: 0 | K54: Manish Sir | L54: Gaurav | M54: Umakant | N54: used on non recovery basis in MPG
B55: 45917 | C55: PFD-12243761 | D55: 1002 | E55: Laladiyara | F55: Laldiyara | G55: 1 | H55: 0 | I55: 1 | J55: 0 | K55: Manish Sir | L55: Gaurav | M55: Akash kumar | N55: used on non recovery basis in BMC
B56: 45946 | C56: PFD-10258649 | D56: 10090045 | E56: Manjosh | F56: Halsi | G56: 1 | H56: 1 | I56: 0 | J56: 0 | K56: Manish Sir | L56: Gaurav | M56: Umakant (Paid) | N56: Paid
B57: 45948 | C57: PFD-09258542 | D57: 10130026 | E57: Rasalpur | F57: Musrigharari | G57: 1 | H57: 1 | I57: 0 | J57: 0 | K57: Verma Sir | L57: Gaurav | M57: Amardeep | N57: Cost on recovery basis
B58: 45948 | C58: PFD-09258510 | D58: 10120104 | E58: Mordiwa East | F58: Simri | G58: 1 | H58: 0 | I58: 1 | J58: 0 | K58: Verma Sir | L58: Gaurav | M58: Amardeep | N58: used on non recovery basis in MPG
B59: 45948 | C59: PFD-09258545 | D59: 10120094 | E59: Gomukh Bochaha | F59: Simri | G59: 1 | H59: 0 | I59: 1 | J59: 0 | K59: Verma Sir | L59: Gaurav | M59: Amardeep | N59: used on non recovery basis in MPG
B60: 45948 | C60: PFD-09258544 | D60: 10130006 | E60: Gomukh Andaha | F60: Simri | G60: 1 | H60: 1 | I60: 0 | J60: 0 | K60: Verma Sir | L60: Gaurav | M60: Amardeep | N60: Cost on recovery basis
B61: 45948 | C61: PFD-12243762 | D61: 10120094 | E61: Gomukh Bochaha | F61: Simri | G61: 1 | H61: 1 | I61: 0 | J61: 0 | K61: Verma Sir | L61: Gaurav | M61: Amardeep | N61: Cost on recovery basis
B62: 45954 | C62: PFD-09258541 | D62: 10060026 | E62: Arma | F62: Sonvarsa | G62: 1 | H62: 1 | I62: 0 | J62: 0 | K62: Manish Sir | L62: Gaurav | M62: Umakant (Paid) | N62: Paid
B63: 45954 | C63: PFD-09258539 | D63: 10060069 | E63: Bhandar | F63: Sonvarsa | G63: 1 | H63: 1 | I63: 0 | J63: 0 | K63: Manish Sir | L63: Gaurav | M63: Umakant | N63: Cost on recovery basis
... B134: 46125 | C134: PFD-032611340 | D134: 10090078 | E134: TIYAY | F134: Halsi | G134: 1 | H134: 0 | I134: 1 | J134: 0 | K134: jayant sir | L134: Gaurav | M134: Umakant | N134: used on non recovery basis in MPG
B135: 46125 | C135: PFD-032611707 | E135: Amcu Repair | F135: Laldiyara | G135: 1 | H135: 0 | I135: 0 | J135: 1 | K135: jayant sir | L135: Gaurav | M135: Umakant | N135: used on non recovery basis in MPG
B136: 46125 | C136: PFD-032611708 | E136: Amcu Repair | F136: Laldiyara | G136: 1 | H136: 0 | I136: 0 | J136: 1 | K136: jayant sir | L136: Gaurav | M136: Umakant | N136: used on non recovery basis in MPG
B137: 46133 | C137: PFD-10258643 | D137: 10110095 | E137: GOMUKH LAXMIPUR | F137: S kamal | G137: 1 | H137: 1 | I137: 0 | J137: 0 | K137: jayant sir | L137: Gaurav | M137: Bittu Kumar | N137: Cost on recovery basis
B138: 46133 | C138: PFD-10258652 | D138: 10440001 | E138: Gomukh Sadananpur | F138: S kamal | G138: 1 | H138: 1 | I138: 0 | J138: 0 | K138: jayant sir | L138: Gaurav | M138: Bittu Kumar | N138: Cost on recovery basis
B139: 46133 | C139: PFD-032611705 | D139: 10100001 | E139: Vishan pur | F139: Parbatta | G139: 1 | H139: 1 | I139: 0 | J139: 0 | K139: jayant sir | L139: Gaurav | M139: Devanand | N139: Cost on recovery basis
B140: 46133 | C140: PFD-032611715 | D140: 10070043 | E140: Araria | F140: Araria | G140: 1 | H140: 1 | I140: 0 | J140: 0 | K140: jayant sir | L140: Gaurav | M140: Devanand | N140: Cost on recovery basis
B141: 46142 | C141: PFD-032611714 | E141: Amcu Repair | F141: Laldiyara | G141: 1 | H141: 0 | I141: 0 | J141: 1 | K141: jayant sir | L141: Gaurav | M141: Umakant | N141: used on non recovery basis in MPG
B142: 46156 | C142: PFD-032611702 | D142: 10090056 | E142: NARAYANPUR | F142: Halsi | G142: 1 | H142: 1 | I142: 0 | J142: 0 | K142: jayant sir | L142: Gaurav | M142: Raja Ram | N142: Cost on recovery basis
B143: 46156 | C143: PFD-032611709 | D143: 10090049 | E143: Lahura | F143: Halsi | G143: 1 | H143: 1 | I143: 0 | J143: 0 | K143: jayant sir | L143: Gaurav | M143: Raja Ram | N143: Cost on recovery basis
B144: 46177 | C144: PFD-032611701 | D144: 10090007 | E144: Khairma | F144: Halsi | G144: 1 | H144: 1 | I144: 0 | J144: 0 | K144: jayant sir | L144: Gaurav | M144: Raj Kishor | N144: Cost on recovery basis
B145: 46189 | C145: PFD-032611713 | D145: 10500001 | E145: Mahila Kuntha | F145: Asarganj | G145: 1 | H145: 1 | I145: 0 | J145: 0 | K145: jayant sir | L145: Gaurav | M145: Kapil Dev | N145: Cost on recovery basis
B146: 46189 | C146: PFD-032611703 | D146: 10030011 | E146: Devdha | F146: Asarganj | G146: 1 | H146: 1 | I146: 0 | J146: 0 | K146: jayant sir | L146: Gaurav | M146: Kapil Dev | N146: Cost on recovery basis
B147: 46191 | C147: PFD-032611679 | D147: 10140012 | E147: Gangauli | F147: Dumroan | G147: 1 | H147: 1 | I147: 0 | J147: 0 | K147: jayant sir | L147: Gaurav | M147: By courier | N147: Cost on recovery basis
B148: 46191 | C148: PFD-032611700 | D148: 10140001 | E148: Dumari Purvi | F148: Dumroan | G148: 1 | H148: 1 | I148: 0 | J148: 0 | K148: jayant sir | L148: Gaurav | M148: By courier | N148: Cost on recovery basis
B155: Total Qty | G155: =SUM(G8:G154) -> 163 | H155: =SUM(H8:H154) -> 84 | I155: =SUM(I8:I154) -> 37 | J155: =SUM(J8:J154) -> 42

Sheet Recovery Detail
A1: Issue Date | B1: MPG Code | C1: New MPG Code | D1: Name | E1: Total AMT | F1: In Bank | G1: Apr'25 | H1: May'25 | I1: Jun'25 | J1: July'25 | K1: Aug'25 | L1: Sep'25 | M1: Oct'25 | N1: Nov'25 | O1: Dec'25 | P1: Jan'26 | Q1: Feb'26 | R1: Mar'26 | S1: Apr'26 | T1: May'26 | U1: June'26 | V1: July'26 | W1: Aug'26 | X1: Sep'26 | Y1: Oct'26 | Z1: Nov'26 | AA1: Dec'26 | AB1: Due | AC1: Remarks
B2: 1704 | C2: 10130027 | D2: Vishnupatti | E2: 640 | G2: 0 | H2: 0 | I2: 0 | J2: 0 | K2: 0 | L2: 0 | M2: 0 | N2: 0 | O2: 0 | P2: 0 | Q2: 0 | R2: 0 | S2: 0 | T2: 0 | AB2: =E2-SUM(F2:AA2) -> 640
B3: 9786 | C3: 10080014 | D3: Rachiyahi | E3: 7142 | G3: 1011 | H3: 481 | I3: 0 | J3: 0 | K3: 0 | L3: 0 | M3: 0 | N3: 0 | O3: 3000 | P3: 3517 | Q3: 0 | R3: 0 | S3: 0 | T3: 0 | AB3: =E3-SUM(F3:AA3) -> -867
B4: 0314 | C4: #N/A | D4: Madhepur | E4: 8500 | G4: 0 | H4: 0 | I4: 0 | J4: 0 | K4: 0 | L4: 0 | M4: 0 | N4: 0 | O4: 0 | P4: 0 | Q4: 0 | R4: 0 | S4: 0 | T4: 0 | AB4: =E4-SUM(F4:AA4) -> 8500
B5: 7101 | C5: #N/A | D5: Pachgachiya | E5: 6618 | G5: 0 | H5: 0 | I5: 0 | J5: 0 | K5: 0 | L5: 0 | M5: 0 | N5: 0 | O5: 0 | P5: 0 | Q5: 0 | R5: 0 | S5: 0 | T5: 0 | AB5: =E5-SUM(F5:AA5) -> 6618
B6: 9149 | C6: 10080017 | D6: Bachhwara | E6: 14200 | G6: 0 | H6: 0 | I6: 0 | J6: 0 | K6: 0 | L6: 0 | M6: 0 | N6: 0 | O6: 0 | P6: 0 | Q6: 0 | R6: 0 | S6: 0 | T6: 0 | AB6: =E6-SUM(F6:AA6) -> 14200
B7: 9759 | C7: 10110022 | D7: Sukhdeo Babutol | E7: 1878 | G7: 0 | H7: 0 | I7: 0 | J7: 0 | K7: 0 | L7: 0 | M7: 0 | N7: 0 | O7: 0 | P7: 0 | Q7: 0 | R7: 0 | S7: 0 | T7: 0 | AB7: =E7-SUM(F7:AA7) -> 1878
B8: 8574 | C8: 10100004 | D8: Muradpur | E8: 7316 | G8: 146 | H8: 0 | I8: 1265 | J8: 0 | K8: 0 | L8: 0 | M8: 0 | N8: 0 | O8: 0 | P8: 0 | Q8: 0 | R8: 0 | S8: 0 | T8: 0 | AB8: =E8-SUM(F8:AA8) -> 5905
B9: 5119 | C9: 10030020 | D9: Barui | E9: 14200 | G9: 0 | H9: 0 | I9: 0 | J9: 0 | K9: 0 | L9: 0 | M9: 0 | N9: 0 | O9: 0 | P9: 0 | Q9: 0 | R9: 0 | S9: 0 | T9: 0 | AB9: =E9-SUM(F9:AA9) -> 14200
B10: 1198 | C10: 10090023 | D10: Tetharhat | E10: 9996 | G10: 0 | H10: 0 | I10: 0 | J10: 0 | K10: 0 | L10: 0 | M10: 0 | N10: 0 | O10: 0 | P10: 0 | Q10: 0 | R10: 0 | S10: 0 | T10: 0 | AB10: =E10-SUM(F10:AA10) -> 9996
B11: 2121 | C11: 10120024 | D11: Badiya | E11: 704 | G11: 0 | H11: 0 | I11: 0 | J11: 0 | K11: 0 | L11: 0 | M11: 0 | N11: 0 | O11: 0 | P11: 704 | Q11: 0 | R11: 0 | S11: 0 | T11: 0 | AB11: =E11-SUM(F11:AA11) -> 0
B12: 2027 | C12: 10120022 | D12: Jaunapur | E12: 4825 | G12: 0 | H12: 0 | I12: 0 | J12: 0 | K12: 0 | L12: 0 | M12: 0 | N12: 0 | O12: 0 | P12: 0 | Q12: 63 | R12: 0 | S12: 189 | T12: 0 | AB12: =E12-SUM(F12:AA12) -> 4573
B13: 7107 | C13: 10480004 | D13: Mirror Tola | E13: 6241 | G13: 0 | H13: 0 | I13: 0 | J13: 0 | K13: 0 | L13: 0 | M13: 0 | N13: 0 | O13: 0 | P13: 0 | Q13: 0 | R13: 0 | S13: 0 | T13: 0 | AB13: =E13-SUM(F13:AA13) -> 6241
B14: 8649 | C14: 10100036 | D14: Bishauni | E14: 8196 | G14: 0 | H14: 0 | I14: 0 | J14: 0 | K14: 0 | L14: 0 | M14: 0 | N14: 0 | O14: 0 | P14: 0 | Q14: 0 | R14: 0 | S14: 0 | T14: 0 | AB14: =E14-SUM(F14:AA14) -> 8196
A15: 45418 | B15: 1770 | C15: 10130045 | D15: Mahipura | E15: 7592 | G15: 0 | H15: 0 | I15: 0 | J15: 0 | K15: 0 | L15: 0 | M15: 0 | N15: 0 | O15: 0 | P15: 0 | Q15: 0 | R15: 0 | S15: 0 | T15: 0 | AB15: =E15-SUM(F15:AA15) -> 7592
A16: 45510 | C16: 10140020 | D16: Rajapur | E16: 5683 | G16: 0 | H16: 0 | I16: 125 | J16: 0 | K16: 0 | L16: 0 | M16: 0 | N16: 0 | O16: 0 | P16: 0 | Q16: 0 | R16: 0 | S16: 0 | T16: 0 | AB16: =E16-SUM(F16:AA16) -> 5558
A17: 45561 | B17: 8594 | C17: 10100019 | D17: Bari Lagar | E17: 7238 | G17: 0 | H17: 0 | I17: 0 | J17: 0 | K17: 0 | L17: 0 | M17: 0 | N17: 0 | O17: 0 | P17: 0 | Q17: 0 | R17: 0 | S17: 0 | T17: 0 | AB17: =E17-SUM(F17:AA17) -> 7238
A18: 45570 | B18: 1235 | C18: 10060030 | D18: Ramsir(10700-4000) | E18: 1420 | G18: 294 | H18: 547 | I18: 535 | J18: 0 | K18: 0 | L18: 0 | M18: 0 | N18: 0 | O18: 0 | P18: 0 | Q18: 0 | R18: 0 | S18: 0 | T18: 0 | AB18: =E18-SUM(F18:AA18) -> 44
A19: 45583 | B19: 0393 | C19: 10120034 | D19: Matior | E19: 4162 | G19: 1165 | H19: 395 | I19: 1005 | J19: 0 | K19: 0 | L19: 0 | M19: 0 | N19: 0 | O19: 0 | P19: 0 | Q19: 0 | R19: 0 | S19: 0 | T19: 0 | AB19: =E19-SUM(F19:AA19) -> 1597
A20: 45586 | B20: 2460 | C20: 10140043 | D20: Kaithi | E20: 6303 | G20: 415 | H20: 0 | I20: 0 | J20: 0 | K20: 0 | L20: 0 | M20: 0 | N20: 0 | O20: 0 | P20: 0 | Q20: 0 | R20: 0 | S20: 0 | T20: 0 | AB20: =E20-SUM(F20:AA20) -> 5888
A21: 45591 | B21: 1907 | C21: 10130013 | D21: Gomukh Sarmaspur | E21: 3401 | G21: 733 | H21: 1113 | I21: 642 | J21: 0 | K21: 0 | L21: 0 | M21: 0 | N21: 0 | O21: 0 | P21: 0 | Q21: 0 | R21: 0 | S21: 0 | T21: 0 | AB21: =E21-SUM(F21:AA21) -> 913
A22: 45640 | B22: 1287 | C22: 10090048 | D22: Noma(10700-5400) | E22: 10700 | F22: 5400 | G22: 0 | H22: 0 | I22: 0 | J22: 0 | K22: 0 | L22: 0 | M22: 0 | N22: 0 | O22: 0 | P22: 0 | Q22: 0 | R22: 0 | S22: 0 | T22: 0 | AB22: =E22-SUM(F22:AA22) -> 5300
A23: 45719 | B23: 1723 | C23: 10130009 | D23: Gomukh BARDIHA TUTRI PETROL PUMP | E23: 10700 | G23: 0 | H23: 0 | I23: 0 | J23: 0 | K23: 0 | L23: 0 | M23: 0 | N23: 0 | O23: 0 | P23: 0 | Q23: 0 | R23: 0 | S23: 0 | T23: 0 | AB23: =E23-SUM(F23:AA23) -> 10700
A24: 45766 | B24: 8582 | C24: 10100009 | D24: Gomukh Kanhaiyachak Pachhim | E24: 10700 | G24: 5000 | H24: 0 | I24: 5000 | J24: 0 | K24: 700 | L24: 0 | M24: 0 | N24: 0 | O24: 0 | P24: 0 | Q24: 0 | R24: 0 | S24: 0 | T24: 0 | AB24: =E24-SUM(F24:AA24) -> 0
A25: 45766 | B25: 7118 | C25: 10480014 | D25: Gomukh Amghatta Shreepur | E25: 10700 | G25: 3834 | H25: 497 | I25: 2476 | J25: 0 | K25: 342 | L25: 0 | M25: 0 | N25: 0 | O25: 0 | P25: 0 | Q25: 0 | R25: 0 | S25: 0 | T25: 0 | AB25: =E25-SUM(F25:AA25) -> 3551
A26: 45783 | B26: 2401 | C26: 10140001 | D26: Dumri Purvi Tola | E26: 10700 | G26: 0 | H26: 0 | I26: 0 | J26: 0 | K26: 0 | L26: 0 | M26: 0 | N26: 0 | O26: 439 | P26: 2326 | Q26: 1172 | R26: 696 | S26: 1269 | T26: 539 | AB26: =E26-SUM(F26:AA26) -> 4259
A27: 45787 | B27: 1224 | C27: 10090032 | D27: Dharsanda(10700-5000) | E27: 10700 | F27: 5000 | G27: 0 | H27: 0 | I27: 587 | J27: 0 | K27: 0 | L27: 0 | M27: 0 | N27: 0 | O27: 0 | P27: 0 | Q27: 0 | R27: 0 | S27: 0 | T27: 0 | AB27: =E27-SUM(F27:AA27) -> 5113
A28: 45787 | B28: 1196 | C28: 10020021 | D28: Mohanpur (10700-5000) | E28: 10700 | F28: 5000 | G28: 0 | H28: 0 | I28: 0 | J28: 0 | K28: 0 | L28: 0 | M28: 0 | N28: 0 | O28: 0 | P28: 0 | Q28: 3000 | R28: 2700 | S28: 0 | T28: 0 | AB28: =E28-SUM(F28:AA28) -> 0
A29: 45803 | B29: 2435 | C29: 10140022 | D29: HEMDAPUR | E29: 10700 | G29: 0 | H29: 0 | I29: 634 | J29: 0 | K29: 0 | L29: 0 | M29: 0 | N29: 0 | O29: 0 | P29: 1104 | Q29: 3000 | R29: 1211 | S29: 295 | T29: 0 | AB29: =E29-SUM(F29:AA29) -> 4456
A30: 45814 | B30: 2415 | C30: 10140008 | D30: Ramo Bariya | E30: 10700 | G30: 0 | H30: 0 | I30: 3000 | J30: 0 | K30: 1373 | L30: 0 | M30: 3000 | N30: 3000 | O30: 327 | P30: 0 | Q30: 0 | R30: 0 | S30: 0 | T30: 0 | AB30: =E30-SUM(F30:AA30) -> 0
A31: 45814 | B31: 2430 | C31: 10140015 | D31: Harnaha | E31: 10700 | G31: 0 | H31: 0 | I31: 0 | J31: 0 | K31: 0 | L31: 0 | M31: 0 | N31: 0 | O31: 0 | P31: 0 | Q31: 0 | R31: 0 | S31: 0 | T31: 0 | AB31: =E31-SUM(F31:AA31) -> 10700
A32: 45828 | B32: 8613 | C32: 10070033 | D32: Gomukh Kabela | E32: 10700 | G32: 0 | H32: 0 | I32: 1173 | J32: 0 | K32: 0 | L32: 0 | M32: 48 | N32: 48 | O32: 829 | P32: 316 | Q32: 757 | R32: 0 | S32: 986 | T32: 624 | AB32: =E32-SUM(F32:AA32) -> 5919
A33: 45828 | B33: 8650 | C33: 10100037 | D33: Gomukh Tehay | E33: 10700 | G33: 0 | H33: 0 | I33: 3000 | J33: 0 | K33: 0 | L33: 0 | M33: 0 | N33: 0 | O33: 0 | P33: 0 | Q33: 0 | R33: 0 | S33: 0 | T33: 0 | AB33: =E33-SUM(F33:AA33) -> 7700
A34: 45828 | B34: 10070049 | C34: 10070049 | D34: Sondiha | E34: 10700 | G34: 0 | H34: 0 | I34: 890 | J34: 3073 | K34: 2290 | L34: 2237 | M34: 0 | N34: 0 | O34: 0 | P34: 0 | Q34: 0 | R34: 0 | S34: 0 | T34: 0 | AB34: =E34-SUM(F34:AA34) -> 2210
A35: 45834 | B35: 10120083 | C35: 10120083 | D35: Beri East | E35: 10700 | G35: 0 | H35: 0 | I35: 266 | J35: 0 | K35: 443 | L35: 1030 | M35: 1825 | N35: 1825 | O35: 1064 | P35: 678 | Q35: 618 | R35: 0 | S35: 0 | T35: 0 | AB35: =E35-SUM(F35:AA35) -> 2951
A36: 45834 | B36: 2058 | C36: 10120046 | D36: Gomukh Ghataho | E36: 10700 | G36: 0 | H36: 0 | I36: 3000 | J36: 5000 | K36: 2700 | L36: 0 | M36: 0 | N36: 0 | O36: 0 | P36: 0 | Q36: 0 | R36: 0 | S36: 0 | T36: 0 | AB36: =E36-SUM(F36:AA36) -> 0
A37: 45834 | B37: 1901 | C37: 10130012 | D37: Gomukha Arniya Ganj | E37: 10700 | G37: 0 | H37: 0 | I37: 3000 | J37: 5000 | K37: 2700 | L37: 0 | M37: 0 | N37: 0 | O37: 0 | P37: 0 | Q37: 0 | R37: 0 | S37: 0 | T37: 0 | AB37: =E37-SUM(F37:AA37) -> 0
A38: 45845 | B38: 1244 | C38: 10090036 | D38: TAAL-SHAHARSHA (10700-5000) | E38: 10700 | F38: 5000 | G38: 0 | H38: 0 | I38: 0 | J38: 0 | K38: 0 | L38: 562 | M38: 570 | N38: 570 | O38: 3000 | P38: 488 | Q38: 0 | R38: 0 | S38: 0 | T38: 0 | AB38: =E38-SUM(F38:AA38) -> 510
A39: 45852 | B39: 1225 | C39: 10020037 | D39: JAITPUR (10700-1000) | E39: 10700 | F39: 1000 | G39: 0 | H39: 0 | I39: 0 | J39: 1620 | K39: 1088 | L39: 0 | M39: 0 | N39: 0 | O39: 0 | P39: 0 | Q39: 0 | R39: 0 | S39: 0 | T39: 0 | AB39: =E39-SUM(F39:AA39) -> 6992
A40: 45852 | B40: 10120082 | C40: 10120082 | D40: Dedua Balo Tol | E40: 10700 | G40: 0 | H40: 0 | I40: 0 | J40: 0 | K40: 0 | L40: 0 | M40: 0 | N40: 0 | O40: 0 | P40: 0 | Q40: 0 | R40: 0 | S40: 0 | T40: 0 | AB40: =E40-SUM(F40:AA40) -> 10700
A41: 45867 | B41: 1306 | C41: 10090046 | D41: Rata(10700-5000) | E41: 10700 | F41: 5000 | G41: 0 | H41: 0 | I41: 0 | J41: 0 | K41: 606 | L41: 999 | M41: 0 | N41: 0 | O41: 639 | P41: 0 | Q41: 0 | R41: 0 | S41: 0 | T41: 652 | AB41: =E41-SUM(F41:AA41) -> 2804
A42: 45946 | B42: 1305 | C42: 10090045 | D42: MANJOS(10700-5000) | E42: 10700 | F42: 5000 | G42: 0 | H42: 0 | I42: 0 | J42: 0 | K42: 0 | L42: 0 | M42: 0 | N42: 0 | O42: 0 | P42: 0 | Q42: 0 | R42: 0 | S42: 0 | T42: 2601 | AB42: =E42-SUM(F42:AA42) -> 3099
A43: 45948 | C43: 10130026 | D43: Rasalpur | E43: 10700 | G43: 0 | H43: 0 | I43: 0 | J43: 0 | K43: 0 | L43: 0 | M43: 0 | N43: 0 | O43: 5 | P43: 0 | Q43: 0 | R43: 0 | S43: 0 | T43: 0 | AB43: =E43-SUM(F43:AA43) -> 10695
A44: 45948 | C44: 10130006 | D44: Gomukh Andaha | E44: 10700 | G44: 0 | H44: 0 | I44: 0 | J44: 0 | K44: 0 | L44: 0 | M44: 0 | N44: 0 | O44: 3000 | P44: 2399 | Q44: 2235 | R44: 289 | S44: 0 | T44: 0 | AB44: =E44-SUM(F44:AA44) -> 2777
A45: 45948 | C45: 10120094 | D45: Gomukh Bochaha | E45: 10700 | G45: 0 | H45: 0 | I45: 0 | J45: 0 | K45: 0 | L45: 0 | M45: 0 | N45: 0 | O45: 2218 | P45: 2149 | Q45: 2929 | R45: 0 | S45: 2021 | T45: 0 | AB45: =E45-SUM(F45:AA45) -> 1383
A46: 45954 | C46: 10060069 | D46: Bhandar(10700-3000) | E46: 10700 | F46: 3000 | G46: 0 | H46: 0 | I46: 0 | J46: 0 | K46: 0 | L46: 0 | M46: 0 | N46: 0 | O46: 0 | P46: 0 | Q46: 0 | R46: 0 | S46: 0 | T46: 0 | AB46: =E46-SUM(F46:AA46) -> 7700
A47: 45960 | C47: 10360001 | D47: Mahadatpur | E47: 10700 | G47: 0 | H47: 0 | I47: 0 | J47: 0 | K47: 0 | L47: 0 | M47: 0 | N47: 0 | O47: 3000 | P47: 4700 | Q47: 0 | R47: 0 | S47: 0 | T47: 0 | AB47: =E47-SUM(F47:AA47) -> 3000
A48: 45960 | C48: 10070013 | D48: Fathepur | E48: 10700 | G48: 0 | H48: 0 | I48: 0 | J48: 0 | K48: 0 | L48: 0 | M48: 0 | N48: 0 | O48: 27 | P48: 1205 | Q48: 3000 | R48: 614 | S48: 189 | T48: 0 | AB48: =E48-SUM(F48:AA48) -> 5665
A49: 45960 | C49: 10100021 | D49: Bandera | E49: 10700 | G49: 0 | H49: 0 | I49: 0 | J49: 0 | K49: 0 | L49: 0 | M49: 0 | N49: 0 | O49: 1494 | P49: 836 | Q49: 2279 | R49: 610 | S49: 2052 | T49: 429 | AB49: =E49-SUM(F49:AA49) -> 3000
A50: 45960 | C50: 10070008 | D50: Pipra | E50: 10700 | G50: 0 | H50: 0 | I50: 0 | J50: 0 | K50: 0 | L50: 0 | M50: 0 | N50: 0 | O50: 3000 | P50: 3000 | Q50: 1700 | R50: 0 | S50: 0 | T50: 0 | AB50: =E50-SUM(F50:AA50) -> 3000
A51: 45969 | B51: 2407 | C51: 10140003 | D51: Sahiyar | E51: 10700 | G51: 0 | H51: 0 | I51: 0 | J51: 0 | K51: 0 | L51: 0 | M51: 3088 | N51: 3088 | O51: 687 | P51: 3000 | Q51: 0 | R51: 0 | S51: 0 | T51: 0 | AB51: =E51-SUM(F51:AA51) -> 837
A52: 45974 | B52: 1236 | C52: 10020041 | D52: ADARSH LAXMIPUR-3(10700-5000) | E52: 10700 | F52: 5000 | G52: 0 | H52: 0 | I52: 0 | J52: 0 | K52: 0 | L52: 0 | M52: 0 | N52: 0 | O52: 0 | P52: 94 | Q52: 138 | R52: 0 | S52: 0 | T52: 217 | AB52: =E52-SUM(F52:AA52) -> 5251
A53: 45974 | B53: 1077 | C53: 10090003 | D53: Parsama (10700-5000) | E53: 10700 | F53: 5000 | G53: 0 | H53: 0 | I53: 0 | J53: 0 | K53: 0 | L53: 0 | M53: 0 | N53: 0 | O53: 0 | P53: 0 | Q53: 0 | R53: 0 | S53: 0 | T53: 0 | AB53: =E53-SUM(F53:AA53) -> 5700
A54: 45974 | B54: 1217 | C54: 10090037 | D54: Dhira (10700-5000) | E54: 10700 | F54: 5000 | G54: 0 | H54: 0 | I54: 0 | J54: 0 | K54: 0 | L54: 0 | M54: 0 | N54: 0 | O54: 250 | P54: 0 | Q54: 751 | R54: 0 | S54: 602 | T54: 866 | AB54: =E54-SUM(F54:AA54) -> 3231
A55: 45974 | C55: 10090058 | D55: Nawadih | E55: 10700 | G55: 0 | H55: 0 | I55: 0 | J55: 0 | K55: 0 | L55: 0 | M55: 0 | N55: 0 | O55: 3000 | P55: 2302 | Q55: 2789 | R55: 0 | S55: 528 | T55: 0 | AB55: =E55-SUM(F55:AA55) -> 2081 | AC55: Deduct for milk gain amount payment
A56: 45974 | C56: 10010076 | D56: Bithh | E56: 10700 | G56: 0 | H56: 0 | I56: 0 | J56: 0 | K56: 0 | L56: 0 | M56: 0 | N56: 0 | O56: 0 | P56: 0 | Q56: 0 | R56: 0 | S56: 696 | T56: 0 | AB56: =E56-SUM(F56:AA56) -> 10004 | AC56: Deduct for milk gain amount payment
A57: 45989 | C57: 10130093 | D57: Sherpur narsari east | E57: 10700 | G57: 0 | H57: 0 | I57: 0 | J57: 0 | K57: 0 | L57: 0 | M57: 0 | N57: 0 | O57: 0 | P57: 0 | Q57: 1127 | R57: 0 | S57: 0 | T57: 0 | AB57: =E57-SUM(F57:AA57) -> 9573
A58: 45989 | C58: 10130047 | D58: Shekhpura | E58: 10700 | G58: 0 | H58: 0 | I58: 0 | J58: 0 | K58: 0 | L58: 0 | M58: 0 | N58: 0 | O58: 3000 | P58: 0 | Q58: 0 | R58: 0 | S58: 0 | T58: 0 | AB58: =E58-SUM(F58:AA58) -> 7700
A59: 46004 | C59: 10140132 | D59: Gomukh Mangolpur | E59: 10700 | G59: 0 | H59: 0 | I59: 0 | J59: 0 | K59: 0 | L59: 0 | M59: 0 | N59: 0 | O59: 1043 | P59: 259 | Q59: 328 | R59: 0 | S59: 0 | T59: 0 | AB59: =E59-SUM(F59:AA59) -> 9070
A60: 46004 | C60: 10140054 | D60: Showa | E60: 10700 | G60: 0 | H60: 0 | I60: 0 | J60: 0 | K60: 0 | L60: 0 | M60: 0 | N60: 0 | O60: 200 | P60: 663 | Q60: 3000 | R60: 0 | S60: 2706 | T60: 1636 | AB60: =E60-SUM(F60:AA60) -> 2495
A61: 46004 | C61: 10140068 | D61: Naat | E61: 10700 | G61: 0 | H61: 0 | I61: 0 | J61: 0 | K61: 0 | L61: 0 | M61: 0 | N61: 0 | O61: 2011 | P61: 1108 | Q61: 781 | R61: 0 | S61: 0 | T61: 0 | AB61: =E61-SUM(F61:AA61) -> 6800
A62: 46004 | C62: 10140098 | D62: Kulahriya | E62: 10700 | G62: 0 | H62: 0 | I62: 0 | J62: 0 | K62: 0 | L62: 0 | M62: 0 | N62: 0 | O62: 3000 | P62: 3000 | Q62: 3000 | R62: 1700 | S62: 0 | T62: 0 | AB62: =E62-SUM(F62:AA62) -> 0
A63: 46006 | C63: 10090002 | D63: Aure | E63: 10700 | F63: 5000 | G63: 0 | H63: 0 | I63: 0 | J63: 0 | K63: 0 | L63: 0 | M63: 0 | N63: 0 | O63: 3000 | P63: 2700 | Q63: 0 | R63: 0 | S63: 0 | T63: 0 | AB63: =E63-SUM(F63:AA63) -> 0
A64: 46006 | C64: 10060011 | D64: Balahpur | E64: 10700 | F64: 2000 | G64: 0 | H64: 0 | I64: 0 | J64: 0 | K64: 0 | L64: 0 | M64: 0 | N64: 0 | O64: 2296 | P64: 2203 | Q64: 3000 | R64: 424 | S64: 777 | T64: 0 | AB64: =E64-SUM(F64:AA64) -> 0
A65: 46039 | C65: 10140018 | D65: Nandan | E65: 10700 | G65: 0 | H65: 0 | I65: 0 | J65: 0 | K65: 0 | L65: 0 | M65: 0 | N65: 0 | O65: 0 | P65: 2123 | Q65: 3000 | R65: 2541 | S65: 1137 | T65: 3000 | AB65: =E65-SUM(F65:AA65) -> -1101
A66: 46039 | C66: 10510004 | D66: Henwa | E66: 10700 | G66: 0 | H66: 0 | I66: 0 | J66: 0 | K66: 0 | L66: 0 | M66: 0 | N66: 0 | O66: 0 | P66: 3000 | Q66: 3000 | R66: 3000 | S66: 1700 | T66: 0 | AB66: =E66-SUM(F66:AA66) -> 0
A67: 46044 | C67: 10360001 | D67: Mahadatpur | E67: 10700 | G67: 0 | H67: 0 | I67: 0 | J67: 0 | K67: 0 | L67: 0 | M67: 0 | N67: 0 | O67: 0 | P67: 1300 | Q67: 3000 | R67: 3000 | S67: 3000 | T67: 400 | AB67: =E67-SUM(F67:AA67) -> 0
A68: 46050 | C68: 10110071 | D68: Sadpur | E68: 10700 | F68: 5000 | G68: 0 | H68: 0 | I68: 0 | J68: 0 | K68: 0 | L68: 0 | M68: 0 | N68: 0 | O68: 0 | P68: 0 | Q68: 0 | R68: 0 | S68: 0 | T68: 0 | AB68: =E68-SUM(F68:AA68) -> 5700
A69: 46050 | C69: 10110001 | D69: Mahendrapur | E69: 10700 | G69: 0 | H69: 0 | I69: 0 | J69: 0 | K69: 0 | L69: 0 | M69: 0 | N69: 0 | O69: 0 | P69: 3000 | Q69: 3000 | R69: 3000 | S69: 1700 | T69: 0 | AB69: =E69-SUM(F69:AA69) -> 0
A70: 46050 | C70: 10110055 | D70: Mathar | E70: 10700 | F70: 5000 | G70: 0 | H70: 0 | I70: 0 | J70: 0 | K70: 0 | L70: 0 | M70: 0 | N70: 0 | O70: 0 | P70: 2458 | Q70: 2838 | R70: 0 | S70: 3000 | T70: 2404 | AB70: =E70-SUM(F70:AA70) -> -5000
A71: 46050 | C71: 10140033 | D71: Akalupur | E71: 10700 | G71: 0 | H71: 0 | I71: 0 | J71: 0 | K71: 0 | L71: 0 | M71: 0 | N71: 0 | O71: 0 | P71: 2061 | Q71: 2932 | R71: 1033 | S71: 0 | T71: 0 | AB71: =E71-SUM(F71:AA71) -> 4674
A72: 46099 | C72: 10140020 | D72: RAJAPUR | E72: 10700 | G72: 0 | H72: 0 | I72: 0 | J72: 0 | K72: 0 | L72: 0 | M72: 0 | N72: 0 | O72: 0 | P72: 0 | Q72: 0 | R72: 0 | S72: 0 | T72: 0 | AB72: =E72-SUM(F72:AA72) -> 10700
A73: 46099 | C73: 10140058 | D73: Gomukh Lewar | E73: 10700 | G73: 0 | H73: 0 | I73: 0 | J73: 0 | K73: 0 | L73: 0 | M73: 0 | N73: 0 | O73: 0 | P73: 0 | Q73: 0 | R73: 0 | S73: 0 | T73: 0 | AB73: =E73-SUM(F73:AA73) -> 10700
A74: 46099 | C74: 10140137 | D74: Gomukh Rakshanagar_tola | E74: 10700 | G74: 0 | H74: 0 | I74: 0 | J74: 0 | K74: 0 | L74: 0 | M74: 0 | N74: 0 | O74: 0 | P74: 0 | Q74: 0 | R74: 0 | S74: 1477 | T74: 1333 | AB74: =E74-SUM(F74:AA74) -> 7890
A75: 46099 | C75: 10140002 | D75: Simri | E75: 10700 | G75: 0 | H75: 0 | I75: 0 | J75: 0 | K75: 0 | L75: 0 | M75: 0 | N75: 0 | O75: 0 | P75: 0 | Q75: 0 | R75: 3000 | S75: 3000 | T75: 2602 | AB75: =E75-SUM(F75:AA75) -> 2098
A76: 46099 | C76: 10020017 | D76: GOMUKH RAMCHANDARPUR II | E76: 10700 | F76: 5000 | G76: 0 | H76: 0 | I76: 0 | J76: 0 | K76: 0 | L76: 0 | M76: 0 | N76: 0 | O76: 0 | P76: 0 | Q76: 0 | R76: 3000 | S76: 2700 | T76: 0 | AB76: =E76-SUM(F76:AA76) -> 0
A77: 46099 | C77: 10090033 | D77: SANDH MAAF 2 | E77: 10700 | F77: 5000 | G77: 0 | H77: 0 | I77: 0 | J77: 0 | K77: 0 | L77: 0 | M77: 0 | N77: 0 | O77: 0 | P77: 0 | Q77: 0 | R77: 3000 | S77: 2700 | T77: 0 | AB77: =E77-SUM(F77:AA77) -> 0
A78: 46099 | C78: 10060049 | D78: MALIYA | E78: 10700 | F78: 3000 | G78: 0 | H78: 0 | I78: 0 | J78: 0 | K78: 0 | L78: 0 | M78: 0 | N78: 0 | O78: 0 | P78: 0 | Q78: 0 | R78: 0 | S78: 3000 | T78: 3000 | AB78: =E78-SUM(F78:AA78) -> 1700
A79: 46099 | C79: 10090009 | D79: SONDHI | E79: 10700 | F79: 3000 | G79: 0 | H79: 0 | I79: 0 | J79: 0 | K79: 0 | L79: 0 | M79: 0 | N79: 0 | O79: 0 | P79: 0 | Q79: 0 | R79: 0 | S79: 2359 | T79: 3000 | AB79: =E79-SUM(F79:AA79) -> 2341
A80: 46099 | C80: 10090043 | D80: BAKHIYA | E80: 10700 | F80: 4000 | G80: 0 | H80: 0 | I80: 0 | J80: 0 | K80: 0 | L80: 0 | M80: 0 | N80: 0 | O80: 0 | P80: 0 | Q80: 0 | R80: 0 | S80: 0 | T80: 0 | AB80: =E80-SUM(F80:AA80) -> 6700
A81: 46099 | C81: 10020070 | D81: LAXMIPUR | E81: 10700 | F81: 5000 | G81: 0 | H81: 0 | I81: 0 | J81: 0 | K81: 0 | L81: 0 | M81: 0 | N81: 0 | O81: 0 | P81: 0 | Q81: 0 | R81: 0 | S81: 0 | T81: 2738 | AB81: =E81-SUM(F81:AA81) -> 2962
A82: 46101 | C82: 10110043 | D82: Barkhanditol | E82: 10700 | G82: 0 | H82: 0 | I82: 0 | J82: 0 | K82: 0 | L82: 0 | M82: 0 | N82: 0 | O82: 0 | P82: 0 | Q82: 0 | R82: 0 | S82: 0 | T82: 2586 | AB82: =E82-SUM(F82:AA82) -> 8114
A83: 46101 | C83: 10120002 | D83: Bajangama | E83: 10700 | G83: 0 | H83: 0 | I83: 0 | J83: 0 | K83: 0 | L83: 0 | M83: 0 | N83: 0 | O83: 0 | P83: 0 | Q83: 0 | R83: 0 | S83: 0 | T83: 1961 | AB83: =E83-SUM(F83:AA83) -> 8739
A84: 46101 | C84: 10120107 | D84: Ramiya | E84: 10700 | G84: 0 | H84: 0 | I84: 0 | J84: 0 | K84: 0 | L84: 0 | M84: 0 | N84: 0 | O84: 0 | P84: 0 | Q84: 0 | R84: 0 | S84: 0 | T84: 2711 | AB84: =E84-SUM(F84:AA84) -> 7989
A85: 46101 | C85: 10120080 | D85: Manikatol | E85: 10700 | G85: 0 | H85: 0 | I85: 0 | J85: 0 | K85: 0 | L85: 0 | M85: 0 | N85: 0 | O85: 0 | P85: 0 | Q85: 0 | R85: 0 | S85: 0 | T85: 0 | AB85: =E85-SUM(F85:AA85) -> 10700
A86: 46101 | C86: 10120035 | D86: Telgama | E86: 10700 | G86: 0 | H86: 0 | I86: 0 | J86: 0 | K86: 0 | L86: 0 | M86: 0 | N86: 0 | O86: 0 | P86: 0 | Q86: 0 | R86: 0 | S86: 0 | T86: 1629 | AB86: =E86-SUM(F86:AA86) -> 9071
A87: 46101 | C87: 10130014 | D87: Tara Dhamaun dakshin | E87: 10700 | G87: 0 | H87: 0 | I87: 0 | J87: 0 | K87: 0 | L87: 0 | M87: 0 | N87: 0 | O87: 0 | P87: 0 | Q87: 0 | R87: 0 | S87: 0 | T87: 0 | AB87: =E87-SUM(F87:AA87) -> 10700
A88: 46101 | C88: 10130015 | D88: Vishnupatti-2 | E88: 10700 | G88: 0 | H88: 0 | I88: 0 | J88: 0 | K88: 0 | L88: 0 | M88: 0 | N88: 0 | O88: 0 | P88: 0 | Q88: 0 | R88: 0 | S88: 0 | T88: 0 | AB88: =E88-SUM(F88:AA88) -> 10700
A89: 46120 | C89: 10030053 | D89: Mirahati-2 | E89: 10700 | F89: 5000 | G89: 0 | H89: 0 | I89: 0 | J89: 0 | K89: 0 | L89: 0 | M89: 0 | N89: 0 | O89: 0 | P89: 0 | Q89: 0 | R89: 0 | S89: 0 | T89: 0 | AB89: =E89-SUM(F89:AA89) -> 5700
A90: 46133 | C90: 10110095 | D90: GOMUKH LAXMIPUR | E90: 10700 | F90: 5000 | G90: 0 | H90: 0 | I90: 0 | J90: 0 | K90: 0 | L90: 0 | M90: 0 | N90: 0 | O90: 0 | P90: 0 | Q90: 0 | R90: 0 | S90: 0 | T90: 0 | AB90: =E90-SUM(F90:AA90) -> 5700
A91: 46133 | C91: 10440001 | D91: Gomukh Sadananpur | E91: 10700 | F91: 5000 | G91: 0 | H91: 0 | I91: 0 | J91: 0 | K91: 0 | L91: 0 | M91: 0 | N91: 0 | O91: 0 | P91: 0 | Q91: 0 | R91: 0 | S91: 0 | T91: 0 | AB91: =E91-SUM(F91:AA91) -> 5700
A92: 46133 | C92: 10100001 | D92: Vishan pur | E92: 10700 | G92: 0 | H92: 0 | I92: 0 | J92: 0 | K92: 0 | L92: 0 | M92: 0 | N92: 0 | O92: 0 | P92: 0 | Q92: 0 | R92: 0 | S92: 0 | T92: 0 | AB92: =E92-SUM(F92:AA92) -> 10700
A93: 46133 | C93: 10070043 | D93: Araria | E93: 10700 | G93: 0 | H93: 0 | I93: 0 | J93: 0 | K93: 0 | L93: 0 | M93: 0 | N93: 0 | O93: 0 | P93: 0 | Q93: 0 | R93: 0 | S93: 0 | T93: 0 | AB93: =E93-SUM(F93:AA93) -> 10700
A94: 46156 | C94: 10090056 | D94: NARAYANPUR | E94: 10700 | F94: 3000 | G94: 0 | H94: 0 | I94: 0 | J94: 0 | K94: 0 | L94: 0 | M94: 0 | N94: 0 | O94: 0 | P94: 0 | Q94: 0 | R94: 0 | S94: 0 | T94: 0 | AB94: =E94-SUM(F94:AA94) -> 7700
A95: 46156 | C95: 10090049 | D95: Lahura | E95: 10700 | F95: 4000 | G95: 0 | H95: 0 | I95: 0 | J95: 0 | K95: 0 | L95: 0 | M95: 0 | N95: 0 | O95: 0 | P95: 0 | Q95: 0 | R95: 0 | S95: 0 | T95: 0 | AB95: =E95-SUM(F95:AA95) -> 6700
A96: 46177 | C96: 10090007 | D96: Khairma | E96: 10700 | F96: 3000 | G96: 0 | H96: 0 | I96: 0 | J96: 0 | K96: 0 | L96: 0 | M96: 0 | N96: 0 | O96: 0 | P96: 0 | Q96: 0 | R96: 0 | S96: 0 | T96: 0 | AB96: =E96-SUM(F96:AA96) -> 7700
A97: 46189 | C97: 10500001 | D97: Mahila Kuntha | E97: 10700 | F97: 5000 | G97: 0 | H97: 0 | I97: 0 | J97: 0 | K97: 0 | L97: 0 | M97: 0 | N97: 0 | O97: 0 | P97: 0 | Q97: 0 | R97: 0 | S97: 0 | T97: 0 | AB97: =E97-SUM(F97:AA97) -> 5700
A98: 46189 | C98: 10030011 | D98: Devdha | E98: 10700 | F98: 5000 | G98: 0 | H98: 0 | I98: 0 | J98: 0 | K98: 0 | L98: 0 | M98: 0 | N98: 0 | O98: 0 | P98: 0 | Q98: 0 | R98: 0 | S98: 0 | T98: 0 | AB98: =E98-SUM(F98:AA98) -> 5700
A99: 46191 | C99: 10140012 | D99: Gangauli | E99: 10700 | G99: 0 | H99: 0 | I99: 0 | J99: 0 | K99: 0 | L99: 0 | M99: 0 | N99: 0 | O99: 0 | P99: 0 | Q99: 0 | R99: 0 | S99: 0 | T99: 0 | AB99: =E99-SUM(F99:AA99) -> 10700 | AC99: Sahayak Commision
A100: 46191 | C100: 10140001 | D100: Dumari Purvi | E100: 10700 | G100: 0 | H100: 0 | I100: 0 | J100: 0 | K100: 0 | L100: 0 | M100: 0 | N100: 0 | O100: 0 | P100: 0 | Q100: 0 | R100: 0 | S100: 0 | T100: 0 | AB100: =E100-SUM(F100:AA100) -> 10700 | AC100: pay rupees 1500/ week from his milk bill
...

Sheet Deductable for June'26
A8: New MPG Code | B8: MPG Name | C8: Due | D8: Deductable Amount
A9: 10130027 | B9: Vishnupatti | C9: 640 | D9: 640 | F9: New MPG Code | G9: MPG Name | H9: Due | I9: Deduction | J9: Remarks
A10: 10080017 | B10: Bachhwara | C10: 14200 | D10: 6000 | F10: 10140020 | G10: RAJAPUR | H10: 10700 | I10: 5700 | J10: Deduct from milk bill payment
A11: 10110022 | B11: Sukhdeo Babutol | C11: 1878 | D11: 1878 | F11: 10140058 | G11: Gomukh Lewar | H11: 10700 | I11: 5700 | J11: Deduct from milk bill payment
A12: 10100004 | B12: Muradpur | C12: 5905 | D12: 3000 | F12: 10120080 | G12: Manikatol | H12: 10700 | I12: 2000 | J12: Deduct from milk bill payment
A13: 10030020 | B13: Barui | C13: 14200 | D13: 3000 | F13: 10130014 | G13: Tara Dhamaun dakshin | H13: 10700 | I13: 2000 | J13: Deduct from milk bill payment
A14: 10090023 | B14: Tetharhat | C14: 9996 | D14: 5000
A15: 10120022 | B15: Jaunapur | C15: 4573 | D15: 3000
A16: 10480004 | B16: Mirror Tola | C16: 6241 | D16: 3000
A17: 10100036 | B17: Bishauni | C17: 8196 | D17: 3000
A18: 10130045 | B18: Mahipura | C18: 7592 | D18: 3000
A19: 10100019 | B19: Bari Lagar | C19: 7238 | D19: 3000
A20: 10060030 | B20: Ramsir(10700-4000) | C20: 44 | D20: 44
A21: 10120034 | B21: Matior | C21: 1597 | D21: 1597
A22: 10140043 | B22: Kaithi | C22: 5888 | D22: 3000
A23: 10130013 | B23: Gomukh Sarmaspur | C23: 913 | D23: 913
A24: 10090048 | B24: Noma(10700-5400) | C24: 5300 | D24: 3000
A25: 10130009 | B25: Gomukh BARDIHA TUTRI PETROL PUMP | C25: 10700 | D25: 3000
... A86: 10140001 | B86: Dumari Purvi | C86: 14959 | D86: 3000
A87: Total Amount | D87: =SUM(D9:D86) -> 219320

Sheet Purchase
C4: Date | D4: From Purhcase | E4: Opening | F4: Receive | G4: Issue | H4: Closing | I4: Fresh Faulty | J4: Total Closing Stock | K4: Remarks
C5: 45775 | D5: STIPL | E5: 0 | F5: 76 | G5: =+'PCB Details '!G155 -> 163 | H5: =D23 -> 7 | I5: =D22 -> 2 | J5: =+H5+I5 -> 9 | K5: 2 PCB sent from Store to STIPL for Replace
C6: 45939 | D6: EIPL | E6: 0 | F6: 25 | G6: =+'PCB Details '!G156 -> 0
C7: 45946 | D7: EIPL | E7: 0 | F7: 25 | G7: =+'PCB Details '!G157 -> 0
C8: 45732 | D8: EIPL | E8: 1 | F8: 25
C9: 45747 | D9: EIPL | E9: 0 | F9: 21
F11: =SUM(F5:F10) -> 172
C14: Particular | D14: Qty | E14: Rate | F14: Amout
C15: Purchase | D15: =F11 -> 172 | E15: 9598.3684 | F15: =D15*E15 -> 1650919.4
C16: Total Received | D16: =D15 -> 172 | E16: 9598.3684 | F16: 1209394.4
C17: PCB Issued on recoverable Basis | D17: ='PCB Details '!H155 -> 84 | E17: 9598.3684 | F17: =D17*E17 -> 806262.95
C18: PCB Issued on no recoverable basis | D18: ='PCB Details '!I155 -> 37 | E18: 9598.3684 | F18: =D18*E18 -> 355139.63 | G18: =+F18+F19 -> 758271.11
C19: AMCU Repair | D19: ='PCB Details '!J155 -> 42 | E19: 9598.3684 | F19: =D19*E19 -> 403131.47
C20: Total Issue | D20: =SUM(D17:D19) -> 163 | E20: 9598.3684 | F20: =SUM(F17:F19) -> 1564534.1
C22: Fresh Foulty | D22: 2 | E22: 9598.3684 | F22: =+D22*E22 -> 19196.737
C23: Closing in Stock | D23: =D16-(D20+D22) -> 7 | E23: 9598.3684 | F23: =+D23*E23 -> 67188.579

Sheet Old Purchase 
C5: Date | D5: Purchase Qty | E5: Purchase Amount | F5: Recovery from LY'23 | G5: Remarks
C6: 45139 | D6: Opening | E6: 393677 | F6: =1480226+258102 -> 1738328
C7: 45168 | D7: 20 | E7: 270722
C8: 45272 | D8: 25 | E8: 338041
C9: 45414 | D9: 20 | E9: 212400
C10: 45427 | D10: 20 | E10: 212400
C11: 45559 | D11: 30 | E11: =10620*30 -> 318600
C12: 45660 | D12: 25 | E12: =10620*25 -> 265500 | G12: Purchased from CSR
C13: 45661 | D13: 25 | E13: =10620*25 -> 265500 | G13: Purchased from CSR
C14: 45775 | D14: 76 | E14: 729476 | G14: Purchased from CSR
D15: =SUM(D6:D14) -> 241 | E15: =SUM(E6:E14) -> 3006316 | F15: =+E19 -> 0 | G15: Net Recoverable Amount

Sheet Not recover Old data
A1: SL No. | B1: BMC Name | C1: MPG Code | D1: Name | E1: Total AMT | F1: Due | G1: Remarks
A2: 1 | B2: Lakhisarai Area | C2: 1167 | D2: SANDH MAAF | E2: 14200 | F2: 2957 | G2: Close
A3: =+A2+1 -> 2 | B3: Samastipur Area | C3: 1726 | D3: Husainipur | E3: =14200+14200+14200 -> 42600 | F3: =4670+14200+431 -> 19301 | G3: Close
A4: =+A3+1 -> 3 | B4: Samastipur Area | C4: 1916 | D4: Gomukh Laxminarayanpur | E4: 14200 | F4: 5894 | G4: Close
A5: =+A4+1 -> 4 | B5: Samastipur Area | C5: 1703 | D5: Mahisor | E5: 14200 | F5: 14200 | G5: Close
A6: =+A5+1 -> 5 | B6: Samastipur Area | C6: 2020 | D6: Balthara | E6: 14200 | F6: 14200 | G6: Close
A7: =+A6+1 -> 6 | B7: Samastipur Area | C7: 1745 | D7: Banvira | E7: 14200 | F7: 14200 | G7: Close
A8: =+A7+1 -> 7 | B8: Samastipur Area | C8: 2001 | D8: Bagnoucha | E8: 14200 | F8: 14200 | G8: Close
A9: =+A8+1 -> 8 | B9: Samastipur Area | C9: 2011 | D9: Hentanpur | E9: 14200 | F9: 14200 | G9: Close
A10: =+A9+1 -> 9 | B10: Samastipur Area | C10: 0007 | D10: Jhandapur BMC | E10: 14200 | F10: 14200 | G10: Close
A11: =+A10+1 -> 10 | B11: Samastipur Area | C11: 0936 | D11: Rachiyahi | E11: 14200 | F11: 5650 | G11: Close
A12: =+A11+1 -> 11 | B12: Samastipur Area | C12: 1701 | D12: Madhopur | E12: 14200 | F12: 14200 | G12: Close
A13: =+A12+1 -> 12 | B13: Samastipur Area | C13: 0386 | D13: KURSAHATOL | E13: =14200+14200 -> 28400 | F13: =14200+14200 -> 28400 | G13: Close
A14: =+A13+1 -> 13 | B14: Samastipur Area | C14: 0342 | D14: PACHPAIKA | E14: 14200 | F14: 12275 | G14: Close
A15: =+A14+1 -> 14 | B15: Samastipur Area | C15: 0316 | D15: ASHINCHAK | E15: 14200 | F15: 14200 | G15: Close
A16: =+A15+1 -> 15 | B16: Samastipur Area | C16: 0356 | D16: BHOJPUR | E16: 14200 | F16: 14200 | G16: Close
A17: =+A16+1 -> 16 | B17: Samastipur Area | C17: 0380 | D17: Hargingpur kothi | E17: 14200 | F17: 13336 | G17: Close
A18: =+A17+1 -> 17 | B18: Samastipur Area | C18: 0314 | D18: Madhepur | E18: =14200+8500 -> 22700 | F18: 22700 | G18: Close
A19: =+A18+1 -> 18 | B19: Lakhisarai Area | C19: 0118 | D19: Nandpur | E19: 14200 | F19: 0 | G19: 0
A20: =+A19+1 -> 19 | B20: Bhagalpur Area | C20: 7101 | D20: Pachgachiya | E20: 14200 | F20: 6618 | G20: No deduction from One years
A21: =+A20+1 -> 20 | B21: Begusarai Area | C21: 9148 | D21: Gehuni | E21: 14200 | F21: 0 | G21: No deduction from Six Month
A22: =+A21+1 -> 21 | B22: Begusarai Area | C22: 9149 | D22: Bachhwara | E22: 14200 | F22: 14200 | G22: No deduction from One years
A23: =+A22+1 -> 22 | B23: Samastipur Area | C23: 2026 | D23: Bisunpur Beri | E23: 14200 | F23: 0 | G23: No deduction from One years
A24: =+A23+1 -> 23 | B24: Bhagalpur Area | C24: 5119 | D24: Barui | E24: 14200 | F24: 14200 | G24: No deduction from Six Month
A25: =+A24+1 -> 24 | B25: Lakhisarai Area | C25: 1198 | D25: Tetharhat | E25: 14200 | F25: 9996 | G25: No deduction from Six Month
E26: =SUM(E2:E25) -> 391900 | F26: =SUM(F2:F25) -> 283327
