Workbook

Sheet Daily Losses
A2: Cycle | C2: Date | D2: Shift | E2: Itki | F2: Pali | G2: Hisri Thakurgaon | H2: Choreya | I2: Baski | J2: Ormanjhi Rmc | K2: Piragutu Rmc | L2: Bhandra Rmc | M2: Chanho
A3: 1-2July | B3: 46174 | C3: 45717 | D3: M | E3: =Itki!AQ4 -> 2555.55 | F3: =Pali!AQ4 -> -150.2325 | G3: =Hisri!AQ4 -> 992.2743 | H3: =Choriya!AQ4 -> 64.18545 | I3: =Baski!AQ4 -> 0 | J3: =Orja!AQ4 -> 127.0965 | K3: =Piragutu!AQ4 -> 1201.185 | L3: =Bhandra!AQ4 -> -110.22 | M3: =Chanho!AQ4 -> -2906.97
A4: 1-2July | B4: 46174 | C4: 45717 | D4: E | E4: =Itki!AQ5 -> 75.6309 | F4: =Pali!AQ5 -> -900.9375 | G4: =Hisri!AQ5 -> 3.876 | H4: =Choriya!AQ5 -> 30.4269 | I4: =Baski!AQ5 -> 0 | J4: =Orja!AQ5 -> 102.5904 | K4: =Piragutu!AQ5 -> 62.9112 | L4: =Bhandra!AQ5 -> 129.018 | M4: =Chanho!AQ5 -> -14.6094
A5: 1-2July | B5: 46175 | C5: 45718 | D5: M | E5: =Itki!AQ6 -> 4042.8141 | F5: =Pali!AQ6 -> -49.725 | G5: =Hisri!AQ6 -> 572.139 | H5: =Choriya!AQ6 -> 16.353 | I5: =Baski!AQ6 -> 0 | J5: =Orja!AQ6 -> -732.6519 | K5: =Piragutu!AQ6 -> 1977.9879 | L5: =Bhandra!AQ6 -> 98.7528 | M5: =Chanho!AQ6 -> 464.7444
A6: 1-2July | B6: 46175 | C6: 45718 | D6: E | E6: =Itki!AQ7 -> 65.14665 | F6: =Pali!AQ7 -> -4632.54 | G6: =Hisri!AQ7 -> 11.91705 | H6: =Choriya!AQ7 -> 370.659 | I6: =Baski!AQ7 -> 0 | J6: =Orja!AQ7 -> 224.07 | K6: =Piragutu!AQ7 -> 153.2823 | L6: =Bhandra!AQ7 -> 203.0742 | M6: =Chanho!AQ7 -> 2364.885
A7: 3-9 July | B7: 46145 | C7: 45719 | D7: M | E7: =Itki!AQ8 -> 0 | F7: =Pali!AQ8 -> 0 | G7: =Hisri!AQ8 -> 0 | H7: =Choriya!AQ8 -> 0 | I7: =Baski!AQ8 -> 0 | J7: =Orja!AQ8 -> 0 | K7: =Piragutu!AQ8 -> 0 | L7: =Bhandra!AQ8 -> 0 | M7: =Chanho!AQ8 -> 0
A8: 3-9 July | B8: 46145 | C8: 45719 | D8: E | E8: =Itki!AQ9 -> 0 | F8: =Pali!AQ9 -> 0 | G8: =Hisri!AQ9 -> 0 | H8: =Choriya!AQ9 -> 0 | I8: =Baski!AQ9 -> 0 | J8: =Orja!AQ9 -> 0 | K8: =Piragutu!AQ9 -> 0 | L8: =Bhandra!AQ9 -> 0 | M8: =Chanho!AQ9 -> 0
A9: 3-9 July | B9: 46146 | C9: 45720 | D9: M | E9: =Itki!AQ10 -> 0 | F9: =Pali!AQ10 -> 0 | G9: =Hisri!AQ10 -> 0 | H9: =Choriya!AQ10 -> 0 | I9: =Baski!AQ10 -> 0 | J9: =Orja!AQ10 -> 0 | K9: =Piragutu!AQ10 -> 0 | L9: =Bhandra!AQ10 -> 0 | M9: =Chanho!AQ10 -> 0
A10: 3-9 July | B10: 46146 | C10: 45720 | D10: E | E10: =Itki!AQ11 -> 0 | F10: =Pali!AQ11 -> 0 | G10: =Hisri!AQ11 -> 0 | H10: =Choriya!AQ11 -> 0 | I10: =Baski!AQ11 -> 0 | J10: =Orja!AQ11 -> 0 | K10: =Piragutu!AQ11 -> 0 | L10: =Bhandra!AQ11 -> 0 | M10: =Chanho!AQ11 -> 0
A11: 3-9 July | B11: 46147 | C11: 45721 | D11: M | E11: =Itki!AQ12 -> 0 | F11: =Pali!AQ12 -> 0 | G11: =Hisri!AQ12 -> 0 | H11: =Choriya!AQ12 -> 0 | I11: =Baski!AQ12 -> 0 | J11: =Orja!AQ12 -> 0 | K11: =Piragutu!AQ12 -> 0 | L11: =Bhandra!AQ12 -> 0 | M11: =Chanho!AQ12 -> 0
A12: 3-9 July | B12: 46147 | C12: 45721 | D12: E | E12: =Itki!AQ13 -> 0 | F12: =Pali!AQ13 -> 0 | G12: =Hisri!AQ13 -> 0 | H12: =Choriya!AQ13 -> 0 | I12: =Baski!AQ13 -> 0 | J12: =Orja!AQ13 -> 0 | K12: =Piragutu!AQ13 -> 0 | L12: =Bhandra!AQ13 -> 0 | M12: =Chanho!AQ13 -> 0
A13: 3-9 July | B13: 46148 | C13: 45722 | D13: M | E13: =Itki!AQ14 -> 0 | F13: =Pali!AQ14 -> 0 | G13: =Hisri!AQ14 -> 0 | H13: =Choriya!AQ14 -> 0 | I13: =Baski!AQ14 -> 0 | J13: =Orja!AQ14 -> 0 | K13: =Piragutu!AQ14 -> 0 | L13: =Bhandra!AQ14 -> 0 | M13: =Chanho!AQ14 -> 0
A14: 3-9 July | B14: 46148 | C14: 45722 | D14: E | E14: =Itki!AQ15 -> 0 | F14: =Pali!AQ15 -> 0 | G14: =Hisri!AQ15 -> 0 | H14: =Choriya!AQ15 -> 0 | I14: =Baski!AQ15 -> 0 | J14: =Orja!AQ15 -> 0 | K14: =Piragutu!AQ15 -> 0 | L14: =Bhandra!AQ15 -> 0 | M14: =Chanho!AQ15 -> 0
A15: 3-9 July | C15: 45723 | D15: M | E15: =Itki!AQ16 -> 0 | F15: =Pali!AQ16 -> 0 | G15: =Hisri!AQ16 -> 0 | H15: =Choriya!AQ16 -> 0 | I15: =Baski!AQ16 -> 0 | J15: =Orja!AQ16 -> 0 | K15: =Piragutu!AQ16 -> 0 | L15: =Bhandra!AQ16 -> 0 | M15: =Chanho!AQ16 -> 0
A16: 3-9 July | C16: 45723 | D16: E | E16: =Itki!AQ17 -> 0 | F16: =Pali!AQ17 -> 0 | G16: =Hisri!AQ17 -> 0 | H16: =Choriya!AQ17 -> 0 | I16: =Baski!AQ17 -> 0 | J16: =Orja!AQ17 -> 0 | K16: =Piragutu!AQ17 -> 0 | L16: =Bhandra!AQ17 -> 0 | M16: =Chanho!AQ17 -> 0
A17: 3-9 July | C17: 45724 | D17: M | E17: =Itki!AQ18 -> 0 | F17: =Pali!AQ18 -> 0 | G17: =Hisri!AQ18 -> 0 | H17: =Choriya!AQ18 -> 0 | I17: =Baski!AQ18 -> 0 | J17: =Orja!AQ18 -> 0 | K17: =Piragutu!AQ18 -> 0 | L17: =Bhandra!AQ18 -> 0 | M17: =Chanho!AQ18 -> 0
A18: 3-9 July | C18: 45724 | D18: E | E18: =Itki!AQ19 -> 0 | F18: =Pali!AQ19 -> 0 | G18: =Hisri!AQ19 -> 0 | H18: =Choriya!AQ19 -> 0 | I18: =Baski!AQ19 -> 0 | J18: =Orja!AQ19 -> 0 | K18: =Piragutu!AQ19 -> 0 | L18: =Bhandra!AQ19 -> 0 | M18: =Chanho!AQ19 -> 0
A19: 3-9 July | C19: 45725 | D19: M | E19: =Itki!AQ20 -> 0 | F19: =Pali!AQ20 -> 0 | G19: =Hisri!AQ20 -> 0 | H19: =Choriya!AQ20 -> 0 | I19: =Baski!AQ20 -> 0 | J19: =Orja!AQ20 -> 0 | K19: =Piragutu!AQ20 -> 0 | L19: =Bhandra!AQ20 -> 0 | M19: =Chanho!AQ20 -> 0
A20: 3-9 July | C20: 45725 | D20: E | E20: =Itki!AQ21 -> 0 | F20: =Pali!AQ21 -> 0 | G20: =Hisri!AQ21 -> 0 | H20: =Choriya!AQ21 -> 0 | I20: =Baski!AQ21 -> 0 | J20: =Orja!AQ21 -> 0 | K20: =Piragutu!AQ21 -> 0 | L20: =Bhandra!AQ21 -> 0 | M20: =Chanho!AQ21 -> 0
A21: 10-16July | C21: 45726 | D21: M | E21: =Itki!AQ22 -> 0 | F21: =Pali!AQ22 -> 0 | G21: =Hisri!AQ22 -> 0 | H21: =Choriya!AQ22 -> 0 | I21: =Baski!AQ22 -> 0 | J21: =Orja!AQ22 -> 0 | K21: =Piragutu!AQ22 -> 0 | L21: =Bhandra!AQ22 -> 0 | M21: =Chanho!AQ22 -> 0
A22: 10-16July | C22: 45726 | D22: E | E22: =Itki!AQ23 -> 0 | F22: =Pali!AQ23 -> 0 | G22: =Hisri!AQ23 -> 0 | H22: =Choriya!AQ23 -> 0 | I22: =Baski!AQ23 -> 0 | J22: =Orja!AQ23 -> 0 | K22: =Piragutu!AQ23 -> 0 | L22: =Bhandra!AQ23 -> 0 | M22: =Chanho!AQ23 -> 0
A23: 10-16July | C23: 45727 | D23: M | E23: =Itki!AQ24 -> 0 | F23: =Pali!AQ24 -> 0 | G23: =Hisri!AQ24 -> 0 | H23: =Choriya!AQ24 -> 0 | I23: =Baski!AQ24 -> 0 | J23: =Orja!AQ24 -> 0 | K23: =Piragutu!AQ24 -> 0 | L23: =Bhandra!AQ24 -> 0 | M23: =Chanho!AQ24 -> 0
A24: 10-16July | C24: 45727 | D24: E | E24: =Itki!AQ25 -> 0 | F24: =Pali!AQ25 -> 0 | G24: =Hisri!AQ25 -> 0 | H24: =Choriya!AQ25 -> 0 | I24: =Baski!AQ25 -> 0 | J24: =Orja!AQ25 -> 0 | K24: =Piragutu!AQ25 -> 0 | L24: =Bhandra!AQ25 -> 0 | M24: =Chanho!AQ25 -> 0
A25: 10-16July | C25: 45728 | D25: M | E25: =Itki!AQ26 -> 0 | F25: =Pali!AQ26 -> 0 | G25: =Hisri!AQ26 -> 0 | H25: =Choriya!AQ26 -> 0 | I25: =Baski!AQ26 -> 0 | J25: =Orja!AQ26 -> 0 | K25: =Piragutu!AQ26 -> 0 | L25: =Bhandra!AQ26 -> 0 | M25: =Chanho!AQ26 -> 0
A26: 10-16July | C26: 45728 | D26: E | E26: =Itki!AQ27 -> 0 | F26: =Pali!AQ27 -> 0 | G26: =Hisri!AQ27 -> 0 | H26: =Choriya!AQ27 -> 0 | I26: =Baski!AQ27 -> 0 | J26: =Orja!AQ27 -> 0 | K26: =Piragutu!AQ27 -> 0 | L26: =Bhandra!AQ27 -> 0 | M26: =Chanho!AQ27 -> 0
... A62: 24-30 July | C62: 45746 | D62: E | E62: =Itki!AQ63 -> 0 | F62: =Pali!AQ63 -> 0 | G62: =Hisri!AQ63 -> 0 | H62: =Choriya!AQ63 -> 0 | I62: =Baski!AQ63 -> 0 | J62: =Orja!AQ63 -> 0 | K62: =Piragutu!AQ63 -> 0 | L62: =Bhandra!AQ63 -> 0 | M62: =Chanho!AQ63 -> 0
A63: 31-31 July | C63: 45747 | D63: M | E63: =Itki!AQ64 -> 0 | F63: =Pali!AQ64 -> 0 | G63: =Hisri!AQ64 -> 0 | H63: =Choriya!AQ64 -> 0 | I63: =Baski!AQ64 -> 0 | J63: =Orja!AQ64 -> 0 | K63: =Piragutu!AQ64 -> 0 | L63: =Bhandra!AQ64 -> 0 | M63: =Chanho!AQ64 -> 0 | S63: -1 | T63: Gain
A64: 31-31 July | C64: 45747 | D64: E | E64: =Itki!AQ65 -> 0 | F64: =Pali!AQ65 -> 0 | G64: =Hisri!AQ65 -> 0 | H64: =Choriya!AQ65 -> 0 | I64: =Baski!AQ65 -> 0 | J64: =Orja!AQ65 -> 0 | K64: =Piragutu!AQ65 -> 0 | L64: =Bhandra!AQ65 -> 0 | M64: =Chanho!AQ65 -> 0 | S64: 1 | T64: Loss
C65: Total | E65: =SUM(E3:E64) -> 6739.1417 | F65: =SUM(F3:F64) -> -5733.435 | G65: =SUM(G3:G64) -> 1580.2063 | H65: =SUM(H3:H64) -> 481.62435 | I65: =SUM(I3:I64) -> 0 | J65: =SUM(J3:J64) -> -278.895 | K65: =SUM(K3:K64) -> 3395.3664 | L65: =SUM(L3:L64) -> 320.625 | M65: =SUM(M3:M64) -> -91.95
C68: Date | D68: Shift | E68: Itki | F68: Pali | G68: Hisri Thakurgaon | H68: Choreya | I68: Baski | J68: Ormanjhi Rmc | K68: Piragutu Rmc | L68: Bhandra Rmc | M68: Chanho
C69: 1-2July | E69: =SUMIF($A$3:$A$64,$C69,E$3:E$64) -> 6739.1417 | F69: =SUMIF($A$3:$A$64,$C69,F$3:F$64) -> -5733.435 | G69: =SUMIF($A$3:$A$64,$C69,G$3:G$64) -> 1580.2063 | H69: =SUMIF($A$3:$A$64,$C69,H$3:H$64) -> 481.62435 | I69: =SUMIF($A$3:$A$64,$C69,I$3:I$64) -> 0 | J69: =SUMIF($A$3:$A$64,$C69,J$3:J$64) -> -278.895 | K69: =SUMIF($A$3:$A$64,$C69,K$3:K$64) -> 3395.3664 | L69: =SUMIF($A$3:$A$64,$C69,L$3:L$64) -> 320.625 | M69: =SUMIF($A$3:$A$64,$C69,M$3:M$64) -> -91.95
C70: 3-9 July | E70: =SUMIF($A$3:$A$64,$C70,E$3:E$64) -> 0 | F70: =SUMIF($A$3:$A$64,$C70,F$3:F$64) -> 0 | G70: =SUMIF($A$3:$A$64,$C70,G$3:G$64) -> 0 | H70: =SUMIF($A$3:$A$64,$C70,H$3:H$64) -> 0 | I70: =SUMIF($A$3:$A$64,$C70,I$3:I$64) -> 0 | J70: =SUMIF($A$3:$A$64,$C70,J$3:J$64) -> 0 | K70: =SUMIF($A$3:$A$64,$C70,K$3:K$64) -> 0 | L70: =SUMIF($A$3:$A$64,$C70,L$3:L$64) -> 0 | M70: =SUMIF($A$3:$A$64,$C70,M$3:M$64) -> 0
C71: 10-16July | E71: =SUMIF($A$3:$A$64,$C71,E$3:E$64) -> 0 | F71: =SUMIF($A$3:$A$64,$C71,F$3:F$64) -> 0 | G71: =SUMIF($A$3:$A$64,$C71,G$3:G$64) -> 0 | H71: =SUMIF($A$3:$A$64,$C71,H$3:H$64) -> 0 | I71: =SUMIF($A$3:$A$64,$C71,I$3:I$64) -> 0 | J71: =SUMIF($A$3:$A$64,$C71,J$3:J$64) -> 0 | K71: =SUMIF($A$3:$A$64,$C71,K$3:K$64) -> 0 | L71: =SUMIF($A$3:$A$64,$C71,L$3:L$64) -> 0 | M71: =SUMIF($A$3:$A$64,$C71,M$3:M$64) -> 0
C72: 17-23July | E72: =SUMIF($A$3:$A$64,$C72,E$3:E$64) -> 0 | F72: =SUMIF($A$3:$A$64,$C72,F$3:F$64) -> 0 | G72: =SUMIF($A$3:$A$64,$C72,G$3:G$64) -> 0 | H72: =SUMIF($A$3:$A$64,$C72,H$3:H$64) -> 0 | I72: =SUMIF($A$3:$A$64,$C72,I$3:I$64) -> 0 | J72: =SUMIF($A$3:$A$64,$C72,J$3:J$64) -> 0 | K72: =SUMIF($A$3:$A$64,$C72,K$3:K$64) -> 0 | L72: =SUMIF($A$3:$A$64,$C72,L$3:L$64) -> 0 | M72: =SUMIF($A$3:$A$64,$C72,M$3:M$64) -> 0
C73: 24-30 July | E73: =SUMIF($A$3:$A$64,$C73,E$3:E$64) -> 0 | F73: =SUMIF($A$3:$A$64,$C73,F$3:F$64) -> 0 | G73: =SUMIF($A$3:$A$64,$C73,G$3:G$64) -> 0 | H73: =SUMIF($A$3:$A$64,$C73,H$3:H$64) -> 0 | I73: =SUMIF($A$3:$A$64,$C73,I$3:I$64) -> 0 | J73: =SUMIF($A$3:$A$64,$C73,J$3:J$64) -> 0 | K73: =SUMIF($A$3:$A$64,$C73,K$3:K$64) -> 0 | L73: =SUMIF($A$3:$A$64,$C73,L$3:L$64) -> 0 | M73: =SUMIF($A$3:$A$64,$C73,M$3:M$64) -> 0
C74: 31-31 July
C75: Grand Total | E75: =SUM(E69:E73) -> 6739.1417 | F75: =SUM(F69:F73) -> -5733.435 | G75: =SUM(G69:G73) -> 1580.2063 | H75: =SUM(H69:H73) -> 481.62435 | I75: =SUM(I69:I73) -> 0 | J75: =SUM(J69:J73) -> -278.895 | K75: =SUM(K69:K73) -> 3395.3664 | L75: =SUM(L69:L73) -> 320.625 | M75: =SUM(M69:M73) -> -91.95

Sheet Sheet1
C2: State | D2: Type | E2: Code | F2: BMC Name | G2: MTD Volume | H2: Vol Kg | I2: FAT kg | J2: SNF Kg | K2: FAT Rate | L2: SNF Rate | M2: Amount | N2: Loss/gain per Kg | O2: Remarks
C3: JH | D3: SP RMC | E3: 2001 | F3: Itki | G3: =Itki!J66 -> 11895.707 | H3: =Itki!AM66 -> -27.9969 | I3: =Itki!AN66 -> -10.474123 | J3: =Itki!AO66 -> -6.752621 | K3: 450 | L3: =K3*2/3 -> 300 | M3: =I3*K3+J3*L3 -> -6739.1417 | N3: =M3/G3 -> -0.5665188 | O3: Report till updated 02 July
C4: JH | D4: SP RMC | E4: 2002 | F4: Pali | G4: =Pali!J66 -> 10783.451 | H4: =Pali!AM66 -> -39.4511 | I4: =Pali!AN66 -> 9.2925 | J4: =Pali!AO66 -> 5.1727 | K4: 450 | L4: =K4*2/3 -> 300 | M4: =I4*K4+J4*L4 -> 5733.435 | N4: =M4/G4 -> 0.53168832 | O4: Report till updated 02 July
C5: JH | D5: SP RMC | E5: 2003 | F5: Hisri Thakurgaon | G5: =Hisri!J66 -> 2489.51 | H5: =Hisri!AM66 -> 19.23 | I5: =Hisri!AN66 -> -0.977765 | J5: =Hisri!AO66 -> -3.800707 | K5: 450 | L5: =K5*2/3 -> 300 | M5: =I5*K5+J5*L5 -> -1580.2063 | N5: =M5/G5 -> -0.63474593 | O5: Report till updated 02 July
C6: JH | D6: SP RMC | E6: 2004 | F6: Choreya | G6: =Choriya!J66 -> 2522.0271 | H6: =Choriya!AM66 -> 35.6829 | I6: =Choriya!AN66 -> 4.167807 | J6: =Choriya!AO66 -> -7.857125 | K6: 450 | L6: =K6*2/3 -> 300 | M6: =I6*K6+J6*L6 -> -481.62435 | N6: =M6/G6 -> -0.19096716 | O6: Report till updated 30 June
C7: JH | D7: SP RMC | E7: 2005 | F7: Baski | G7: =Baski!J66 -> 0 | H7: =Baski!AM66 -> 0 | I7: =Baski!AN66 -> 0 | J7: =Baski!AO66 -> 0 | K7: 450 | L7: =K7*2/3 -> 300 | M7: =I7*K7+J7*L7 -> 0 | N7: =M7/G7 -> #DIV/0!
C8: JH | D8: SP RMC | E8: 2006 | F8: Ormanjhi Rmc | G8: =Orja!J66 -> 4170.161 | H8: =Orja!AM66 -> -35.161 | I8: =Orja!AN66 -> 1.9259 | J8: =Orja!AO66 -> -1.9592 | K8: 450 | L8: =K8*2/3 -> 300 | M8: =I8*K8+J8*L8 -> 278.895 | N8: =M8/G8 -> 0.066878713 | O8: Report till updated 30 June
C9: JH | D9: SP RMC | E9: 2007 | F9: Piragutu Rmc | G9: =Piragutu!J66 -> 2880.0345 | H9: =Piragutu!AM66 -> 14.5255 | I9: =Piragutu!AN66 -> -3.091464 | J9: =Piragutu!AO66 -> -6.680692 | K9: 450 | L9: =K9*2/3 -> 300 | M9: =I9*K9+J9*L9 -> -3395.3664 | N9: =M9/G9 -> -1.1789325 | O9: Report till updated 02 July
C10: JH | D10: SP RMC | E10: 2008 | F10: Bhandra Rmc | G10: =Bhandra!J66 -> 4936.2956 | H10: =Bhandra!AM66 -> -119.2956 | I10: =Bhandra!AN66 -> 1.8003 | J10: =Bhandra!AO66 -> -3.7692 | K10: 450 | L10: =K10*2/3 -> 300 | M10: =I10*K10+J10*L10 -> -320.625 | N10: =M10/G10 -> -0.064952553 | O10: Report till updated 30 June
C11: JH | D11: SP RMC | E11: 2009 | F11: Chanho | G11: =Chanho!J66 -> 4716.3082 | H11: =Chanho!AM66 -> 16.6918 | I11: =Chanho!AN66 -> 2.4742 | J11: =Chanho!AO66 -> -3.4048 | K11: 450 | L11: =K11*2/3 -> 300 | M11: =I11*K11+J11*L11 -> 91.95 | N11: =M11/G11 -> 0.019496181 | O11: Report till updated 02 July
C12: Jharkhand Total | G12: =SUM(G3:G10) -> 39677.186 | H12: =SUM(H3:H10) -> -152.4662 | I12: =SUM(I3:I10) -> 2.643155 | J12: =SUM(J3:J10) -> -25.646845 | K12: =SUM(K3:K9) -> 3150 | L12: =SUM(L3:L9) -> 2100 | M12: =SUM(M3:M10) -> -6504.6337 | N12: =M12/G12 -> -0.16393889

Sheet July 26
H2: RMC wise Dispatch | M2: RMC wise Receipt | R2: Tanker Receipt at Plant | W2: Chemist Name | Y2: Round Off
A3: Challan No | B3: Tanker No. | C3: Chamber | D3: Date | E3: Type | F3: RMC Code | G3: RMC Name | H3: Vol-Kg | I3: FAT% | J3: SNF% | K3: FAT Kg | L3: SNF Kg | M3: Vol-Kg | N3: FAT% | O3: SNF% | P3: FAT Kg | Q3: SNF Kg | R3: Vol-Kg | S3: FAT% | T3: SNF% | U3: FAT Kg | V3: SNF Kg | Y3: Vol | Z3: Fat% | AA3: Snf%
A4: 80119 | B4: 1023 | C4: Single | D4: 46204 | F4: 2003 | G4: =VLOOKUP(F4,$AD$9:$AE$17,2,0) -> Hisri | H4: 2048 | I4: 3.8 | J4: 8.29 | K4: =H4*I4% -> 77.824 | L4: =H4*J4% -> 169.7792 | M4: =$R$4*H4/SUM($H$4:$H$7) -> 2045.652 | N4: =P4/M4*100 -> 3.7449898 | O4: =Q4/M4*100 -> 8.213686 | P4: =$U$4*K4/SUM($K$4:$K$7) -> 76.60946 | Q4: =$V$4*L4/SUM($L$4:$L$7) -> 168.02344 | R4: 6970 | S4: 4 | T4: 8.33 | U4: =R4*S4% -> 278.8 | V4: =R4*T4% -> 580.601 | Y4: =ROUND(M4,0) -> 2046 | Z4: =ROUND(N4,2) -> 3.74 | AA4: =ROUND(O4,2) -> 8.21
A5: 80119 | B5: 1023 | C5: Single | D5: 46204 | F5: 2007 | G5: =VLOOKUP(F5,$AD$9:$AE$17,2,0) -> Piragutu | H5: 1496 | I5: 4.4 | J5: 8.41 | K5: =H5*I5% -> 65.824 | L5: =H5*J5% -> 125.8136 | M5: =$R$4*H5/SUM($H$4:$H$7) -> 1494.2849 | N5: =P5/M5*100 -> 4.3363039 | O5: =Q5/M5*100 -> 8.3325813 | P5: =$U$4*K5/SUM($K$4:$K$7) -> 64.796735 | Q5: =$V$4*L5/SUM($L$4:$L$7) -> 124.5125 | Y5: =ROUND(M5,0) -> 1494 | Z5: =ROUND(N5,2) -> 4.34 | AA5: =ROUND(O5,2) -> 8.33
A6: 80119 | B6: 1023 | C6: Single | D6: 46204 | F6: 2009 | G6: =VLOOKUP(F6,$AD$9:$AE$17,2,0) -> Chanho | H6: 2270 | I6: 4.2 | J6: 8.5 | K6: =H6*I6% -> 95.34 | L6: =H6*J6% -> 192.95 | M6: =$R$4*H6/SUM($H$4:$H$7) -> 2267.3975 | N6: =P6/M6*100 -> 4.1391992 | O6: =Q6/M6*100 -> 8.4217528 | P6: =$U$4*K6/SUM($K$4:$K$7) -> 93.852101 | Q6: =$V$4*L6/SUM($L$4:$L$7) -> 190.95462 | Y6: =ROUND(M6,0) -> 2267 | Z6: =ROUND(N6,2) -> 4.14 | AA6: =ROUND(O6,2) -> 8.42
A7: 80119 | B7: 1023 | C7: Single | D7: 46204 | F7: 2006 | G7: =VLOOKUP(F7,$AD$9:$AE$17,2,0) -> Ormanjhi | H7: 1164 | I7: 3.8 | J7: 8.43 | K7: =H7*I7% -> 44.232 | L7: =H7*J7% -> 98.1252 | M7: =$R$4*H7/SUM($H$4:$H$7) -> 1162.6655 | N7: =P7/M7*100 -> 3.7449898 | O7: =Q7/M7*100 -> 8.3523972 | P7: =$U$4*K7/SUM($K$4:$K$7) -> 43.541705 | Q7: =$V$4*L7/SUM($L$4:$L$7) -> 97.110443 | Y7: =ROUND(M7,0) -> 1163 | Z7: =ROUND(N7,2) -> 3.74 | AA7: =ROUND(O7,2) -> 8.35
A8: 80096 | B8: 9944 | C8: Single | D8: 46205 | F8: 2009 | G8: =VLOOKUP(F8,$AD$9:$AE$17,2,0) -> Chanho | H8: 2260 | I8: 4.2 | J8: 8.37 | K8: =H8*I8% -> 94.92 | L8: =H8*J8% -> 189.162 | M8: =$R$8*H8/SUM($H$8:$H$10) -> 2285.4434 | N8: =P8/M8*100 -> 4.0708707 | O8: =Q8/M8*100 -> 8.1687486 | P8: =$U$8*K8/SUM($K$8:$K$10) -> 93.037445 | Q8: =$V$8*L8/SUM($L$8:$L$10) -> 186.69213 | R8: 5120 | S8: 4 | T8: 8.14 | U8: =R8*S8% -> 204.8 | V8: =R8*T8% -> 416.768 | W8: Amit Kr. Singh | Y8: =ROUND(M8,0) -> 2285 | Z8: =ROUND(N8,2) -> 4.07 | AA8: =ROUND(O8,2) -> 8.17
A9: 80096 | B9: 9944 | C9: Single | D9: 46205 | F9: 2003 | G9: =VLOOKUP(F9,$AD$9:$AE$17,2,0) -> Hisri | H9: 1301 | I9: 3.8 | J9: 8.29 | K9: =H9*I9% -> 49.438 | L9: =H9*J9% -> 107.8529 | M9: =$R$8*H9/SUM($H$8:$H$10) -> 1315.6468 | N9: =P9/M9*100 -> 3.6831687 | O9: =Q9/M9*100 -> 8.0906721 | P9: =$U$8*K9/SUM($K$8:$K$10) -> 48.457493 | Q9: =$V$8*L9/SUM($L$8:$L$10) -> 106.44467 | Y9: =ROUND(M9,0) -> 1316 | Z9: =ROUND(N9,2) -> 3.68 | AA9: =ROUND(O9,2) -> 8.09 | AD9: 2001 | AE9: Itki
A10: 80096 | B10: 9944 | C10: Single | D10: 46205 | F10: 2007 | G10: =VLOOKUP(F10,$AD$9:$AE$17,2,0) -> Piragutu | H10: 1502 | I10: 4.3 | J10: 8.34 | K10: =H10*I10% -> 64.586 | L10: =H10*J10% -> 125.2668 | M10: =$R$8*H10/SUM($H$8:$H$10) -> 1518.9097 | N10: =P10/M10*100 -> 4.1677962 | O10: =Q10/M10*100 -> 8.1394699 | P10: =$U$8*K10/SUM($K$8:$K$10) -> 63.305062 | Q10: =$V$8*L10/SUM($L$8:$L$10) -> 123.6312 | Y10: =ROUND(M10,0) -> 1519 | Z10: =ROUND(N10,2) -> 4.17 | AA10: =ROUND(O10,2) -> 8.14 | AD10: 2002 | AE10: Pali
A11: 80149 | B11: 9944 | C11: Single | D11: 46204 | F11: 2001 | G11: =VLOOKUP(F11,$AD$9:$AE$17,2,0) -> Itki | H11: 4202 | I11: 3.95 | J11: 8.51 | K11: =H11*I11% -> 165.979 | L11: =H11*J11% -> 357.5902 | M11: =$R$11*H11/SUM($H$11:$H$12) -> 4201.1042 | N11: =P11/M11*100 -> 3.9225855 | O11: =Q11/M11*100 -> 8.4775006 | P11: =$U$11*K11/SUM($K$11:$K$12) -> 164.79191 | Q11: =$V$11*L11/SUM($L$11:$L$12) -> 356.14864 | R11: 9380 | S11: 3.95 | T11: 8.45 | U11: =R11*S11% -> 370.51 | V11: =R11*T11% -> 792.61 | W11: Mahesh | Y11: =ROUND(M11,0) -> 4201 | Z11: =ROUND(N11,2) -> 3.92 | AA11: =ROUND(O11,2) -> 8.48 | AD11: 2003 | AE11: Hisri
A12: 80149 | B12: 9944 | C12: Single | D12: 46204 | F12: 2002 | G12: =VLOOKUP(F12,$AD$9:$AE$17,2,0) -> Pali | H12: 5180 | I12: 4 | J12: 8.46 | K12: =H12*I12% -> 207.2 | L12: =H12*J12% -> 438.228 | M12: =$R$11*H12/SUM($H$11:$H$12) -> 5178.8958 | N12: =P12/M12*100 -> 3.9722385 | O12: =Q12/M12*100 -> 8.4276916 | P12: =$U$11*K12/SUM($K$11:$K$12) -> 205.71809 | Q12: =$V$11*L12/SUM($L$11:$L$12) -> 436.46136 | Y12: =ROUND(M12,0) -> 5179 | Z12: =ROUND(N12,2) -> 3.97 | AA12: =ROUND(O12,2) -> 8.43 | AD12: 2004 | AE12: Chorya
A13: 80150 | B13: 8504 | C13: Single | D13: 46205 | F13: 2001 | G13: =VLOOKUP(F13,$AD$9:$AE$17,2,0) -> Itki | H13: 4540 | I13: 3.9 | J13: 8.56 | K13: =H13*I13% -> 177.06 | L13: =H13*J13% -> 388.624 | M13: =$R$13*H13/SUM($H$13) -> 4510 | N13: =P13/M13*100 -> 3.7 | O13: =Q13/M13*100 -> 8.34 | P13: =$U$13*K13/SUM($K$13) -> 166.87 | Q13: =$V$13*L13/SUM($L$13) -> 376.134 | R13: 4510 | S13: 3.7 | T13: 8.34 | U13: =R13*S13% -> 166.87 | V13: =R13*T13% -> 376.134 | W13: Mahesh | Y13: =ROUND(M13,0) -> 4510 | Z13: =ROUND(N13,2) -> 3.7 | AA13: =ROUND(O13,2) -> 8.34 | AD13: 2005 | AE13: Baski2
A14: 80120 | B14: 1023 | C14: Single | D14: 46205 | F14: 2004 | G14: =VLOOKUP(F14,$AD$9:$AE$17,2,0) -> Chorya | H14: 2195 | I14: 3.35 | J14: 7.85 | K14: =H14*I14% -> 73.5325 | L14: =H14*J14% -> 172.3075 | M14: =$R$14*H14/SUM($H$14:$H$16) -> 2195 | N14: =P14/M14*100 -> 3.3570069 | O14: =Q14/M14*100 -> 7.9007021 | P14: =$U$14*K14/SUM($K$14:$K$16) -> 73.6863 | Q14: =$V$14*L14/SUM($L$14:$L$16) -> 173.42041 | R14: 8630 | S14: 3.9 | T14: 8.37 | U14: =R14*S14% -> 336.57 | V14: =R14*T14% -> 722.331 | W14: Deepak | Y14: =ROUND(M14,0) -> 2195 | Z14: =ROUND(N14,2) -> 3.36 | AA14: =ROUND(O14,2) -> 7.9 | AD14: 2006 | AE14: Ormanjhi
A15: 80120 | B15: 1023 | C15: Single | D15: 46205 | F15: 2002 | G15: =VLOOKUP(F15,$AD$9:$AE$17,2,0) -> Pali | H15: 5290 | I15: 4.05 | J15: 8.47 | K15: =H15*I15% -> 214.245 | L15: =H15*J15% -> 448.063 | M15: =$R$14*H15/SUM($H$14:$H$16) -> 5290 | N15: =P15/M15*100 -> 4.058471 | O15: =Q15/M15*100 -> 8.5247066 | P15: =$U$14*K15/SUM($K$14:$K$16) -> 214.69311 | Q15: =$V$14*L15/SUM($L$14:$L$16) -> 450.95698 | Y15: =ROUND(M15,0) -> 5290 | Z15: =ROUND(N15,2) -> 4.06 | AA15: =ROUND(O15,2) -> 8.52 | AD15: 2007 | AE15: Piragutu
A16: 80120 | B16: 1023 | C16: Single | D16: 46205 | F16: 2006 | G16: =VLOOKUP(F16,$AD$9:$AE$17,2,0) -> Ormanjhi | H16: 1145 | I16: 4.2 | J16: 8.5 | K16: =H16*I16% -> 48.09 | L16: =H16*J16% -> 97.325 | M16: =$R$14*H16/SUM($H$14:$H$16) -> 1145 | N16: =P16/M16*100 -> 4.2087847 | O16: =Q16/M16*100 -> 8.5549004 | P16: =$U$14*K16/SUM($K$14:$K$16) -> 48.190585 | Q16: =$V$14*L16/SUM($L$14:$L$16) -> 97.953609 | Y16: =ROUND(M16,0) -> 1145 | Z16: =ROUND(N16,2) -> 4.21 | AA16: =ROUND(O16,2) -> 8.55 | AD16: 2008 | AE16: Bhandra
G17: =VLOOKUP(F17,$AD$9:$AE$17,2,0) -> #N/A | K17: =H17*I17% -> 0 | L17: =H17*J17% -> 0 | M17: =$R$16*H17/SUM($H$16:$H$17) -> 0 | N17: =P17/M17*100 -> #DIV/0! | O17: =Q17/M17*100 -> #DIV/0! | P17: =$U$16*K17/SUM($K$16:$K$17) -> 0 | Q17: =$V$16*L17/SUM($L$16:$L$17) -> 0 | Y17: =ROUND(M17,0) -> 0 | Z17: =ROUND(N17,2) -> #DIV/0! | AA17: =ROUND(O17,2) -> #DIV/0! | AD17: 2009 | AE17: Chanho
G18: =VLOOKUP(F18,$AD$9:$AE$17,2,0) -> #N/A | K18: =H18*I18% -> 0 | L18: =H18*J18% -> 0 | M18: =$R$4*H18/SUM($H$4:$H$7) -> 0 | N18: =P18/M18*100 -> #DIV/0! | O18: =Q18/M18*100 -> #DIV/0! | P18: =$U$4*K18/SUM($K$4:$K$7) -> 0 | Q18: =$V$4*L18/SUM($L$4:$L$7) -> 0 | Y18: =ROUND(M18,0) -> 0 | Z18: =ROUND(N18,2) -> #DIV/0! | AA18: =ROUND(O18,2) -> #DIV/0!
G19: =VLOOKUP(F19,$AD$9:$AE$17,2,0) -> #N/A | K19: =H19*I19% -> 0 | L19: =H19*J19% -> 0 | M19: =$R$4*H19/SUM($H$4:$H$7) -> 0 | N19: =P19/M19*100 -> #DIV/0! | O19: =Q19/M19*100 -> #DIV/0! | P19: =$U$4*K19/SUM($K$4:$K$7) -> 0 | Q19: =$V$4*L19/SUM($L$4:$L$7) -> 0 | Y19: =ROUND(M19,0) -> 0 | Z19: =ROUND(N19,2) -> #DIV/0! | AA19: =ROUND(O19,2) -> #DIV/0!
G20: =VLOOKUP(F20,$AD$9:$AE$17,2,0) -> #N/A | K20: =H20*I20% -> 0 | L20: =H20*J20% -> 0 | M20: =$R$4*H20/SUM($H$4:$H$7) -> 0 | N20: =P20/M20*100 -> #DIV/0! | O20: =Q20/M20*100 -> #DIV/0! | P20: =$U$4*K20/SUM($K$4:$K$7) -> 0 | Q20: =$V$4*L20/SUM($L$4:$L$7) -> 0 | Y20: =ROUND(M20,0) -> 0 | Z20: =ROUND(N20,2) -> #DIV/0! | AA20: =ROUND(O20,2) -> #DIV/0!
G21: =VLOOKUP(F21,$AD$9:$AE$17,2,0) -> #N/A | K21: =H21*I21% -> 0 | L21: =H21*J21% -> 0 | M21: =$R$4*H21/SUM($H$4:$H$7) -> 0 | N21: =P21/M21*100 -> #DIV/0! | O21: =Q21/M21*100 -> #DIV/0! | P21: =$U$4*K21/SUM($K$4:$K$7) -> 0 | Q21: =$V$4*L21/SUM($L$4:$L$7) -> 0 | Y21: =ROUND(M21,0) -> 0 | Z21: =ROUND(N21,2) -> #DIV/0! | AA21: =ROUND(O21,2) -> #DIV/0!
G22: =VLOOKUP(F22,$AD$9:$AE$17,2,0) -> #N/A | K22: =H22*I22% -> 0 | L22: =H22*J22% -> 0 | M22: =$R$4*H22/SUM($H$4:$H$7) -> 0 | N22: =P22/M22*100 -> #DIV/0! | O22: =Q22/M22*100 -> #DIV/0! | P22: =$U$4*K22/SUM($K$4:$K$7) -> 0 | Q22: =$V$4*L22/SUM($L$4:$L$7) -> 0 | Y22: =ROUND(M22,0) -> 0 | Z22: =ROUND(N22,2) -> #DIV/0! | AA22: =ROUND(O22,2) -> #DIV/0!
G23: =VLOOKUP(F23,$AD$9:$AE$17,2,0) -> #N/A | K23: =H23*I23% -> 0 | L23: =H23*J23% -> 0 | M23: =$R$4*H23/SUM($H$4:$H$7) -> 0 | N23: =P23/M23*100 -> #DIV/0! | O23: =Q23/M23*100 -> #DIV/0! | P23: =$U$4*K23/SUM($K$4:$K$7) -> 0 | Q23: =$V$4*L23/SUM($L$4:$L$7) -> 0 | Y23: =ROUND(M23,0) -> 0 | Z23: =ROUND(N23,2) -> #DIV/0! | AA23: =ROUND(O23,2) -> #DIV/0!
G24: =VLOOKUP(F24,$AD$9:$AE$17,2,0) -> #N/A | K24: =H24*I24% -> 0 | L24: =H24*J24% -> 0 | M24: =$R$4*H24/SUM($H$4:$H$7) -> 0 | N24: =P24/M24*100 -> #DIV/0! | O24: =Q24/M24*100 -> #DIV/0! | P24: =$U$4*K24/SUM($K$4:$K$7) -> 0 | Q24: =$V$4*L24/SUM($L$4:$L$7) -> 0 | Y24: =ROUND(M24,0) -> 0 | Z24: =ROUND(N24,2) -> #DIV/0! | AA24: =ROUND(O24,2) -> #DIV/0!
G25: =VLOOKUP(F25,$AD$9:$AE$17,2,0) -> #N/A | K25: =H25*I25% -> 0 | L25: =H25*J25% -> 0 | M25: =$R$4*H25/SUM($H$4:$H$7) -> 0 | N25: =P25/M25*100 -> #DIV/0! | O25: =Q25/M25*100 -> #DIV/0! | P25: =$U$4*K25/SUM($K$4:$K$7) -> 0 | Q25: =$V$4*L25/SUM($L$4:$L$7) -> 0 | Y25: =ROUND(M25,0) -> 0 | Z25: =ROUND(N25,2) -> #DIV/0! | AA25: =ROUND(O25,2) -> #DIV/0!
G26: =VLOOKUP(F26,$AD$9:$AE$17,2,0) -> #N/A | K26: =H26*I26% -> 0 | L26: =H26*J26% -> 0 | M26: =$R$4*H26/SUM($H$4:$H$7) -> 0 | N26: =P26/M26*100 -> #DIV/0! | O26: =Q26/M26*100 -> #DIV/0! | P26: =$U$4*K26/SUM($K$4:$K$7) -> 0 | Q26: =$V$4*L26/SUM($L$4:$L$7) -> 0 | Y26: =ROUND(M26,0) -> 0 | Z26: =ROUND(N26,2) -> #DIV/0! | AA26: =ROUND(O26,2) -> #DIV/0!
G27: =VLOOKUP(F27,$AD$9:$AE$17,2,0) -> #N/A | K27: =H27*I27% -> 0 | L27: =H27*J27% -> 0 | M27: =$R$4*H27/SUM($H$4:$H$7) -> 0 | N27: =P27/M27*100 -> #DIV/0! | O27: =Q27/M27*100 -> #DIV/0! | P27: =$U$4*K27/SUM($K$4:$K$7) -> 0 | Q27: =$V$4*L27/SUM($L$4:$L$7) -> 0 | Y27: =ROUND(M27,0) -> 0 | Z27: =ROUND(N27,2) -> #DIV/0! | AA27: =ROUND(O27,2) -> #DIV/0!
G28: =VLOOKUP(F28,$AD$9:$AE$17,2,0) -> #N/A | K28: =H28*I28% -> 0 | L28: =H28*J28% -> 0 | M28: =$R$4*H28/SUM($H$4:$H$7) -> 0 | N28: =P28/M28*100 -> #DIV/0! | O28: =Q28/M28*100 -> #DIV/0! | P28: =$U$4*K28/SUM($K$4:$K$7) -> 0 | Q28: =$V$4*L28/SUM($L$4:$L$7) -> 0 | Y28: =ROUND(M28,0) -> 0 | Z28: =ROUND(N28,2) -> #DIV/0! | AA28: =ROUND(O28,2) -> #DIV/0!
G29: =VLOOKUP(F29,$AD$9:$AE$17,2,0) -> #N/A | K29: =H29*I29% -> 0 | L29: =H29*J29% -> 0 | M29: =$R$4*H29/SUM($H$4:$H$7) -> 0 | N29: =P29/M29*100 -> #DIV/0! | O29: =Q29/M29*100 -> #DIV/0! | P29: =$U$4*K29/SUM($K$4:$K$7) -> 0 | Q29: =$V$4*L29/SUM($L$4:$L$7) -> 0 | Y29: =ROUND(M29,0) -> 0 | Z29: =ROUND(N29,2) -> #DIV/0! | AA29: =ROUND(O29,2) -> #DIV/0!
... G122: =VLOOKUP(F122,$AD$9:$AE$17,2,0) -> #N/A | K122: =H122*I122% -> 0 | L122: =H122*J122% -> 0 | M122: =$R$4*H122/SUM($H$4:$H$7) -> 0 | N122: =P122/M122*100 -> #DIV/0! | O122: =Q122/M122*100 -> #DIV/0! | P122: =$U$4*K122/SUM($K$4:$K$7) -> 0 | Q122: =$V$4*L122/SUM($L$4:$L$7) -> 0 | Y122: =ROUND(M122,0) -> 0 | Z122: =ROUND(N122,2) -> #DIV/0! | AA122: =ROUND(O122,2) -> #DIV/0!

Sheet Nov 25
H2: RMC wise Dispatch | M2: RMC wise Receipt | R2: Tanker Receipt at Plant | X2: Round Off
A3: Challan No | B3: Tanker No. | C3: Chamber | D3: Date | E3: Type | F3: RMC Code | G3: RMC Name | H3: Vol-Kg | I3: FAT% | J3: SNF% | K3: FAT Kg | L3: SNF Kg | M3: Vol-Kg | N3: FAT% | O3: SNF% | P3: FAT Kg | Q3: SNF Kg | R3: Vol-Kg | S3: FAT% | T3: SNF% | U3: FAT Kg | V3: SNF Kg | X3: Vol | Y3: Fat% | Z3: Snf%
A4: 72438 | B4: 9944 | C4: Single | D4: 45962 | F4: 2009 | G4: =VLOOKUP(F4,$AC$11:$AD$19,2,0) -> Chanho | H4: 2890 | I4: 4.15 | J4: 8.3 | K4: =H4*I4% -> 119.935 | L4: =H4*J4% -> 239.87 | M4: =$R$4*H4/SUM($H$4:$H$5) -> 2918.7849 | N4: =P4/M4*100 -> 4.1713242 | O4: =Q4/M4*100 -> 8.338686 | P4: =$U$4*K4/SUM($K$4:$K$5) -> 121.75198 | Q4: =$V$4*L4/SUM($L$4:$L$5) -> 243.3883 | R4: 5070 | S4: 4.15 | T4: 8.36 | U4: =R4*S4% -> 210.405 | V4: =R4*T4% -> 423.852 | X4: =ROUND(M4,0) -> 2919 | Y4: =ROUND(N4,2) -> 4.17 | Z4: =ROUND(O4,2) -> 8.34
A5: 72438 | B5: 9944 | C5: Single | D5: 45962 | F5: 2006 | G5: =VLOOKUP(F5,$AC$11:$AD$19,2,0) -> Ormanjhi | H5: 2130 | I5: 4.1 | J5: 8.35 | K5: =H5*I5% -> 87.33 | L5: =H5*J5% -> 177.855 | M5: =$R$4*H5/SUM($H$4:$H$5) -> 2151.2151 | N5: =P5/M5*100 -> 4.1210672 | O5: =Q5/M5*100 -> 8.388919 | P5: =$U$4*K5/SUM($K$4:$K$5) -> 88.653022 | Q5: =$V$4*L5/SUM($L$4:$L$5) -> 180.4637 | X5: =ROUND(M5,0) -> 2151 | Y5: =ROUND(N5,2) -> 4.12 | Z5: =ROUND(O5,2) -> 8.39
A6: 72230 | B6: 1023 | C6: Rear | D6: 45962 | F6: 2003 | G6: =VLOOKUP(F6,$AC$11:$AD$19,2,0) -> Hisri | H6: 1064 | I6: 4.1 | J6: 8.23 | K6: =H6*I6% -> 43.624 | L6: =H6*J6% -> 87.5672 | M6: =$R$6*H6/SUM($H$6:$H$7) -> 1057.1521 | N6: =P6/M6*100 -> 3.8393099 | O6: =Q6/M6*100 -> 8.0759971 | P6: =$U$6*K6/SUM($K$6:$K$7) -> 40.587344 | Q6: =$V$6*L6/SUM($L$6:$L$7) -> 85.375569 | R6: 2470 | S6: 4 | T6: 8.25 | U6: =R6*S6% -> 98.8 | V6: =R6*T6% -> 203.775 | X6: =ROUND(M6,0) -> 1057 | Y6: =ROUND(N6,2) -> 3.84 | Z6: =ROUND(O6,2) -> 8.08
A7: 72230 | B7: 1023 | C7: Rear | D7: 45962 | F7: 2007 | G7: =VLOOKUP(F7,$AC$11:$AD$19,2,0) -> Piragutu | H7: 1422 | I7: 4.4 | J7: 8.54 | K7: =H7*I7% -> 62.568 | L7: =H7*J7% -> 121.4388 | M7: =$R$6*H7/SUM($H$6:$H$7) -> 1412.8479 | N7: =P7/M7*100 -> 4.120235 | O7: =Q7/M7*100 -> 8.3801963 | P7: =$U$6*K7/SUM($K$6:$K$7) -> 58.212656 | Q7: =$V$6*L7/SUM($L$6:$L$7) -> 118.39943 | X7: =ROUND(M7,0) -> 1413 | Y7: =ROUND(N7,2) -> 4.12 | Z7: =ROUND(O7,2) -> 8.38
A8: 72230 | B8: 1023 | C8: Front | D8: 45962 | F8: 2002 | G8: =VLOOKUP(F8,$AC$11:$AD$19,2,0) -> Pali | H8: 3190 | I8: 4.1 | J8: 8.35 | K8: =H8*I8% -> 130.79 | L8: =H8*J8% -> 266.365 | M8: =$R$8*H8/SUM($H$8) -> 3090 | N8: =P8/M8*100 -> 4.2 | O8: =Q8/M8*100 -> 8.21 | P8: =$U$8*K8/SUM($K$8) -> 129.78 | Q8: =$V$8*L8/SUM($L$8) -> 253.689 | R8: 3090 | S8: 4.2 | T8: 8.21 | U8: =R8*S8% -> 129.78 | V8: =R8*T8% -> 253.689 | X8: =ROUND(M8,0) -> 3090 | Y8: =ROUND(N8,2) -> 4.2 | Z8: =ROUND(O8,2) -> 8.21
A9: 72190 | B9: 1023 | C9: Rear | D9: 45963 | F9: 2004 | G9: =VLOOKUP(F9,$AC$11:$AD$19,2,0) -> Chorya | H9: 1526 | I9: 3.45 | J9: 8.03 | K9: =H9*I9% -> 52.647 | L9: =H9*J9% -> 122.5378 | M9: =$R$9*H9/SUM($H$9:$H$10) -> 1542.9026 | N9: =P9/M9*100 -> 3.4334739 | O9: =Q9/M9*100 -> 8.0482752 | P9: =$U$9*K9/SUM($K$9:$K$10) -> 52.975158 | Q9: =$V$9*L9/SUM($L$9:$L$10) -> 124.17705 | R9: 3560 | S9: 3.8 | T9: 8.23 | U9: =R9*S9% -> 135.28 | V9: =R9*T9% -> 292.988 | X9: =ROUND(M9,0) -> 1543 | Y9: =ROUND(N9,2) -> 3.43 | Z9: =ROUND(O9,2) -> 8.05
A10: 72190 | B10: 1023 | C10: Rear | D10: 45963 | F10: 2006 | G10: =VLOOKUP(F10,$AC$11:$AD$19,2,0) -> Ormanjhi | H10: 1995 | I10: 4.1 | J10: 8.35 | K10: =H10*I10% -> 81.795 | L10: =H10*J10% -> 166.5825 | M10: =$R$9*H10/SUM($H$9:$H$10) -> 2017.0974 | N10: =P10/M10*100 -> 4.0803603 | O10: =Q10/M10*100 -> 8.3690035 | P10: =$U$9*K10/SUM($K$9:$K$10) -> 82.304842 | Q10: =$V$9*L10/SUM($L$9:$L$10) -> 168.81095 | X10: =ROUND(M10,0) -> 2017 | Y10: =ROUND(N10,2) -> 4.08 | Z10: =ROUND(O10,2) -> 8.37
A11: 72190 | B11: 1023 | C11: Front | D11: 45963 | F11: 2002 | G11: =VLOOKUP(F11,$AC$11:$AD$19,2,0) -> Pali | H11: 3170 | I11: 4.2 | J11: 8.37 | K11: =H11*I11% -> 133.14 | L11: =H11*J11% -> 265.329 | M11: =$R$11*H11/SUM($H$11) -> 3080 | N11: =P11/M11*100 -> 4.15 | O11: =Q11/M11*100 -> 8.11 | P11: =$U$11*K11/SUM($K$11) -> 127.82 | Q11: =$V$11*L11/SUM($L$11) -> 249.788 | R11: 3080 | S11: 4.15 | T11: 8.11 | U11: =R11*S11% -> 127.82 | V11: =R11*T11% -> 249.788 | X11: =ROUND(M11,0) -> 3080 | Y11: =ROUND(N11,2) -> 4.15 | Z11: =ROUND(O11,2) -> 8.11 | AC11: 2001 | AD11: Itki
A12: 72333 | B12: 1846 | C12: Single | D12: 45963 | F12: 2009 | G12: =VLOOKUP(F12,$AC$11:$AD$19,2,0) -> Chanho | H12: 1691 | I12: 4.35 | J12: 8.46 | K12: =H12*I12% -> 73.5585 | L12: =H12*J12% -> 143.0586 | M12: =$R$12*H12/SUM($H$12:$H$14) -> 1691.3879 | N12: =P12/M12*100 -> 4.3461364 | O12: =Q12/M12*100 -> 8.4034918 | P12: =$U$12*K12/SUM($K$12:$K$14) -> 73.510027 | Q12: =$V$12*L12/SUM($L$12:$L$14) -> 142.13565 | R12: 4360 | S12: 4.4 | T12: 8.41 | U12: =R12*S12% -> 191.84 | V12: =R12*T12% -> 366.676 | X12: =ROUND(M12,0) -> 1691 | Y12: =ROUND(N12,2) -> 4.35 | Z12: =ROUND(O12,2) -> 8.4 | AC12: 2002 | AD12: Pali
A13: 72333 | B13: 1846 | C13: Single | D13: 45963 | F13: 2007 | G13: =VLOOKUP(F13,$AC$11:$AD$19,2,0) -> Piragutu | H13: 1588 | I13: 4.6 | J13: 8.58 | K13: =H13*I13% -> 73.048 | L13: =H13*J13% -> 136.2504 | M13: =$R$12*H13/SUM($H$12:$H$14) -> 1588.3643 | N13: =P13/M13*100 -> 4.5959144 | O13: =Q13/M13*100 -> 8.5226903 | P13: =$U$12*K13/SUM($K$12:$K$14) -> 72.999864 | Q13: =$V$12*L13/SUM($L$12:$L$14) -> 135.37137 | X13: =ROUND(M13,0) -> 1588 | Y13: =ROUND(N13,2) -> 4.6 | Z13: =ROUND(O13,2) -> 8.52 | AC13: 2003 | AD13: Hisri
A14: 72333 | B14: 1846 | C14: Single | D14: 45963 | F14: 2003 | G14: =VLOOKUP(F14,$AC$11:$AD$19,2,0) -> Hisri | H14: 1080 | I14: 4.2 | J14: 8.31 | K14: =H14*I14% -> 45.36 | L14: =H14*J14% -> 89.748 | M14: =$R$12*H14/SUM($H$12:$H$14) -> 1080.2478 | N14: =P14/M14*100 -> 4.1962697 | O14: =Q14/M14*100 -> 8.2544937 | P14: =$U$12*K14/SUM($K$12:$K$14) -> 45.330109 | Q14: =$V$12*L14/SUM($L$12:$L$14) -> 89.168984 | X14: =ROUND(M14,0) -> 1080 | Y14: =ROUND(N14,2) -> 4.2 | Z14: =ROUND(O14,2) -> 8.25 | AC14: 2004 | AD14: Chorya
A15: 72192 | B15: 1846 | C15: Single | D15: 45965 | F15: 2007 | G15: =VLOOKUP(F15,$AC$11:$AD$19,2,0) -> Piragutu | H15: 1333.7 | I15: 4.5 | J15: 8.62 | K15: =H15*I15% -> 60.0165 | L15: =H15*J15% -> 114.96494 | M15: =$R$15*H15/SUM($H$15:$H$16) -> 1371.1293 | N15: =P15/M15*100 -> 4.5010093 | O15: =Q15/M15*100 -> 8.5378652 | P15: =$U$15*K15/SUM($K$15:$K$16) -> 61.714656 | Q15: =$V$15*L15/SUM($L$15:$L$16) -> 117.06517 | R15: 3220 | S15: 4.3 | T15: 8.39 | U15: =R15*S15% -> 138.46 | V15: =R15*T15% -> 270.158 | X15: =ROUND(M15,0) -> 1371 | Y15: =ROUND(N15,2) -> 4.5 | Z15: =ROUND(O15,2) -> 8.54 | AC15: 2005 | AD15: Baski2
A16: 72192 | B16: 1846 | C16: Single | D16: 45965 | F16: 2006 | G16: =VLOOKUP(F16,$AC$11:$AD$19,2,0) -> Ormanjhi | H16: 1798.4 | I16: 4.15 | J16: 8.36 | K16: =H16*I16% -> 74.6336 | L16: =H16*J16% -> 150.34624 | M16: =$R$15*H16/SUM($H$15:$H$16) -> 1848.8707 | N16: =P16/M16*100 -> 4.1509308 | O16: =Q16/M16*100 -> 8.2803426 | P16: =$U$15*K16/SUM($K$15:$K$16) -> 76.745344 | Q16: =$V$15*L16/SUM($L$15:$L$16) -> 153.09283 | X16: =ROUND(M16,0) -> 1849 | Y16: =ROUND(N16,2) -> 4.15 | Z16: =ROUND(O16,2) -> 8.28 | AC16: 2006 | AD16: Ormanjhi
A17: 72351 | B17: 9944 | C17: Single | D17: 45964 | F17: 2003 | G17: =VLOOKUP(F17,$AC$11:$AD$19,2,0) -> Hisri | H17: 1091 | I17: 4.15 | J17: 8.24 | K17: =H17*I17% -> 45.2765 | L17: =H17*J17% -> 89.8984 | M17: =$R$17*H17/SUM($H$17:$H$19) -> 1086.947 | N17: =P17/M17*100 -> 4.1393837 | O17: =Q17/M17*100 -> 8.1867713 | P17: =$U$17*K17/SUM($K$17:$K$19) -> 44.992906 | Q17: =$V$17*L17/SUM($L$17:$L$19) -> 88.985863 | R17: 5900 | S17: 4.25 | T17: 8.32 | U17: =R17*S17% -> 250.75 | V17: =R17*T17% -> 490.88 | X17: =ROUND(M17,0) -> 1087 | Y17: =ROUND(N17,2) -> 4.14 | Z17: =ROUND(O17,2) -> 8.19 | AC17: 2007 | AD17: Piragutu
A18: 72351 | B18: 9944 | C18: Single | D18: 45964 | F18: 2007 | G18: =VLOOKUP(F18,$AC$11:$AD$19,2,0) -> Piragutu | H18: 1384 | I18: 4.5 | J18: 8.49 | K18: =H18*I18% -> 62.28 | L18: =H18*J18% -> 117.5016 | M18: =$R$17*H18/SUM($H$17:$H$19) -> 1378.8585 | N18: =P18/M18*100 -> 4.4884883 | O18: =Q18/M18*100 -> 8.4351564 | P18: =$U$17*K18/SUM($K$17:$K$19) -> 61.889902 | Q18: =$V$17*L18/SUM($L$17:$L$19) -> 116.30887 | X18: =ROUND(M18,0) -> 1379 | Y18: =ROUND(N18,2) -> 4.49 | Z18: =ROUND(O18,2) -> 8.44 | AC18: 2008 | AD18: Bhandra
A19: 72351 | B19: 9944 | C19: Single | D19: 45964 | F19: 2002 | G19: =VLOOKUP(F19,$AC$11:$AD$19,2,0) -> Pali | H19: 3447 | I19: 4.2 | J19: 8.37 | K19: =H19*I19% -> 144.774 | L19: =H19*J19% -> 288.5139 | M19: =$R$17*H19/SUM($H$17:$H$19) -> 3434.1945 | N19: =P19/M19*100 -> 4.1892558 | O19: =Q19/M19*100 -> 8.3159316 | P19: =$U$17*K19/SUM($K$17:$K$19) -> 143.86719 | Q19: =$V$17*L19/SUM($L$17:$L$19) -> 285.58527 | X19: =ROUND(M19,0) -> 3434 | Y19: =ROUND(N19,2) -> 4.19 | Z19: =ROUND(O19,2) -> 8.32 | AC19: 2009 | AD19: Chanho
A20: 72353 | B20: 9944 | C20: Single | D20: 45967 | F20: 2003 | G20: =VLOOKUP(F20,$AC$11:$AD$19,2,0) -> Hisri | H20: 1281 | I20: 4.2 | J20: 8.25 | K20: =H20*I20% -> 53.802 | L20: =H20*J20% -> 105.6825 | M20: =$R$20*H20/SUM($H$20:$H$22) -> 1299.8382 | N20: =P20/M20*100 -> 4.1891261 | O20: =Q20/M20*100 -> 8.1256515 | P20: =$U$20*K20/SUM($K$20:$K$22) -> 54.451863 | Q20: =$V$20*L20/SUM($L$20:$L$22) -> 105.62033 | R20: 4140 | S20: 4.25 | T20: 8.26 | U20: =R20*S20% -> 175.95 | V20: =R20*T20% -> 341.964 | X20: =ROUND(M20,0) -> 1300 | Y20: =ROUND(N20,2) -> 4.19 | Z20: =ROUND(O20,2) -> 8.13
A21: 72353 | B21: 9944 | C21: Single | D21: 45967 | F21: 2007 | G21: =VLOOKUP(F21,$AC$11:$AD$19,2,0) -> Piragutu | H21: 1345 | I21: 4.45 | J21: 8.48 | K21: =H21*I21% -> 59.8525 | L21: =H21*J21% -> 114.056 | M21: =$R$20*H21/SUM($H$20:$H$22) -> 1364.7794 | N21: =P21/M21*100 -> 4.4384789 | O21: =Q21/M21*100 -> 8.3521849 | P21: =$U$20*K21/SUM($K$20:$K$22) -> 60.575446 | Q21: =$V$20*L21/SUM($L$20:$L$22) -> 113.9889 | X21: =ROUND(M21,0) -> 1365 | Y21: =ROUND(N21,2) -> 4.44 | Z21: =ROUND(O21,2) -> 8.35
A22: 72353 | B22: 9944 | C22: Single | D22: 45967 | F22: 2006 | G22: =VLOOKUP(F22,$AC$11:$AD$19,2,0) -> Ormanjhi | H22: 1454 | I22: 4.14 | J22: 8.42 | K22: =H22*I22% -> 60.1956 | L22: =H22*J22% -> 122.4268 | M22: =$R$20*H22/SUM($H$20:$H$22) -> 1475.3824 | N22: =P22/M22*100 -> 4.1292815 | O22: =Q22/M22*100 -> 8.2930892 | P22: =$U$20*K22/SUM($K$20:$K$22) -> 60.92269 | Q22: =$V$20*L22/SUM($L$20:$L$22) -> 122.35477 | X22: =ROUND(M22,0) -> 1475 | Y22: =ROUND(N22,2) -> 4.13 | Z22: =ROUND(O22,2) -> 8.29
A23: 72335 | B23: 1023 | C23: Front | D23: 45965 | F23: 2009 | G23: =VLOOKUP(F23,$AC$11:$AD$19,2,0) -> Chanho | H23: 2293 | I23: 4.3 | J23: 8.27 | K23: =H23*I23% -> 98.599 | L23: =H23*J23% -> 189.6311 | M23: =$R$23*H23/SUM($H$23:$H$24) -> 2288.9368 | N23: =P23/M23*100 -> 4.25 | O23: =Q23/M23*100 -> 8.07 | P23: =$U$23*K23/SUM($K$23:$K$24) -> 97.279814 | Q23: =$V$23*L23/SUM($L$23:$L$24) -> 184.7172 | R23: 3380 | S23: 4.25 | T23: 8.07 | U23: =R23*S23% -> 143.65 | V23: =R23*T23% -> 272.766 | X23: =ROUND(M23,0) -> 2289 | Y23: =ROUND(N23,2) -> 4.25 | Z23: =ROUND(O23,2) -> 8.07
A24: 72335 | B24: 1023 | C24: Front | D24: 45965 | F24: 2003 | G24: =VLOOKUP(F24,$AC$11:$AD$19,2,0) -> Hisri | H24: 1093 | I24: 4.3 | J24: 8.27 | K24: =H24*I24% -> 46.999 | L24: =H24*J24% -> 90.3911 | M24: =$R$23*H24/SUM($H$23:$H$24) -> 1091.0632 | N24: =P24/M24*100 -> 4.25 | O24: =Q24/M24*100 -> 8.07 | P24: =$U$23*K24/SUM($K$23:$K$24) -> 46.370186 | Q24: =$V$23*L24/SUM($L$23:$L$24) -> 88.0488 | X24: =ROUND(M24,0) -> 1091 | Y24: =ROUND(N24,2) -> 4.25 | Z24: =ROUND(O24,2) -> 8.07
A25: 72336 | B25: 1846 | C25: Single | D25: 45966 | F25: 2009 | G25: =VLOOKUP(F25,$AC$11:$AD$19,2,0) -> Chanho | H25: 1993 | I25: 4.35 | J25: 8.4 | K25: =H25*I25% -> 86.6955 | L25: =H25*J25% -> 167.412 | M25: =$R$25*H25/SUM($H$25:$H$27) -> 2019.5621 | N25: =P25/M25*100 -> 4.2581499 | O25: =Q25/M25*100 -> 8.1693645 | P25: =$U$25*K25/SUM($K$25:$K$27) -> 85.995981 | Q25: =$V$25*L25/SUM($L$25:$L$27) -> 164.98539 | R25: 4790 | S25: 4.1 | T25: 8.04 | U25: =R25*S25% -> 196.39 | V25: =R25*T25% -> 385.116 | X25: =ROUND(M25,0) -> 2020 | Y25: =ROUND(N25,2) -> 4.26 | Z25: =ROUND(O25,2) -> 8.17
A26: 72336 | B26: 1846 | C26: Single | D26: 45966 | F26: 2004 | G26: =VLOOKUP(F26,$AC$11:$AD$19,2,0) -> Chorya | H26: 1229 | I26: 3.3 | J26: 7.57 | K26: =H26*I26% -> 40.557 | L26: =H26*J26% -> 93.0353 | M26: =$R$25*H26/SUM($H$25:$H$27) -> 1245.3797 | N26: =P26/M26*100 -> 3.2303206 | O26: =Q26/M26*100 -> 7.3621535 | P26: =$U$25*K26/SUM($K$25:$K$27) -> 40.229758 | Q26: =$V$25*L26/SUM($L$25:$L$27) -> 91.686768 | X26: =ROUND(M26,0) -> 1245 | Y26: =ROUND(N26,2) -> 3.23 | Z26: =ROUND(O26,2) -> 7.36
A27: 72336 | B27: 1846 | C27: Single | D27: 45966 | F27: 2007 | G27: =VLOOKUP(F27,$AC$11:$AD$19,2,0) -> Piragutu | H27: 1505 | I27: 4.7 | J27: 8.66 | K27: =H27*I27% -> 70.735 | L27: =H27*J27% -> 130.333 | M27: =$R$25*H27/SUM($H$25:$H$27) -> 1525.0582 | N27: =P27/M27*100 -> 4.6007596 | O27: =Q27/M27*100 -> 8.4222258 | P27: =$U$25*K27/SUM($K$25:$K$27) -> 70.164261 | Q27: =$V$25*L27/SUM($L$25:$L$27) -> 128.44384 | X27: =ROUND(M27,0) -> 1525 | Y27: =ROUND(N27,2) -> 4.6 | Z27: =ROUND(O27,2) -> 8.42
A28: 72193 | B28: 1023 | C28: Single | D28: 45966 | F28: 2003 | G28: =VLOOKUP(F28,$AC$11:$AD$19,2,0) -> Hisri | H28: 1116 | I28: 4.15 | J28: 8.24 | K28: =H28*I28% -> 46.314 | L28: =H28*J28% -> 91.9584 | M28: =$R$28*H28/SUM($H$28:$H$29) -> 1113.3127 | N28: =P28/M28*100 -> 4.15 | O28: =Q28/M28*100 -> 8.2489813 | P28: =$U$28*K28/SUM($K$28:$K$29) -> 46.202477 | Q28: =$V$28*L28/SUM($L$28:$L$29) -> 91.836956 | R28: 2900 | S28: 4.15 | T28: 8.36 | U28: =R28*S28% -> 120.35 | V28: =R28*T28% -> 242.44 | X28: =ROUND(M28,0) -> 1113 | Y28: =ROUND(N28,2) -> 4.15 | Z28: =ROUND(O28,2) -> 8.25
A29: 72193 | B29: 1023 | C29: Single | D29: 45966 | F29: 2006 | G29: =VLOOKUP(F29,$AC$11:$AD$19,2,0) -> Ormanjhi | H29: 1791 | I29: 4.15 | J29: 8.42 | K29: =H29*I29% -> 74.3265 | L29: =H29*J29% -> 150.8022 | M29: =$R$28*H29/SUM($H$28:$H$29) -> 1786.6873 | N29: =P29/M29*100 -> 4.15 | O29: =Q29/M29*100 -> 8.4291775 | P29: =$U$28*K29/SUM($K$28:$K$29) -> 74.147523 | Q29: =$V$28*L29/SUM($L$28:$L$29) -> 150.60304 | X29: =ROUND(M29,0) -> 1787 | Y29: =ROUND(N29,2) -> 4.15 | Z29: =ROUND(O29,2) -> 8.43
A30: 72196 | B30: 1846 | C30: Single | D30: 45968 | F30: 2004 | G30: =VLOOKUP(F30,$AC$11:$AD$19,2,0) -> Chorya | H30: 931 | I30: 3.45 | J30: 8.1 | K30: =H30*I30% -> 32.1195 | L30: =H30*J30% -> 75.411 | M30: =$R$30*H30/SUM($H$30:$H$32) -> 931 | N30: =P30/M30*100 -> 3.4594678 | O30: =Q30/M30*100 -> 8.1170877 | P30: =$U$30*K30/SUM($K$30:$K$32) -> 32.207645 | Q30: =$V$30*L30/SUM($L$30:$L$32) -> 75.570086 | R30: 3580 | S30: 4.2 | T30: 8.37 | U30: =R30*S30% -> 150.36 | V30: =R30*T30% -> 299.646 | X30: =ROUND(M30,0) -> 931 | Y30: =ROUND(N30,2) -> 3.46 | Z30: =ROUND(O30,2) -> 8.12
A31: 72196 | B31: 1846 | C31: Single | D31: 45968 | F31: 2003 | G31: =VLOOKUP(F31,$AC$11:$AD$19,2,0) -> Hisri | H31: 1150 | I31: 4.25 | J31: 8.26 | K31: =H31*I31% -> 48.875 | L31: =H31*J31% -> 94.99 | M31: =$R$30*H31/SUM($H$30:$H$32) -> 1150 | N31: =P31/M31*100 -> 4.2616632 | O31: =Q31/M31*100 -> 8.2774252 | P31: =$U$30*K31/SUM($K$30:$K$32) -> 49.009126 | Q31: =$V$30*L31/SUM($L$30:$L$32) -> 95.19039 | X31: =ROUND(M31,0) -> 1150 | Y31: =ROUND(N31,2) -> 4.26 | Z31: =ROUND(O31,2) -> 8.28
A32: 72196 | B32: 1846 | C32: Single | D32: 45968 | F32: 2007 | G32: =VLOOKUP(F32,$AC$11:$AD$19,2,0) -> Piragutu | H32: 1499 | I32: 4.6 | J32: 8.58 | K32: =H32*I32% -> 68.954 | L32: =H32*J32% -> 128.6142 | M32: =$R$30*H32/SUM($H$30:$H$32) -> 1499 | N32: =P32/M32*100 -> 4.6126237 | O32: =Q32/M32*100 -> 8.5981003 | P32: =$U$30*K32/SUM($K$30:$K$32) -> 69.143229 | Q32: =$V$30*L32/SUM($L$30:$L$32) -> 128.88552 | X32: =ROUND(M32,0) -> 1499 | Y32: =ROUND(N32,2) -> 4.61 | Z32: =ROUND(O32,2) -> 8.6
A33: 72337 | B33: 1023 | C33: Rear | D33: 45968 | F33: 2009 | G33: =VLOOKUP(F33,$AC$11:$AD$19,2,0) -> Chanho | H33: 1602 | I33: 4.25 | J33: 8.51 | K33: =H33*I33% -> 68.085 | L33: =H33*J33% -> 136.3302 | M33: =$R$33*H33/SUM($H$33) -> 1620 | N33: =P33/M33*100 -> 4.2 | O33: =Q33/M33*100 -> 8.31 | P33: =$U$33*K33/SUM($K$33) -> 68.04 | Q33: =$V$33*L33/SUM($L$33) -> 134.622 | R33: 1620 | S33: 4.2 | T33: 8.31 | U33: =R33*S33% -> 68.04 | V33: =R33*T33% -> 134.622 | X33: =ROUND(M33,0) -> 1620 | Y33: =ROUND(N33,2) -> 4.2 | Z33: =ROUND(O33,2) -> 8.31
A34: 72337 | B34: 1023 | C34: Front | D34: 45968 | F34: 2002 | G34: =VLOOKUP(F34,$AC$11:$AD$19,2,0) -> Pali | H34: 4330 | I34: 4.15 | J34: 8.36 | K34: =H34*I34% -> 179.695 | L34: =H34*J34% -> 361.988 | M34: =$R$34*H34/SUM($H$34) -> 4340 | N34: =P34/M34*100 -> 4.15 | O34: =Q34/M34*100 -> 8.36 | P34: =$U$34*K34/SUM($K$34) -> 180.11 | Q34: =$V$34*L34/SUM($L$34) -> 362.824 | R34: 4340 | S34: 4.15 | T34: 8.36 | U34: =R34*S34% -> 180.11 | V34: =R34*T34% -> 362.824 | X34: =ROUND(M34,0) -> 4340 | Y34: =ROUND(N34,2) -> 4.15 | Z34: =ROUND(O34,2) -> 8.36
A35: 71474 | B35: 1023 | C35: Rear | D35: 45967 | F35: 2002 | G35: =VLOOKUP(F35,$AC$11:$AD$19,2,0) -> Pali | H35: 4330 | I35: 4.1 | J35: 8.35 | K35: =H35*I35% -> 177.53 | L35: =H35*J35% -> 361.555 | M35: =$R$35*H35/SUM($H$35) -> 4320 | N35: =P35/M35*100 -> 4.1 | O35: =Q35/M35*100 -> 8.35 | P35: =$U$35*K35/SUM($K$35) -> 177.12 | Q35: =$V$35*L35/SUM($L$35) -> 360.72 | R35: 4320 | S35: 4.1 | T35: 8.35 | U35: =R35*S35% -> 177.12 | V35: =R35*T35% -> 360.72 | X35: =ROUND(M35,0) -> 4320 | Y35: =ROUND(N35,2) -> 4.1 | Z35: =ROUND(O35,2) -> 8.35
A36: 71474 | B36: 1023 | C36: Front | D36: 45967 | F36: 2009 | G36: =VLOOKUP(F36,$AC$11:$AD$19,2,0) -> Chanho | H36: 2310 | I36: 4.2 | J36: 8.18 | K36: =H36*I36% -> 97.02 | L36: =H36*J36% -> 188.958 | M36: =$R$36*H36/SUM($H$36) -> 2330 | N36: =P36/M36*100 -> 4.15 | O36: =Q36/M36*100 -> 8.17 | P36: =$U$36*K36/SUM($K$36) -> 96.695 | Q36: =$V$36*L36/SUM($L$36) -> 190.361 | R36: 2330 | S36: 4.15 | T36: 8.17 | U36: =R36*S36% -> 96.695 | V36: =R36*T36% -> 190.361 | X36: =ROUND(M36,0) -> 2330 | Y36: =ROUND(N36,2) -> 4.15 | Z36: =ROUND(O36,2) -> 8.17
A37: 72198 | B37: 1023 | C37: Rear | D37: 45971 | F37: 2006 | G37: =VLOOKUP(F37,$AC$11:$AD$19,2,0) -> Ormanjhi | H37: 1551 | I37: 4.2 | J37: 8.43 | K37: =H37*I37% -> 65.142 | L37: =H37*J37% -> 130.7493 | M37: =$R$37*H37/SUM($H$37:$H$38) -> 1551 | N37: =P37/M37*100 -> 4.1838644 | O37: =Q37/M37*100 -> 8.4356551 | P37: =$U$37*K37/SUM($K$37:$K$38) -> 64.891737 | Q37: =$V$37*L37/SUM($L$37:$L$38) -> 130.83701 | R37: 3190 | S37: 3.8 | T37: 8.23 | U37: =R37*S37% -> 121.22 | V37: =R37*T37% -> 262.537 | X37: =ROUND(M37,0) -> 1551 | Y37: =ROUND(N37,2) -> 4.18 | Z37: =ROUND(O37,2) -> 8.44
A38: 72198 | B38: 1023 | C38: Rear | D38: 45971 | F38: 2004 | G38: =VLOOKUP(F38,$AC$11:$AD$19,2,0) -> Chorya | H38: 1639 | I38: 3.45 | J38: 8.03 | K38: =H38*I38% -> 56.5455 | L38: =H38*J38% -> 131.6117 | M38: =$R$37*H38/SUM($H$37:$H$38) -> 1639 | N38: =P38/M38*100 -> 3.4367458 | O38: =Q38/M38*100 -> 8.0353868 | P38: =$U$37*K38/SUM($K$37:$K$38) -> 56.328263 | Q38: =$V$37*L38/SUM($L$37:$L$38) -> 131.69999 | X38: =ROUND(M38,0) -> 1639 | Y38: =ROUND(N38,2) -> 3.44 | Z38: =ROUND(O38,2) -> 8.04
A39: 72198 | B39: 1023 | C39: Front | D39: 45971 | F39: 2009 | G39: =VLOOKUP(F39,$AC$11:$AD$19,2,0) -> Chanho | H39: 1624 | I39: 4.25 | J39: 8.32 | K39: =H39*I39% -> 69.02 | L39: =H39*J39% -> 135.1168 | M39: =$R$39*H39/SUM($H$39:$H$40) -> 1625.0318 | N39: =P39/M39*100 -> 4.2546075 | O39: =Q39/M39*100 -> 8.230276 | P39: =$U$39*K39/SUM($K$39:$K$40) -> 69.138723 | Q39: =$V$39*L39/SUM($L$39:$L$40) -> 133.7446 | R39: 3150 | S39: 4.4 | T39: 8.35 | U39: =R39*S39% -> 138.6 | V39: =R39*T39% -> 263.025 | X39: =ROUND(M39,0) -> 1625 | Y39: =ROUND(N39,2) -> 4.25 | Z39: =ROUND(O39,2) -> 8.23
A40: 72198 | B40: 1023 | C40: Front | D40: 45971 | F40: 2007 | G40: =VLOOKUP(F40,$AC$11:$AD$19,2,0) -> Piragutu | H40: 1524 | I40: 4.55 | J40: 8.57 | K40: =H40*I40% -> 69.342 | L40: =H40*J40% -> 130.6068 | M40: =$R$39*H40/SUM($H$39:$H$40) -> 1524.9682 | N40: =P40/M40*100 -> 4.5549327 | O40: =Q40/M40*100 -> 8.4775799 | P40: =$U$39*K40/SUM($K$39:$K$40) -> 69.461277 | Q40: =$V$39*L40/SUM($L$39:$L$40) -> 129.2804 | X40: =ROUND(M40,0) -> 1525 | Y40: =ROUND(N40,2) -> 4.55 | Z40: =ROUND(O40,2) -> 8.48
A41: 72340 | B41: 1023 | C41: Rear | D41: 45970 | F41: 2007 | G41: =VLOOKUP(F41,$AC$11:$AD$19,2,0) -> Piragutu | H41: 1430 | I41: 4.7 | J41: 8.6 | K41: =H41*I41% -> 67.21 | L41: =H41*J41% -> 122.98 | M41: =$R$41*H41/SUM($H$41:$H$42) -> 1403.3209 | N41: =P41/M41*100 -> 4.6339451 | O41: =Q41/M41*100 -> 8.5498352 | P41: =$U$41*K41/SUM($K$41:$K$42) -> 65.02912 | Q41: =$V$41*L41/SUM($L$41:$L$42) -> 119.98162 | R41: 2630 | S41: 4.45 | T41: 8.42 | U41: =R41*S41% -> 117.035 | V41: =R41*T41% -> 221.446 | X41: =ROUND(M41,0) -> 1403 | Y41: =ROUND(N41,2) -> 4.63 | Z41: =ROUND(O41,2) -> 8.55
A42: 72340 | B42: 1023 | C42: Rear | D42: 45970 | F42: 2003 | G42: =VLOOKUP(F42,$AC$11:$AD$19,2,0) -> Hisri | H42: 1250 | I42: 4.3 | J42: 8.32 | K42: =H42*I42% -> 53.75 | L42: =H42*J42% -> 104 | M42: =$R$41*H42/SUM($H$41:$H$42) -> 1226.6791 | N42: =P42/M42*100 -> 4.2395668 | O42: =Q42/M42*100 -> 8.2714685 | P42: =$U$41*K42/SUM($K$41:$K$42) -> 52.00588 | Q42: =$V$41*L42/SUM($L$41:$L$42) -> 101.46438 | X42: =ROUND(M42,0) -> 1227 | Y42: =ROUND(N42,2) -> 4.24 | Z42: =ROUND(O42,2) -> 8.27
A43: 72338 | B43: 1846 | C43: Single | D43: 45969 | F43: 2006 | G43: =VLOOKUP(F43,$AC$11:$AD$19,2,0) -> Ormanjhi | H43: 2207 | I43: 4.1 | J43: 8.35 | K43: =H43*I43% -> 90.487 | L43: =H43*J43% -> 184.2845 | M43: =$R$43*H43/SUM($H$43:$H$45) -> 2217.2403 | N43: =P43/M43*100 -> 4.1055692 | O43: =Q43/M43*100 -> 8.3346573 | P43: =$U$43*K43/SUM($K$43:$K$45) -> 91.030333 | Q43: =$V$43*L43/SUM($L$43:$L$45) -> 184.79938 | R43: 4980 | S43: 4.35 | T43: 8.4 | U43: =R43*S43% -> 216.63 | V43: =R43*T43% -> 418.32 | X43: =ROUND(M43,0) -> 2217 | Y43: =ROUND(N43,2) -> 4.11 | Z43: =ROUND(O43,2) -> 8.33
A44: 72338 | B44: 1846 | C44: Single | D44: 45969 | F44: 2003 | G44: =VLOOKUP(F44,$AC$11:$AD$19,2,0) -> Hisri | H44: 1100 | I44: 4.3 | J44: 8.27 | K44: =H44*I44% -> 47.3 | L44: =H44*J44% -> 90.97 | M44: =$R$43*H44/SUM($H$43:$H$45) -> 1105.1039 | N44: =P44/M44*100 -> 4.3058408 | O44: =Q44/M44*100 -> 8.2548043 | P44: =$U$43*K44/SUM($K$43:$K$45) -> 47.584015 | Q44: =$V$43*L44/SUM($L$43:$L$45) -> 91.224164 | X44: =ROUND(M44,0) -> 1105 | Y44: =ROUND(N44,2) -> 4.31 | Z44: =ROUND(O44,2) -> 8.25
A45: 72338 | B45: 1846 | C45: Single | D45: 45969 | F45: 2007 | G45: =VLOOKUP(F45,$AC$11:$AD$19,2,0) -> Piragutu | H45: 1650 | I45: 4.7 | J45: 8.6 | K45: =H45*I45% -> 77.55 | L45: =H45*J45% -> 141.9 | M45: =$R$43*H45/SUM($H$43:$H$45) -> 1657.6558 | N45: =P45/M45*100 -> 4.7063842 | O45: =Q45/M45*100 -> 8.5841979 | P45: =$U$43*K45/SUM($K$43:$K$45) -> 78.015652 | Q45: =$V$43*L45/SUM($L$43:$L$45) -> 142.29646 | X45: =ROUND(M45,0) -> 1658 | Y45: =ROUND(N45,2) -> 4.71 | Z45: =ROUND(O45,2) -> 8.58
A46: 72339 | B46: 9944 | C46: Single | D46: 45970 | F46: 2009 | G46: =VLOOKUP(F46,$AC$11:$AD$19,2,0) -> Chanho | H46: 2200 | I46: 4.3 | J46: 8.27 | K46: =H46*I46% -> 94.6 | L46: =H46*J46% -> 181.94 | M46: =$R$46*H46/SUM($H$46:$H$47) -> 2200 | N46: =P46/M46*100 -> 4.3167939 | O46: =Q46/M46*100 -> 8.189305 | P46: =$U$46*K46/SUM($K$46:$K$47) -> 94.969466 | Q46: =$V$46*L46/SUM($L$46:$L$47) -> 180.16471 | R46: 6500 | S46: 4.35 | T46: 8.15 | U46: =R46*S46% -> 282.75 | V46: =R46*T46% -> 529.75 | X46: =ROUND(M46,0) -> 2200 | Y46: =ROUND(N46,2) -> 4.32 | Z46: =ROUND(O46,2) -> 8.19
A47: 72339 | B47: 9944 | C47: Single | D47: 45970 | F47: 2008 | G47: =VLOOKUP(F47,$AC$11:$AD$19,2,0) -> Bhandra | H47: 4300 | I47: 4.35 | J47: 8.21 | K47: =H47*I47% -> 187.05 | L47: =H47*J47% -> 353.03 | M47: =$R$46*H47/SUM($H$46:$H$47) -> 4300 | N47: =P47/M47*100 -> 4.3669892 | O47: =Q47/M47*100 -> 8.1298905 | P47: =$U$46*K47/SUM($K$46:$K$47) -> 187.78053 | Q47: =$V$46*L47/SUM($L$46:$L$47) -> 349.58529 | X47: =ROUND(M47,0) -> 4300 | Y47: =ROUND(N47,2) -> 4.37 | Z47: =ROUND(O47,2) -> 8.13
A48: 72355 | B48: 1846 | C48: Single | D48: 45971 | F48: 2003 | G48: =VLOOKUP(F48,$AC$11:$AD$19,2,0) -> Hisri | H48: 1357 | I48: 4.2 | J48: 8.25 | K48: =H48*I48% -> 56.994 | L48: =H48*J48% -> 111.9525 | M48: =$R$48*H48/SUM($H$48:$H$49) -> 1347.6952 | N48: =P48/M48*100 -> 4.2051044 | O48: =Q48/M48*100 -> 8.0386277 | P48: =$U$48*K48/SUM($K$48:$K$49) -> 56.67199 | Q48: =$V$48*L48/SUM($L$48:$L$49) -> 108.3362 | R48: 4490 | S48: 4.1 | T48: 8.1 | U48: =R48*S48% -> 184.09 | V48: =R48*T48% -> 363.69 | X48: =ROUND(M48,0) -> 1348 | Y48: =ROUND(N48,2) -> 4.21 | Z48: =ROUND(O48,2) -> 8.04
A49: 72355 | B49: 1846 | C49: Single | D49: 45971 | F49: 2002 | G49: =VLOOKUP(F49,$AC$11:$AD$19,2,0) -> Pali | H49: 3164 | I49: 4.05 | J49: 8.34 | K49: =H49*I49% -> 128.142 | L49: =H49*J49% -> 263.8776 | M49: =$R$48*H49/SUM($H$48:$H$49) -> 3142.3048 | N49: =P49/M49*100 -> 4.0549221 | O49: =Q49/M49*100 -> 8.1263218 | P49: =$U$48*K49/SUM($K$48:$K$49) -> 127.41801 | Q49: =$V$48*L49/SUM($L$48:$L$49) -> 255.3538 | X49: =ROUND(M49,0) -> 3142 | Y49: =ROUND(N49,2) -> 4.05 | Z49: =ROUND(O49,2) -> 8.13
A50: 70148 | B50: 1023 | C50: Single | D50: 45973 | F50: 2007 | G50: =VLOOKUP(F50,$AC$11:$AD$19,2,0) -> Piragutu | H50: 1754 | I50: 4.5 | J50: 8.49 | K50: =H50*I50% -> 78.93 | L50: =H50*J50% -> 148.9146 | M50: =$R$50*H50/SUM($H$50:$H$51) -> 1754.4419 | N50: =P50/M50*100 -> 4.3423349 | O50: =Q50/M50*100 -> 8.3725532 | P50: =$U$50*K50/SUM($K$50:$K$51) -> 76.183744 | Q50: =$V$50*L50/SUM($L$50:$L$51) -> 146.89158 | R50: 3970 | S50: 4.1 | T50: 8.29 | U50: =R50*S50% -> 162.77 | V50: =R50*T50% -> 329.113 | X50: =ROUND(M50,0) -> 1754 | Y50: =ROUND(N50,2) -> 4.34 | Z50: =ROUND(O50,2) -> 8.37
A51: 70148 | B51: 1023 | C51: Single | D51: 45973 | F51: 2006 | G51: =VLOOKUP(F51,$AC$11:$AD$19,2,0) -> Ormanjhi | H51: 2215 | I51: 4.05 | J51: 8.34 | K51: =H51*I51% -> 89.7075 | L51: =H51*J51% -> 184.731 | M51: =$R$50*H51/SUM($H$50:$H$51) -> 2215.5581 | N51: =P51/M51*100 -> 3.9081014 | O51: =Q51/M51*100 -> 8.2246283 | P51: =$U$50*K51/SUM($K$50:$K$51) -> 86.586256 | Q51: =$V$50*L51/SUM($L$50:$L$51) -> 182.22142 | X51: =ROUND(M51,0) -> 2216 | Y51: =ROUND(N51,2) -> 3.91 | Z51: =ROUND(O51,2) -> 8.22
A52: 72200 | B52: 1023 | C52: Rear | D52: 45972 | F52: 2009 | G52: =VLOOKUP(F52,$AC$11:$AD$19,2,0) -> Chanho | H52: 2653 | I52: 4.25 | J52: 8.51 | K52: =H52*I52% -> 112.7525 | L52: =H52*J52% -> 225.7703 | M52: =$R$52*H52/SUM($H$52:$H$53) -> 2649.5951 | N52: 4.25 | O52: 8.51 | P52: =$U$52*K52/SUM($K$52:$K$53) -> 112.06223 | Q52: =$V$52*L52/SUM($L$52:$L$53) -> 218.28349 | R52: 4280 | S52: 4.4 | T52: 8.29 | U52: =R52*S52% -> 188.32 | V52: =R52*T52% -> 354.812 | X52: =ROUND(M52,0) -> 2650 | Y52: =ROUND(N52,2) -> 4.25 | Z52: =ROUND(O52,2) -> 8.51
A53: 72200 | B53: 1023 | C53: Rear | D53: 45972 | F53: 2007 | G53: =VLOOKUP(F53,$AC$11:$AD$19,2,0) -> Piragutu | H53: 1632.5 | I53: 4.7 | J53: 8.65 | K53: =H53*I53% -> 76.7275 | L53: =H53*J53% -> 141.21125 | M53: =$R$52*H53/SUM($H$52:$H$53) -> 1630.4049 | N53: 4.64 | O53: 7.93 | P53: =$U$52*K53/SUM($K$52:$K$53) -> 76.257773 | Q53: =$V$52*L53/SUM($L$52:$L$53) -> 136.52851 | X53: =ROUND(M53,0) -> 1630 | Y53: =ROUND(N53,2) -> 4.64 | Z53: =ROUND(O53,2) -> 7.93
A54: 72200 | B54: 1023 | C54: Front | D54: 45972 | F54: 2003 | G54: =VLOOKUP(F54,$AC$11:$AD$19,2,0) -> Hisri | H54: 1221.3 | I54: 4.25 | J54: 8.26 | K54: =H54*I54% -> 51.90525 | L54: =H54*J54% -> 100.87938 | M54: =$R$54*H54/SUM($H$54:$H$55) -> 1240.7799 | N54: =P54/M54*100 -> 4.2687296 | O54: =Q54/M54*100 -> 8.2605085 | P54: =$U$54*K54/SUM($K$54:$K$55) -> 52.965539 | Q54: =$V$54*L54/SUM($L$54:$L$55) -> 102.49473 | R54: 3930 | S54: 4.2 | T54: 8.37 | U54: =R54*S54% -> 165.06 | V54: =R54*T54% -> 328.941 | X54: =ROUND(M54,0) -> 1241 | Y54: =ROUND(N54,2) -> 4.27 | Z54: =ROUND(O54,2) -> 8.26
A55: 72200 | B55: 1023 | C55: Front | D55: 45972 | F55: 2006 | G55: =VLOOKUP(F55,$AC$11:$AD$19,2,0) -> Ormanjhi | H55: 2647 | I55: 4.15 | J55: 8.42 | K55: =H55*I55% -> 109.8505 | L55: =H55*J55% -> 222.8774 | M55: =$R$54*H55/SUM($H$54:$H$55) -> 2689.2201 | N55: =P55/M55*100 -> 4.1682889 | O55: =Q55/M55*100 -> 8.4205183 | P55: =$U$54*K55/SUM($K$54:$K$55) -> 112.09446 | Q55: =$V$54*L55/SUM($L$54:$L$55) -> 226.44627 | X55: =ROUND(M55,0) -> 2689 | Y55: =ROUND(N55,2) -> 4.17 | Z55: =ROUND(O55,2) -> 8.42
A56: 72197 | B56: 1846 | C56: Single | D56: 45970 | F56: 2006 | G56: =VLOOKUP(F56,$AC$11:$AD$19,2,0) -> Ormanjhi | H56: 1636 | I56: 4.1 | J56: 8.41 | K56: =H56*I56% -> 67.076 | L56: =H56*J56% -> 137.5876 | M56: =$R$56*H56/SUM($H$56:$H$57) -> 1628.4577 | N56: =P56/M56*100 -> 4.1170054 | O56: =Q56/M56*100 -> 8.3534725 | P56: =$U$56*K56/SUM($K$56:$K$57) -> 67.04369 | Q56: =$V$56*L56/SUM($L$56:$L$57) -> 136.03276 | R56: 4750 | S56: 4.15 | T56: 8.36 | U56: =R56*S56% -> 197.125 | V56: =R56*T56% -> 397.1 | X56: =ROUND(M56,0) -> 1628 | Y56: =ROUND(N56,2) -> 4.12 | Z56: =ROUND(O56,2) -> 8.35
A57: 72197 | B57: 1846 | C57: Single | D57: 45970 | F57: 2002 | G57: =VLOOKUP(F57,$AC$11:$AD$19,2,0) -> Pali | H57: 3136 | I57: 4.15 | J57: 8.42 | K57: =H57*I57% -> 130.144 | L57: =H57*J57% -> 264.0512 | M57: =$R$56*H57/SUM($H$56:$H$57) -> 3121.5423 | N57: =P57/M57*100 -> 4.1672128 | O57: =Q57/M57*100 -> 8.3634053 | P57: =$U$56*K57/SUM($K$56:$K$57) -> 130.08131 | Q57: =$V$56*L57/SUM($L$56:$L$57) -> 261.06724 | X57: =ROUND(M57,0) -> 3122 | Y57: =ROUND(N57,2) -> 4.17 | Z57: =ROUND(O57,2) -> 8.36
A58: 72356 | B58: 1023 | C58: Rear | D58: 45974 | F58: 2009 | G58: =VLOOKUP(F58,$AC$11:$AD$19,2,0) -> Chanho | H58: 2137.04 | I58: 4.2 | J58: 8.06 | K58: =H58*I58% -> 89.75568 | L58: =H58*J58% -> 172.24542 | M58: =$R$58*H58/SUM($H$58:$H$59) -> 2176.1865 | N58: =P58/M58*100 -> 4.1917289 | O58: =Q58/M58*100 -> 7.6921432 | P58: =$U$58*K58/SUM($K$58:$K$59) -> 91.219837 | Q58: =$V$58*L58/SUM($L$58:$L$59) -> 167.39538 | R58: 3500 | S58: 3.55 | T58: 7.49 | U58: =R58*S58% -> 124.25 | V58: =R58*T58% -> 262.15 | X58: =ROUND(M58,0) -> 2176 | Y58: =ROUND(N58,2) -> 4.19 | Z58: =ROUND(O58,2) -> 7.69
A59: 72356 | B59: 1023 | C59: Rear | D59: 45974 | F59: 2004 | G59: =VLOOKUP(F59,$AC$11:$AD$19,2,0) -> Chorya | H59: 1300 | I59: 2.5 | J59: 7.5 | K59: =H59*I59% -> 32.5 | L59: =H59*J59% -> 97.5 | M59: =$R$58*H59/SUM($H$58:$H$59) -> 1323.8135 | N59: =P59/M59*100 -> 2.4950767 | O59: =Q59/M59*100 -> 7.1577015 | P59: =$U$58*K59/SUM($K$58:$K$59) -> 33.030163 | Q59: =$V$58*L59/SUM($L$58:$L$59) -> 94.754619 | X59: =ROUND(M59,0) -> 1324 | Y59: =ROUND(N59,2) -> 2.5 | Z59: =ROUND(O59,2) -> 7.16
A60: 72356 | B60: 1023 | C60: Rear | D60: 45974 | F60: 2002 | G60: =VLOOKUP(F60,$AC$11:$AD$19,2,0) -> Pali | H60: 4330 | I60: 4.15 | J60: 8.36 | K60: =H60*I60% -> 179.695 | L60: =H60*J60% -> 361.988 | M60: =$R$60*H60/SUM($H$60) -> 4320 | N60: =P60/M60*100 -> 4.15 | O60: =Q60/M60*100 -> 8.3 | P60: =$U$60*K60/SUM($K$60) -> 179.28 | Q60: =$V$60*L60/SUM($L$60) -> 358.56 | R60: 4320 | S60: 4.15 | T60: 8.3 | U60: =R60*S60% -> 179.28 | V60: =R60*T60% -> 358.56 | X60: =ROUND(M60,0) -> 4320 | Y60: =ROUND(N60,2) -> 4.15 | Z60: =ROUND(O60,2) -> 8.3
A61: 70148 | B61: 1023 | C61: Rear | D61: 45973 | F61: 2007 | G61: =VLOOKUP(F61,$AC$11:$AD$19,2,0) -> Piragutu | H61: 1754 | I61: 4.5 | J61: 8.49 | K61: =H61*I61% -> 78.93 | L61: =H61*J61% -> 148.9146 | M61: =$R$61*H61/SUM($H$61:$H$62) -> 1754.4419 | N61: =P61/M61*100 -> 4.3423349 | O61: =Q61/M61*100 -> 8.3725532 | P61: =$U$61*K61/SUM($K$61:$K$62) -> 76.183744 | Q61: =$V$61*L61/SUM($L$61:$L$62) -> 146.89158 | R61: 3970 | S61: 4.1 | T61: 8.29 | U61: =R61*S61% -> 162.77 | V61: =R61*T61% -> 329.113 | X61: =ROUND(M61,0) -> 1754 | Y61: =ROUND(N61,2) -> 4.34 | Z61: =ROUND(O61,2) -> 8.37
A62: 70148 | B62: 1023 | C62: Rear | D62: 45973 | F62: 2006 | G62: =VLOOKUP(F62,$AC$11:$AD$19,2,0) -> Ormanjhi | H62: 2215 | I62: 4.05 | J62: 8.34 | K62: =H62*I62% -> 89.7075 | L62: =H62*J62% -> 184.731 | M62: =$R$61*H62/SUM($H$61:$H$62) -> 2215.5581 | N62: =P62/M62*100 -> 3.9081014 | O62: =Q62/M62*100 -> 8.2246283 | P62: =$U$61*K62/SUM($K$61:$K$62) -> 86.586256 | Q62: =$V$61*L62/SUM($L$61:$L$62) -> 182.22142 | X62: =ROUND(M62,0) -> 2216 | Y62: =ROUND(N62,2) -> 3.91 | Z62: =ROUND(O62,2) -> 8.22
A63: 72356 | B63: 1846 | C63: Single | D63: 45973 | F63: 2002 | G63: =VLOOKUP(F63,$AC$11:$AD$19,2,0) -> Pali | H63: 4054 | I63: 4.05 | J63: 8.36 | K63: =H63*I63% -> 164.187 | L63: =H63*J63% -> 338.9144 | M63: =$R$63*H63/SUM($H$63:$H$64) -> 4054.7551 | N63: =P63/M63*100 -> 4.051003 | O63: =Q63/M63*100 -> 8.1238005 | P63: =$U$63*K63/SUM($K$63:$K$64) -> 164.25825 | Q63: =$V$63*L63/SUM($L$63:$L$64) -> 329.40021 | R63: 5370 | S63: 4.1 | T63: 8.1 | U63: =R63*S63% -> 220.17 | V63: =R63*T63% -> 434.97 | X63: =ROUND(M63,0) -> 4055 | Y63: =ROUND(N63,2) -> 4.05 | Z63: =ROUND(O63,2) -> 8.12
A64: 72356 | B64: 1846 | C64: Single | D64: 45973 | F64: 2003 | G64: =VLOOKUP(F64,$AC$11:$AD$19,2,0) -> Hisri | H64: 1315 | I64: 4.25 | J64: 8.26 | K64: =H64*I64% -> 55.8875 | L64: =H64*J64% -> 108.619 | M64: =$R$63*H64/SUM($H$63:$H$64) -> 1315.2449 | N64: =P64/M64*100 -> 4.2510525 | O64: =Q64/M64*100 -> 8.0266258 | P64: =$U$63*K64/SUM($K$63:$K$64) -> 55.911752 | Q64: =$V$63*L64/SUM($L$63:$L$64) -> 105.56979 | X64: =ROUND(M64,0) -> 1315 | Y64: =ROUND(N64,2) -> 4.25 | Z64: =ROUND(O64,2) -> 8.03
A65: 72346 | B65: 1846 | C65: Single | D65: 45975 | F65: 2006 | G65: =VLOOKUP(F65,$AC$11:$AD$19,2,0) -> Ormanjhi | H65: 2376 | I65: 4.2 | J65: 8.37 | K65: =H65*I65% -> 99.792 | L65: =H65*J65% -> 198.8712 | M65: =$R$65*H65/SUM($H$65:$H$67) -> 2409.5618 | N65: =P65/M65*100 -> 4.138458 | O65: =Q65/M65*100 -> 8.1153935 | P65: =$U$65*K65/SUM($K$65:$K$67) -> 99.718702 | Q65: =$V$65*L65/SUM($L$65:$L$67) -> 195.54542 | R65: 5600 | S65: 4.3 | T65: 8.14 | U65: =R65*S65% -> 240.8 | V65: =R65*T65% -> 455.84 | X65: =ROUND(M65,0) -> 2410 | Y65: =ROUND(N65,2) -> 4.14 | Z65: =ROUND(O65,2) -> 8.12
A66: 72346 | B66: 1846 | C66: Single | D66: 45975 | F66: 2007 | G66: =VLOOKUP(F66,$AC$11:$AD$19,2,0) -> Piragutu | H66: 1870 | I66: 4.65 | J66: 8.52 | K66: =H66*I66% -> 86.955 | L66: =H66*J66% -> 159.324 | M66: =$R$65*H66/SUM($H$65:$H$67) -> 1896.4143 | N66: =P66/M66*100 -> 4.5818642 | O66: =Q66/M66*100 -> 8.2608307 | P66: =$U$65*K66/SUM($K$65:$K$67) -> 86.891131 | Q66: =$V$65*L66/SUM($L$65:$L$67) -> 156.65958 | X66: =ROUND(M66,0) -> 1896 | Y66: =ROUND(N66,2) -> 4.58 | Z66: =ROUND(O66,2) -> 8.26
A67: 72346 | B67: 1846 | C67: Single | D67: 45975 | F67: 2003 | G67: =VLOOKUP(F67,$AC$11:$AD$19,2,0) -> Hisri | H67: 1276 | I67: 4.25 | J67: 8.26 | K67: =H67*I67% -> 54.23 | L67: =H67*J67% -> 105.3976 | M67: =$R$65*H67/SUM($H$65:$H$67) -> 1294.0239 | N67: =P67/M67*100 -> 4.1877254 | O67: =Q67/M67*100 -> 8.0087396 | P67: =$U$65*K67/SUM($K$65:$K$67) -> 54.190168 | Q67: =$V$65*L67/SUM($L$65:$L$67) -> 103.635 | X67: =ROUND(M67,0) -> 1294 | Y67: =ROUND(N67,2) -> 4.19 | Z67: =ROUND(O67,2) -> 8.01
A68: 72347 | B68: 9944 | C68: Single | D68: 45976 | F68: 2006 | G68: =VLOOKUP(F68,$AC$11:$AD$19,2,0) -> Ormanjhi | H68: 2208 | I68: 4.25 | J68: 8.44 | K68: =H68*I68% -> 93.84 | L68: =H68*J68% -> 186.3552 | M68: =$R$68*H68/SUM($H$68:$H$70) -> 2208 | N68: =P68/M68*100 -> 4.2535783 | O68: =Q68/M68*100 -> 8.4210768 | P68: =$U$68*K68/SUM($K$68:$K$70) -> 93.91901 | Q68: =$V$68*L68/SUM($L$68:$L$70) -> 185.93737 | R68: 9920 | S68: 4.2 | T68: 8.37 | U68: =R68*S68% -> 416.64 | V68: =R68*T68% -> 830.304 | X68: =ROUND(M68,0) -> 2208 | Y68: =ROUND(N68,2) -> 4.25 | Z68: =ROUND(O68,2) -> 8.42
A69: 72347 | B69: 9944 | C69: Single | D69: 45976 | F69: 2009 | G69: =VLOOKUP(F69,$AC$11:$AD$19,2,0) -> Chanho | H69: 1601 | I69: 4.3 | J69: 8.39 | K69: =H69*I69% -> 68.843 | L69: =H69*J69% -> 134.3239 | M69: =$R$68*H69/SUM($H$68:$H$70) -> 1601 | N69: =P69/M69*100 -> 4.3036204 | O69: =Q69/M69*100 -> 8.3711889 | P69: =$U$68*K69/SUM($K$68:$K$70) -> 68.900963 | Q69: =$V$68*L69/SUM($L$68:$L$70) -> 134.02273 | X69: =ROUND(M69,0) -> 1601 | Y69: =ROUND(N69,2) -> 4.3 | Z69: =ROUND(O69,2) -> 8.37
A70: 72347 | B70: 9944 | C70: Single | D70: 45976 | F70: 2002 | G70: =VLOOKUP(F70,$AC$11:$AD$19,2,0) -> Pali | H70: 6111 | I70: 4.15 | J70: 8.37 | K70: =H70*I70% -> 253.6065 | L70: =H70*J70% -> 511.4907 | M70: =$R$68*H70/SUM($H$68:$H$70) -> 6111 | N70: =P70/M70*100 -> 4.1534941 | O70: =Q70/M70*100 -> 8.3512337 | P70: =$U$68*K70/SUM($K$68:$K$70) -> 253.82003 | Q70: =$V$68*L70/SUM($L$68:$L$70) -> 510.34389 | X70: =ROUND(M70,0) -> 6111 | Y70: =ROUND(N70,2) -> 4.15 | Z70: =ROUND(O70,2) -> 8.35
A71: 72359 | B71: 1023 | C71: Single | D71: 45976 | F71: 2003 | G71: =VLOOKUP(F71,$AC$11:$AD$19,2,0) -> Hisri | H71: 1950 | I71: 4.25 | J71: 8.26 | K71: =H71*I71% -> 82.875 | L71: =H71*J71% -> 161.07 | M71: =$R$71*H71/SUM($H$71:$H$72) -> 1945.4225 | N71: =P71/M71*100 -> 4.2119121 | O71: =Q71/M71*100 -> 8.2369628 | P71: =$U$71*K71/SUM($K$71:$K$72) -> 81.939488 | Q71: =$V$71*L71/SUM($L$71:$L$72) -> 160.24373 | R71: 4250 | S71: 4.4 | T71: 8.41 | U71: =R71*S71% -> 187 | V71: =R71*T71% -> 357.425 | X71: =ROUND(M71,0) -> 1945 | Y71: =ROUND(N71,2) -> 4.21 | Z71: =ROUND(O71,2) -> 8.24
A72: 72359 | B72: 1023 | C72: Single | D72: 45976 | F72: 2007 | G72: =VLOOKUP(F72,$AC$11:$AD$19,2,0) -> Piragutu | H72: 2310 | I72: 4.6 | J72: 8.58 | K72: =H72*I72% -> 106.26 | L72: =H72*J72% -> 198.198 | M72: =$R$71*H72/SUM($H$71:$H$72) -> 2304.5775 | N72: =P72/M72*100 -> 4.5587755 | O72: =Q72/M72*100 -> 8.5560703 | P72: =$U$71*K72/SUM($K$71:$K$72) -> 105.06051 | Q72: =$V$71*L72/SUM($L$71:$L$72) -> 197.18127 | X72: =ROUND(M72,0) -> 2305 | Y72: =ROUND(N72,2) -> 4.56 | Z72: =ROUND(O72,2) -> 8.56
A73: 72348 | B73: 9944 | C73: Single | D73: 45977 | F73: 2004 | G73: =VLOOKUP(F73,$AC$11:$AD$19,2,0) -> Chorya | H73: 1325 | I73: 2.8 | J73: 7.54 | K73: =H73*I73% -> 37.1 | L73: =H73*J73% -> 99.905 | M73: =$R$73*H73/SUM($H$73:$H$75) -> 1325 | N73: =P73/M73*100 -> 2.6899871 | O73: =Q73/M73*100 -> 7.0693595 | P73: =$U$73*K73/SUM($K$73:$K$75) -> 35.642329 | Q73: =$V$73*L73/SUM($L$73:$L$75) -> 93.669013 | R73: 7010 | S73: 3.7 | T73: 7.58 | U73: =R73*S73% -> 259.37 | V73: =R73*T73% -> 531.358 | X73: =ROUND(M73,0) -> 1325 | Y73: =ROUND(N73,2) -> 2.69 | Z73: =ROUND(O73,2) -> 7.07
A74: 72348 | B74: 9944 | C74: Single | D74: 45977 | F74: 2009 | G74: =VLOOKUP(F74,$AC$11:$AD$19,2,0) -> Chanho | H74: 1565 | I74: 4.35 | J74: 8.4 | K74: =H74*I74% -> 68.0775 | L74: =H74*J74% -> 131.46 | M74: =$R$73*H74/SUM($H$73:$H$75) -> 1565 | N74: =P74/M74*100 -> 4.1790871 | O74: =Q74/M74*100 -> 7.875679 | P74: =$U$73*K74/SUM($K$73:$K$75) -> 65.402714 | Q74: =$V$73*L74/SUM($L$73:$L$75) -> 123.25438 | X74: =ROUND(M74,0) -> 1565 | Y74: =ROUND(N74,2) -> 4.18 | Z74: =ROUND(O74,2) -> 7.88
A75: 72348 | B75: 9944 | C75: Single | D75: 45977 | F75: 2002 | G75: =VLOOKUP(F75,$AC$11:$AD$19,2,0) -> Pali | H75: 4120 | I75: 4 | J75: 8.14 | K75: =H75*I75% -> 164.8 | L75: =H75*J75% -> 335.368 | M75: =$R$73*H75/SUM($H$73:$H$75) -> 4120 | N75: =P75/M75*100 -> 3.8428388 | O75: =Q75/M75*100 -> 7.631908 | P75: =$U$73*K75/SUM($K$73:$K$75) -> 158.32496 | Q75: =$V$73*L75/SUM($L$73:$L$75) -> 314.43461 | X75: =ROUND(M75,0) -> 4120 | Y75: =ROUND(N75,2) -> 3.84 | Z75: =ROUND(O75,2) -> 7.63
A76: 72745 | B76: 1023 | C76: Single | D76: 45978 | F76: 2009 | G76: =VLOOKUP(F76,$AC$11:$AD$19,2,0) -> Chanho | H76: 1588 | I76: 4.1 | J76: 8.1 | K76: =H76*I76% -> 65.108 | L76: =H76*J76% -> 128.628 | M76: =$R$76*H76/SUM($H$76:$H$77) -> 1590.3916 | N76: =P76/M76*100 -> 4.0898333 | O76: =Q76/M76*100 -> 7.8250387 | P76: =$U$76*K76/SUM($K$76:$K$77) -> 65.044364 | Q76: =$V$76*L76/SUM($L$76:$L$77) -> 124.44876 | R76: 2660 | S76: 4.15 | T76: 7.86 | U76: =R76*S76% -> 110.39 | V76: =R76*T76% -> 209.076 | X76: =ROUND(M76,0) -> 1590 | Y76: =ROUND(N76,2) -> 4.09 | Z76: =ROUND(O76,2) -> 7.83
A77: 72745 | B77: 1023 | C77: Single | D77: 45978 | F77: 2003 | G77: =VLOOKUP(F77,$AC$11:$AD$19,2,0) -> Hisri | H77: 1068 | I77: 4.25 | J77: 8.19 | K77: =H77*I77% -> 45.39 | L77: =H77*J77% -> 87.4692 | M77: =$R$76*H77/SUM($H$76:$H$77) -> 1069.6084 | N77: =P77/M77*100 -> 4.2394613 | O77: =Q77/M77*100 -> 7.9119836 | P77: =$U$76*K77/SUM($K$76:$K$77) -> 45.345636 | Q77: =$V$76*L77/SUM($L$76:$L$77) -> 84.627244 | X77: =ROUND(M77,0) -> 1070 | Y77: =ROUND(N77,2) -> 4.24 | Z77: =ROUND(O77,2) -> 7.91
A78: 72776 | B78: 1023 | C78: Rear | D78: 45980 | F78: 2004 | G78: =VLOOKUP(F78,$AC$11:$AD$19,2,0) -> Chorya | H78: 1289 | I78: 2.95 | J78: 7.5 | K78: =H78*I78% -> 38.0255 | L78: =H78*J78% -> 96.675 | M78: =$R$78*H78/SUM($H$78:$H$79) -> 1289.2978 | N78: =P78/M78*100 -> 2.8900406 | O78: =Q78/M78*100 -> 7.5327118 | P78: =$U$78*K78/SUM($K$78:$K$79) -> 37.261229 | Q78: =$V$78*L78/SUM($L$78:$L$79) -> 97.119084 | R78: 4330 | S78: 3.75 | T78: 7.97 | U78: =R78*S78% -> 162.375 | V78: =R78*T78% -> 345.101 | X78: =ROUND(M78,0) -> 1289 | Y78: =ROUND(N78,2) -> 2.89 | Z78: =ROUND(O78,2) -> 7.53
A79: 72776 | B79: 1023 | C79: Rear | D79: 45980 | F79: 2006 | G79: =VLOOKUP(F79,$AC$11:$AD$19,2,0) -> Ormanjhi | H79: 3040 | I79: 4.2 | J79: 8.12 | K79: =H79*I79% -> 127.68 | L79: =H79*J79% -> 246.848 | M79: =$R$78*H79/SUM($H$78:$H$79) -> 3040.7022 | N79: =P79/M79*100 -> 4.1146341 | O79: =Q79/M79*100 -> 8.155416 | P79: =$U$78*K79/SUM($K$78:$K$79) -> 125.11377 | Q79: =$V$78*L79/SUM($L$78:$L$79) -> 247.98192 | X79: =ROUND(M79,0) -> 3041 | Y79: =ROUND(N79,2) -> 4.11 | Z79: =ROUND(O79,2) -> 8.16
A80: 72775 | B80: 1846 | C80: Single | D80: 45979 | F80: 2002 | G80: =VLOOKUP(F80,$AC$11:$AD$19,2,0) -> Pali | H80: 2960 | I80: 4.2 | J80: 8.37 | K80: =H80*I80% -> 124.32 | L80: =H80*J80% -> 247.752 | M80: =$R$80*H80/SUM($H$80:$H$81) -> 2960 | N80: =P80/M80*100 -> 4.1 | O80: =Q80/M80*100 -> 8.2900863 | P80: =$U$80*K80/SUM($K$80:$K$81) -> 121.36 | Q80: =$V$80*L80/SUM($L$80:$L$81) -> 245.38656 | R80: 6150 | S80: 4.1 | T80: 8.1 | U80: =R80*S80% -> 252.15 | V80: =R80*T80% -> 498.15 | X80: =ROUND(M80,0) -> 2960 | Y80: =ROUND(N80,2) -> 4.1 | Z80: =ROUND(O80,2) -> 8.29
A81: 72775 | B81: 1846 | C81: Single | D81: 45979 | F81: 2006 | G81: =VLOOKUP(F81,$AC$11:$AD$19,2,0) -> Ormanjhi | H81: 3190 | I81: 4.2 | J81: 8 | K81: =H81*I81% -> 133.98 | L81: =H81*J81% -> 255.2 | M81: =$R$80*H81/SUM($H$80:$H$81) -> 3190 | N81: =P81/M81*100 -> 4.1 | O81: =Q81/M81*100 -> 7.923619 | P81: =$U$80*K81/SUM($K$80:$K$81) -> 130.79 | Q81: =$V$80*L81/SUM($L$80:$L$81) -> 252.76344 | X81: =ROUND(M81,0) -> 3190 | Y81: =ROUND(N81,2) -> 4.1 | Z81: =ROUND(O81,2) -> 7.92
A82: 72772 | B82: 1023 | C82: Front | D82: 45977 | F82: 2003 | G82: =VLOOKUP(F82,$AC$11:$AD$19,2,0) -> Hisri | H82: 1156 | I82: 4.25 | J82: 8.26 | K82: =H82*I82% -> 49.13 | L82: =H82*J82% -> 95.4856 | M82: =$R$82*H82/SUM($H$82:$H$83) -> 1163.5065 | N82: =P82/M82*100 -> 4.241081 | O82: =Q82/M82*100 -> 8.1280668 | P82: =$U$82*K82/SUM($K$82:$K$83) -> 49.345252 | Q82: =$V$82*L82/SUM($L$82:$L$83) -> 94.570585 | R82: 2480 | S82: 4.4 | T82: 8.29 | U82: =R82*S82% -> 109.12 | V82: =R82*T82% -> 205.592 | X82: =ROUND(M82,0) -> 1164 | Y82: =ROUND(N82,2) -> 4.24 | Z82: =ROUND(O82,2) -> 8.13
A83: 72772 | B83: 1023 | C83: Front | D83: 45977 | F83: 2007 | G83: =VLOOKUP(F83,$AC$11:$AD$19,2,0) -> Piragutu | H83: 1308 | I83: 4.55 | J83: 8.57 | K83: =H83*I83% -> 59.514 | L83: =H83*J83% -> 112.0956 | M83: =$R$82*H83/SUM($H$82:$H$83) -> 1316.4935 | N83: =P83/M83*100 -> 4.5404514 | O83: =Q83/M83*100 -> 8.4331153 | P83: =$U$82*K83/SUM($K$82:$K$83) -> 59.774748 | Q83: =$V$82*L83/SUM($L$82:$L$83) -> 111.02142 | X83: =ROUND(M83,0) -> 1316 | Y83: =ROUND(N83,2) -> 4.54 | Z83: =ROUND(O83,2) -> 8.43
A84: 72772 | B84: 1023 | C84: Rear | D84: 45977 | F84: 2006 | G84: =VLOOKUP(F84,$AC$11:$AD$19,2,0) -> Ormanjhi | H84: 3739 | I84: 4.45 | J84: 8.23 | K84: =H84*I84% -> 166.3855 | L84: =H84*J84% -> 307.7197 | M84: =$R$84*H84/SUM($H$84) -> 3739 | N84: =P84/M84*100 -> 4.45 | O84: =Q84/M84*100 -> 8.23 | P84: =$U$84*K84/SUM($K$84) -> 166.3855 | Q84: =$V$84*L84/SUM($L$84) -> 307.7197 | R84: 3739 | S84: 4.45 | T84: 8.23 | U84: =R84*S84% -> 166.3855 | V84: =R84*T84% -> 307.7197 | X84: =ROUND(M84,0) -> 3739 | Y84: =ROUND(N84,2) -> 4.45 | Z84: =ROUND(O84,2) -> 8.23
A85: 72362 | B85: 1846 | C85: Single | D85: 45981 | F85: 2006 | G85: =VLOOKUP(F85,$AC$11:$AD$19,2,0) -> Ormanjhi | H85: 1687 | I85: 4.25 | J85: 8.44 | K85: =H85*I85% -> 71.6975 | L85: =H85*J85% -> 142.3828 | M85: =$R$85*H85/SUM($H$85:$H$87) -> 1679.0349 | N85: =P85/M85*100 -> 4.2182492 | O85: =Q85/M85*100 -> 8.4119225 | P85: =$U$85*K85/SUM($K$85:$K$87) -> 70.825877 | Q85: =$V$85*L85/SUM($L$85:$L$87) -> 141.23912 | R85: 5270 | S85: 4.5 | T85: 8.43 | U85: =R85*S85% -> 237.15 | V85: =R85*T85% -> 444.261 | X85: =ROUND(M85,0) -> 1679 | Y85: =ROUND(N85,2) -> 4.22 | Z85: =ROUND(O85,2) -> 8.41
A86: 72362 | B86: 1846 | C86: Single | D86: 45981 | F86: 2007 | G86: =VLOOKUP(F86,$AC$11:$AD$19,2,0) -> Piragutu | H86: 2405 | I86: 4.9 | J86: 8.64 | K86: =H86*I86% -> 117.845 | L86: =H86*J86% -> 207.792 | M86: =$R$85*H86/SUM($H$85:$H$87) -> 2393.6449 | N86: =P86/M86*100 -> 4.8633932 | O86: =Q86/M86*100 -> 8.6112571 | P86: =$U$85*K86/SUM($K$85:$K$87) -> 116.41236 | Q86: =$V$85*L86/SUM($L$85:$L$87) -> 206.12292 | X86: =ROUND(M86,0) -> 2394 | Y86: =ROUND(N86,2) -> 4.86 | Z86: =ROUND(O86,2) -> 8.61
A87: 72362 | B87: 1846 | C87: Single | D87: 45981 | F87: 2003 | G87: =VLOOKUP(F87,$AC$11:$AD$19,2,0) -> Hisri | H87: 1203 | I87: 4.2 | J87: 8.12 | K87: =H87*I87% -> 50.526 | L87: =H87*J87% -> 97.6836 | M87: =$R$85*H87/SUM($H$85:$H$87) -> 1197.3201 | N87: =P87/M87*100 -> 4.1686227 | O87: =Q87/M87*100 -> 8.092987 | P87: =$U$85*K87/SUM($K$85:$K$87) -> 49.911758 | Q87: =$V$85*L87/SUM($L$85:$L$87) -> 96.898961 | X87: =ROUND(M87,0) -> 1197 | Y87: =ROUND(N87,2) -> 4.17 | Z87: =ROUND(O87,2) -> 8.09
A88: 72361 | B88: 1846 | C88: Single | D88: 45980 | F88: 2002 | G88: =VLOOKUP(F88,$AC$11:$AD$19,2,0) -> Pali | H88: 2950 | I88: 4.05 | J88: 8.15 | K88: =H88*I88% -> 119.475 | L88: =H88*J88% -> 240.425 | M88: =$R$88*H88/SUM($H$88:$H$89) -> 2935.0662 | N88: =P88/M88*100 -> 4.0437582 | O88: =Q88/M88*100 -> 8.0594924 | P88: =$U$88*K88/SUM($K$88:$K$89) -> 118.68698 | Q88: =$V$88*L88/SUM($L$88:$L$89) -> 236.55144 | R88: 5110 | S88: 4.15 | T88: 8.11 | U88: =R88*S88% -> 212.065 | V88: =R88*T88% -> 414.421 | X88: =ROUND(M88,0) -> 2935 | Y88: =ROUND(N88,2) -> 4.04 | Z88: =ROUND(O88,2) -> 8.06
A89: 72361 | B89: 1846 | C89: Single | D89: 45980 | F89: 2003 | G89: =VLOOKUP(F89,$AC$11:$AD$19,2,0) -> Hisri | H89: 2186 | I89: 4.3 | J89: 8.27 | K89: =H89*I89% -> 93.998 | L89: =H89*J89% -> 180.7822 | M89: =$R$88*H89/SUM($H$88:$H$89) -> 2174.9338 | N89: =P89/M89*100 -> 4.2933729 | O89: =Q89/M89*100 -> 8.1781598 | P89: =$U$88*K89/SUM($K$88:$K$89) -> 93.378019 | Q89: =$V$88*L89/SUM($L$88:$L$89) -> 177.86956 | X89: =ROUND(M89,0) -> 2175 | Y89: =ROUND(N89,2) -> 4.29 | Z89: =ROUND(O89,2) -> 8.18
A90: 72293 | B90: 9944 | C90: Single | D90: 45982 | F90: 2009 | G90: =VLOOKUP(F90,$AC$11:$AD$19,2,0) -> Chanho | H90: 3458 | I90: 4.3 | J90: 8.33 | K90: =H90*I90% -> 148.694 | L90: =H90*J90% -> 288.0514 | M90: =$R$90*H90/SUM($H$90:$H$92) -> 3458 | N90: =P90/M90*100 -> 4.3172631 | O90: =Q90/M90*100 -> 8.1250478 | P90: =$U$90*K90/SUM($K$90:$K$92) -> 149.29096 | Q90: =$V$90*L90/SUM($L$90:$L$92) -> 280.96415 | R90: 9480 | S90: 4.3 | T90: 8.2 | U90: =R90*S90% -> 407.64 | V90: =R90*T90% -> 777.36 | X90: =ROUND(M90,0) -> 3458 | Y90: =ROUND(N90,2) -> 4.32 | Z90: =ROUND(O90,2) -> 8.13
A91: 72293 | B91: 9944 | C91: Single | D91: 45982 | F91: 2007 | G91: =VLOOKUP(F91,$AC$11:$AD$19,2,0) -> Piragutu | H91: 549 | I91: 5 | J91: 8.66 | K91: =H91*I91% -> 27.45 | L91: =H91*J91% -> 47.5434 | M91: =$R$90*H91/SUM($H$90:$H$92) -> 549 | N91: =P91/M91*100 -> 5.0200734 | O91: =Q91/M91*100 -> 8.4469285 | P91: =$U$90*K91/SUM($K$90:$K$92) -> 27.560203 | Q91: =$V$90*L91/SUM($L$90:$L$92) -> 46.373637 | X91: =ROUND(M91,0) -> 549 | Y91: =ROUND(N91,2) -> 5.02 | Z91: =ROUND(O91,2) -> 8.45
A92: 72293 | B92: 9944 | C92: Single | D92: 45982 | F92: 2002 | G92: =VLOOKUP(F92,$AC$11:$AD$19,2,0) -> Pali | H92: 5473 | I92: 4.2 | J92: 8.43 | K92: =H92*I92% -> 229.866 | L92: =H92*J92% -> 461.3739 | M92: =$R$90*H92/SUM($H$90:$H$92) -> 5473 | N92: =P92/M92*100 -> 4.2168617 | O92: =Q92/M92*100 -> 8.2225874 | P92: =$U$90*K92/SUM($K$90:$K$92) -> 230.78884 | Q92: =$V$90*L92/SUM($L$90:$L$92) -> 450.02221 | X92: =ROUND(M92,0) -> 5473 | Y92: =ROUND(N92,2) -> 4.22 | Z92: =ROUND(O92,2) -> 8.22
A93: 72748 | B93: 9944 | C93: Single | D93: 45983 | F93: 2006 | G93: =VLOOKUP(F93,$AC$11:$AD$19,2,0) -> Ormanjhi | H93: 2714 | I93: 4.2 | J93: 8.37 | K93: =H93*I93% -> 113.988 | L93: =H93*J93% -> 227.1618 | M93: =$R$93*H93/SUM($H$93:$H$96) -> 2707.9823 | N93: =P93/M93*100 -> 4.1138573 | O93: =Q93/M93*100 -> 8.1239995 | P93: =$U$93*K93/SUM($K$93:$K$96) -> 111.40253 | Q93: =$V$93*L93/SUM($L$93:$L$96) -> 219.99646 | R93: 7650 | S93: 3.95 | T93: 7.95 | U93: =R93*S93% -> 302.175 | V93: =R93*T93% -> 608.175 | X93: =ROUND(M93,0) -> 2708 | Y93: =ROUND(N93,2) -> 4.11 | Z93: =ROUND(O93,2) -> 8.12
A94: 72748 | B94: 9944 | C94: Single | D94: 45983 | F94: 2009 | G94: =VLOOKUP(F94,$AC$11:$AD$19,2,0) -> Chanho | H94: 1670 | I94: 4.3 | J94: 8.33 | K94: =H94*I94% -> 71.81 | L94: =H94*J94% -> 139.111 | M94: =$R$93*H94/SUM($H$93:$H$96) -> 1666.2971 | N94: =P94/M94*100 -> 4.2118062 | O94: =Q94/M94*100 -> 8.0851751 | P94: =$U$93*K94/SUM($K$93:$K$96) -> 70.181206 | Q94: =$V$93*L94/SUM($L$93:$L$96) -> 134.72304 | X94: =ROUND(M94,0) -> 1666 | Y94: =ROUND(N94,2) -> 4.21 | Z94: =ROUND(O94,2) -> 8.09
A95: 72748 | B95: 9944 | C95: Single | D95: 45983 | F95: 2004 | G95: =VLOOKUP(F95,$AC$11:$AD$19,2,0) -> Chorya | H95: 1208 | I95: 3 | J95: 7.82 | K95: =H95*I95% -> 36.24 | L95: =H95*J95% -> 94.4656 | M95: =$R$93*H95/SUM($H$93:$H$96) -> 1205.3215 | N95: =P95/M95*100 -> 2.9384695 | O95: =Q95/M95*100 -> 7.5901644 | P95: =$U$93*K95/SUM($K$93:$K$96) -> 35.418005 | Q95: =$V$93*L95/SUM($L$93:$L$96) -> 91.485884 | X95: =ROUND(M95,0) -> 1205 | Y95: =ROUND(N95,2) -> 2.94 | Z95: =ROUND(O95,2) -> 7.59
A96: 72748 | B96: 9944 | C96: Single | D96: 45983 | F96: 2003 | G96: =VLOOKUP(F96,$AC$11:$AD$19,2,0) -> Hisri | H96: 2075 | I96: 4.2 | J96: 8.06 | K96: =H96*I96% -> 87.15 | L96: =H96*J96% -> 167.245 | M96: =$R$93*H96/SUM($H$93:$H$96) -> 2070.3991 | N96: =P96/M96*100 -> 4.1138573 | O96: =Q96/M96*100 -> 7.8231106 | P96: =$U$93*K96/SUM($K$93:$K$96) -> 85.173264 | Q96: =$V$93*L96/SUM($L$93:$L$96) -> 161.96961 | X96: =ROUND(M96,0) -> 2070 | Y96: =ROUND(N96,2) -> 4.11 | Z96: =ROUND(O96,2) -> 7.82
A97: 72296 | B97: 9944 | C97: Single | D97: 45984 | F97: 2002 | G97: =VLOOKUP(F97,$AC$11:$AD$19,2,0) -> Pali | H97: 3430 | I97: 4.15 | J97: 8.36 | K97: =H97*I97% -> 142.345 | L97: =H97*J97% -> 286.748 | M97: =$R$97*H97/SUM($H$97:$H$100) -> 3426.3895 | N97: =P97/M97*100 -> 4.1149449 | O97: =Q97/M97*100 -> 8.28558 | P97: =$U$97*K97/SUM($K$97:$K$100) -> 140.99404 | Q97: =$V$97*L97/SUM($L$97:$L$100) -> 283.89624 | R97: 9490 | S97: 4.3 | T97: 8.39 | U97: =R97*S97% -> 408.07 | V97: =R97*T97% -> 796.211 | X97: =ROUND(M97,0) -> 3426 | Y97: =ROUND(N97,2) -> 4.11 | Z97: =ROUND(O97,2) -> 8.29
A98: 72296 | B98: 9944 | C98: Single | D98: 45984 | F98: 2009 | G98: =VLOOKUP(F98,$AC$11:$AD$19,2,0) -> Chanho | H98: 1660 | I98: 4.3 | J98: 8.52 | K98: =H98*I98% -> 71.38 | L98: =H98*J98% -> 141.432 | M98: =$R$97*H98/SUM($H$97:$H$100) -> 1658.2526 | N98: =P98/M98*100 -> 4.2636778 | O98: =Q98/M98*100 -> 8.4441557 | P98: =$U$97*K98/SUM($K$97:$K$100) -> 70.70255 | Q98: =$V$97*L98/SUM($L$97:$L$100) -> 140.02543 | X98: =ROUND(M98,0) -> 1658 | Y98: =ROUND(N98,2) -> 4.26 | Z98: =ROUND(O98,2) -> 8.44
A99: 72296 | B99: 9944 | C99: Single | D99: 45984 | F99: 2007 | G99: =VLOOKUP(F99,$AC$11:$AD$19,2,0) -> Piragutu | H99: 2370 | I99: 4.75 | J99: 8.61 | K99: =H99*I99% -> 112.575 | L99: =H99*J99% -> 204.057 | M99: =$R$97*H99/SUM($H$97:$H$100) -> 2367.5053 | N99: =P99/M99*100 -> 4.7098767 | O99: =Q99/M99*100 -> 8.5333545 | P99: =$U$97*K99/SUM($K$97:$K$100) -> 111.50658 | Q99: =$V$97*L99/SUM($L$97:$L$100) -> 202.02762 | X99: =ROUND(M99,0) -> 2368 | Y99: =ROUND(N99,2) -> 4.71 | Z99: =ROUND(O99,2) -> 8.53
A100: 72296 | B100: 9944 | C100: Single | D100: 45984 | F100: 2006 | G100: =VLOOKUP(F100,$AC$11:$AD$19,2,0) -> Ormanjhi | H100: 2040 | I100: 4.2 | J100: 8.43 | K100: =H100*I100% -> 85.68 | L100: =H100*J100% -> 171.972 | M100: =$R$97*H100/SUM($H$97:$H$100) -> 2037.8526 | N100: =P100/M100*100 -> 4.1645225 | O100: =Q100/M100*100 -> 8.3549569 | P100: =$U$97*K100/SUM($K$97:$K$100) -> 84.866832 | Q100: =$V$97*L100/SUM($L$97:$L$100) -> 170.26171 | X100: =ROUND(M100,0) -> 2038 | Y100: =ROUND(N100,2) -> 4.16 | Z100: =ROUND(O100,2) -> 8.35
A101: 72298 | B101: 9944 | C101: Single | D101: 45985 | F101: 2003 | G101: =VLOOKUP(F101,$AC$11:$AD$19,2,0) -> Hisri | H101: 1316 | I101: 4.2 | J101: 8.25 | K101: =H101*I101% -> 55.272 | L101: =H101*J101% -> 108.57 | M101: =$R$101*H101/SUM($H$101:$H$104) -> 1314.0342 | N101: =P101/M101*100 -> 4.1257863 | O101: =Q101/M101*100 -> 8.0795683 | P101: =$U$101*K101/SUM($K$101:$K$104) -> 54.214244 | Q101: =$V$101*L101/SUM($L$101:$L$104) -> 106.16829 | R101: 8690 | S101: 4.2 | T101: 8.12 | U101: =R101*S101% -> 364.98 | V101: =R101*T101% -> 705.628 | X101: =ROUND(M101,0) -> 1314 | Y101: =ROUND(N101,2) -> 4.13 | Z101: =ROUND(O101,2) -> 8.08
...

Sheet Oct 25
H2: RMC wise Dispatch | M2: RMC wise Receipt | R2: Tanker Receipt at Plant | X2: Round Off
A3: Challan No | B3: Tanker No. | C3: Chamber | D3: Date | E3: Type | F3: RMC Code | G3: RMC Name | H3: Vol-Kg | I3: FAT% | J3: SNF% | K3: FAT Kg | L3: SNF Kg | M3: Vol-Kg | N3: FAT% | O3: SNF% | P3: FAT Kg | Q3: SNF Kg | R3: Vol-Kg | S3: FAT% | T3: SNF% | U3: FAT Kg | V3: SNF Kg | X3: Vol | Y3: Fat% | Z3: Snf%
A4: 72210 | B4: 9944 | C4: Single | D4: 45932 | F4: 2009 | G4: =VLOOKUP(F4,$AC$11:$AD$19,2,0) -> Chanho | H4: 1405 | I4: 4.1 | J4: 8.29 | K4: =H4*I4% -> 57.605 | L4: =H4*J4% -> 116.4745 | M4: =$R$4*H4/SUM($H$4:$H$5) -> 1402.7005 | N4: =P4/M4*100 -> 4.1072362 | O4: =Q4/M4*100 -> 8.2742241 | P4: =$U$4*K4/SUM($K$4:$K$5) -> 57.612222 | Q4: =$V$4*L4/SUM($L$4:$L$5) -> 116.06258 | R4: 4880 | S4: 4.25 | T4: 8.26 | U4: =R4*S4% -> 207.4 | V4: =R4*T4% -> 403.088 | X4: =ROUND(M4,0) -> 1403 | Y4: =ROUND(N4,2) -> 4.11 | Z4: =ROUND(O4,2) -> 8.27
A5: 72210 | B5: 9944 | C5: Single | D5: 45932 | F5: 2008 | G5: =VLOOKUP(F5,$AC$11:$AD$19,2,0) -> Bhandra | H5: 3483 | I5: 4.3 | J5: 8.27 | K5: =H5*I5% -> 149.769 | L5: =H5*J5% -> 288.0441 | M5: =$R$4*H5/SUM($H$4:$H$5) -> 3477.2995 | N5: =P5/M5*100 -> 4.3075892 | O5: =Q5/M5*100 -> 8.2542622 | P5: =$U$4*K5/SUM($K$4:$K$5) -> 149.78778 | Q5: =$V$4*L5/SUM($L$4:$L$5) -> 287.02542 | X5: =ROUND(M5,0) -> 3477 | Y5: =ROUND(N5,2) -> 4.31 | Z5: =ROUND(O5,2) -> 8.25
A6: 72243 | B6: 1023 | C6: Front | D6: 45932 | F6: 2004 | G6: =VLOOKUP(F6,$AC$11:$AD$19,2,0) -> Choria | H6: 1063 | I6: 3 | J6: 8 | K6: =H6*I6% -> 31.89 | L6: =H6*J6% -> 85.04 | M6: =$R$6*H6/SUM($H$6:$H$8) -> 1065.9203 | N6: =P6/M6*100 -> 2.9966542 | O6: =Q6/M6*100 -> 7.8656965 | P6: =$U$6*K6/SUM($K$6:$K$8) -> 31.941946 | Q6: =$V$6*L6/SUM($L$6:$L$8) -> 83.842058 | R6: 3650 | S6: 3.9 | T6: 8.12 | U6: =R6*S6% -> 142.35 | V6: =R6*T6% -> 296.38 | X6: =ROUND(M6,0) -> 1066 | Y6: =ROUND(N6,2) -> 3 | Z6: =ROUND(O6,2) -> 7.87
A7: 72243 | B7: 1023 | C7: Front | D7: 45932 | F7: 2007 | G7: =VLOOKUP(F7,$AC$11:$AD$19,2,0) -> Piragutu | H7: 1412 | I7: 4.3 | J7: 8.51 | K7: =H7*I7% -> 60.716 | L7: =H7*J7% -> 120.1612 | M7: =$R$6*H7/SUM($H$6:$H$8) -> 1415.8791 | N7: =P7/M7*100 -> 4.2952044 | O7: =Q7/M7*100 -> 8.3671347 | P7: =$U$6*K7/SUM($K$6:$K$8) -> 60.814902 | Q7: =$V$6*L7/SUM($L$6:$L$8) -> 118.46851 | X7: =ROUND(M7,0) -> 1416 | Y7: =ROUND(N7,2) -> 4.3 | Z7: =ROUND(O7,2) -> 8.37
A8: 72243 | B8: 1023 | C8: Front | D8: 45932 | F8: 2003 | G8: =VLOOKUP(F8,$AC$11:$AD$19,2,0) -> Hisri | H8: 1165 | I8: 4.25 | J8: 8.19 | K8: =H8*I8% -> 49.5125 | L8: =H8*J8% -> 95.4135 | M8: =$R$6*H8/SUM($H$6:$H$8) -> 1168.2005 | N8: =P8/M8*100 -> 4.2452601 | O8: =Q8/M8*100 -> 8.0525068 | P8: =$U$6*K8/SUM($K$6:$K$8) -> 49.593152 | Q8: =$V$6*L8/SUM($L$6:$L$8) -> 94.069429 | X8: =ROUND(M8,0) -> 1168 | Y8: =ROUND(N8,2) -> 4.25 | Z8: =ROUND(O8,2) -> 8.05
A9: 72243 | B9: 1023 | C9: Rear | D9: 45932 | F9: 2006 | G9: =VLOOKUP(F9,$AC$11:$AD$19,2,0) -> Ormanjhi | H9: 1685 | I9: 4.1 | J9: 8.32 | K9: =H9*I9% -> 69.085 | L9: =H9*J9% -> 140.192 | M9: =$R$9*H9/SUM($H$9) -> 1700 | N9: =P9/M9*100 -> 4.1 | O9: =Q9/M9*100 -> 8.23 | P9: =$U$9*K9/SUM($K$9) -> 69.7 | Q9: =$V$9*L9/SUM($L$9) -> 139.91 | R9: 1700 | S9: 4.1 | T9: 8.23 | U9: =R9*S9% -> 69.7 | V9: =R9*T9% -> 139.91 | X9: =ROUND(M9,0) -> 1700 | Y9: =ROUND(N9,2) -> 4.1 | Z9: =ROUND(O9,2) -> 8.23
A10: 72242 | B10: 1023 | C10: Rear | D10: 45931 | F10: 2003 | G10: =VLOOKUP(F10,$AC$11:$AD$19,2,0) -> Hisri | H10: 1097 | I10: 4.25 | J10: 8.23 | K10: =H10*I10% -> 46.6225 | L10: =H10*J10% -> 90.2831 | M10: =$R$10*H10/SUM($H$10:$H$12) -> 1098.4607 | N10: =P10/M10*100 -> 4.2288804 | O10: =Q10/M10*100 -> 8.1682523 | P10: =$U$10*K10/SUM($K$10:$K$12) -> 46.45259 | Q10: =$V$10*L10/SUM($L$10:$L$12) -> 89.725043 | R10: 3760 | S10: 4.25 | T10: 8.32 | U10: =R10*S10% -> 159.8 | V10: =R10*T10% -> 312.832 | X10: =ROUND(M10,0) -> 1098 | Y10: =ROUND(N10,2) -> 4.23 | Z10: =ROUND(O10,2) -> 8.17
A11: 72242 | B11: 1023 | C11: Rear | D11: 45931 | F11: 2007 | G11: =VLOOKUP(F11,$AC$11:$AD$19,2,0) -> Piragutu | H11: 1382 | I11: 4.4 | J11: 8.47 | K11: =H11*I11% -> 60.808 | L11: =H11*J11% -> 117.0554 | M11: =$R$10*H11/SUM($H$10:$H$12) -> 1383.8402 | N11: =P11/M11*100 -> 4.378135 | O11: =Q11/M11*100 -> 8.4064517 | P11: =$U$10*K11/SUM($K$10:$K$12) -> 60.586393 | Q11: =$V$10*L11/SUM($L$10:$L$12) -> 116.33186 | X11: =ROUND(M11,0) -> 1384 | Y11: =ROUND(N11,2) -> 4.38 | Z11: =ROUND(O11,2) -> 8.41 | AC11: 2001 | AD11: Itki
A12: 72242 | B12: 1023 | C12: Rear | D12: 45931 | F12: 2006 | G12: =VLOOKUP(F12,$AC$11:$AD$19,2,0) -> Ormanjhi | H12: 1276 | I12: 4.15 | J12: 8.42 | K12: =H12*I12% -> 52.954 | L12: =H12*J12% -> 107.4392 | M12: =$R$10*H12/SUM($H$10:$H$12) -> 1277.6991 | N12: =P12/M12*100 -> 4.1293774 | O12: =Q12/M12*100 -> 8.3568268 | P12: =$U$10*K12/SUM($K$10:$K$12) -> 52.761016 | Q12: =$V$10*L12/SUM($L$10:$L$12) -> 106.7751 | X12: =ROUND(M12,0) -> 1278 | Y12: =ROUND(N12,2) -> 4.13 | Z12: =ROUND(O12,2) -> 8.36 | AC12: 2002 | AD12: Pali
A13: 72242 | B13: 1023 | C13: Front | D13: 45931 | F13: 2002 | G13: =VLOOKUP(F13,$AC$11:$AD$19,2,0) -> Pali | H13: 3710 | I13: 4.2 | J13: 8.37 | K13: =H13*I13% -> 155.82 | L13: =H13*J13% -> 310.527 | M13: =$R$13*H13/SUM($H$13) -> 3570 | N13: =P13/M13*100 -> 4.15 | O13: =Q13/M13*100 -> 8.24 | P13: =$U$13*K13/SUM($K$13) -> 148.155 | Q13: =$V$13*L13/SUM($L$13) -> 294.168 | R13: 3570 | S13: 4.15 | T13: 8.24 | U13: =R13*S13% -> 148.155 | V13: =R13*T13% -> 294.168 | X13: =ROUND(M13,0) -> 3570 | Y13: =ROUND(N13,2) -> 4.15 | Z13: =ROUND(O13,2) -> 8.24 | AC13: 2003 | AD13: Hisri
A14: 70088 | B14: 8504 | C14: Single | D14: 45932 | F14: 2001 | G14: =VLOOKUP(F14,$AC$11:$AD$19,2,0) -> Itki | H14: 3668 | I14: 4.3 | J14: 8.52 | K14: =H14*I14% -> 157.724 | L14: =H14*J14% -> 312.5136 | M14: =$R$14*H14/SUM($H$14) -> 3680 | N14: =P14/M14*100 -> 4.2 | O14: =Q14/M14*100 -> 8.43 | P14: =$U$14*K14/SUM($K$14) -> 154.56 | Q14: =$V$14*L14/SUM($L$14) -> 310.224 | R14: 3680 | S14: 4.2 | T14: 8.43 | U14: =R14*S14% -> 154.56 | V14: =R14*T14% -> 310.224 | X14: =ROUND(M14,0) -> 3680 | Y14: =ROUND(N14,2) -> 4.2 | Z14: =ROUND(O14,2) -> 8.43 | AC14: 2004 | AD14: Choria
A15: 72245 | B15: 8504 | C15: Single | D15: 45934 | F15: 2002 | G15: =VLOOKUP(F15,$AC$11:$AD$19,2,0) -> Pali | H15: 3272 | I15: 4.25 | J15: 8.44 | K15: =H15*I15% -> 139.06 | L15: =H15*J15% -> 276.1568 | M15: =$R$15*H15/SUM($H$15) -> 3170 | N15: =P15/M15*100 -> 4.15 | O15: =Q15/M15*100 -> 8.36 | P15: =$U$15*K15/SUM($K$15) -> 131.555 | Q15: =$V$15*L15/SUM($L$15) -> 265.012 | R15: 3170 | S15: 4.15 | T15: 8.36 | U15: =R15*S15% -> 131.555 | V15: =R15*T15% -> 265.012 | X15: =ROUND(M15,0) -> 3170 | Y15: =ROUND(N15,2) -> 4.15 | Z15: =ROUND(O15,2) -> 8.36 | AC15: 2005 | AD15: Baski2
A16: 70090 | B16: 9944 | C16: Single | D16: 45934 | F16: 2009 | G16: =VLOOKUP(F16,$AC$11:$AD$19,2,0) -> Chanho | H16: 1370 | I16: 4.2 | J16: 8.31 | K16: =H16*I16% -> 57.54 | L16: =H16*J16% -> 113.847 | M16: =$R$16*H16/SUM($H$16:$H$17) -> 1368.1792 | N16: =P16/M16*100 -> 4.1892993 | O16: =Q16/M16*100 -> 8.3676493 | P16: =$U$16*K16/SUM($K$16:$K$17) -> 57.317123 | Q16: =$V$16*L16/SUM($L$16:$L$17) -> 114.48444 | R16: 5260 | S16: 4.3 | T16: 8.39 | U16: =R16*S16% -> 226.18 | V16: =R16*T16% -> 441.314 | X16: =ROUND(M16,0) -> 1368 | Y16: =ROUND(N16,2) -> 4.19 | Z16: =ROUND(O16,2) -> 8.37 | AC16: 2006 | AD16: Ormanjhi
A17: 70090 | B17: 9944 | C17: Single | D17: 45934 | F17: 2008 | G17: =VLOOKUP(F17,$AC$11:$AD$19,2,0) -> Bhandra | H17: 3897 | I17: 4.35 | J17: 8.34 | K17: =H17*I17% -> 169.5195 | L17: =H17*J17% -> 325.0098 | M17: =$R$16*H17/SUM($H$16:$H$17) -> 3891.8208 | N17: =P17/M17*100 -> 4.3389171 | O17: =Q17/M17*100 -> 8.3978574 | P17: =$U$16*K17/SUM($K$16:$K$17) -> 168.86288 | Q17: =$V$16*L17/SUM($L$16:$L$17) -> 326.82956 | X17: =ROUND(M17,0) -> 3892 | Y17: =ROUND(N17,2) -> 4.34 | Z17: =ROUND(O17,2) -> 8.4 | AC17: 2007 | AD17: Piragutu
A18: 72246 | B18: 1023 | C18: Single | D18: 45935 | F18: 2004 | G18: =VLOOKUP(F18,$AC$11:$AD$19,2,0) -> Choria | H18: 1222 | I18: 3.1 | J18: 8 | K18: =H18*I18% -> 37.882 | L18: =H18*J18% -> 97.76 | M18: =$R$18*H18/SUM($H$18:$H$20) -> 1223.5143 | N18: =P18/M18*100 -> 2.980773 | O18: =Q18/M18*100 -> 7.7987459 | P18: =$U$18*K18/SUM($K$18:$K$20) -> 36.470183 | Q18: =$V$18*L18/SUM($L$18:$L$20) -> 95.418768 | R18: 4040 | S18: 3.75 | T18: 8.03 | U18: =R18*S18% -> 151.5 | V18: =R18*T18% -> 324.412 | X18: =ROUND(M18,0) -> 1224 | Y18: =ROUND(N18,2) -> 2.98 | Z18: =ROUND(O18,2) -> 7.8 | AC18: 2008 | AD18: Bhandra
A19: 72246 | B19: 1023 | C19: Single | D19: 45935 | F19: 2007 | G19: =VLOOKUP(F19,$AC$11:$AD$19,2,0) -> Piragutu | H19: 1471 | I19: 4.3 | J19: 8.45 | K19: =H19*I19% -> 63.253 | L19: =H19*J19% -> 124.2995 | M19: =$R$18*H19/SUM($H$18:$H$20) -> 1472.8228 | N19: =P19/M19*100 -> 4.1346206 | O19: =Q19/M19*100 -> 8.2374254 | P19: =$U$18*K19/SUM($K$18:$K$20) -> 60.895635 | Q19: =$V$18*L19/SUM($L$18:$L$20) -> 121.32268 | X19: =ROUND(M19,0) -> 1473 | Y19: =ROUND(N19,2) -> 4.13 | Z19: =ROUND(O19,2) -> 8.24 | AC19: 2009 | AD19: Chanho
A20: 72246 | B20: 1023 | C20: Single | D20: 45935 | F20: 2003 | G20: =VLOOKUP(F20,$AC$11:$AD$19,2,0) -> Hisri | H20: 1342 | I20: 4.19 | J20: 8.22 | K20: =H20*I20% -> 56.2298 | L20: =H20*J20% -> 110.3124 | M20: =$R$18*H20/SUM($H$18:$H$20) -> 1343.6629 | N20: =P20/M20*100 -> 4.0288513 | O20: =Q20/M20*100 -> 8.0132114 | P20: =$U$18*K20/SUM($K$18:$K$20) -> 54.134182 | Q20: =$V$18*L20/SUM($L$18:$L$20) -> 107.67055 | X20: =ROUND(M20,0) -> 1344 | Y20: =ROUND(N20,2) -> 4.03 | Z20: =ROUND(O20,2) -> 8.01
A21: 72211 | B21: 1023 | C21: Rear | D21: 45934 | F21: 2003 | G21: =VLOOKUP(F21,$AC$11:$AD$19,2,0) -> Hisri | H21: 1080 | I21: 4.25 | J21: 8.19 | K21: =H21*I21% -> 45.9 | L21: =H21*J21% -> 88.452 | M21: =$R$21*H21/SUM($H$21:$H$22) -> 1081.8589 | N21: =P21/M21*100 -> 4.1809007 | O21: =Q21/M21*100 -> 7.8630247 | P21: =$U$21*K21/SUM($K$21:$K$22) -> 45.231444 | Q21: =$V$21*L21/SUM($L$21:$L$22) -> 85.06683 | R21: 2910 | S21: 4.15 | T21: 8.05 | U21: =R21*S21% -> 120.765 | V21: =R21*T21% -> 234.255 | X21: =ROUND(M21,0) -> 1082 | Y21: =ROUND(N21,2) -> 4.18 | Z21: =ROUND(O21,2) -> 7.86
A22: 72211 | B22: 1023 | C22: Rear | D22: 45934 | F22: 2007 | G22: =VLOOKUP(F22,$AC$11:$AD$19,2,0) -> Piragutu | H22: 1825 | I22: 4.2 | J22: 8.5 | K22: =H22*I22% -> 76.65 | L22: =H22*J22% -> 155.125 | M22: =$R$21*H22/SUM($H$21:$H$22) -> 1828.1411 | N22: =P22/M22*100 -> 4.1317136 | O22: =Q22/M22*100 -> 8.1606484 | P22: =$U$21*K22/SUM($K$21:$K$22) -> 75.533556 | Q22: =$V$21*L22/SUM($L$21:$L$22) -> 149.18817 | X22: =ROUND(M22,0) -> 1828 | Y22: =ROUND(N22,2) -> 4.13 | Z22: =ROUND(O22,2) -> 8.16
A23: 72211 | B23: 1023 | C23: Front | D23: 45934 | F23: 2006 | G23: =VLOOKUP(F23,$AC$11:$AD$19,2,0) -> Ormanjhi | H23: 2540 | I23: 4.1 | J23: 8.41 | K23: =H23*I23% -> 104.14 | L23: =H23*J23% -> 213.614 | M23: =$R$23*H23/SUM($H$23) -> 2560 | N23: =P23/M23*100 -> 4.1 | O23: =Q23/M23*100 -> 8.16 | P23: =$U$23*K23/SUM($K$23) -> 104.96 | Q23: =$V$23*L23/SUM($L$23) -> 208.896 | R23: 2560 | S23: 4.1 | T23: 8.16 | U23: =R23*S23% -> 104.96 | V23: =R23*T23% -> 208.896 | X23: =ROUND(M23,0) -> 2560 | Y23: =ROUND(N23,2) -> 4.1 | Z23: =ROUND(O23,2) -> 8.16
A24: 72212 | B24: 9944 | C24: Single | D24: 45935 | F24: 2008 | G24: =VLOOKUP(F24,$AC$11:$AD$19,2,0) -> Bhandra | H24: 3794 | I24: 4.35 | J24: 8.4 | K24: =H24*I24% -> 165.039 | L24: =H24*J24% -> 318.696 | M24: =$R$24*H24/SUM($H$24:$H$25) -> 3798.4082 | N24: =P24/M24*100 -> 4.3263858 | O24: =Q24/M24*100 -> 8.2752272 | P24: =$U$24*K24/SUM($K$24:$K$25) -> 164.33379 | Q24: =$V$24*L24/SUM($L$24:$L$25) -> 314.32691 | R24: 5170 | S24: 4.3 | T24: 8.27 | U24: =R24*S24% -> 222.31 | V24: =R24*T24% -> 427.559 | X24: =ROUND(M24,0) -> 3798 | Y24: =ROUND(N24,2) -> 4.33 | Z24: =ROUND(O24,2) -> 8.28
A25: 72212 | B25: 9944 | C25: Single | D25: 45935 | F25: 2009 | G25: =VLOOKUP(F25,$AC$11:$AD$19,2,0) -> Chanho | H25: 1370 | I25: 4.25 | J25: 8.38 | K25: =H25*I25% -> 58.225 | L25: =H25*J25% -> 114.806 | M25: =$R$24*H25/SUM($H$24:$H$25) -> 1371.5918 | N25: =P25/M25*100 -> 4.2269287 | O25: =Q25/M25*100 -> 8.2555242 | P25: =$U$24*K25/SUM($K$24:$K$25) -> 57.976206 | Q25: =$V$24*L25/SUM($L$24:$L$25) -> 113.23209 | X25: =ROUND(M25,0) -> 1372 | Y25: =ROUND(N25,2) -> 4.23 | Z25: =ROUND(O25,2) -> 8.26
A26: 72213 | B26: 9944 | C26: Single | D26: 45936 | F26: 2008 | G26: =VLOOKUP(F26,$AC$11:$AD$19,2,0) -> Bhandra | H26: 3868 | I26: 4.4 | J26: 8.41 | K26: =H26*I26% -> 170.192 | L26: =H26*J26% -> 325.2988 | M26: =$R$26*H26/SUM($H$26:$H$27) -> 3862.0811 | N26: =P26/M26*100 -> 4.338475 | O26: =Q26/M26*100 -> 8.4291093 | P26: =$U$26*K26/SUM($K$26:$K$27) -> 167.55542 | Q26: =$V$26*L26/SUM($L$26:$L$27) -> 325.53904 | R26: 5220 | S26: 4.3 | T26: 8.39 | U26: =R26*S26% -> 224.46 | V26: =R26*T26% -> 437.958 | X26: =ROUND(M26,0) -> 3862 | Y26: =ROUND(N26,2) -> 4.34 | Z26: =ROUND(O26,2) -> 8.43
A27: 72213 | B27: 9944 | C27: Single | D27: 45936 | F27: 2009 | G27: =VLOOKUP(F27,$AC$11:$AD$19,2,0) -> Chanho | H27: 1360 | I27: 4.25 | J27: 8.26 | K27: =H27*I27% -> 57.8 | L27: =H27*J27% -> 112.336 | M27: =$R$26*H27/SUM($H$26:$H$27) -> 1357.9189 | N27: =P27/M27*100 -> 4.1905725 | O27: =Q27/M27*100 -> 8.2787685 | P27: =$U$26*K27/SUM($K$26:$K$27) -> 56.904576 | Q27: =$V$26*L27/SUM($L$26:$L$27) -> 112.41896 | X27: =ROUND(M27,0) -> 1358 | Y27: =ROUND(N27,2) -> 4.19 | Z27: =ROUND(O27,2) -> 8.28
A28: 72411 | B28: 1023 | C28: Rear | D28: 45935 | F28: 2006 | G28: =VLOOKUP(F28,$AC$11:$AD$19,2,0) -> Ormanjhi | H28: 2500 | I28: 4.15 | J28: 8.24 | K28: =H28*I28% -> 103.75 | L28: =H28*J28% -> 206 | M28: =$R$28*H28/SUM($H$28) -> 2510 | N28: =P28/M28*100 -> 4.15 | O28: =Q28/M28*100 -> 8.24 | P28: =$U$28*K28/SUM($K$28) -> 104.165 | Q28: =$V$28*L28/SUM($L$28) -> 206.824 | R28: 2510 | S28: 4.15 | T28: 8.24 | U28: =R28*S28% -> 104.165 | V28: =R28*T28% -> 206.824 | X28: =ROUND(M28,0) -> 2510 | Y28: =ROUND(N28,2) -> 4.15 | Z28: =ROUND(O28,2) -> 8.24
A29: 72411 | B29: 1023 | C29: Front | D29: 45935 | F29: 2002 | G29: =VLOOKUP(F29,$AC$11:$AD$19,2,0) -> Pali | H29: 4330 | I29: 4.15 | J29: 8.36 | K29: =H29*I29% -> 179.695 | L29: =H29*J29% -> 361.988 | M29: =$R$29*H29/SUM($H$29) -> 4330 | N29: =P29/M29*100 -> 4.15 | O29: =Q29/M29*100 -> 8.36 | P29: =$U$29*K29/SUM($K$29) -> 179.695 | Q29: =$V$29*L29/SUM($L$29) -> 361.988 | R29: 4330 | S29: 4.15 | T29: 8.36 | U29: =R29*S29% -> 179.695 | V29: =R29*T29% -> 361.988 | X29: =ROUND(M29,0) -> 4330 | Y29: =ROUND(N29,2) -> 4.15 | Z29: =ROUND(O29,2) -> 8.36
A30: 72244 | B30: 8504 | C30: Single | D30: 45933 | F30: 2002 | G30: =VLOOKUP(F30,$AC$11:$AD$19,2,0) -> Pali | H30: 4331 | I30: 4.2 | J30: 8.43 | K30: =H30*I30% -> 181.902 | L30: =H30*J30% -> 365.1033 | M30: =$R$30*H30/SUM($H$30) -> 4210 | N30: =P30/M30*100 -> 4.2 | O30: =Q30/M30*100 -> 8.37 | P30: =$U$30*K30/SUM($K$30) -> 176.82 | Q30: =$V$30*L30/SUM($L$30) -> 352.377 | R30: 4210 | S30: 4.2 | T30: 8.37 | U30: =R30*S30% -> 176.82 | V30: =R30*T30% -> 352.377 | X30: =ROUND(M30,0) -> 4210 | Y30: =ROUND(N30,2) -> 4.2 | Z30: =ROUND(O30,2) -> 8.37
A31: 70089 | B31: 9944 | C31: Single | D31: 45933 | F31: 2009 | G31: =VLOOKUP(F31,$AC$11:$AD$19,2,0) -> Chanho | H31: 1352 | I31: 4.15 | J31: 8.24 | K31: =H31*I31% -> 56.108 | L31: =H31*J31% -> 111.4048 | M31: =$R$31*H31/SUM($H$31:$H$32) -> 1340.9882 | N31: =P31/M31*100 -> 4.1370592 | O31: =Q31/M31*100 -> 8.1924161 | P31: =$U$31*K31/SUM($K$31:$K$32) -> 55.477477 | Q31: =$V$31*L31/SUM($L$31:$L$32) -> 109.85934 | R31: 5480 | S31: 4.25 | T31: 8.26 | U31: =R31*S31% -> 232.9 | V31: =R31*T31% -> 452.648 | X31: =ROUND(M31,0) -> 1341 | Y31: =ROUND(N31,2) -> 4.14 | Z31: =ROUND(O31,2) -> 8.19
A32: 70089 | B32: 9944 | C32: Single | D32: 45933 | F32: 2008 | G32: =VLOOKUP(F32,$AC$11:$AD$19,2,0) -> Bhandra | H32: 4173 | I32: 4.3 | J32: 8.33 | K32: =H32*I32% -> 179.439 | L32: =H32*J32% -> 347.6109 | M32: =$R$31*H32/SUM($H$31:$H$32) -> 4139.0118 | N32: =P32/M32*100 -> 4.2865914 | O32: =Q32/M32*100 -> 8.2818963 | P32: =$U$31*K32/SUM($K$31:$K$32) -> 177.42252 | Q32: =$V$31*L32/SUM($L$31:$L$32) -> 342.78866 | X32: =ROUND(M32,0) -> 4139 | Y32: =ROUND(N32,2) -> 4.29 | Z32: =ROUND(O32,2) -> 8.28
A33: 72179 | B33: 8504 | C33: Single | D33: 45936 | F33: 2007 | G33: =VLOOKUP(F33,$AC$11:$AD$19,2,0) -> Piragutu | H33: 1618 | I33: 4.35 | J33: 8.4 | K33: =H33*I33% -> 70.383 | L33: =H33*J33% -> 135.912 | M33: =$R$33*H33/SUM($H$33:$H$36) -> 1600.2476 | N33: =P33/M33*100 -> 4.3310488 | O33: =Q33/M33*100 -> 8.2814912 | P33: =$U$33*K33/SUM($K$33:$K$36) -> 69.307507 | Q33: =$V$33*L33/SUM($L$33:$L$36) -> 132.52437 | R33: 6310 | S33: 4.2 | T33: 8.18 | U33: =R33*S33% -> 265.02 | V33: =R33*T33% -> 516.158 | X33: =ROUND(M33,0) -> 1600 | Y33: =ROUND(N33,2) -> 4.33 | Z33: =ROUND(O33,2) -> 8.28
A34: 72179 | B34: 8504 | C34: Single | D34: 45936 | F34: 2003 | G34: =VLOOKUP(F34,$AC$11:$AD$19,2,0) -> Hisri | H34: 1069 | I34: 4.35 | J34: 8.15 | K34: =H34*I34% -> 46.5015 | L34: =H34*J34% -> 87.1235 | M34: =$R$33*H34/SUM($H$33:$H$36) -> 1057.2712 | N34: =P34/M34*100 -> 4.3310488 | O34: =Q34/M34*100 -> 8.0350183 | P34: =$U$33*K34/SUM($K$33:$K$36) -> 45.79093 | Q34: =$V$33*L34/SUM($L$33:$L$36) -> 84.951931 | X34: =ROUND(M34,0) -> 1057 | Y34: =ROUND(N34,2) -> 4.33 | Z34: =ROUND(O34,2) -> 8.04
A35: 72179 | B35: 8504 | C35: Single | D35: 45936 | F35: 2002 | G35: =VLOOKUP(F35,$AC$11:$AD$19,2,0) -> Pali | H35: 2023 | I35: 4.1 | J35: 8.29 | K35: =H35*I35% -> 82.943 | L35: =H35*J35% -> 167.7067 | M35: =$R$33*H35/SUM($H$33:$H$36) -> 2000.8041 | N35: =P35/M35*100 -> 4.082138 | O35: =Q35/M35*100 -> 8.1730431 | P35: =$U$33*K35/SUM($K$33:$K$36) -> 81.675583 | Q35: =$V$33*L35/SUM($L$33:$L$36) -> 163.52658 | X35: =ROUND(M35,0) -> 2001 | Y35: =ROUND(N35,2) -> 4.08 | Z35: =ROUND(O35,2) -> 8.17
A36: 72179 | B36: 8504 | C36: Single | D36: 45936 | F36: 2006 | G36: =VLOOKUP(F36,$AC$11:$AD$19,2,0) -> Ormanjhi | H36: 1670 | I36: 4.15 | J36: 8.3 | K36: =H36*I36% -> 69.305 | L36: =H36*J36% -> 138.61 | M36: =$R$33*H36/SUM($H$33:$H$36) -> 1651.6771 | N36: =P36/M36*100 -> 4.1319202 | O36: =Q36/M36*100 -> 8.182902 | P36: =$U$33*K36/SUM($K$33:$K$36) -> 68.24598 | Q36: =$V$33*L36/SUM($L$33:$L$36) -> 135.15512 | X36: =ROUND(M36,0) -> 1652 | Y36: =ROUND(N36,2) -> 4.13 | Z36: =ROUND(O36,2) -> 8.18
A37: 72414 | B37: 9944 | C37: Single | D37: 45937 | F37: 2009 | G37: =VLOOKUP(F37,$AC$11:$AD$19,2,0) -> Chanho | H37: 1396 | I37: 4.2 | J37: 8.37 | K37: =H37*I37% -> 58.632 | L37: =H37*J37% -> 116.8452 | M37: =$R$37*H37/SUM($H$37:$H$38) -> 1397.9301 | N37: =P37/M37*100 -> 4.1360273 | O37: =Q37/M37*100 -> 8.3835267 | P37: =$U$37*K37/SUM($K$37:$K$38) -> 57.81877 | Q37: =$V$37*L37/SUM($L$37:$L$38) -> 117.19584 | R37: 5070 | S37: 4.35 | T37: 8.34 | U37: =R37*S37% -> 220.545 | V37: =R37*T37% -> 422.838 | X37: =ROUND(M37,0) -> 1398 | Y37: =ROUND(N37,2) -> 4.14 | Z37: =ROUND(O37,2) -> 8.38
A38: 72414 | B38: 9944 | C38: Single | D38: 45937 | F38: 2008 | G38: =VLOOKUP(F38,$AC$11:$AD$19,2,0) -> Bhandra | H38: 3667 | I38: 4.5 | J38: 8.31 | K38: =H38*I38% -> 165.015 | L38: =H38*J38% -> 304.7277 | M38: =$R$37*H38/SUM($H$37:$H$38) -> 3672.0699 | N38: =P38/M38*100 -> 4.4314578 | O38: =Q38/M38*100 -> 8.3234297 | P38: =$U$37*K38/SUM($K$37:$K$38) -> 162.72623 | Q38: =$V$37*L38/SUM($L$37:$L$38) -> 305.64216 | X38: =ROUND(M38,0) -> 3672 | Y38: =ROUND(N38,2) -> 4.43 | Z38: =ROUND(O38,2) -> 8.32
A39: 72215 | B39: 8504 | C39: Single | D39: 45938 | F39: 2003 | G39: =VLOOKUP(F39,$AC$11:$AD$19,2,0) -> Hisri | H39: 1117 | I39: 4.3 | J39: 8.2 | K39: =H39*I39% -> 48.031 | L39: =H39*J39% -> 91.594 | M39: =$R$39*H39/SUM($H$39:$H$41) -> 1111.339 | N39: =P39/M39*100 -> 4.263176 | O39: =Q39/M39*100 -> 8.0611438 | P39: =$U$39*K39/SUM($K$39:$K$41) -> 47.378338 | Q39: =$V$39*L39/SUM($L$39:$L$41) -> 89.586637 | R39: 3730 | S39: 4.05 | T39: 8.15 | U39: =R39*S39% -> 151.065 | V39: =R39*T39% -> 303.995 | X39: =ROUND(M39,0) -> 1111 | Y39: =ROUND(N39,2) -> 4.26 | Z39: =ROUND(O39,2) -> 8.06
A40: 72215 | B40: 8504 | C40: Single | D40: 45938 | F40: 2004 | G40: =VLOOKUP(F40,$AC$11:$AD$19,2,0) -> Choria | H40: 1025 | I40: 3.2 | J40: 8.17 | K40: =H40*I40% -> 32.8 | L40: =H40*J40% -> 83.7425 | M40: =$R$39*H40/SUM($H$39:$H$41) -> 1019.8053 | N40: =P40/M40*100 -> 3.1725961 | O40: =Q40/M40*100 -> 8.0316518 | P40: =$U$39*K40/SUM($K$39:$K$41) -> 32.354302 | Q40: =$V$39*L40/SUM($L$39:$L$41) -> 81.907209 | X40: =ROUND(M40,0) -> 1020 | Y40: =ROUND(N40,2) -> 3.17 | Z40: =ROUND(O40,2) -> 8.03
A41: 72215 | B41: 8504 | C41: Single | D41: 45938 | F41: 2007 | G41: =VLOOKUP(F41,$AC$11:$AD$19,2,0) -> Piragutu | H41: 1607 | I41: 4.5 | J41: 8.43 | K41: =H41*I41% -> 72.315 | L41: =H41*J41% -> 135.4701 | M41: =$R$39*H41/SUM($H$39:$H$41) -> 1598.8557 | N41: =P41/M41*100 -> 4.4614632 | O41: =Q41/M41*100 -> 8.2872491 | P41: =$U$39*K41/SUM($K$39:$K$41) -> 71.332359 | Q41: =$V$39*L41/SUM($L$39:$L$41) -> 132.50115 | X41: =ROUND(M41,0) -> 1599 | Y41: =ROUND(N41,2) -> 4.46 | Z41: =ROUND(O41,2) -> 8.29
A42: 72183 | B42: 1023 | C42: Rear | D42: 45938 | F42: 2001 | G42: =VLOOKUP(F42,$AC$11:$AD$19,2,0) -> Itki | H42: 2740 | I42: 4.15 | J42: 8.36 | K42: =H42*I42% -> 113.71 | L42: =H42*J42% -> 229.064 | M42: =$R$42*H42/SUM($H$42:$H$43) -> 2742.5873 | N42: =P42/M42*100 -> 4.1324166 | O42: =Q42/M42*100 -> 8.3564699 | P42: =$U$42*K42/SUM($K$42:$K$43) -> 113.33514 | Q42: =$V$42*L42/SUM($L$42:$L$43) -> 229.18348 | R42: 4240 | S42: 4.15 | T42: 8.36 | U42: =R42*S42% -> 175.96 | V42: =R42*T42% -> 354.464 | X42: =ROUND(M42,0) -> 2743 | Y42: =ROUND(N42,2) -> 4.13 | Z42: =ROUND(O42,2) -> 8.36
A43: 72183 | B43: 1023 | C43: Rear | D43: 45938 | F43: 2006 | G43: =VLOOKUP(F43,$AC$11:$AD$19,2,0) -> Ormanjhi | H43: 1496 | I43: 4.2 | J43: 8.37 | K43: =H43*I43% -> 62.832 | L43: =H43*J43% -> 125.2152 | M43: =$R$42*H43/SUM($H$42:$H$43) -> 1497.4127 | N43: =P43/M43*100 -> 4.1822048 | O43: =Q43/M43*100 -> 8.3664656 | P43: =$U$42*K43/SUM($K$42:$K$43) -> 62.624864 | Q43: =$V$42*L43/SUM($L$42:$L$43) -> 125.28052 | X43: =ROUND(M43,0) -> 1497 | Y43: =ROUND(N43,2) -> 4.18 | Z43: =ROUND(O43,2) -> 8.37
A44: 72183 | B44: 1023 | C44: Front | D44: 45938 | F44: 2002 | G44: =VLOOKUP(F44,$AC$11:$AD$19,2,0) -> Pali | H44: 4330 | I44: 4.15 | J44: 8.36 | K44: =H44*I44% -> 179.695 | L44: =H44*J44% -> 361.988 | M44: =$R$44*H44/SUM($H$44) -> 4330 | N44: =P44/M44*100 -> 4.15 | O44: =Q44/M44*100 -> 8.36 | P44: =$U$44*K44/SUM($K$44) -> 179.695 | Q44: =$V$44*L44/SUM($L$44) -> 361.988 | R44: 4330 | S44: 4.15 | T44: 8.36 | U44: =R44*S44% -> 179.695 | V44: =R44*T44% -> 361.988 | X44: =ROUND(M44,0) -> 4330 | Y44: =ROUND(N44,2) -> 4.15 | Z44: =ROUND(O44,2) -> 8.36
A45: 72415 | B45: 9944 | C45: Single | D45: 45939 | F45: 2009 | G45: =VLOOKUP(F45,$AC$11:$AD$19,2,0) -> Chanho | H45: 1407 | I45: 4.25 | J45: 8.44 | K45: =H45*I45% -> 59.7975 | L45: =H45*J45% -> 118.7508 | M45: =$R$45*H45/SUM($H$45:$H$46) -> 1382.3158 | N45: =P45/M45*100 -> 4.24939 | O45: =Q45/M45*100 -> 8.4250365 | P45: =$U$45*K45/SUM($K$45:$K$46) -> 58.739989 | Q45: =$V$45*L45/SUM($L$45:$L$46) -> 116.46061 | R45: 5600 | S45: 4.4 | T45: 8.41 | U45: =R45*S45% -> 246.4 | V45: =R45*T45% -> 470.96 | X45: =ROUND(M45,0) -> 1382 | Y45: =ROUND(N45,2) -> 4.25 | Z45: =ROUND(O45,2) -> 8.43
A46: 72415 | B46: 9944 | C46: Single | D46: 45939 | F46: 2008 | G46: =VLOOKUP(F46,$AC$11:$AD$19,2,0) -> Bhandra | H46: 4293 | I46: 4.45 | J46: 8.42 | K46: =H46*I46% -> 191.0385 | L46: =H46*J46% -> 361.4706 | M46: =$R$45*H46/SUM($H$45:$H$46) -> 4217.6842 | N46: =P46/M46*100 -> 4.4493613 | O46: =Q46/M46*100 -> 8.4050719 | P46: =$U$45*K46/SUM($K$45:$K$46) -> 187.66001 | Q46: =$V$45*L46/SUM($L$45:$L$46) -> 354.49939 | X46: =ROUND(M46,0) -> 4218 | Y46: =ROUND(N46,2) -> 4.45 | Z46: =ROUND(O46,2) -> 8.41
A47: 72184 | B47: 8504 | C47: Single | D47: 45939 | F47: 2001 | G47: =VLOOKUP(F47,$AC$11:$AD$19,2,0) -> Itki | H47: 5077 | I47: 4.3 | J47: 8.45 | K47: =H47*I47% -> 218.311 | L47: =H47*J47% -> 429.0065 | M47: =$R$47*H47/SUM($H$47) -> 5110 | N47: =P47/M47*100 -> 4.3 | O47: =Q47/M47*100 -> 8.45 | P47: =$U$47*K47/SUM($K$47) -> 219.73 | Q47: =$V$47*L47/SUM($L$47) -> 431.795 | R47: 5110 | S47: 4.3 | T47: 8.45 | U47: =R47*S47% -> 219.73 | V47: =R47*T47% -> 431.795 | X47: =ROUND(M47,0) -> 5110 | Y47: =ROUND(N47,2) -> 4.3 | Z47: =ROUND(O47,2) -> 8.45
A48: 72182 | B48: 9944 | C48: Single | D48: 45938 | F48: 2009 | G48: =VLOOKUP(F48,$AC$11:$AD$19,2,0) -> Chanho | H48: 1376 | I48: 4.05 | J48: 8.09 | K48: =H48*I48% -> 55.728 | L48: =H48*J48% -> 111.3184 | M48: =$R$48*H48/SUM($H$48:$H$49) -> 1371.5672 | N48: =P48/M48*100 -> 4.1123437 | O48: =Q48/M48*100 -> 8.0925256 | P48: =$U$48*K48/SUM($K$48:$K$49) -> 56.403556 | Q48: =$V$48*L48/SUM($L$48:$L$49) -> 110.99443 | R48: 5260 | S48: 4.3 | T48: 8.27 | U48: =R48*S48% -> 226.18 | V48: =R48*T48% -> 435.002 | X48: =ROUND(M48,0) -> 1372 | Y48: =ROUND(N48,2) -> 4.11 | Z48: =ROUND(O48,2) -> 8.09
A49: 72182 | B49: 9944 | C49: Single | D49: 45938 | F49: 2008 | G49: =VLOOKUP(F49,$AC$11:$AD$19,2,0) -> Bhandra | H49: 3901 | I49: 4.3 | J49: 8.33 | K49: =H49*I49% -> 167.743 | L49: =H49*J49% -> 324.9533 | M49: =$R$48*H49/SUM($H$48:$H$49) -> 3888.4328 | N49: =P49/M49*100 -> 4.366192 | O49: =Q49/M49*100 -> 8.3326005 | P49: =$U$48*K49/SUM($K$48:$K$49) -> 169.77644 | Q49: =$V$48*L49/SUM($L$48:$L$49) -> 324.00757 | X49: =ROUND(M49,0) -> 3888 | Y49: =ROUND(N49,2) -> 4.37 | Z49: =ROUND(O49,2) -> 8.33
A50: 72214 | B50: 8504 | C50: Single | D50: 45937 | F50: 2003 | G50: =VLOOKUP(F50,$AC$11:$AD$19,2,0) -> Hisri | H50: 1007 | I50: 4.3 | J50: 8.2 | K50: =H50*I50% -> 43.301 | L50: =H50*J50% -> 82.574 | M50: =$R$50*H50/SUM($H$50:$H$52) -> 1014.0561 | N50: =P50/M50*100 -> 4.2946014 | O50: =Q50/M50*100 -> 7.9832977 | P50: =$U$50*K50/SUM($K$50:$K$52) -> 43.549665 | Q50: =$V$50*L50/SUM($L$50:$L$52) -> 80.955114 | R50: 5030 | S50: 4.3 | T50: 8.2 | U50: =R50*S50% -> 216.29 | V50: =R50*T50% -> 412.46 | X50: =ROUND(M50,0) -> 1014 | Y50: =ROUND(N50,2) -> 4.29 | Z50: =ROUND(O50,2) -> 7.98
A51: 72214 | B51: 8504 | C51: Single | D51: 45937 | F51: 2007 | G51: =VLOOKUP(F51,$AC$11:$AD$19,2,0) -> Piragutu | H51: 1563 | I51: 4.55 | J51: 8.57 | K51: =H51*I51% -> 71.1165 | L51: =H51*J51% -> 133.9491 | M51: =$R$50*H51/SUM($H$50:$H$52) -> 1573.952 | N51: =P51/M51*100 -> 4.5442875 | O51: =Q51/M51*100 -> 8.3435197 | P51: =$U$50*K51/SUM($K$50:$K$52) -> 71.524902 | Q51: =$V$50*L51/SUM($L$50:$L$52) -> 131.32299 | X51: =ROUND(M51,0) -> 1574 | Y51: =ROUND(N51,2) -> 4.54 | Z51: =ROUND(O51,2) -> 8.34
A52: 72214 | B52: 8504 | C52: Single | D52: 45937 | F52: 2006 | G52: =VLOOKUP(F52,$AC$11:$AD$19,2,0) -> Ormanjhi | H52: 2425 | I52: 4.15 | J52: 8.42 | K52: =H52*I52% -> 100.6375 | L52: =H52*J52% -> 204.185 | M52: =$R$50*H52/SUM($H$50:$H$52) -> 2441.992 | N52: =P52/M52*100 -> 4.1447897 | O52: =Q52/M52*100 -> 8.1974837 | P52: =$U$50*K52/SUM($K$50:$K$52) -> 101.21543 | Q52: =$V$50*L52/SUM($L$50:$L$52) -> 200.1819 | X52: =ROUND(M52,0) -> 2442 | Y52: =ROUND(N52,2) -> 4.14 | Z52: =ROUND(O52,2) -> 8.2
A53: 72181 | B53: 1023 | C53: Single | D53: 45937 | F53: 2001 | G53: =VLOOKUP(F53,$AC$11:$AD$19,2,0) -> Itki | H53: 4330 | I53: 4.15 | J53: 8.42 | K53: =H53*I53% -> 179.695 | L53: =H53*J53% -> 364.586 | M53: =$R$53*H53/SUM($H$53) -> 4320 | N53: =P53/M53*100 -> 4.15 | O53: =Q53/M53*100 -> 8.42 | P53: =$U$53*K53/SUM($K$53) -> 179.28 | Q53: =$V$53*L53/SUM($L$53) -> 363.744 | R53: 4320 | S53: 4.15 | T53: 8.42 | U53: =R53*S53% -> 179.28 | V53: =R53*T53% -> 363.744 | X53: =ROUND(M53,0) -> 4320 | Y53: =ROUND(N53,2) -> 4.15 | Z53: =ROUND(O53,2) -> 8.42
A54: 72413 | B54: 1023 | C54: Rear | D54: 45936 | F54: 2004 | G54: =VLOOKUP(F54,$AC$11:$AD$19,2,0) -> Choria | H54: 950 | I54: 3 | J54: 8.09 | K54: =H54*I54% -> 28.5 | L54: =H54*J54% -> 76.855 | M54: =$R$54*H54/SUM($H$54:$H$56) -> 952.08922 | N54: =P54/M54*100 -> 2.9704633 | O54: =Q54/M54*100 -> 8.03047 | P54: =$U$54*K54/SUM($K$54:$K$56) -> 28.281461 | Q54: =$V$54*L54/SUM($L$54:$L$56) -> 76.45724 | R54: 3190 | S54: 4 | T54: 8.21 | U54: =R54*S54% -> 127.6 | V54: =R54*T54% -> 261.899 | X54: =ROUND(M54,0) -> 952 | Y54: =ROUND(N54,2) -> 2.97 | Z54: =ROUND(O54,2) -> 8.03
A55: 72413 | B55: 1023 | C55: Rear | D55: 45936 | F55: 2007 | G55: =VLOOKUP(F55,$AC$11:$AD$19,2,0) -> Piragutu | H55: 1435 | I55: 4.5 | J55: 8.43 | K55: =H55*I55% -> 64.575 | L55: =H55*J55% -> 120.9705 | M55: =$R$54*H55/SUM($H$54:$H$56) -> 1438.1558 | N55: =P55/M55*100 -> 4.455695 | O55: =Q55/M55*100 -> 8.3679682 | P55: =$U$54*K55/SUM($K$54:$K$56) -> 64.079838 | Q55: =$V$54*L55/SUM($L$54:$L$56) -> 120.34442 | X55: =ROUND(M55,0) -> 1438 | Y55: =ROUND(N55,2) -> 4.46 | Z55: =ROUND(O55,2) -> 8.37
A56: 72413 | B56: 1023 | C56: Rear | D56: 45936 | F56: 2003 | G56: =VLOOKUP(F56,$AC$11:$AD$19,2,0) -> Hisri | H56: 798 | I56: 4.45 | J56: 8.2 | K56: =H56*I56% -> 35.511 | L56: =H56*J56% -> 65.436 | M56: =$R$54*H56/SUM($H$54:$H$56) -> 799.75495 | N56: =P56/M56*100 -> 4.4061873 | O56: =Q56/M56*100 -> 8.1396606 | P56: =$U$54*K56/SUM($K$54:$K$56) -> 35.238701 | Q56: =$V$54*L56/SUM($L$54:$L$56) -> 65.097338 | X56: =ROUND(M56,0) -> 800 | Y56: =ROUND(N56,2) -> 4.41 | Z56: =ROUND(O56,2) -> 8.14
A57: 72413 | B57: 1023 | C57: Front | D57: 45936 | F57: 2002 | G57: =VLOOKUP(F57,$AC$11:$AD$19,2,0) -> Pali | H57: 2990 | I57: 4.2 | J57: 8.43 | K57: =H57*I57% -> 125.58 | L57: =H57*J57% -> 252.057 | M57: =$R$57*H57/SUM($H$57) -> 2810 | N57: =P57/M57*100 -> 4.2 | O57: =Q57/M57*100 -> 8.43 | P57: =$U$57*K57/SUM($K$57) -> 118.02 | Q57: =$V$57*L57/SUM($L$57) -> 236.883 | R57: 2810 | S57: 4.2 | T57: 8.43 | U57: =R57*S57% -> 118.02 | V57: =R57*T57% -> 236.883 | X57: =ROUND(M57,0) -> 2810 | Y57: =ROUND(N57,2) -> 4.2 | Z57: =ROUND(O57,2) -> 8.43
A58: 72180 | B58: 8504 | C58: Single | D58: 45936 | F58: 2001 | G58: =VLOOKUP(F58,$AC$11:$AD$19,2,0) -> Itki | H58: 6700 | I58: 4.3 | J58: 8.27 | K58: =H58*I58% -> 288.1 | L58: =H58*J58% -> 554.09 | M58: =$R$58*H58/SUM($H$58) -> 6700 | N58: =P58/M58*100 -> 4.3 | O58: =Q58/M58*100 -> 8.27 | P58: =$U$58*K58/SUM($K$58) -> 288.1 | Q58: =$V$58*L58/SUM($L$58) -> 554.09 | R58: 6700 | S58: 4.3 | T58: 8.27 | U58: =R58*S58% -> 288.1 | V58: =R58*T58% -> 554.09 | X58: =ROUND(M58,0) -> 6700 | Y58: =ROUND(N58,2) -> 4.3 | Z58: =ROUND(O58,2) -> 8.27
A59: 72248 | B59: 1023 | C59: Single | D59: 45939 | F59: 2002 | G59: =VLOOKUP(F59,$AC$11:$AD$19,2,0) -> Pali | H59: 3600 | I59: 4.15 | J59: 8.36 | K59: =H59*I59% -> 149.4 | L59: =H59*J59% -> 300.96 | M59: =$R$59*H59/SUM($H$59) -> 3600 | N59: =P59/M59*100 -> 4.1 | O59: =Q59/M59*100 -> 8.23 | P59: =$U$59*K59/SUM($K$59) -> 147.6 | Q59: =$V$59*L59/SUM($L$59) -> 296.28 | R59: 3600 | S59: 4.1 | T59: 8.23 | U59: =R59*S59% -> 147.6 | V59: =R59*T59% -> 296.28 | X59: =ROUND(M59,0) -> 3600 | Y59: =ROUND(N59,2) -> 4.1 | Z59: =ROUND(O59,2) -> 8.23
A60: 72216 | B60: 1023 | C60: Rear | D60: 45940 | F60: 2007 | G60: =VLOOKUP(F60,$AC$11:$AD$19,2,0) -> Piragutu | H60: 2188 | I60: 4.5 | J60: 8.43 | K60: =H60*I60% -> 98.46 | L60: =H60*J60% -> 184.4484 | M60: =$R$60*H60/SUM($H$60:$H$61) -> 2197.0289 | N60: =P60/M60*100 -> 4.3461154 | O60: =Q60/M60*100 -> 8.4052574 | P60: =$U$60*K60/SUM($K$60:$K$61) -> 95.48541 | Q60: =$V$60*L60/SUM($L$60:$L$61) -> 184.66593 | R60: 3650 | S60: 4.25 | T60: 8.31 | U60: =R60*S60% -> 155.125 | V60: =R60*T60% -> 303.315 | X60: =ROUND(M60,0) -> 2197 | Y60: =ROUND(N60,2) -> 4.35 | Z60: =ROUND(O60,2) -> 8.41
A61: 72216 | B61: 1023 | C61: Rear | D61: 45940 | F61: 2003 | G61: =VLOOKUP(F61,$AC$11:$AD$19,2,0) -> Hisri | H61: 1447 | I61: 4.25 | J61: 8.19 | K61: =H61*I61% -> 61.4975 | L61: =H61*J61% -> 118.5093 | M61: =$R$60*H61/SUM($H$60:$H$61) -> 1452.9711 | N61: =P61/M61*100 -> 4.1046645 | O61: =Q61/M61*100 -> 8.1659618 | P61: =$U$60*K61/SUM($K$60:$K$61) -> 59.63959 | Q61: =$V$60*L61/SUM($L$60:$L$61) -> 118.64907 | X61: =ROUND(M61,0) -> 1453 | Y61: =ROUND(N61,2) -> 4.1 | Z61: =ROUND(O61,2) -> 8.17
A62: 72216 | B62: 1023 | C62: Front | D62: 45940 | F62: 2006 | G62: =VLOOKUP(F62,$AC$11:$AD$19,2,0) -> Ormanjhi | H62: 2089 | I62: 4 | J62: 8.21 | K62: =H62*I62% -> 83.56 | L62: =H62*J62% -> 171.5069 | M62: =$R$62*H62/SUM($H$62) -> 2090 | N62: =P62/M62*100 -> 3.9 | O62: =Q62/M62*100 -> 8 | P62: =$U$62*K62/SUM($K$62) -> 81.51 | Q62: =$V$62*L62/SUM($L$62) -> 167.2 | R62: 2090 | S62: 3.9 | T62: 8 | U62: =R62*S62% -> 81.51 | V62: =R62*T62% -> 167.2 | X62: =ROUND(M62,0) -> 2090 | Y62: =ROUND(N62,2) -> 3.9 | Z62: =ROUND(O62,2) -> 8
A63: 72249 | B63: 8504 | C63: Single | D63: 45940 | F63: 2009 | G63: =VLOOKUP(F63,$AC$11:$AD$19,2,0) -> Chanho | H63: 1336 | I63: 4 | J63: 8.02 | K63: =H63*I63% -> 53.44 | L63: =H63*J63% -> 107.1472 | M63: =$R$63*H63/SUM($H$63:$H$64) -> 1335.7406 | N63: =P63/M63*100 -> 4.0034885 | O63: =Q63/M63*100 -> 7.9149371 | P63: =$U$63*K63/SUM($K$63:$K$64) -> 53.476222 | Q63: =$V$63*L63/SUM($L$63:$L$64) -> 105.72303 | R63: 5150 | S63: 4.3 | T63: 8.2 | U63: =R63*S63% -> 221.45 | V63: =R63*T63% -> 422.3 | X63: =ROUND(M63,0) -> 1336 | Y63: =ROUND(N63,2) -> 4 | Z63: =ROUND(O63,2) -> 7.91
A64: 72249 | B64: 8504 | C64: Single | D64: 45940 | F64: 2008 | G64: =VLOOKUP(F64,$AC$11:$AD$19,2,0) -> Bhandra | H64: 3815 | I64: 4.4 | J64: 8.41 | K64: =H64*I64% -> 167.86 | L64: =H64*J64% -> 320.8415 | M64: =$R$63*H64/SUM($H$63:$H$64) -> 3814.2594 | N64: =P64/M64*100 -> 4.4038373 | O64: =Q64/M64*100 -> 8.2998281 | P64: =$U$63*K64/SUM($K$63:$K$64) -> 167.97378 | Q64: =$V$63*L64/SUM($L$63:$L$64) -> 316.57697 | X64: =ROUND(M64,0) -> 3814 | Y64: =ROUND(N64,2) -> 4.4 | Z64: =ROUND(O64,2) -> 8.3
A65: 72416 | B65: 9944 | C65: Single | D65: 45940 | F65: 2001 | G65: =VLOOKUP(F65,$AC$11:$AD$19,2,0) -> Itki | H65: 2373 | I65: 4.25 | J65: 8.44 | K65: =H65*I65% -> 100.8525 | L65: =H65*J65% -> 200.2812 | M65: =$R$65*H65/SUM($H$65:$H$66) -> 2373.43 | N65: =P65/M65*100 -> 4.35 | O65: =Q65/M65*100 -> 8.38 | P65: =$U$65*K65/SUM($K$65:$K$66) -> 103.2442 | Q65: =$V$65*L65/SUM($L$65:$L$66) -> 198.89343 | R65: 5520 | S65: 4.35 | T65: 8.38 | U65: =R65*S65% -> 240.12 | V65: =R65*T65% -> 462.576 | X65: =ROUND(M65,0) -> 2373 | Y65: =ROUND(N65,2) -> 4.35 | Z65: =ROUND(O65,2) -> 8.38
A66: 72416 | B66: 9944 | C66: Single | D66: 45940 | F66: 2002 | G66: =VLOOKUP(F66,$AC$11:$AD$19,2,0) -> Pali | H66: 3146 | I66: 4.25 | J66: 8.44 | K66: =H66*I66% -> 133.705 | L66: =H66*J66% -> 265.5224 | M66: =$R$65*H66/SUM($H$65:$H$66) -> 3146.57 | N66: =P66/M66*100 -> 4.35 | O66: =Q66/M66*100 -> 8.38 | P66: =$U$65*K66/SUM($K$65:$K$66) -> 136.8758 | Q66: =$V$65*L66/SUM($L$65:$L$66) -> 263.68257 | X66: =ROUND(M66,0) -> 3147 | Y66: =ROUND(N66,2) -> 4.35 | Z66: =ROUND(O66,2) -> 8.38
A67: 72217 | B67: 8504 | C67: Single | D67: 45941 | F67: 2009 | G67: =VLOOKUP(F67,$AC$11:$AD$19,2,0) -> Chanho | H67: 1366 | I67: 4.1 | J67: 8.16 | K67: =H67*I67% -> 56.006 | L67: =H67*J67% -> 111.4656 | M67: =$R$67*H67/SUM($H$67:$H$68) -> 1347.3969 | N67: =P67/M67*100 -> 4.0333105 | O67: =Q67/M67*100 -> 8.1211582 | P67: =$U$67*K67/SUM($K$67:$K$68) -> 54.3447 | Q67: =$V$67*L67/SUM($L$67:$L$68) -> 109.42423 | R67: 5070 | S67: 4.25 | T67: 8.26 | U67: =R67*S67% -> 215.475 | V67: =R67*T67% -> 418.782 | X67: =ROUND(M67,0) -> 1347 | Y67: =ROUND(N67,2) -> 4.03 | Z67: =ROUND(O67,2) -> 8.12
A68: 72217 | B68: 8504 | C68: Single | D68: 45941 | F68: 2008 | G68: =VLOOKUP(F68,$AC$11:$AD$19,2,0) -> Bhandra | H68: 3774 | I68: 4.4 | J68: 8.35 | K68: =H68*I68% -> 166.056 | L68: =H68*J68% -> 315.129 | M68: =$R$67*H68/SUM($H$67:$H$68) -> 3722.6031 | N68: =P68/M68*100 -> 4.3284308 | O68: =Q68/M68*100 -> 8.3102538 | P68: =$U$67*K68/SUM($K$67:$K$68) -> 161.1303 | Q68: =$V$67*L68/SUM($L$67:$L$68) -> 309.35777 | X68: =ROUND(M68,0) -> 3723 | Y68: =ROUND(N68,2) -> 4.33 | Z68: =ROUND(O68,2) -> 8.31
A69: 72185 | B69: 1023 | C69: Front | D69: 45941 | F69: 2004 | G69: =VLOOKUP(F69,$AC$11:$AD$19,2,0) -> Choria | H69: 1430 | I69: 3.3 | J69: 7.82 | K69: =H69*I69% -> 47.19 | L69: =H69*J69% -> 111.826 | M69: =$R$69*H69/SUM($H$69:$H$71) -> 1433.3025 | N69: =P69/M69*100 -> 3.2214788 | O69: =Q69/M69*100 -> 7.519914 | P69: =$U$69*K69/SUM($K$69:$K$71) -> 46.173538 | Q69: =$V$69*L69/SUM($L$69:$L$71) -> 107.78312 | R69: 4340 | S69: 3.7 | T69: 7.65 | U69: =R69*S69% -> 160.58 | V69: =R69*T69% -> 332.01 | X69: =ROUND(M69,0) -> 1433 | Y69: =ROUND(N69,2) -> 3.22 | Z69: =ROUND(O69,2) -> 7.52
A70: 72185 | B70: 1023 | C70: Front | D70: 45941 | F70: 2003 | G70: =VLOOKUP(F70,$AC$11:$AD$19,2,0) -> Hisri | H70: 1925 | I70: 4.2 | J70: 8.18 | K70: =H70*I70% -> 80.85 | L70: =H70*J70% -> 157.465 | M70: =$R$69*H70/SUM($H$69:$H$71) -> 1929.4457 | N70: =P70/M70*100 -> 4.100064 | O70: =Q70/M70*100 -> 7.8660993 | P70: =$U$69*K70/SUM($K$69:$K$71) -> 79.108509 | Q70: =$V$69*L70/SUM($L$69:$L$71) -> 151.77212 | X70: =ROUND(M70,0) -> 1929 | Y70: =ROUND(N70,2) -> 4.1 | Z70: =ROUND(O70,2) -> 7.87
A71: 72185 | B71: 1023 | C71: Front | D71: 45941 | F71: 2006 | G71: =VLOOKUP(F71,$AC$11:$AD$19,2,0) -> Ormanjhi | H71: 975 | I71: 3.7 | J71: 7.71 | K71: =H71*I71% -> 36.075 | L71: =H71*J71% -> 75.1725 | M71: =$R$69*H71/SUM($H$69:$H$71) -> 977.25173 | N71: =P71/M71*100 -> 3.6119611 | O71: =Q71/M71*100 -> 7.4141352 | P71: =$U$69*K71/SUM($K$69:$K$71) -> 35.297953 | Q71: =$V$69*L71/SUM($L$69:$L$71) -> 72.454764 | X71: =ROUND(M71,0) -> 977 | Y71: =ROUND(N71,2) -> 3.61 | Z71: =ROUND(O71,2) -> 7.41
A72: 72185 | B72: 1023 | C72: Rear | D72: 45941 | F72: 2007 | G72: =VLOOKUP(F72,$AC$11:$AD$19,2,0) -> Piragutu | H72: 1230 | I72: 4.3 | J72: 8.33 | K72: =H72*I72% -> 52.89 | L72: =H72*J72% -> 102.459 | M72: =$R$72*H72/SUM($H$72:$H$73) -> 1230 | N72: =P72/M72*100 -> 4.2071508 | O72: =Q72/M72*100 -> 8.1023748 | P72: =$U$72*K72/SUM($K$72:$K$73) -> 51.747955 | Q72: =$V$72*L72/SUM($L$72:$L$73) -> 99.65921 | R72: 4180 | S72: 4 | T72: 8.02 | U72: =R72*S72% -> 167.2 | V72: =R72*T72% -> 335.236 | X72: =ROUND(M72,0) -> 1230 | Y72: =ROUND(N72,2) -> 4.21 | Z72: =ROUND(O72,2) -> 8.1
A73: 72185 | B73: 1023 | C73: Rear | D73: 45941 | F73: 2002 | G73: =VLOOKUP(F73,$AC$11:$AD$19,2,0) -> Pali | H73: 2950 | I73: 4 | J73: 8.21 | K73: =H73*I73% -> 118 | L73: =H73*J73% -> 242.195 | M73: =$R$72*H73/SUM($H$72:$H$73) -> 2950 | N73: =P73/M73*100 -> 3.9136287 | O73: =Q73/M73*100 -> 7.9856539 | P73: =$U$72*K73/SUM($K$72:$K$73) -> 115.45205 | Q73: =$V$72*L73/SUM($L$72:$L$73) -> 235.57679 | X73: =ROUND(M73,0) -> 2950 | Y73: =ROUND(N73,2) -> 3.91 | Z73: =ROUND(O73,2) -> 7.99
A74: 72417 | B74: 9944 | C74: Single | D74: 45942 | F74: 2009 | G74: =VLOOKUP(F74,$AC$11:$AD$19,2,0) -> Chanho | H74: 1670 | I74: 4.2 | J74: 8.31 | K74: =H74*I74% -> 70.14 | L74: =H74*J74% -> 138.777 | M74: =$R$74*H74/SUM($H$74:$H$75) -> 1679.382 | N74: =P74/M74*100 -> 4.0993799 | O74: =Q74/M74*100 -> 8.27052 | P74: =$U$74*K74/SUM($K$74:$K$75) -> 68.844248 | Q74: =$V$74*L74/SUM($L$74:$L$75) -> 138.89363 | R74: 5370 | S74: 4.2 | T74: 8.25 | U74: =R74*S74% -> 225.54 | V74: =R74*T74% -> 443.025 | X74: =ROUND(M74,0) -> 1679 | Y74: =ROUND(N74,2) -> 4.1 | Z74: =ROUND(O74,2) -> 8.27
A75: 72417 | B75: 9944 | C75: Single | D75: 45942 | F75: 2008 | G75: =VLOOKUP(F75,$AC$11:$AD$19,2,0) -> Bhandra | H75: 3670 | I75: 4.35 | J75: 8.28 | K75: =H75*I75% -> 159.645 | L75: =H75*J75% -> 303.876 | M75: =$R$74*H75/SUM($H$74:$H$75) -> 3690.618 | N75: =P75/M75*100 -> 4.2457863 | O75: =Q75/M75*100 -> 8.2406626 | P75: =$U$74*K75/SUM($K$74:$K$75) -> 156.69575 | Q75: =$V$74*L75/SUM($L$74:$L$75) -> 304.13137 | X75: =ROUND(M75,0) -> 3691 | Y75: =ROUND(N75,2) -> 4.25 | Z75: =ROUND(O75,2) -> 8.24
A76: 72250 | B76: 1023 | C76: Single | D76: 45942 | F76: 2006 | G76: =VLOOKUP(F76,$AC$11:$AD$19,2,0) -> Ormanjhi | H76: 2340 | I76: 4 | J76: 8.14 | K76: =H76*I76% -> 93.6 | L76: =H76*J76% -> 190.476 | M76: =$R$76*H76/SUM($H$76:$H$77) -> 2340 | N76: =P76/M76*100 -> 4.0011819 | O76: =Q76/M76*100 -> 8.1236036 | P76: =$U$76*K76/SUM($K$76:$K$77) -> 93.627657 | Q76: =$V$76*L76/SUM($L$76:$L$77) -> 190.09233 | R76: 4330 | S76: 4.3 | T76: 8.33 | U76: =R76*S76% -> 186.19 | V76: =R76*T76% -> 360.689 | X76: =ROUND(M76,0) -> 2340 | Y76: =ROUND(N76,2) -> 4 | Z76: =ROUND(O76,2) -> 8.12
A77: 72250 | B77: 1023 | C77: Single | D77: 45942 | F77: 2007 | G77: =VLOOKUP(F77,$AC$11:$AD$19,2,0) -> Piragutu | H77: 1990 | I77: 4.65 | J77: 8.59 | K77: =H77*I77% -> 92.535 | L77: =H77*J77% -> 170.941 | M77: =$R$76*H77/SUM($H$76:$H$77) -> 1990 | N77: =P77/M77*100 -> 4.651374 | O77: =Q77/M77*100 -> 8.5726972 | P77: =$U$76*K77/SUM($K$76:$K$77) -> 92.562343 | Q77: =$V$76*L77/SUM($L$76:$L$77) -> 170.59667 | X77: =ROUND(M77,0) -> 1990 | Y77: =ROUND(N77,2) -> 4.65 | Z77: =ROUND(O77,2) -> 8.57
A78: 72187 | B78: 8504 | C78: Single | D78: 45943 | F78: 2009 | G78: =VLOOKUP(F78,$AC$11:$AD$19,2,0) -> Chanho | H78: 1685 | I78: 4.2 | J78: 8.37 | K78: =H78*I78% -> 70.77 | L78: =H78*J78% -> 141.0345 | M78: =$R$78*H78/SUM($H$78:$H$79) -> 1689.6762 | N78: =P78/M78*100 -> 4.1968399 | O78: =Q78/M78*100 -> 8.3505997 | P78: =$U$78*K78/SUM($K$78:$K$79) -> 70.913007 | Q78: =$V$78*L78/SUM($L$78:$L$79) -> 141.0981 | R78: 5420 | S78: 4.3 | T78: 8.33 | U78: =R78*S78% -> 233.06 | V78: =R78*T78% -> 451.486 | X78: =ROUND(M78,0) -> 1690 | Y78: =ROUND(N78,2) -> 4.2 | Z78: =ROUND(O78,2) -> 8.35
A79: 72187 | B79: 8504 | C79: Single | D79: 45943 | F79: 2008 | G79: =VLOOKUP(F79,$AC$11:$AD$19,2,0) -> Bhandra | H79: 3720 | I79: 4.35 | J79: 8.34 | K79: =H79*I79% -> 161.82 | L79: =H79*J79% -> 310.248 | M79: =$R$78*H79/SUM($H$78:$H$79) -> 3730.3238 | N79: =P79/M79*100 -> 4.3467271 | O79: =Q79/M79*100 -> 8.3206692 | P79: =$U$78*K79/SUM($K$78:$K$79) -> 162.14699 | Q79: =$V$78*L79/SUM($L$78:$L$79) -> 310.3879 | X79: =ROUND(M79,0) -> 3730 | Y79: =ROUND(N79,2) -> 4.35 | Z79: =ROUND(O79,2) -> 8.32
A80: 72186 | B80: 8504 | C80: Single | D80: 45942 | F80: 2001 | G80: =VLOOKUP(F80,$AC$11:$AD$19,2,0) -> Itki | H80: 6270 | I80: 4.1 | J80: 8.29 | K80: =H80*I80% -> 257.07 | L80: =H80*J80% -> 519.783 | M80: =$R$80*H80/SUM($H$80) -> 6270 | N80: =P80/M80*100 -> 4.1 | O80: =Q80/M80*100 -> 8.29 | P80: =$U$80*K80/SUM($K$80) -> 257.07 | Q80: =$V$80*L80/SUM($L$80) -> 519.783 | R80: 6270 | S80: 4.1 | T80: 8.29 | U80: =R80*S80% -> 257.07 | V80: =R80*T80% -> 519.783 | X80: =ROUND(M80,0) -> 6270 | Y80: =ROUND(N80,2) -> 4.1 | Z80: =ROUND(O80,2) -> 8.29
A81: 72218 | B81: 9944 | C81: Single | D81: 45943 | F81: 2002 | G81: =VLOOKUP(F81,$AC$11:$AD$19,2,0) -> Pali | H81: 3812 | I81: 4.2 | J81: 8.37 | K81: =H81*I81% -> 160.104 | L81: =H81*J81% -> 319.0644 | M81: =$R$81*H81/SUM($H$81:$H$83) -> 3773.391 | N81: =P81/M81*100 -> 4.1305063 | O81: =Q81/M81*100 -> 8.2752993 | P81: =$U$81*K81/SUM($K$81:$K$83) -> 155.86015 | Q81: =$V$81*L81/SUM($L$81:$L$83) -> 312.25939 | R81: 7330 | S81: 4.1 | T81: 8.23 | U81: =R81*S81% -> 300.53 | V81: =R81*T81% -> 603.259 | X81: =ROUND(M81,0) -> 3773 | Y81: =ROUND(N81,2) -> 4.13 | Z81: =ROUND(O81,2) -> 8.28
A82: 72218 | B82: 9944 | C82: Single | D82: 45943 | F82: 2003 | G82: =VLOOKUP(F82,$AC$11:$AD$19,2,0) -> Hisri | H82: 1296 | I82: 4.2 | J82: 8.25 | K82: =H82*I82% -> 54.432 | L82: =H82*J82% -> 106.92 | M82: =$R$81*H82/SUM($H$81:$H$83) -> 1282.8737 | N82: =P82/M82*100 -> 4.1305063 | O82: =Q82/M82*100 -> 8.156657 | P82: =$U$81*K82/SUM($K$81:$K$83) -> 52.989181 | Q82: =$V$81*L82/SUM($L$81:$L$83) -> 104.63961 | X82: =ROUND(M82,0) -> 1283 | Y82: =ROUND(N82,2) -> 4.13 | Z82: =ROUND(O82,2) -> 8.16
A83: 72218 | B83: 9944 | C83: Single | D83: 45943 | F83: 2006 | G83: =VLOOKUP(F83,$AC$11:$AD$19,2,0) -> Ormanjhi | H83: 2297 | I83: 4.1 | J83: 8.29 | K83: =H83*I83% -> 94.177 | L83: =H83*J83% -> 190.4213 | M83: =$R$81*H83/SUM($H$81:$H$83) -> 2273.7353 | N83: =P83/M83*100 -> 4.0321609 | O83: =Q83/M83*100 -> 8.1962044 | P83: =$U$81*K83/SUM($K$81:$K$83) -> 91.680667 | Q83: =$V$81*L83/SUM($L$81:$L$83) -> 186.35999 | X83: =ROUND(M83,0) -> 2274 | Y83: =ROUND(N83,2) -> 4.03 | Z83: =ROUND(O83,2) -> 8.2
A84: 72419 | B84: 9944 | C84: Single | D84: 45944 | F84: 2001 | G84: =VLOOKUP(F84,$AC$11:$AD$19,2,0) -> Itki | H84: 6231 | I84: 4.2 | J84: 8.37 | K84: =H84*I84% -> 261.702 | L84: =H84*J84% -> 521.5347 | M84: =$R$84*H84/SUM($H$84) -> 6220 | N84: =P84/M84*100 -> 4.15 | O84: =Q84/M84*100 -> 8.36 | P84: =$U$84*K84/SUM($K$84) -> 258.13 | Q84: =$V$84*L84/SUM($L$84) -> 519.992 | R84: 6220 | S84: 4.15 | T84: 8.36 | U84: =R84*S84% -> 258.13 | V84: =R84*T84% -> 519.992 | X84: =ROUND(M84,0) -> 6220 | Y84: =ROUND(N84,2) -> 4.15 | Z84: =ROUND(O84,2) -> 8.36
A85: 72251 | B85: 8504 | C85: Single | D85: 45944 | F85: 2009 | G85: =VLOOKUP(F85,$AC$11:$AD$19,2,0) -> Chanho | H85: 1703 | I85: 4.2 | J85: 8.25 | K85: =H85*I85% -> 71.526 | L85: =H85*J85% -> 140.4975 | M85: =$R$85*H85/SUM($H$85:$H$86) -> 1702.0665 | N85: =P85/M85*100 -> 4.1306351 | O85: =Q85/M85*100 -> 8.2541895 | P85: =$U$85*K85/SUM($K$85:$K$86) -> 70.306156 | Q85: =$V$85*L85/SUM($L$85:$L$86) -> 140.4918 | R85: 5470 | S85: 4.3 | T85: 8.33 | U85: =R85*S85% -> 235.21 | V85: =R85*T85% -> 455.651 | X85: =ROUND(M85,0) -> 1702 | Y85: =ROUND(N85,2) -> 4.13 | Z85: =ROUND(O85,2) -> 8.25
A86: 72251 | B86: 8504 | C86: Single | D86: 45944 | F86: 2008 | G86: =VLOOKUP(F86,$AC$11:$AD$19,2,0) -> Bhandra | H86: 3770 | I86: 4.45 | J86: 8.36 | K86: =H86*I86% -> 167.765 | L86: =H86*J86% -> 315.172 | M86: =$R$85*H86/SUM($H$85:$H$86) -> 3767.9335 | N86: =P86/M86*100 -> 4.3765062 | O86: =Q86/M86*100 -> 8.3642454 | P86: =$U$85*K86/SUM($K$85:$K$86) -> 164.90384 | Q86: =$V$85*L86/SUM($L$85:$L$86) -> 315.1592 | X86: =ROUND(M86,0) -> 3768 | Y86: =ROUND(N86,2) -> 4.38 | Z86: =ROUND(O86,2) -> 8.36
A87: 72188 | B87: 1023 | C87: Rear | D87: 45944 | F87: 2007 | G87: =VLOOKUP(F87,$AC$11:$AD$19,2,0) -> Piragutu | H87: 1507 | I87: 4.35 | J87: 8.34 | K87: =H87*I87% -> 65.5545 | L87: =H87*J87% -> 125.6838 | M87: =$R$87*H87/SUM($H$87:$H$89) -> 1506.6512 | N87: =P87/M87*100 -> 4.2998303 | O87: =Q87/M87*100 -> 8.2864689 | P87: =$U$87*K87/SUM($K$87:$K$89) -> 64.783447 | Q87: =$V$87*L87/SUM($L$87:$L$89) -> 124.84819 | R87: 4320 | S87: 4.2 | T87: 8.25 | U87: =R87*S87% -> 181.44 | V87: =R87*T87% -> 356.4 | X87: =ROUND(M87,0) -> 1507 | Y87: =ROUND(N87,2) -> 4.3 | Z87: =ROUND(O87,2) -> 8.29
A88: 72188 | B88: 1023 | C88: Rear | D88: 45944 | F88: 2003 | G88: =VLOOKUP(F88,$AC$11:$AD$19,2,0) -> Hisri | H88: 1264 | I88: 4.25 | J88: 8.19 | K88: =H88*I88% -> 53.72 | L88: =H88*J88% -> 103.5216 | M88: =$R$87*H88/SUM($H$87:$H$89) -> 1263.7075 | N88: =P88/M88*100 -> 4.2009837 | O88: =Q88/M88*100 -> 8.1374317 | P88: =$U$87*K88/SUM($K$87:$K$89) -> 53.088145 | Q88: =$V$87*L88/SUM($L$87:$L$89) -> 102.83333 | X88: =ROUND(M88,0) -> 1264 | Y88: =ROUND(N88,2) -> 4.2 | Z88: =ROUND(O88,2) -> 8.14
A89: 72188 | B89: 1023 | C89: Rear | D89: 45944 | F89: 2006 | G89: =VLOOKUP(F89,$AC$11:$AD$19,2,0) -> Ormanjhi | H89: 1550 | I89: 4.15 | J89: 8.36 | K89: =H89*I89% -> 64.325 | L89: =H89*J89% -> 129.58 | M89: =$R$87*H89/SUM($H$87:$H$89) -> 1549.6413 | N89: =P89/M89*100 -> 4.102137 | O89: =Q89/M89*100 -> 8.3063405 | P89: =$U$87*K89/SUM($K$87:$K$89) -> 63.568408 | Q89: =$V$87*L89/SUM($L$87:$L$89) -> 128.71848 | X89: =ROUND(M89,0) -> 1550 | Y89: =ROUND(N89,2) -> 4.1 | Z89: =ROUND(O89,2) -> 8.31 | AD89: H
A90: 72253 | B90: 1023 | C90: Rear | D90: 45945 | F90: 2007 | G90: =VLOOKUP(F90,$AC$11:$AD$19,2,0) -> Piragutu | H90: 1453 | I90: 4.45 | J90: 8.47 | K90: =H90*I90% -> 64.6585 | L90: =H90*J90% -> 123.0691 | M90: =$R$90*H90/SUM($H$90:$H$91) -> 1461.5639 | N90: =P90/M90*100 -> 4.4062137 | O90: =Q90/M90*100 -> 8.2839301 | P90: =$U$90*K90/SUM($K$90:$K$91) -> 64.399626 | Q90: =$V$90*L90/SUM($L$90:$L$91) -> 121.07493 | R90: 2560 | S90: 4.3 | T90: 8.2 | U90: =R90*S90% -> 110.08 | V90: =R90*T90% -> 209.92 | X90: =ROUND(M90,0) -> 1462 | Y90: =ROUND(N90,2) -> 4.41 | Z90: =ROUND(O90,2) -> 8.28
A91: 72253 | B91: 1023 | C91: Rear | D91: 45945 | F91: 2003 | G91: =VLOOKUP(F91,$AC$11:$AD$19,2,0) -> Hisri | H91: 1092 | I91: 4.2 | J91: 8.27 | K91: =H91*I91% -> 45.864 | L91: =H91*J91% -> 90.3084 | M91: =$R$90*H91/SUM($H$90:$H$91) -> 1098.4361 | N91: =P91/M91*100 -> 4.1586736 | O91: =Q91/M91*100 -> 8.0883237 | P91: =$U$90*K91/SUM($K$90:$K$91) -> 45.680374 | Q91: =$V$90*L91/SUM($L$90:$L$91) -> 88.845072 | X91: =ROUND(M91,0) -> 1098 | Y91: =ROUND(N91,2) -> 4.16 | Z91: =ROUND(O91,2) -> 8.09
A92: 72253 | B92: 1023 | C92: Front | D92: 45945 | F92: 2002 | G92: =VLOOKUP(F92,$AC$11:$AD$19,2,0) -> Pali | H92: 4330 | I92: 4.25 | J92: 8.44 | K92: =H92*I92% -> 184.025 | L92: =H92*J92% -> 365.452 | M92: =$R$92*H92/SUM($H$92) -> 4320 | N92: =P92/M92*100 -> 4.25 | O92: =Q92/M92*100 -> 8.38 | P92: =$U$92*K92/SUM($K$92) -> 183.6 | Q92: =$V$92*L92/SUM($L$92) -> 362.016 | R92: 4320 | S92: 4.25 | T92: 8.38 | U92: =R92*S92% -> 183.6 | V92: =R92*T92% -> 362.016 | X92: =ROUND(M92,0) -> 4320 | Y92: =ROUND(N92,2) -> 4.25 | Z92: =ROUND(O92,2) -> 8.38
A93: 72418 | B93: 1023 | C93: Front | D93: 45943 | F93: 2004 | G93: =VLOOKUP(F93,$AC$11:$AD$19,2,0) -> Choria | H93: 1252 | I93: 2.8 | J93: 7.53 | K93: =H93*I93% -> 35.056 | L93: =H93*J93% -> 94.2756 | M93: =$R$93*H93/SUM($H$93:$H$94) -> 1255.7742 | N93: =P93/M93*100 -> 2.8003109 | O93: =Q93/M93*100 -> 7.3437314 | P93: =$U$93*K93/SUM($K$93:$K$94) -> 35.165581 | Q93: =$V$93*L93/SUM($L$93:$L$94) -> 92.220684 | R93: 3660 | S93: 3.95 | T93: 8.01 | U93: =R93*S93% -> 144.57 | V93: =R93*T93% -> 293.166 | X93: =ROUND(M93,0) -> 1256 | Y93: =ROUND(N93,2) -> 2.8 | Z93: =ROUND(O93,2) -> 7.34
A94: 72418 | B94: 1023 | C94: Front | D94: 45943 | F94: 2007 | G94: =VLOOKUP(F94,$AC$11:$AD$19,2,0) -> Piragutu | H94: 2397 | I94: 4.55 | J94: 8.57 | K94: =H94*I94% -> 109.0635 | L94: =H94*J94% -> 205.4229 | M94: =$R$93*H94/SUM($H$93:$H$94) -> 2404.2258 | N94: =P94/M94*100 -> 4.5505051 | O94: =Q94/M94*100 -> 8.3580051 | P94: =$U$93*K94/SUM($K$93:$K$94) -> 109.40442 | Q94: =$V$93*L94/SUM($L$93:$L$94) -> 200.94532 | X94: =ROUND(M94,0) -> 2404 | Y94: =ROUND(N94,2) -> 4.55 | Z94: =ROUND(O94,2) -> 8.36
A95: 72418 | B95: 1023 | C95: Rear | D95: 45943 | F95: 2003 | G95: =VLOOKUP(F95,$AC$11:$AD$19,2,0) -> Hisri | H95: 949 | I95: 4.4 | J95: 8.38 | K95: =H95*I95% -> 41.756 | L95: =H95*J95% -> 79.5262 | M95: =$R$95*H95/SUM($H$95:$H$96) -> 917.51914 | N95: =P95/M95*100 -> 4.3726388 | O95: =Q95/M95*100 -> 8.3463203 | P95: =$U$95*K95/SUM($K$95:$K$96) -> 40.119797 | Q95: =$V$95*L95/SUM($L$95:$L$96) -> 76.579086 | R95: 3410 | S95: 4.3 | T95: 8.39 | U95: =R95*S95% -> 146.63 | V95: =R95*T95% -> 286.099 | X95: =ROUND(M95,0) -> 918 | Y95: =ROUND(N95,2) -> 4.37 | Z95: =ROUND(O95,2) -> 8.35
A96: 72418 | B96: 1023 | C96: Rear | D96: 45943 | F96: 2002 | G96: =VLOOKUP(F96,$AC$11:$AD$19,2,0) -> Pali | H96: 2578 | I96: 4.3 | J96: 8.44 | K96: =H96*I96% -> 110.854 | L96: =H96*J96% -> 217.5832 | M96: =$R$95*H96/SUM($H$95:$H$96) -> 2492.4809 | N96: =P96/M96*100 -> 4.2732606 | O96: =Q96/M96*100 -> 8.4060791 | P96: =$U$95*K96/SUM($K$95:$K$96) -> 106.5102 | Q96: =$V$95*L96/SUM($L$95:$L$96) -> 209.51991 | X96: =ROUND(M96,0) -> 2492 | Y96: =ROUND(N96,2) -> 4.27 | Z96: =ROUND(O96,2) -> 8.41
A97: 72219 | B97: 9944 | C97: Single | D97: 45946 | F97: 2009 | G97: =VLOOKUP(F97,$AC$11:$AD$19,2,0) -> Chanho | H97: 1812 | I97: 4.15 | J97: 8.36 | K97: =H97*I97% -> 75.198 | L97: =H97*J97% -> 151.4832 | M97: =$R$97*H97/SUM($H$97:$H$98) -> 1818.0044 | N97: =P97/M97*100 -> 4.1340356 | O97: =Q97/M97*100 -> 8.3966935 | P97: =$U$97*K97/SUM($K$97:$K$98) -> 75.15695 | Q97: =$V$97*L97/SUM($L$97:$L$98) -> 152.65226 | R97: 5450 | S97: 4.3 | T97: 8.39 | U97: =R97*S97% -> 234.35 | V97: =R97*T97% -> 457.255 | X97: =ROUND(M97,0) -> 1818 | Y97: =ROUND(N97,2) -> 4.13 | Z97: =ROUND(O97,2) -> 8.4
A98: 72219 | B98: 9944 | C98: Single | D98: 45946 | F98: 2008 | G98: =VLOOKUP(F98,$AC$11:$AD$19,2,0) -> Bhandra | H98: 3620 | I98: 4.4 | J98: 8.35 | K98: =H98*I98% -> 159.28 | L98: =H98*J98% -> 302.27 | M98: =$R$97*H98/SUM($H$97:$H$98) -> 3631.9956 | N98: =P98/M98*100 -> 4.3830739 | O98: =Q98/M98*100 -> 8.3866496 | P98: =$U$97*K98/SUM($K$97:$K$98) -> 159.19305 | Q98: =$V$97*L98/SUM($L$97:$L$98) -> 304.60274 | X98: =ROUND(M98,0) -> 3632 | Y98: =ROUND(N98,2) -> 4.38 | Z98: =ROUND(O98,2) -> 8.39
A99: 72252 | B99: 8504 | C99: Single | D99: 45945 | F99: 2009 | G99: =VLOOKUP(F99,$AC$11:$AD$19,2,0) -> Chanho | H99: 1780 | I99: 4.2 | J99: 8.31 | K99: =H99*I99% -> 74.76 | L99: =H99*J99% -> 147.918 | M99: =$R$99*H99/SUM($H$99:$H$100) -> 1779.6741 | N99: =P99/M99*100 -> 4.1345788 | O99: =Q99/M99*100 -> 8.2297631 | P99: =$U$99*K99/SUM($K$99:$K$100) -> 73.582026 | Q99: =$V$99*L99/SUM($L$99:$L$100) -> 146.46296 | R99: 5460 | S99: 4.4 | T99: 8.41 | U99: =R99*S99% -> 240.24 | V99: =R99*T99% -> 459.186 | X99: =ROUND(M99,0) -> 1780 | Y99: =ROUND(N99,2) -> 4.13 | Z99: =ROUND(O99,2) -> 8.23
A100: 72252 | B100: 8504 | C100: Single | D100: 45945 | F100: 2008 | G100: =VLOOKUP(F100,$AC$11:$AD$19,2,0) -> Bhandra | H100: 3681 | I100: 4.6 | J100: 8.58 | K100: =H100*I100% -> 169.326 | L100: =H100*J100% -> 315.8298 | M100: =$R$99*H100/SUM($H$99:$H$100) -> 3680.3259 | N100: =P100/M100*100 -> 4.5283482 | O100: =Q100/M100*100 -> 8.4971561 | P100: =$U$99*K100/SUM($K$99:$K$100) -> 166.65797 | Q100: =$V$99*L100/SUM($L$99:$L$100) -> 312.72304 | X100: =ROUND(M100,0) -> 3680 | Y100: =ROUND(N100,2) -> 4.53 | Z100: =ROUND(O100,2) -> 8.5
A101: 72420 | B101: 1023 | C101: Front | D101: 45946 | F101: 2002 | G101: =VLOOKUP(F101,$AC$11:$AD$19,2,0) -> Pali | H101: 3109 | I101: 4.2 | J101: 8.37 | K101: =H101*I101% -> 130.578 | L101: =H101*J101% -> 260.2233 | M101: =$R$101*H101/SUM($H$101:$H$102) -> 3109 | N101: =P101/M101*100 -> 4.2191054 | O101: =Q101/M101*100 -> 8.330161 | P101: =$U$101*K101/SUM($K$101:$K$102) -> 131.17199 | Q101: =$V$101*L101/SUM($L$101:$L$102) -> 258.98471 | R101: 4330 | S101: 3.95 | T101: 8.26 | U101: =R101*S101% -> 171.035 | V101: =R101*T101% -> 357.658 | X101: =ROUND(M101,0) -> 3109 | Y101: =ROUND(N101,2) -> 4.22 | Z101: =ROUND(O101,2) -> 8.33
...

Sheet Itki
B1: Itki Rmc | AP1: =Sheet1!$K$3 -> 450 | AQ1: =Sheet1!$L$3 -> 300
B2: Date | C2: Shift | D2: OB | I2: Milk from MPG in Ltr | M2: Transfer from other BMC/RMC | R2: Total Milk Receipt in Kg | U2: Tanker Dispatch Details | AC2: Plant Receipt | AH2: CB | AM2: Loss/(Gain)
D3: Qty KG | E3: Fat% | F3: Snf% | G3: FAT Kg | H3: SNF Kg | I3: Qty Ltr | J3: Qty Kg | K3: Fat% | L3: Snf% | M3: From | N3: Tanker No | O3: Qty Kg | P3: Fat% | Q3: Snf% | R3: Qty Kg | S3: FAT Kg | T3: SNF Kg | U3: Tanker | V3: Challan | W3: To | X3: Qty KG | Y3: Fat% | Z3: Snf% | AA3: FAT Kg | AB3: SNF Kg | AC3: Qty KG | AD3: Fat% | AE3: Snf% | AF3: FAT Kg | AG3: SNF Kg | AH3: Qty KG | AI3: Fat% | AJ3: Snf% | AK3: FAT Kg | AL3: SNF Kg | AM3: Qty KG | AN3: FAT Kg | AO3: SNF Kg | AP3: TS Loss% | AQ3: Amount
A4: =CONCATENATE(B4,C4) -> 46204M | B4: 46204 | C4: M | D4: 3745 | E4: 3.92 | F4: 8.44 | G4: =+D4*E4% -> 146.804 | H4: =+D4*F4% -> 316.078 | I4: =J4/1.03 -> 2300.68 | J4: 2369.7004 | K4: 4.0705357 | L4: 8.4457639 | R4: =O4+J4 -> 2369.7004 | S4: =(J4*K4%)+(O4*P4%) -> 96.4595 | T4: =(J4*L4%)+(O4*Q4%) -> 200.1393 | U4: 9944 | V4: 80149 | X4: 4202 | Y4: 3.95 | Z4: 8.51 | AA4: =X4*Y4% -> 165.979 | AB4: =X4*Z4% -> 357.5902 | AC4: 4201 | AD4: 3.92 | AE4: 8.48 | AF4: =AC4*AD4% -> 164.6792 | AG4: =AC4*AE4% -> 356.2448 | AH4: 1871 | AI4: 3.97 | AJ4: 8.44 | AK4: =AH4*AI4% -> 74.2787 | AL4: =AH4*AJ4% -> 157.9124 | AM4: =+D4+R4-AC4-AH4 -> 42.7004 | AN4: =+G4+S4-AF4-AK4 -> 4.3056 | AO4: =+H4+T4-AG4-AL4 -> 2.0601 | AP4: =(AN4+AO4)/(S4+T4) -> 0.021462326 | AQ4: =($AP$1*AN4+$AQ$1*AO4) -> 2555.55 | AR4: =(D4+J4+O4)-(X4+AH4) -> 41.7004
A5: =CONCATENATE(B5,C5) -> 46204E | B5: =+B4 -> 46204 | C5: E | D5: =AH4 -> 1871 | E5: =AI4 -> 3.97 | F5: =AJ4 -> 8.44 | G5: =+D5*E5% -> 74.2787 | H5: =+D5*F5% -> 157.9124 | I5: =J5/1.03 -> 1905.24 | J5: 1962.3972 | K5: 3.816842 | L5: 8.4818711 | R5: =O5+J5 -> 1962.3972 | S5: =(J5*K5%)+(O5*P5%) -> 74.9016 | T5: =(J5*L5%)+(O5*Q5%) -> 166.448 | AA5: =X5*Y5% -> 0 | AB5: =X5*Z5% -> 0 | AF5: =AC5*AD5% -> 0 | AG5: =AC5*AE5% -> 0 | AH5: 3832.66 | AI5: 3.89 | AJ5: 8.46 | AK5: =AH5*AI5% -> 149.09047 | AL5: =AH5*AJ5% -> 324.24304 | AM5: =+D5+R5-AC5-AH5 -> 0.7372 | AN5: =+G5+S5-AF5-AK5 -> 0.089826 | AO5: =+H5+T5-AG5-AL5 -> 0.117364 | AP5: =(AN5+AO5)/(S5+T5) -> 0.00085846424 | AQ5: =($AP$1*AN5+$AQ$1*AO5) -> 75.6309 | AR5: =(D5+J5+O5)-(X5+AH5) -> 0.7372
B6: =+B4+1 -> 46205 | C6: M | D6: =AH5 -> 3832.66 | E6: =AI5 -> 3.89 | F6: =AJ5 -> 8.46 | G6: =+D6*E6% -> 149.09047 | H6: =+D6*F6% -> 324.24304 | I6: =J6/1.03 -> 4685.33 | J6: 4825.8899 | K6: 3.8776351 | L6: 8.4811529 | R6: =O6+J6 -> 4825.8899 | S6: =(J6*K6%)+(O6*P6%) -> 187.1304 | T6: =(J6*L6%)+(O6*Q6%) -> 409.2911 | U6: 8504 | V6: 80150 | X6: 4540 | Y6: 3.9 | Z6: 8.56 | AA6: =X6*Y6% -> 177.06 | AB6: =X6*Z6% -> 388.624 | AC6: 4510 | AD6: 3.7 | AE6: 8.34 | AF6: =AC6*AD6% -> 166.87 | AG6: =AC6*AE6% -> 376.134 | AH6: 4164 | AI6: 3.92 | AJ6: 8.48 | AK6: =AH6*AI6% -> 163.2288 | AL6: =AH6*AJ6% -> 353.1072 | AM6: =+D6+R6-AC6-AH6 -> -15.4501 | AN6: =+G6+S6-AF6-AK6 -> 6.122074 | AO6: =+H6+T6-AG6-AL6 -> 4.292936 | AP6: =(AN6+AO6)/(S6+T6) -> 0.017462499 | AQ6: =($AP$1*AN6+$AQ$1*AO6) -> 4042.8141 | AR6: =(D6+J6+O6)-(X6+AH6) -> -45.4501
B7: =+B5+1 -> 46205 | C7: E | D7: =AH6 -> 4164 | E7: =AI6 -> 3.92 | F7: =AJ6 -> 8.48 | G7: =+D7*E7% -> 163.2288 | H7: =+D7*F7% -> 353.1072 | I7: =J7/1.03 -> 2657.98 | J7: 2737.7194 | K7: 3.7923536 | L7: 8.5154892 | R7: =O7+J7 -> 2737.7194 | S7: =(J7*K7%)+(O7*P7%) -> 103.824 | T7: =(J7*L7%)+(O7*Q7%) -> 233.1302 | AA7: =X7*Y7% -> 0 | AB7: =X7*Z7% -> 0 | AF7: =AC7*AD7% -> 0 | AG7: =AC7*AE7% -> 0 | AH7: 6901.71 | AI7: 3.87 | AJ7: 8.49 | AK7: =AH7*AI7% -> 267.09618 | AL7: =AH7*AJ7% -> 585.95518 | AM7: =+D7+R7-AC7-AH7 -> 0.0094 | AN7: =+G7+S7-AF7-AK7 -> -0.043377 | AO7: =+H7+T7-AG7-AL7 -> 0.282221 | AP7: =(AN7+AO7)/(S7+T7) -> 0.00070883224 | AQ7: =($AP$1*AN7+$AQ$1*AO7) -> 65.14665 | AR7: =(D7+J7+O7)-(X7+AH7) -> 0.0094
B8: =+B6+1 -> 46206 | C8: M | G8: =+D8*E8% -> 0 | H8: =+D8*F8% -> 0 | I8: =J8/1.03 -> 0 | R8: =O8+J8 -> 0 | S8: =(J8*K8%)+(O8*P8%) -> 0 | T8: =(J8*L8%)+(O8*Q8%) -> 0 | AA8: =X8*Y8% -> 0 | AB8: =X8*Z8% -> 0 | AF8: =AC8*AD8% -> 0 | AG8: =AC8*AE8% -> 0 | AK8: =AH8*AI8% -> 0 | AL8: =AH8*AJ8% -> 0 | AM8: =+D8+R8-AC8-AH8 -> 0 | AN8: =+G8+S8-AF8-AK8 -> 0 | AO8: =+H8+T8-AG8-AL8 -> 0 | AP8: =(AN8+AO8)/(S8+T8) -> #DIV/0! | AQ8: =($AP$1*AN8+$AQ$1*AO8) -> 0 | AR8: =(D8+J8+O8)-(X8+AH8) -> 0
B9: =+B7+1 -> 46206 | C9: E | D9: =AH8 -> 0 | E9: =AI8 -> 0 | F9: =AJ8 -> 0 | G9: =+D9*E9% -> 0 | H9: =+D9*F9% -> 0 | I9: =J9/1.03 -> 0 | R9: =O9+J9 -> 0 | S9: =(J9*K9%)+(O9*P9%) -> 0 | T9: =(J9*L9%)+(O9*Q9%) -> 0 | AA9: =X9*Y9% -> 0 | AB9: =X9*Z9% -> 0 | AF9: =AC9*AD9% -> 0 | AG9: =AC9*AE9% -> 0 | AK9: =AH9*AI9% -> 0 | AL9: =AH9*AJ9% -> 0 | AM9: =+D9+R9-AC9-AH9 -> 0 | AN9: =+G9+S9-AF9-AK9 -> 0 | AO9: =+H9+T9-AG9-AL9 -> 0 | AP9: =(AN9+AO9)/(S9+T9) -> #DIV/0! | AQ9: =($AP$1*AN9+$AQ$1*AO9) -> 0 | AR9: =(D9+J9+O9)-(X9+AH9) -> 0
B10: =+B8+1 -> 46207 | C10: M | D10: =AH9 -> 0 | E10: =AI9 -> 0 | F10: =AJ9 -> 0 | G10: =+D10*E10% -> 0 | H10: =+D10*F10% -> 0 | I10: =J10/1.03 -> 0 | R10: =O10+J10 -> 0 | S10: =(J10*K10%)+(O10*P10%) -> 0 | T10: =(J10*L10%)+(O10*Q10%) -> 0 | AA10: =X10*Y10% -> 0 | AB10: =X10*Z10% -> 0 | AF10: =AC10*AD10% -> 0 | AG10: =AC10*AE10% -> 0 | AK10: =AH10*AI10% -> 0 | AL10: =AH10*AJ10% -> 0 | AM10: =+D10+R10-AC10-AH10 -> 0 | AN10: =+G10+S10-AF10-AK10 -> 0 | AO10: =+H10+T10-AG10-AL10 -> 0 | AP10: =(AN10+AO10)/(S10+T10) -> #DIV/0! | AQ10: =($AP$1*AN10+$AQ$1*AO10) -> 0 | AR10: =(D10+J10+O10)-(X10+AH10) -> 0
B11: =+B9+1 -> 46207 | C11: E | D11: =AH10 -> 0 | E11: =AI10 -> 0 | F11: =AJ10 -> 0 | G11: =+D11*E11% -> 0 | H11: =+D11*F11% -> 0 | I11: =J11/1.03 -> 0 | R11: =O11+J11 -> 0 | S11: =(J11*K11%)+(O11*P11%) -> 0 | T11: =(J11*L11%)+(O11*Q11%) -> 0 | AA11: =X11*Y11% -> 0 | AB11: =X11*Z11% -> 0 | AF11: =AC11*AD11% -> 0 | AG11: =AC11*AE11% -> 0 | AK11: =AH11*AI11% -> 0 | AL11: =AH11*AJ11% -> 0 | AM11: =+D11+R11-AC11-AH11 -> 0 | AN11: =+G11+S11-AF11-AK11 -> 0 | AO11: =+H11+T11-AG11-AL11 -> 0 | AP11: =(AN11+AO11)/(S11+T11) -> #DIV/0! | AQ11: =($AP$1*AN11+$AQ$1*AO11) -> 0 | AR11: =(D11+J11+O11)-(X11+AH11) -> 0
B12: =+B10+1 -> 46208 | C12: M | D12: =AH11 -> 0 | E12: =AI11 -> 0 | F12: =AJ11 -> 0 | G12: =+D12*E12% -> 0 | H12: =+D12*F12% -> 0 | I12: =J12/1.03 -> 0 | R12: =O12+J12 -> 0 | S12: =(J12*K12%)+(O12*P12%) -> 0 | T12: =(J12*L12%)+(O12*Q12%) -> 0 | AA12: =X12*Y12% -> 0 | AB12: =X12*Z12% -> 0 | AF12: =AC12*AD12% -> 0 | AG12: =AC12*AE12% -> 0 | AK12: =AH12*AI12% -> 0 | AL12: =AH12*AJ12% -> 0 | AM12: =+D12+R12-AC12-AH12 -> 0 | AN12: =+G12+S12-AF12-AK12 -> 0 | AO12: =+H12+T12-AG12-AL12 -> 0 | AP12: =(AN12+AO12)/(S12+T12) -> #DIV/0! | AQ12: =($AP$1*AN12+$AQ$1*AO12) -> 0 | AR12: =(D12+J12+O12)-(X12+AH12) -> 0 | AT12: Vol | AU12: FAT Kg | AV12: SNF Kg | AW12: Amount
B13: =+B11+1 -> 46208 | C13: E | D13: =AH12 -> 0 | E13: =AI12 -> 0 | F13: =AJ12 -> 0 | G13: =+D13*E13% -> 0 | H13: =+D13*F13% -> 0 | I13: =J13/1.03 -> 0 | R13: =O13+J13 -> 0 | S13: =(J13*K13%)+(O13*P13%) -> 0 | T13: =(J13*L13%)+(O13*Q13%) -> 0 | AA13: =X13*Y13% -> 0 | AB13: =X13*Z13% -> 0 | AF13: =AC13*AD13% -> 0 | AG13: =AC13*AE13% -> 0 | AK13: =AH13*AI13% -> 0 | AL13: =AH13*AJ13% -> 0 | AM13: =+D13+R13-AC13-AH13 -> 0 | AN13: =+G13+S13-AF13-AK13 -> 0 | AO13: =+H13+T13-AG13-AL13 -> 0 | AP13: =(AN13+AO13)/(S13+T13) -> #DIV/0! | AQ13: =($AP$1*AN13+$AQ$1*AO13) -> 0 | AR13: =(D13+J13+O13)-(X13+AH13) -> 0 | AS13: =SUM(J4:J13) -> 11895.707 | AT13: =SUM(AM4:AM13) -> 27.9969 | AU13: =SUM(AN4:AN13) -> 10.474123 | AV13: =SUM(AO4:AO13) -> 6.752621 | AW13: =-SUM(AQ4:AQ13) -> -6739.1417
B14: =+B12+1 -> 46209 | C14: M | D14: =AH13 -> 0 | E14: =AI13 -> 0 | F14: =AJ13 -> 0 | G14: =+D14*E14% -> 0 | H14: =+D14*F14% -> 0 | I14: =J14/1.03 -> 0 | R14: =O14+J14 -> 0 | S14: =(J14*K14%)+(O14*P14%) -> 0 | T14: =(J14*L14%)+(O14*Q14%) -> 0 | AA14: =X14*Y14% -> 0 | AB14: =X14*Z14% -> 0 | AF14: =AC14*AD14% -> 0 | AG14: =AC14*AE14% -> 0 | AK14: =AH14*AI14% -> 0 | AL14: =AH14*AJ14% -> 0 | AM14: =+D14+R14-AC14-AH14 -> 0 | AN14: =+G14+S14-AF14-AK14 -> 0 | AO14: =+H14+T14-AG14-AL14 -> 0 | AP14: =(AN14+AO14)/(S14+T14) -> #DIV/0! | AQ14: =($AP$1*AN14+$AQ$1*AO14) -> 0 | AR14: =(D14+J14+O14)-(X14+AH14) -> 0
B15: =+B13+1 -> 46209 | C15: E | D15: =AH14 -> 0 | E15: =AI14 -> 0 | F15: =AJ14 -> 0 | G15: =+D15*E15% -> 0 | H15: =+D15*F15% -> 0 | I15: =J15/1.03 -> 0 | R15: =O15+J15 -> 0 | S15: =(J15*K15%)+(O15*P15%) -> 0 | T15: =(J15*L15%)+(O15*Q15%) -> 0 | AA15: =X15*Y15% -> 0 | AB15: =X15*Z15% -> 0 | AF15: =AC15*AD15% -> 0 | AG15: =AC15*AE15% -> 0 | AK15: =AH15*AI15% -> 0 | AL15: =AH15*AJ15% -> 0 | AM15: =+D15+R15-AC15-AH15 -> 0 | AN15: =+G15+S15-AF15-AK15 -> 0 | AO15: =+H15+T15-AG15-AL15 -> 0 | AP15: =(AN15+AO15)/(S15+T15) -> #DIV/0! | AQ15: =($AP$1*AN15+$AQ$1*AO15) -> 0 | AR15: =(D15+J15+O15)-(X15+AH15) -> 0
B16: =+B14+1 -> 46210 | C16: M | D16: =AH15 -> 0 | E16: =AI15 -> 0 | F16: =AJ15 -> 0 | G16: =+D16*E16% -> 0 | H16: =+D16*F16% -> 0 | I16: =J16/1.03 -> 0 | R16: =O16+J16 -> 0 | S16: =(J16*K16%)+(O16*P16%) -> 0 | T16: =(J16*L16%)+(O16*Q16%) -> 0 | AA16: =X16*Y16% -> 0 | AB16: =X16*Z16% -> 0 | AF16: =AC16*AD16% -> 0 | AG16: =AC16*AE16% -> 0 | AK16: =AH16*AI16% -> 0 | AL16: =AH16*AJ16% -> 0 | AM16: =+D16+R16-AC16-AH16 -> 0 | AN16: =+G16+S16-AF16-AK16 -> 0 | AO16: =+H16+T16-AG16-AL16 -> 0 | AP16: =(AN16+AO16)/(S16+T16) -> #DIV/0! | AQ16: =($AP$1*AN16+$AQ$1*AO16) -> 0 | AR16: =(D16+J16+O16)-(X16+AH16) -> 0
B17: =+B15+1 -> 46210 | C17: E | D17: =AH16 -> 0 | E17: =AI16 -> 0 | F17: =AJ16 -> 0 | G17: =+D17*E17% -> 0 | H17: =+D17*F17% -> 0 | I17: =J17/1.03 -> 0 | R17: =O17+J17 -> 0 | S17: =(J17*K17%)+(O17*P17%) -> 0 | T17: =(J17*L17%)+(O17*Q17%) -> 0 | AA17: =X17*Y17% -> 0 | AB17: =X17*Z17% -> 0 | AF17: =AC17*AD17% -> 0 | AG17: =AC17*AE17% -> 0 | AK17: =AH17*AI17% -> 0 | AL17: =AH17*AJ17% -> 0 | AM17: =+D17+R17-AC17-AH17 -> 0 | AN17: =+G17+S17-AF17-AK17 -> 0 | AO17: =+H17+T17-AG17-AL17 -> 0 | AP17: =(AN17+AO17)/(S17+T17) -> #DIV/0! | AQ17: =($AP$1*AN17+$AQ$1*AO17) -> 0 | AR17: =(D17+J17+O17)-(X17+AH17) -> 0
B18: =+B16+1 -> 46211 | C18: M | D18: =AH17 -> 0 | E18: =AI17 -> 0 | F18: =AJ17 -> 0 | G18: =+D18*E18% -> 0 | H18: =+D18*F18% -> 0 | I18: =J18/1.03 -> 0 | R18: =O18+J18 -> 0 | S18: =(J18*K18%)+(O18*P18%) -> 0 | T18: =(J18*L18%)+(O18*Q18%) -> 0 | AA18: =X18*Y18% -> 0 | AB18: =X18*Z18% -> 0 | AF18: =AC18*AD18% -> 0 | AG18: =AC18*AE18% -> 0 | AK18: =AH18*AI18% -> 0 | AL18: =AH18*AJ18% -> 0 | AM18: =+D18+R18-AC18-AH18 -> 0 | AN18: =+G18+S18-AF18-AK18 -> 0 | AO18: =+H18+T18-AG18-AL18 -> 0 | AP18: =(AN18+AO18)/(S18+T18) -> #DIV/0! | AQ18: =($AP$1*AN18+$AQ$1*AO18) -> 0 | AR18: =(D18+J18+O18)-(X18+AH18) -> 0
B19: =+B17+1 -> 46211 | C19: E | D19: =AH18 -> 0 | E19: =AI18 -> 0 | F19: =AJ18 -> 0 | G19: =+D19*E19% -> 0 | H19: =+D19*F19% -> 0 | I19: =J19/1.03 -> 0 | R19: =O19+J19 -> 0 | S19: =(J19*K19%)+(O19*P19%) -> 0 | T19: =(J19*L19%)+(O19*Q19%) -> 0 | AA19: =X19*Y19% -> 0 | AB19: =X19*Z19% -> 0 | AF19: =AC19*AD19% -> 0 | AG19: =AC19*AE19% -> 0 | AK19: =AH19*AI19% -> 0 | AL19: =AH19*AJ19% -> 0 | AM19: =+D19+R19-AC19-AH19 -> 0 | AN19: =+G19+S19-AF19-AK19 -> 0 | AO19: =+H19+T19-AG19-AL19 -> 0 | AP19: =(AN19+AO19)/(S19+T19) -> #DIV/0! | AQ19: =($AP$1*AN19+$AQ$1*AO19) -> 0 | AR19: =(D19+J19+O19)-(X19+AH19) -> 0
B20: =+B18+1 -> 46212 | C20: M | D20: =AH19 -> 0 | E20: =AI19 -> 0 | F20: =AJ19 -> 0 | G20: =+D20*E20% -> 0 | H20: =+D20*F20% -> 0 | I20: =J20/1.03 -> 0 | R20: =O20+J20 -> 0 | S20: =(J20*K20%)+(O20*P20%) -> 0 | T20: =(J20*L20%)+(O20*Q20%) -> 0 | AA20: =X20*Y20% -> 0 | AB20: =X20*Z20% -> 0 | AF20: =AC20*AD20% -> 0 | AG20: =AC20*AE20% -> 0 | AK20: =AH20*AI20% -> 0 | AL20: =AH20*AJ20% -> 0 | AM20: =+D20+R20-AC20-AH20 -> 0 | AN20: =+G20+S20-AF20-AK20 -> 0 | AO20: =+H20+T20-AG20-AL20 -> 0 | AP20: =(AN20+AO20)/(S20+T20) -> #DIV/0! | AQ20: =($AP$1*AN20+$AQ$1*AO20) -> 0 | AR20: =(D20+J20+O20)-(X20+AH20) -> 0
B21: =+B19+1 -> 46212 | C21: E | D21: =AH20 -> 0 | E21: =AI20 -> 0 | F21: =AJ20 -> 0 | G21: =+D21*E21% -> 0 | H21: =+D21*F21% -> 0 | I21: =J21/1.03 -> 0 | R21: =O21+J21 -> 0 | S21: =(J21*K21%)+(O21*P21%) -> 0 | T21: =(J21*L21%)+(O21*Q21%) -> 0 | AA21: =X21*Y21% -> 0 | AB21: =X21*Z21% -> 0 | AF21: =AC21*AD21% -> 0 | AG21: =AC21*AE21% -> 0 | AK21: =AH21*AI21% -> 0 | AL21: =AH21*AJ21% -> 0 | AM21: =+D21+R21-AC21-AH21 -> 0 | AN21: =+G21+S21-AF21-AK21 -> 0 | AO21: =+H21+T21-AG21-AL21 -> 0 | AP21: =(AN21+AO21)/(S21+T21) -> #DIV/0! | AQ21: =($AP$1*AN21+$AQ$1*AO21) -> 0 | AR21: =(D21+J21+O21)-(X21+AH21) -> 0
B22: =+B20+1 -> 46213 | C22: M | D22: =AH21 -> 0 | E22: =AI21 -> 0 | F22: =AJ21 -> 0 | G22: =+D22*E22% -> 0 | H22: =+D22*F22% -> 0 | I22: =J22/1.03 -> 0 | R22: =O22+J22 -> 0 | S22: =(J22*K22%)+(O22*P22%) -> 0 | T22: =(J22*L22%)+(O22*Q22%) -> 0 | AA22: =X22*Y22% -> 0 | AB22: =X22*Z22% -> 0 | AF22: =AC22*AD22% -> 0 | AG22: =AC22*AE22% -> 0 | AK22: =AH22*AI22% -> 0 | AL22: =AH22*AJ22% -> 0 | AM22: =+D22+R22-AC22-AH22 -> 0 | AN22: =+G22+S22-AF22-AK22 -> 0 | AO22: =+H22+T22-AG22-AL22 -> 0 | AP22: =(AN22+AO22)/(S22+T22) -> #DIV/0! | AQ22: =($AP$1*AN22+$AQ$1*AO22) -> 0 | AR22: =(D22+J22+O22)-(X22+AH22) -> 0
B23: =+B21+1 -> 46213 | C23: E | D23: =AH22 -> 0 | E23: =AI22 -> 0 | F23: =AJ22 -> 0 | G23: =+D23*E23% -> 0 | H23: =+D23*F23% -> 0 | I23: =J23/1.03 -> 0 | R23: =O23+J23 -> 0 | S23: =(J23*K23%)+(O23*P23%) -> 0 | T23: =(J23*L23%)+(O23*Q23%) -> 0 | AA23: =X23*Y23% -> 0 | AB23: =X23*Z23% -> 0 | AF23: =AC23*AD23% -> 0 | AG23: =AC23*AE23% -> 0 | AK23: =AH23*AI23% -> 0 | AL23: =AH23*AJ23% -> 0 | AM23: =+D23+R23-AC23-AH23 -> 0 | AN23: =+G23+S23-AF23-AK23 -> 0 | AO23: =+H23+T23-AG23-AL23 -> 0 | AP23: =(AN23+AO23)/(S23+T23) -> #DIV/0! | AQ23: =($AP$1*AN23+$AQ$1*AO23) -> 0 | AR23: =(D23+J23+O23)-(X23+AH23) -> 0
B24: =+B22+1 -> 46214 | C24: M | D24: =AH23 -> 0 | E24: =AI23 -> 0 | F24: =AJ23 -> 0 | G24: =+D24*E24% -> 0 | H24: =+D24*F24% -> 0 | I24: =J24/1.03 -> 0 | R24: =O24+J24 -> 0 | S24: =(J24*K24%)+(O24*P24%) -> 0 | T24: =(J24*L24%)+(O24*Q24%) -> 0 | AA24: =X24*Y24% -> 0 | AB24: =X24*Z24% -> 0 | AF24: =AC24*AD24% -> 0 | AG24: =AC24*AE24% -> 0 | AK24: =AH24*AI24% -> 0 | AL24: =AH24*AJ24% -> 0 | AM24: =+D24+R24-AC24-AH24 -> 0 | AN24: =+G24+S24-AF24-AK24 -> 0 | AO24: =+H24+T24-AG24-AL24 -> 0 | AP24: =(AN24+AO24)/(S24+T24) -> #DIV/0! | AQ24: =($AP$1*AN24+$AQ$1*AO24) -> 0 | AR24: =(D24+J24+O24)-(X24+AH24) -> 0
B25: =+B23+1 -> 46214 | C25: E | D25: =AH24 -> 0 | E25: =AI24 -> 0 | F25: =AJ24 -> 0 | G25: =+D25*E25% -> 0 | H25: =+D25*F25% -> 0 | I25: =J25/1.03 -> 0 | R25: =O25+J25 -> 0 | S25: =(J25*K25%)+(O25*P25%) -> 0 | T25: =(J25*L25%)+(O25*Q25%) -> 0 | AA25: =X25*Y25% -> 0 | AB25: =X25*Z25% -> 0 | AF25: =AC25*AD25% -> 0 | AG25: =AC25*AE25% -> 0 | AK25: =AH25*AI25% -> 0 | AL25: =AH25*AJ25% -> 0 | AM25: =+D25+R25-AC25-AH25 -> 0 | AN25: =+G25+S25-AF25-AK25 -> 0 | AO25: =+H25+T25-AG25-AL25 -> 0 | AP25: =(AN25+AO25)/(S25+T25) -> #DIV/0! | AQ25: =($AP$1*AN25+$AQ$1*AO25) -> 0 | AR25: =(D25+J25+O25)-(X25+AH25) -> 0
B26: =+B24+1 -> 46215 | C26: M | D26: =AH25 -> 0 | E26: =AI25 -> 0 | F26: =AJ25 -> 0 | G26: =+D26*E26% -> 0 | H26: =+D26*F26% -> 0 | I26: =J26/1.03 -> 0 | R26: =O26+J26 -> 0 | S26: =(J26*K26%)+(O26*P26%) -> 0 | T26: =(J26*L26%)+(O26*Q26%) -> 0 | AA26: =X26*Y26% -> 0 | AB26: =X26*Z26% -> 0 | AF26: =AC26*AD26% -> 0 | AG26: =AC26*AE26% -> 0 | AK26: =AH26*AI26% -> 0 | AL26: =AH26*AJ26% -> 0 | AM26: =+D26+R26-AC26-AH26 -> 0 | AN26: =+G26+S26-AF26-AK26 -> 0 | AO26: =+H26+T26-AG26-AL26 -> 0 | AP26: =(AN26+AO26)/(S26+T26) -> #DIV/0! | AQ26: =($AP$1*AN26+$AQ$1*AO26) -> 0 | AR26: =(D26+J26+O26)-(X26+AH26) -> 0 | AT26: Vol | AU26: FAT Kg | AV26: SNF Kg | AW26: Amount
B27: =+B25+1 -> 46215 | C27: E | D27: =AH26 -> 0 | E27: =AI26 -> 0 | F27: =AJ26 -> 0 | G27: =+D27*E27% -> 0 | H27: =+D27*F27% -> 0 | I27: =J27/1.03 -> 0 | R27: =O27+J27 -> 0 | S27: =(J27*K27%)+(O27*P27%) -> 0 | T27: =(J27*L27%)+(O27*Q27%) -> 0 | AA27: =X27*Y27% -> 0 | AB27: =X27*Z27% -> 0 | AF27: =AC27*AD27% -> 0 | AG27: =AC27*AE27% -> 0 | AK27: =AH27*AI27% -> 0 | AL27: =AH27*AJ27% -> 0 | AM27: =+D27+R27-AC27-AH27 -> 0 | AN27: =+G27+S27-AF27-AK27 -> 0 | AO27: =+H27+T27-AG27-AL27 -> 0 | AP27: =(AN27+AO27)/(S27+T27) -> #DIV/0! | AQ27: =($AP$1*AN27+$AQ$1*AO27) -> 0 | AR27: =(D27+J27+O27)-(X27+AH27) -> 0 | AS27: =SUM(J14:J27) -> 0 | AT27: =SUM(AM14:AM27) -> 0 | AU27: =SUM(AN14:AN27) -> 0 | AV27: =SUM(AO14:AO27) -> 0 | AW27: =-SUM(AQ14:AQ27) -> 0
B28: =+B26+1 -> 46216 | C28: M | D28: =AH27 -> 0 | E28: =AI27 -> 0 | F28: =AJ27 -> 0 | G28: =+D28*E28% -> 0 | H28: =+D28*F28% -> 0 | I28: =J28/1.03 -> 0 | R28: =O28+J28 -> 0 | S28: =(J28*K28%)+(O28*P28%) -> 0 | T28: =(J28*L28%)+(O28*Q28%) -> 0 | AA28: =X28*Y28% -> 0 | AB28: =X28*Z28% -> 0 | AF28: =AC28*AD28% -> 0 | AG28: =AC28*AE28% -> 0 | AK28: =AH28*AI28% -> 0 | AL28: =AH28*AJ28% -> 0 | AM28: =+D28+R28-AC28-AH28 -> 0 | AN28: =+G28+S28-AF28-AK28 -> 0 | AO28: =+H28+T28-AG28-AL28 -> 0 | AP28: =(AN28+AO28)/(S28+T28) -> #DIV/0! | AQ28: =($AP$1*AN28+$AQ$1*AO28) -> 0 | AR28: =(D28+J28+O28)-(X28+AH28) -> 0
B29: =+B27+1 -> 46216 | C29: E | D29: =AH28 -> 0 | E29: =AI28 -> 0 | F29: =AJ28 -> 0 | G29: =+D29*E29% -> 0 | H29: =+D29*F29% -> 0 | I29: =J29/1.03 -> 0 | R29: =O29+J29 -> 0 | S29: =(J29*K29%)+(O29*P29%) -> 0 | T29: =(J29*L29%)+(O29*Q29%) -> 0 | AA29: =X29*Y29% -> 0 | AB29: =X29*Z29% -> 0 | AF29: =AC29*AD29% -> 0 | AG29: =AC29*AE29% -> 0 | AK29: =AH29*AI29% -> 0 | AL29: =AH29*AJ29% -> 0 | AM29: =+D29+R29-AC29-AH29 -> 0 | AN29: =+G29+S29-AF29-AK29 -> 0 | AO29: =+H29+T29-AG29-AL29 -> 0 | AP29: =(AN29+AO29)/(S29+T29) -> #DIV/0! | AQ29: =($AP$1*AN29+$AQ$1*AO29) -> 0 | AR29: =(D29+J29+O29)-(X29+AH29) -> 0
B30: =+B28+1 -> 46217 | C30: M | D30: =AH29 -> 0 | E30: =AI29 -> 0 | F30: =AJ29 -> 0 | G30: =+D30*E30% -> 0 | H30: =+D30*F30% -> 0 | I30: =J30/1.03 -> 0 | R30: =O30+J30 -> 0 | S30: =(J30*K30%)+(O30*P30%) -> 0 | T30: =(J30*L30%)+(O30*Q30%) -> 0 | AA30: =X30*Y30% -> 0 | AB30: =X30*Z30% -> 0 | AF30: =AC30*AD30% -> 0 | AG30: =AC30*AE30% -> 0 | AK30: =AH30*AI30% -> 0 | AL30: =AH30*AJ30% -> 0 | AM30: =+D30+R30-AC30-AH30 -> 0 | AN30: =+G30+S30-AF30-AK30 -> 0 | AO30: =+H30+T30-AG30-AL30 -> 0 | AP30: =(AN30+AO30)/(S30+T30) -> #DIV/0! | AQ30: =($AP$1*AN30+$AQ$1*AO30) -> 0 | AR30: =(D30+J30+O30)-(X30+AH30) -> 0
B31: =+B29+1 -> 46217 | C31: E | D31: =AH30 -> 0 | E31: =AI30 -> 0 | F31: =AJ30 -> 0 | G31: =+D31*E31% -> 0 | H31: =+D31*F31% -> 0 | I31: =J31/1.03 -> 0 | R31: =O31+J31 -> 0 | S31: =(J31*K31%)+(O31*P31%) -> 0 | T31: =(J31*L31%)+(O31*Q31%) -> 0 | AA31: =X31*Y31% -> 0 | AB31: =X31*Z31% -> 0 | AF31: =AC31*AD31% -> 0 | AG31: =AC31*AE31% -> 0 | AK31: =AH31*AI31% -> 0 | AL31: =AH31*AJ31% -> 0 | AM31: =+D31+R31-AC31-AH31 -> 0 | AN31: =+G31+S31-AF31-AK31 -> 0 | AO31: =+H31+T31-AG31-AL31 -> 0 | AP31: =(AN31+AO31)/(S31+T31) -> #DIV/0! | AQ31: =($AP$1*AN31+$AQ$1*AO31) -> 0 | AR31: =(D31+J32+O31)-(X31+AH32) -> 0
B32: =+B30+1 -> 46218 | C32: M | D32: =AH31 -> 0 | E32: =AI31 -> 0 | F32: =AJ31 -> 0 | G32: =+D32*E32% -> 0 | H32: =+D32*F32% -> 0 | I32: =J32/1.03 -> 0 | R32: =O32+J32 -> 0 | S32: =(J32*K32%)+(O32*P32%) -> 0 | T32: =(J32*L32%)+(O32*Q32%) -> 0 | AA32: =X32*Y32% -> 0 | AB32: =X32*Z32% -> 0 | AF32: =AC32*AD32% -> 0 | AG32: =AC32*AE32% -> 0 | AK32: =AH32*AI32% -> 0 | AL32: =AH32*AJ32% -> 0 | AM32: =+D32+R32-AC32-AH32 -> 0 | AN32: =+G32+S32-AF32-AK32 -> 0 | AO32: =+H32+T32-AG32-AL32 -> 0 | AP32: =(AN32+AO32)/(S32+T32) -> #DIV/0! | AQ32: =($AP$1*AN32+$AQ$1*AO32) -> 0 | AR32: =(D32+J33+O32)-(X32+AH33) -> 0
B33: =+B31+1 -> 46218 | C33: E | D33: =AH32 -> 0 | E33: =AI32 -> 0 | F33: =AJ32 -> 0 | G33: =+D33*E33% -> 0 | H33: =+D33*F33% -> 0 | I33: =J33/1.03 -> 0 | R33: =O33+J33 -> 0 | S33: =(J33*K33%)+(O33*P33%) -> 0 | T33: =(J33*L33%)+(O33*Q33%) -> 0 | AA33: =X33*Y33% -> 0 | AB33: =X33*Z33% -> 0 | AF33: =AC33*AD33% -> 0 | AG33: =AC33*AE33% -> 0 | AK33: =AH33*AI33% -> 0 | AL33: =AH33*AJ33% -> 0 | AM33: =+D33+R33-AC33-AH33 -> 0 | AN33: =+G33+S33-AF33-AK33 -> 0 | AO33: =+H33+T33-AG33-AL33 -> 0 | AP33: =(AN33+AO33)/(S33+T33) -> #DIV/0! | AQ33: =($AP$1*AN33+$AQ$1*AO33) -> 0 | AR33: =(D33+J34+O33)-(X33+AH34) -> 0
B34: =+B32+1 -> 46219 | C34: M | D34: =AH33 -> 0 | E34: =AI33 -> 0 | F34: =AJ33 -> 0 | G34: =+D34*E34% -> 0 | H34: =+D34*F34% -> 0 | I34: =J34/1.03 -> 0 | R34: =O34+J34 -> 0 | S34: =(J34*K34%)+(O34*P34%) -> 0 | T34: =(J34*L34%)+(O34*Q34%) -> 0 | AA34: =X34*Y34% -> 0 | AB34: =X34*Z34% -> 0 | AF34: =AC34*AD34% -> 0 | AG34: =AC34*AE34% -> 0 | AK34: =AH34*AI34% -> 0 | AL34: =AH34*AJ34% -> 0 | AM34: =+D34+R34-AC34-AH34 -> 0 | AN34: =+G34+S34-AF34-AK34 -> 0 | AO34: =+H34+T34-AG34-AL34 -> 0 | AP34: =(AN34+AO34)/(S34+T34) -> #DIV/0! | AQ34: =($AP$1*AN34+$AQ$1*AO34) -> 0 | AR34: =(D34+J35+O34)-(X34+AH35) -> 0
B35: =+B33+1 -> 46219 | C35: E | D35: =AH34 -> 0 | E35: =AI34 -> 0 | F35: =AJ34 -> 0 | G35: =+D35*E35% -> 0 | H35: =+D35*F35% -> 0 | I35: =J35/1.03 -> 0 | R35: =O35+J35 -> 0 | S35: =(J35*K35%)+(O35*P35%) -> 0 | T35: =(J35*L35%)+(O35*Q35%) -> 0 | AA35: =X35*Y35% -> 0 | AB35: =X35*Z35% -> 0 | AF35: =AC35*AD35% -> 0 | AG35: =AC35*AE35% -> 0 | AK35: =AH35*AI35% -> 0 | AL35: =AH35*AJ35% -> 0 | AM35: =+D35+R35-AC35-AH35 -> 0 | AN35: =+G35+S35-AF35-AK35 -> 0 | AO35: =+H35+T35-AG35-AL35 -> 0 | AP35: =(AN35+AO35)/(S35+T35) -> #DIV/0! | AQ35: =($AP$1*AN35+$AQ$1*AO35) -> 0 | AR35: =(D35+#REF!+O35)-(X35+#REF!) -> #REF!
B36: =+B34+1 -> 46220 | C36: M | D36: =AH35 -> 0 | E36: =AI35 -> 0 | F36: =AJ35 -> 0 | G36: =+D36*E36% -> 0 | H36: =+D36*F36% -> 0 | I36: =J36/1.03 -> 0 | R36: =O36+J36 -> 0 | S36: =(J36*K36%)+(O36*P36%) -> 0 | T36: =(J36*L36%)+(O36*Q36%) -> 0 | AA36: =X36*Y36% -> 0 | AB36: =X36*Z36% -> 0 | AF36: =AC36*AD36% -> 0 | AG36: =AC36*AE36% -> 0 | AK36: =AH36*AI36% -> 0 | AL36: =AH36*AJ36% -> 0 | AM36: =+D36+R36-AC36-AH36 -> 0 | AN36: =+G36+S36-AF36-AK36 -> 0 | AO36: =+H36+T36-AG36-AL36 -> 0 | AP36: =(AN36+AO36)/(S36+T36) -> #DIV/0! | AQ36: =($AP$1*AN36+$AQ$1*AO36) -> 0 | AR36: =(D36+J36+O36)-(X36+AH36) -> 0
B37: =+B35+1 -> 46220 | C37: E | D37: =AH36 -> 0 | E37: =AI36 -> 0 | F37: =AJ36 -> 0 | G37: =+D37*E37% -> 0 | H37: =+D37*F37% -> 0 | I37: =J37/1.03 -> 0 | R37: =O37+J37 -> 0 | S37: =(J37*K37%)+(O37*P37%) -> 0 | T37: =(J37*L37%)+(O37*Q37%) -> 0 | AA37: =X37*Y37% -> 0 | AB37: =X37*Z37% -> 0 | AF37: =AC37*AD37% -> 0 | AG37: =AC37*AE37% -> 0 | AK37: =AH37*AI37% -> 0 | AL37: =AH37*AJ37% -> 0 | AM37: =+D37+R37-AC37-AH37 -> 0 | AN37: =+G37+S37-AF37-AK37 -> 0 | AO37: =+H37+T37-AG37-AL37 -> 0 | AP37: =(AN37+AO37)/(S37+T37) -> #DIV/0! | AQ37: =($AP$1*AN37+$AQ$1*AO37) -> 0 | AR37: =(D37+J37+O37)-(X37+AH37) -> 0
B38: =+B36+1 -> 46221 | C38: M | D38: =AH37 -> 0 | E38: =AI37 -> 0 | F38: =AJ37 -> 0 | G38: =+D38*E38% -> 0 | H38: =+D38*F38% -> 0 | I38: =J38/1.03 -> 0 | R38: =O38+J38 -> 0 | S38: =(J38*K38%)+(O38*P38%) -> 0 | T38: =(J38*L38%)+(O38*Q38%) -> 0 | AA38: =X38*Y38% -> 0 | AB38: =X38*Z38% -> 0 | AF38: =AC38*AD38% -> 0 | AG38: =AC38*AE38% -> 0 | AK38: =AH38*AI38% -> 0 | AL38: =AH38*AJ38% -> 0 | AM38: =+D38+R38-AC38-AH38 -> 0 | AN38: =+G38+S38-AF38-AK38 -> 0 | AO38: =+H38+T38-AG38-AL38 -> 0 | AP38: =(AN38+AO38)/(S38+T38) -> #DIV/0! | AQ38: =($AP$1*AN38+$AQ$1*AO38) -> 0 | AR38: =(D38+J38+O38)-(X38+AH38) -> 0
B39: =+B37+1 -> 46221 | C39: E | D39: =AH38 -> 0 | E39: =AI38 -> 0 | F39: =AJ38 -> 0 | G39: =+D39*E39% -> 0 | H39: =+D39*F39% -> 0 | I39: =J39/1.03 -> 0 | R39: =O39+J39 -> 0 | S39: =(J39*K39%)+(O39*P39%) -> 0 | T39: =(J39*L39%)+(O39*Q39%) -> 0 | AA39: =X39*Y39% -> 0 | AB39: =X39*Z39% -> 0 | AF39: =AC39*AD39% -> 0 | AG39: =AC39*AE39% -> 0 | AK39: =AH39*AI39% -> 0 | AL39: =AH39*AJ39% -> 0 | AM39: =+D39+R39-AC39-AH39 -> 0 | AN39: =+G39+S39-AF39-AK39 -> 0 | AO39: =+H39+T39-AG39-AL39 -> 0 | AP39: =(AN39+AO39)/(S39+T39) -> #DIV/0! | AQ39: =($AP$1*AN39+$AQ$1*AO39) -> 0 | AR39: =(D39+J39+O39)-(X39+AH39) -> 0
B40: =+B38+1 -> 46222 | C40: M | D40: =AH39 -> 0 | E40: =AI39 -> 0 | F40: =AJ39 -> 0 | G40: =+D40*E40% -> 0 | H40: =+D40*F40% -> 0 | I40: =J40/1.03 -> 0 | R40: =O40+J40 -> 0 | S40: =(J40*K40%)+(O40*P40%) -> 0 | T40: =(J40*L40%)+(O40*Q40%) -> 0 | AA40: =X40*Y40% -> 0 | AB40: =X40*Z40% -> 0 | AF40: =AC40*AD40% -> 0 | AG40: =AC40*AE40% -> 0 | AK40: =AH40*AI40% -> 0 | AL40: =AH40*AJ40% -> 0 | AM40: =+D40+R40-AC40-AH40 -> 0 | AN40: =+G40+S40-AF40-AK40 -> 0 | AO40: =+H40+T40-AG40-AL40 -> 0 | AP40: =(AN40+AO40)/(S40+T40) -> #DIV/0! | AQ40: =($AP$1*AN40+$AQ$1*AO40) -> 0 | AR40: =(D40+J40+O40)-(X40+AH40) -> 0
B41: =+B39+1 -> 46222 | C41: E | D41: =AH40 -> 0 | E41: =AI40 -> 0 | F41: =AJ40 -> 0 | G41: =+D41*E41% -> 0 | H41: =+D41*F41% -> 0 | I41: =J41/1.03 -> 0 | R41: =O41+J41 -> 0 | S41: =(J41*K41%)+(O41*P41%) -> 0 | T41: =(J41*L41%)+(O41*Q41%) -> 0 | AA41: =X41*Y41% -> 0 | AB41: =X41*Z41% -> 0 | AF41: =AC41*AD41% -> 0 | AG41: =AC41*AE41% -> 0 | AK41: =AH41*AI41% -> 0 | AL41: =AH41*AJ41% -> 0 | AM41: =+D41+R41-AC41-AH41 -> 0 | AN41: =+G41+S41-AF41-AK41 -> 0 | AO41: =+H41+T41-AG41-AL41 -> 0 | AP41: =(AN41+AO41)/(S41+T41) -> #DIV/0! | AQ41: =($AP$1*AN41+$AQ$1*AO41) -> 0 | AR41: =(D41+J41+O41)-(X41+AH41) -> 0 | AS41: =SUM(J28:J41) -> 0 | AT41: =SUM(AM28:AM41) -> 0 | AU41: =SUM(AN28:AN41) -> 0 | AV41: =SUM(AO28:AO41) -> 0 | AW41: =-SUM(AQ28:AQ41) -> 0
B42: =+B40+1 -> 46223 | C42: M | D42: =AH41 -> 0 | E42: =AI41 -> 0 | F42: =AJ41 -> 0 | G42: =+D42*E42% -> 0 | H42: =+D42*F42% -> 0 | I42: =J42/1.03 -> 0 | R42: =O42+J42 -> 0 | S42: =(J42*K42%)+(O42*P42%) -> 0 | T42: =(J42*L42%)+(O42*Q42%) -> 0 | AA42: =X42*Y42% -> 0 | AB42: =X42*Z42% -> 0 | AF42: =AC42*AD42% -> 0 | AG42: =AC42*AE42% -> 0 | AK42: =AH42*AI42% -> 0 | AL42: =AH42*AJ42% -> 0 | AM42: =+D42+R42-AC42-AH42 -> 0 | AN42: =+G42+S42-AF42-AK42 -> 0 | AO42: =+H42+T42-AG42-AL42 -> 0 | AP42: =(AN42+AO42)/(S42+T42) -> #DIV/0! | AQ42: =($AP$1*AN42+$AQ$1*AO42) -> 0 | AR42: =(D42+J42+O42)-(X42+AH42) -> 0
B43: =+B41+1 -> 46223 | C43: E | D43: =AH42 -> 0 | E43: =AI42 -> 0 | F43: =AJ42 -> 0 | G43: =+D43*E43% -> 0 | H43: =+D43*F43% -> 0 | I43: =J43/1.03 -> 0 | R43: =O43+J43 -> 0 | S43: =(J43*K43%)+(O43*P43%) -> 0 | T43: =(J43*L43%)+(O43*Q43%) -> 0 | AA43: =X43*Y43% -> 0 | AB43: =X43*Z43% -> 0 | AF43: =AC43*AD43% -> 0 | AG43: =AC43*AE43% -> 0 | AK43: =AH43*AI43% -> 0 | AL43: =AH43*AJ43% -> 0 | AM43: =+D43+R43-AC43-AH43 -> 0 | AN43: =+G43+S43-AF43-AK43 -> 0 | AO43: =+H43+T43-AG43-AL43 -> 0 | AP43: =(AN43+AO43)/(S43+T43) -> #DIV/0! | AQ43: =($AP$1*AN43+$AQ$1*AO43) -> 0 | AR43: =(D43+J43+O43)-(X43+AH43) -> 0
B44: =+B42+1 -> 46224 | C44: M | D44: =AH43 -> 0 | E44: =AI43 -> 0 | F44: =AJ43 -> 0 | G44: =+D44*E44% -> 0 | H44: =+D44*F44% -> 0 | I44: =J44/1.03 -> 0 | R44: =O44+J44 -> 0 | S44: =(J44*K44%)+(O44*P44%) -> 0 | T44: =(J44*L44%)+(O44*Q44%) -> 0 | AA44: =X44*Y44% -> 0 | AB44: =X44*Z44% -> 0 | AF44: =AC44*AD44% -> 0 | AG44: =AC44*AE44% -> 0 | AK44: =AH44*AI44% -> 0 | AL44: =AH44*AJ44% -> 0 | AM44: =+D44+R44-AC44-AH44 -> 0 | AN44: =+G44+S44-AF44-AK44 -> 0 | AO44: =+H44+T44-AG44-AL44 -> 0 | AP44: =(AN44+AO44)/(S44+T44) -> #DIV/0! | AQ44: =($AP$1*AN44+$AQ$1*AO44) -> 0 | AR44: =(D44+J44+O44)-(X44+AH44) -> 0
B45: =+B43+1 -> 46224 | C45: E | D45: =AH44 -> 0 | E45: =AI44 -> 0 | F45: =AJ44 -> 0 | G45: =+D45*E45% -> 0 | H45: =+D45*F45% -> 0 | I45: =J45/1.03 -> 0 | R45: =O45+J45 -> 0 | S45: =(J45*K45%)+(O45*P45%) -> 0 | T45: =(J45*L45%)+(O45*Q45%) -> 0 | AA45: =X45*Y45% -> 0 | AB45: =X45*Z45% -> 0 | AF45: =AC45*AD45% -> 0 | AG45: =AC45*AE45% -> 0 | AK45: =AH45*AI45% -> 0 | AL45: =AH45*AJ45% -> 0 | AM45: =+D45+R45-AC45-AH45 -> 0 | AN45: =+G45+S45-AF45-AK45 -> 0 | AO45: =+H45+T45-AG45-AL45 -> 0 | AP45: =(AN45+AO45)/(S45+T45) -> #DIV/0! | AQ45: =($AP$1*AN45+$AQ$1*AO45) -> 0 | AR45: =(D45+J45+O45)-(X45+AH45) -> 0
B46: =+B44+1 -> 46225 | C46: M | D46: =AH45 -> 0 | E46: =AI45 -> 0 | F46: =AJ45 -> 0 | G46: =+D46*E46% -> 0 | H46: =+D46*F46% -> 0 | I46: =J46/1.03 -> 0 | R46: =O46+J46 -> 0 | S46: =(J46*K46%)+(O46*P46%) -> 0 | T46: =(J46*L46%)+(O46*Q46%) -> 0 | AA46: =X46*Y46% -> 0 | AB46: =X46*Z46% -> 0 | AF46: =AC46*AD46% -> 0 | AG46: =AC46*AE46% -> 0 | AK46: =AH46*AI46% -> 0 | AL46: =AH46*AJ46% -> 0 | AM46: =+D46+R46-AC46-AH46 -> 0 | AN46: =+G46+S46-AF46-AK46 -> 0 | AO46: =+H46+T46-AG46-AL46 -> 0 | AP46: =(AN46+AO46)/(S46+T46) -> #DIV/0! | AQ46: =($AP$1*AN46+$AQ$1*AO46) -> 0 | AR46: =(D46+J46+O46)-(X46+AH46) -> 0
B47: =+B45+1 -> 46225 | C47: E | D47: =AH46 -> 0 | E47: =AI46 -> 0 | F47: =AJ46 -> 0 | G47: =+D47*E47% -> 0 | H47: =+D47*F47% -> 0 | I47: =J47/1.03 -> 0 | R47: =O47+J47 -> 0 | S47: =(J47*K47%)+(O47*P47%) -> 0 | T47: =(J47*L47%)+(O47*Q47%) -> 0 | AA47: =X47*Y47% -> 0 | AB47: =X47*Z47% -> 0 | AF47: =AC47*AD47% -> 0 | AG47: =AC47*AE47% -> 0 | AK47: =AH47*AI47% -> 0 | AL47: =AH47*AJ47% -> 0 | AM47: =+D47+R47-AC47-AH47 -> 0 | AN47: =+G47+S47-AF47-AK47 -> 0 | AO47: =+H47+T47-AG47-AL47 -> 0 | AP47: =(AN47+AO47)/(S47+T47) -> #DIV/0! | AQ47: =($AP$1*AN47+$AQ$1*AO47) -> 0 | AR47: =(D47+J47+O47)-(X47+AH47) -> 0
B48: =+B46+1 -> 46226 | C48: M | D48: =AH47 -> 0 | E48: =AI47 -> 0 | F48: =AJ47 -> 0 | G48: =+D48*E48% -> 0 | H48: =+D48*F48% -> 0 | I48: =J48/1.03 -> 0 | R48: =O48+J48 -> 0 | S48: =(J48*K48%)+(O48*P48%) -> 0 | T48: =(J48*L48%)+(O48*Q48%) -> 0 | AA48: =X48*Y48% -> 0 | AB48: =X48*Z48% -> 0 | AF48: =AC48*AD48% -> 0 | AG48: =AC48*AE48% -> 0 | AK48: =AH48*AI48% -> 0 | AL48: =AH48*AJ48% -> 0 | AM48: =+D48+R48-AC48-AH48 -> 0 | AN48: =+G48+S48-AF48-AK48 -> 0 | AO48: =+H48+T48-AG48-AL48 -> 0 | AP48: =(AN48+AO48)/(S48+T48) -> #DIV/0! | AQ48: =($AP$1*AN48+$AQ$1*AO48) -> 0 | AR48: =(D48+J48+O48)-(X48+AH48) -> 0
B49: =+B47+1 -> 46226 | C49: E | D49: =AH48 -> 0 | E49: =AI48 -> 0 | F49: =AJ48 -> 0 | G49: =+D49*E49% -> 0 | H49: =+D49*F49% -> 0 | I49: =J49/1.03 -> 0 | R49: =O49+J49 -> 0 | S49: =(J49*K49%)+(O49*P49%) -> 0 | T49: =(J49*L49%)+(O49*Q49%) -> 0 | AA49: =X49*Y49% -> 0 | AB49: =X49*Z49% -> 0 | AF49: =AC49*AD49% -> 0 | AG49: =AC49*AE49% -> 0 | AK49: =AH49*AI49% -> 0 | AL49: =AH49*AJ49% -> 0 | AM49: =+D49+R49-AC49-AH49 -> 0 | AN49: =+G49+S49-AF49-AK49 -> 0 | AO49: =+H49+T49-AG49-AL49 -> 0 | AP49: =(AN49+AO49)/(S49+T49) -> #DIV/0! | AQ49: =($AP$1*AN49+$AQ$1*AO49) -> 0 | AR49: =(D49+J49+O49)-(X49+AH49) -> 0
B50: =+B48+1 -> 46227 | C50: M | D50: =AH49 -> 0 | E50: =AI49 -> 0 | F50: =AJ49 -> 0 | G50: =+D50*E50% -> 0 | H50: =+D50*F50% -> 0 | I50: =J50/1.03 -> 0 | R50: =O50+J50 -> 0 | S50: =(J50*K50%)+(O50*P50%) -> 0 | T50: =(J50*L50%)+(O50*Q50%) -> 0 | AA50: =X50*Y50% -> 0 | AB50: =X50*Z50% -> 0 | AF50: =AC50*AD50% -> 0 | AG50: =AC50*AE50% -> 0 | AK50: =AH50*AI50% -> 0 | AL50: =AH50*AJ50% -> 0 | AM50: =+D50+R50-AC50-AH50 -> 0 | AN50: =+G50+S50-AF50-AK50 -> 0 | AO50: =+H50+T50-AG50-AL50 -> 0 | AP50: =(AN50+AO50)/(S50+T50) -> #DIV/0! | AQ50: =($AP$1*AN50+$AQ$1*AO50) -> 0 | AR50: =(D50+J50+O50)-(X50+AH50) -> 0
B51: =+B49+1 -> 46227 | C51: E | D51: =AH50 -> 0 | E51: =AI50 -> 0 | F51: =AJ50 -> 0 | G51: =+D51*E51% -> 0 | H51: =+D51*F51% -> 0 | I51: =J51/1.03 -> 0 | R51: =O51+J51 -> 0 | S51: =(J51*K51%)+(O51*P51%) -> 0 | T51: =(J51*L51%)+(O51*Q51%) -> 0 | AA51: =X51*Y51% -> 0 | AB51: =X51*Z51% -> 0 | AF51: =AC51*AD51% -> 0 | AG51: =AC51*AE51% -> 0 | AK51: =AH51*AI51% -> 0 | AL51: =AH51*AJ51% -> 0 | AM51: =+D51+R51-AC51-AH51 -> 0 | AN51: =+G51+S51-AF51-AK51 -> 0 | AO51: =+H51+T51-AG51-AL51 -> 0 | AP51: =(AN51+AO51)/(S51+T51) -> #DIV/0! | AQ51: =($AP$1*AN51+$AQ$1*AO51) -> 0 | AR51: =(D51+J51+O51)-(X51+AH51) -> 0
B52: =+B50+1 -> 46228 | C52: M | D52: =AH51 -> 0 | E52: =AI51 -> 0 | F52: =AJ51 -> 0 | G52: =+D52*E52% -> 0 | H52: =+D52*F52% -> 0 | I52: =J52/1.03 -> 0 | R52: =O52+J52 -> 0 | S52: =(J52*K52%)+(O52*P52%) -> 0 | T52: =(J52*L52%)+(O52*Q52%) -> 0 | AA52: =X52*Y52% -> 0 | AB52: =X52*Z52% -> 0 | AF52: =AC52*AD52% -> 0 | AG52: =AC52*AE52% -> 0 | AK52: =AH52*AI52% -> 0 | AL52: =AH52*AJ52% -> 0 | AM52: =+D52+R52-AC52-AH52 -> 0 | AN52: =+G52+S52-AF52-AK52 -> 0 | AO52: =+H52+T52-AG52-AL52 -> 0 | AP52: =(AN52+AO52)/(S52+T52) -> #DIV/0! | AQ52: =($AP$1*AN52+$AQ$1*AO52) -> 0 | AR52: =(D52+J52+O52)-(X52+AH52) -> 0
B53: =+B51+1 -> 46228 | C53: E | D53: =AH52 -> 0 | E53: =AI52 -> 0 | F53: =AJ52 -> 0 | G53: =+D53*E53% -> 0 | H53: =+D53*F53% -> 0 | I53: =J53/1.03 -> 0 | R53: =O53+J53 -> 0 | S53: =(J53*K53%)+(O53*P53%) -> 0 | T53: =(J53*L53%)+(O53*Q53%) -> 0 | AA53: =X53*Y53% -> 0 | AB53: =X53*Z53% -> 0 | AF53: =AC53*AD53% -> 0 | AG53: =AC53*AE53% -> 0 | AK53: =AH53*AI53% -> 0 | AL53: =AH53*AJ53% -> 0 | AM53: =+D53+R53-AC53-AH53 -> 0 | AN53: =+G53+S53-AF53-AK53 -> 0 | AO53: =+H53+T53-AG53-AL53 -> 0 | AP53: =(AN53+AO53)/(S53+T53) -> #DIV/0! | AQ53: =($AP$1*AN53+$AQ$1*AO53) -> 0 | AR53: =(D53+J53+O53)-(X53+AH53) -> 0
B54: =+B52+1 -> 46229 | C54: M | D54: =AH53 -> 0 | E54: =AI53 -> 0 | F54: =AJ53 -> 0 | G54: =+D54*E54% -> 0 | H54: =+D54*F54% -> 0 | I54: =J54/1.03 -> 0 | R54: =O54+J54 -> 0 | S54: =(J54*K54%)+(O54*P54%) -> 0 | T54: =(J54*L54%)+(O54*Q54%) -> 0 | AA54: =X54*Y54% -> 0 | AB54: =X54*Z54% -> 0 | AF54: =AC54*AD54% -> 0 | AG54: =AC54*AE54% -> 0 | AK54: =AH54*AI54% -> 0 | AL54: =AH54*AJ54% -> 0 | AM54: =+D54+R54-AC54-AH54 -> 0 | AN54: =+G54+S54-AF54-AK54 -> 0 | AO54: =+H54+T54-AG54-AL54 -> 0 | AP54: =(AN54+AO54)/(S54+T54) -> #DIV/0! | AQ54: =($AP$1*AN54+$AQ$1*AO54) -> 0 | AR54: =(D54+J54+O54)-(X54+AH54) -> 0
B55: =+B53+1 -> 46229 | C55: E | D55: =AH54 -> 0 | E55: =AI54 -> 0 | F55: =AJ54 -> 0 | G55: =+D55*E55% -> 0 | H55: =+D55*F55% -> 0 | I55: =J55/1.03 -> 0 | R55: =O55+J55 -> 0 | S55: =(J55*K55%)+(O55*P55%) -> 0 | T55: =(J55*L55%)+(O55*Q55%) -> 0 | AA55: =X55*Y55% -> 0 | AB55: =X55*Z55% -> 0 | AF55: =AC55*AD55% -> 0 | AG55: =AC55*AE55% -> 0 | AK55: =AH55*AI55% -> 0 | AL55: =AH55*AJ55% -> 0 | AM55: =+D55+R55-AC55-AH55 -> 0 | AN55: =+G55+S55-AF55-AK55 -> 0 | AO55: =+H55+T55-AG55-AL55 -> 0 | AP55: =(AN55+AO55)/(S55+T55) -> #DIV/0! | AQ55: =($AP$1*AN55+$AQ$1*AO55) -> 0 | AR55: =(D55+J55+O55)-(X55+AH55) -> 0 | AS55: =SUM(J42:J55) -> 0 | AT55: =SUM(AM42:AM55) -> 0 | AU55: =SUM(AN42:AN55) -> 0 | AV55: =SUM(AO42:AO55) -> 0 | AW55: =-SUM(AQ42:AQ55) -> 0
B56: =+B54+1 -> 46230 | C56: M | D56: =AH55 -> 0 | E56: =AI55 -> 0 | F56: =AJ55 -> 0 | G56: =+D56*E56% -> 0 | H56: =+D56*F56% -> 0 | I56: =J56/1.03 -> 0 | R56: =O56+J56 -> 0 | S56: =(J56*K56%)+(O56*P56%) -> 0 | T56: =(J56*L56%)+(O56*Q56%) -> 0 | AA56: =X56*Y56% -> 0 | AB56: =X56*Z56% -> 0 | AF56: =AC56*AD56% -> 0 | AG56: =AC56*AE56% -> 0 | AK56: =AH56*AI56% -> 0 | AL56: =AH56*AJ56% -> 0 | AM56: =+D56+R56-AC56-AH56 -> 0 | AN56: =+G56+S56-AF56-AK56 -> 0 | AO56: =+H56+T56-AG56-AL56 -> 0 | AP56: =(AN56+AO56)/(S56+T56) -> #DIV/0! | AQ56: =($AP$1*AN56+$AQ$1*AO56) -> 0 | AR56: =(D56+J56+O56)-(X56+AH56) -> 0
B57: =+B55+1 -> 46230 | C57: E | D57: =AH56 -> 0 | E57: =AI56 -> 0 | F57: =AJ56 -> 0 | G57: =+D57*E57% -> 0 | H57: =+D57*F57% -> 0 | I57: =J57/1.03 -> 0 | R57: =O57+J57 -> 0 | S57: =(J57*K57%)+(O57*P57%) -> 0 | T57: =(J57*L57%)+(O57*Q57%) -> 0 | AA57: =X57*Y57% -> 0 | AB57: =X57*Z57% -> 0 | AF57: =AC57*AD57% -> 0 | AG57: =AC57*AE57% -> 0 | AK57: =AH57*AI57% -> 0 | AL57: =AH57*AJ57% -> 0 | AM57: =+D57+R57-AC57-AH57 -> 0 | AN57: =+G57+S57-AF57-AK57 -> 0 | AO57: =+H57+T57-AG57-AL57 -> 0 | AP57: =(AN57+AO57)/(S57+T57) -> #DIV/0! | AQ57: =($AP$1*AN57+$AQ$1*AO57) -> 0 | AR57: =(D57+J57+O57)-(X57+AH57) -> 0
B58: =+B56+1 -> 46231 | C58: M | D58: =AH57 -> 0 | E58: =AI57 -> 0 | F58: =AJ57 -> 0 | G58: =+D58*E58% -> 0 | H58: =+D58*F58% -> 0 | I58: =J58/1.03 -> 0 | R58: =O58+J58 -> 0 | S58: =(J58*K58%)+(O58*P58%) -> 0 | T58: =(J58*L58%)+(O58*Q58%) -> 0 | AA58: =X58*Y58% -> 0 | AB58: =X58*Z58% -> 0 | AF58: =AC58*AD58% -> 0 | AG58: =AC58*AE58% -> 0 | AK58: =AH58*AI58% -> 0 | AL58: =AH58*AJ58% -> 0 | AM58: =+D58+R58-AC58-AH58 -> 0 | AN58: =+G58+S58-AF58-AK58 -> 0 | AO58: =+H58+T58-AG58-AL58 -> 0 | AP58: =(AN58+AO58)/(S58+T58) -> #DIV/0! | AQ58: =($AP$1*AN58+$AQ$1*AO58) -> 0 | AR58: =(D58+J58+O58)-(X58+AH58) -> 0
B59: =+B57+1 -> 46231 | C59: E | D59: =AH58 -> 0 | E59: =AI58 -> 0 | F59: =AJ58 -> 0 | G59: =+D59*E59% -> 0 | H59: =+D59*F59% -> 0 | I59: =J59/1.03 -> 0 | R59: =O59+J59 -> 0 | S59: =(J59*K59%)+(O59*P59%) -> 0 | T59: =(J59*L59%)+(O59*Q59%) -> 0 | AA59: =X59*Y59% -> 0 | AB59: =X59*Z59% -> 0 | AF59: =AC59*AD59% -> 0 | AG59: =AC59*AE59% -> 0 | AK59: =AH59*AI59% -> 0 | AL59: =AH59*AJ59% -> 0 | AM59: =+D59+R59-AC59-AH59 -> 0 | AN59: =+G59+S59-AF59-AK59 -> 0 | AO59: =+H59+T59-AG59-AL59 -> 0 | AP59: =(AN59+AO59)/(S59+T59) -> #DIV/0! | AQ59: =($AP$1*AN59+$AQ$1*AO59) -> 0 | AR59: =(D59+J59+O59)-(X59+AH59) -> 0
B60: =+B58+1 -> 46232 | C60: M | D60: =AH59 -> 0 | E60: =AI59 -> 0 | F60: =AJ59 -> 0 | G60: =+D60*E60% -> 0 | H60: =+D60*F60% -> 0 | I60: =J60/1.03 -> 0 | R60: =O60+J60 -> 0 | S60: =(J60*K60%)+(O60*P60%) -> 0 | T60: =(J60*L60%)+(O60*Q60%) -> 0 | AA60: =X60*Y60% -> 0 | AB60: =X60*Z60% -> 0 | AF60: =AC60*AD60% -> 0 | AG60: =AC60*AE60% -> 0 | AK60: =AH60*AI60% -> 0 | AL60: =AH60*AJ60% -> 0 | AM60: =+D60+R60-AC60-AH60 -> 0 | AN60: =+G60+S60-AF60-AK60 -> 0 | AO60: =+H60+T60-AG60-AL60 -> 0 | AP60: =(AN60+AO60)/(S60+T60) -> #DIV/0! | AQ60: =($AP$1*AN60+$AQ$1*AO60) -> 0 | AR60: =(D60+J60+O60)-(X60+AH60) -> 0
B61: =+B59+1 -> 46232 | C61: E | D61: =AH60 -> 0 | E61: =AI60 -> 0 | F61: =AJ60 -> 0 | G61: =+D61*E61% -> 0 | H61: =+D61*F61% -> 0 | I61: =J61/1.03 -> 0 | R61: =O61+J61 -> 0 | S61: =(J61*K61%)+(O61*P61%) -> 0 | T61: =(J61*L61%)+(O61*Q61%) -> 0 | AA61: =X61*Y61% -> 0 | AB61: =X61*Z61% -> 0 | AF61: =AC61*AD61% -> 0 | AG61: =AC61*AE61% -> 0 | AK61: =AH61*AI61% -> 0 | AL61: =AH61*AJ61% -> 0 | AM61: =+D61+R61-AC61-AH61 -> 0 | AN61: =+G61+S61-AF61-AK61 -> 0 | AO61: =+H61+T61-AG61-AL61 -> 0 | AP61: =(AN61+AO61)/(S61+T61) -> #DIV/0! | AQ61: =($AP$1*AN61+$AQ$1*AO61) -> 0 | AR61: =(D61+J61+O61)-(X61+AH61) -> 0 | AS61: =SUM(J48:J61) -> 0 | AT61: =SUM(AM48:AM61) -> 0 | AU61: =SUM(AN48:AN61) -> 0 | AV61: =SUM(AO48:AO61) -> 0 | AW61: =-SUM(AQ48:AQ61) -> 0
B62: =+B60+1 -> 46233 | C62: M | D62: =AH61 -> 0 | E62: =AI61 -> 0 | F62: =AJ61 -> 0 | G62: =+D62*E62% -> 0 | H62: =+D62*F62% -> 0 | I62: =J62/1.03 -> 0 | R62: =O62+J62 -> 0 | S62: =(J62*K62%)+(O62*P62%) -> 0 | T62: =(J62*L62%)+(O62*Q62%) -> 0 | AA62: =X62*Y62% -> 0 | AB62: =X62*Z62% -> 0 | AF62: =AC62*AD62% -> 0 | AG62: =AC62*AE62% -> 0 | AK62: =AH62*AI62% -> 0 | AL62: =AH62*AJ62% -> 0 | AM62: =+D62+R62-AC62-AH62 -> 0 | AN62: =+G62+S62-AF62-AK62 -> 0 | AO62: =+H62+T62-AG62-AL62 -> 0 | AP62: =(AN62+AO62)/(S62+T62) -> #DIV/0! | AQ62: =($AP$1*AN62+$AQ$1*AO62) -> 0 | AR62: =(D62+J62+O62)-(X62+AH62) -> 0
B63: =+B61+1 -> 46233 | C63: E | D63: =AH62 -> 0 | E63: =AI62 -> 0 | F63: =AJ62 -> 0 | G63: =+D63*E63% -> 0 | H63: =+D63*F63% -> 0 | I63: =J63/1.03 -> 0 | R63: =O63+J63 -> 0 | S63: =(J63*K63%)+(O63*P63%) -> 0 | T63: =(J63*L63%)+(O63*Q63%) -> 0 | AA63: =X63*Y63% -> 0 | AB63: =X63*Z63% -> 0 | AF63: =AC63*AD63% -> 0 | AG63: =AC63*AE63% -> 0 | AK63: =AH63*AI63% -> 0 | AL63: =AH63*AJ63% -> 0 | AM63: =+D63+R63-AC63-AH63 -> 0 | AN63: =+G63+S63-AF63-AK63 -> 0 | AO63: =+H63+T63-AG63-AL63 -> 0 | AP63: =(AN63+AO63)/(S63+T63) -> #DIV/0! | AQ63: =($AP$1*AN63+$AQ$1*AO63) -> 0 | AR63: =(D63+J63+O63)-(X63+AH63) -> 0
B64: =+B62+1 -> 46234 | C64: M | G64: =+D64*E64% -> 0 | H64: =+D64*F64% -> 0 | I64: =J64/1.03 -> 0 | R64: =O64+J64 -> 0 | S64: =(J64*K64%)+(O64*P64%) -> 0 | T64: =(J64*L64%)+(O64*Q64%) -> 0 | AA64: =X64*Y64% -> 0 | AB64: =X64*Z64% -> 0 | AF64: =AC64*AD64% -> 0 | AG64: =AC64*AE64% -> 0 | AK64: =AH64*AI64% -> 0 | AL64: =AH64*AJ64% -> 0 | AM64: =+D64+R64-AC64-AH64 -> 0 | AN64: =+G64+S64-AF64-AK64 -> 0 | AO64: =+H64+T64-AG64-AL64 -> 0 | AP64: =(AN64+AO64)/(S64+T64) -> #DIV/0! | AQ64: =($AP$1*AN64+$AQ$1*AO64) -> 0 | AR64: =(D64+J64+O64)-(X64+AH64) -> 0
B65: =+B63+1 -> 46234 | C65: E | D65: =AH64 -> 0 | E65: =AI64 -> 0 | F65: =AJ64 -> 0 | G65: =+D65*E65% -> 0 | H65: =+D65*F65% -> 0 | I65: =J65/1.03 -> 0 | R65: =O65+J65 -> 0 | S65: =(J65*K65%)+(O65*P65%) -> 0 | T65: =(J65*L65%)+(O65*Q65%) -> 0 | AA65: =X65*Y65% -> 0 | AB65: =X65*Z65% -> 0 | AF65: =AC65*AD65% -> 0 | AG65: =AC65*AE65% -> 0 | AK65: =AH65*AI65% -> 0 | AL65: =AH65*AJ65% -> 0 | AM65: =+D65+R65-AC65-AH65 -> 0 | AN65: =+G65+S65-AF65-AK65 -> 0 | AO65: =+H65+T65-AG65-AL65 -> 0 | AP65: =(AN65+AO65)/(S65+T65) -> #DIV/0! | AQ65: =($AP$1*AN65+$AQ$1*AO65) -> 0 | AR65: =(D65+J65+O65)-(X65+AH65) -> 0
J66: =SUM(J4:J65) -> 11895.707 | K66: =SUMPRODUCT(J4:J65,K4:K65)/J66 -> 3.8864063 | L66: =SUMPRODUCT(J4:J65,L4:L65)/J66 -> 8.4821239 | O66: =SUM(O15:O65) -> 0 | X66: =SUM(X6:X65) -> 4540 | AC66: =SUM(AC6:AC65) -> 4510 | AM66: =-SUM(AM4:AM65) -> -27.9969 | AN66: =-SUM(AN4:AN65) -> -10.474123 | AO66: =-SUM(AO4:AO65) -> -6.752621 | AQ66: =-SUM(AQ4:AQ65) -> -6739.1417
J67: =J66 -> 11895.707 | K67: =J67*K66% -> 462.3155 | L67: =J67*L66% -> 1009.0086
V68: 4340
V69: 5500

Sheet ItkiTanker
A1: BMC Details | D1: Milk Receipt | M1: Milk Dispatch | V1: FINAL TANKER DISPATCH | AB1: Remarks
A2: Date | B2: Position | C2: Dispatch time | D2: Tanker No | E2: From | F2: To | G2: Challan No | H2: Qty kg | I2: Fat% | J2: Snf% | K2: Fat Kg | L2: Snf Kg | M2: Tanker No | N2: From | O2: To | P2: Challan No | Q2: Qty kg | R2: Fat% | S2: Snf% | T2: Fat Kg | U2: Snf Kg | V2: Challan No | W2: Qty kg | X2: Fat% | Y2: Snf% | Z2: Fat Kg | AA2: Snf Kg
B3: Single | D3: 0 | E3: 0 | F3: 0 | G3: 0 | H3: 0 | I3: 0 | J3: 0 | P3: =V3 -> 0 | Q3: =W3-H3 -> 0 | R3: =T3/Q3% -> #DIV/0! | S3: =U3/Q3% -> #DIV/0! | T3: =Z3-K3 -> 0 | U3: =AA3-L3 -> 0 | Z3: =W3*X3% -> 0 | AA3: =W3*Y3% -> 0 | AB3: Cow Milk
B4: Rear | P4: =V4 -> 0 | Q4: =W4-H4 -> 0 | R4: =T4/Q4% -> #DIV/0! | S4: =U4/Q4% -> #DIV/0! | T4: =Z4-K4 -> 0 | U4: =AA4-L4 -> 0 | Z4: =W4*X4% -> 0 | AA4: =W4*Y4% -> 0 | AB4: Cow Milk
B6: Single | D6: 0 | E6: 0 | F6: 0 | G6: 0 | H6: 0 | I6: 0 | J6: 0 | P6: =V6 -> 0 | Q6: =W6-H6 -> 0 | R6: =T6/Q6% -> #DIV/0! | S6: =U6/Q6% -> #DIV/0! | T6: =Z6-K6 -> 0 | U6: =AA6-L6 -> 0 | Z6: =W6*X6% -> 0 | AA6: =W6*Y6% -> 0 | AB6: Cow Milk
B7: Rear | P7: =V7 -> 0 | Q7: 0 | R7: 0 | S7: 0 | T7: =Z7-K7 -> 0 | U7: =AA7-L7 -> 0 | Z7: =W7*X7% -> 0 | AA7: =W7*Y7% -> 0 | AB7: Cow Milk
B9: Single | D9: 0 | E9: 0 | F9: 0 | G9: 0 | H9: 0 | I9: 0 | J9: 0 | P9: =V9 -> 0 | Q9: =W9-H9 -> 0 | R9: =T9/Q9% -> #DIV/0! | S9: =U9/Q9% -> #DIV/0! | T9: =Z9-K9 -> 0 | U9: =AA9-L9 -> 0 | Z9: =W9*X9% -> 0 | AA9: =W9*Y9% -> 0 | AB9: Cow Milk
B10: Rear | P10: =V10 -> 0 | Q10: =W10-H10 -> 0 | R10: =T10/Q10% -> #DIV/0! | S10: =U10/Q10% -> #DIV/0! | T10: =Z10-K10 -> 0 | U10: =AA10-L10 -> 0 | Z10: =W10*X10% -> 0 | AA10: =W10*Y10% -> 0 | AB10: Cow Milk
B12: Single | P12: =V12 -> 0 | Q12: =W12-H12 -> 0 | R12: =T12/Q12% -> #DIV/0! | S12: =U12/Q12% -> #DIV/0! | T12: =Z12-K12 -> 0 | U12: =AA12-L12 -> 0 | Z12: =W12*X12% -> 0 | AA12: =W12*Y12% -> 0 | AB12: Cow Milk
B13: Rear | P13: =V13 -> 0 | Q13: =W13-H13 -> 0 | R13: =T13/Q13% -> #DIV/0! | S13: =U13/Q13% -> #DIV/0! | T13: =Z13-K13 -> 0 | U13: =AA13-L13 -> 0 | Z13: =W13*X13% -> 0 | AA13: =W13*Y13% -> 0 | AB13: Cow Milk
B15: Single | D15: 0 | E15: 0 | F15: 0 | G15: 0 | H15: 0 | I15: 0 | J15: 0 | P15: =V15 -> 0 | Q15: =W15-H15 -> 0 | R15: =T15/Q15% -> #DIV/0! | S15: =U15/Q15% -> #DIV/0! | T15: =Z15-K15 -> 0 | U15: =AA15-L15 -> 0 | Z15: =W15*X15% -> 0 | AA15: =W15*Y15% -> 0 | AB15: Cow Milk
B16: Rear | P16: =V16 -> 0 | Q16: =W16-H16 -> 0 | R16: =T16/Q16% -> #DIV/0! | S16: =U16/Q16% -> #DIV/0! | T16: =Z16-K16 -> 0 | U16: =AA16-L16 -> 0 | Z16: =W16*X16% -> 0 | AA16: =W16*Y16% -> 0 | AB16: Cow Milk
B18: Single | D18: 0 | E18: 0 | F18: 0 | G18: 0 | H18: 0 | I18: 0 | J18: 0 | P18: =V18 -> 0 | Q18: =W18-H18 -> 0 | R18: =T18/Q18% -> #DIV/0! | S18: =U18/Q18% -> #DIV/0! | T18: =Z18-K18 -> 0 | U18: =AA18-L18 -> 0 | Z18: =W18*X18% -> 0 | AA18: =W18*Y18% -> 0 | AB18: Cow Milk
B19: Rear | P19: =V19 -> 0 | Q19: =W19-H19 -> 0 | R19: =T19/Q19% -> #DIV/0! | S19: =U19/Q19% -> #DIV/0! | T19: =Z19-K19 -> 0 | U19: =AA19-L19 -> 0 | Z19: =W19*X19% -> 0 | AA19: =W19*Y19% -> 0 | AB19: Cow Milk
B21: Single | D21: 0 | E21: 0 | F21: 0 | G21: 0 | H21: 0 | I21: 0 | J21: 0 | P21: =V21 -> 0 | Q21: =W21-H21 -> 0 | R21: =T21/Q21% -> #DIV/0! | S21: =U21/Q21% -> #DIV/0! | T21: =Z21-K21 -> 0 | U21: =AA21-L21 -> 0 | Z21: =W21*X21% -> 0 | AA21: =W21*Y21% -> 0 | AB21: Cow Milk
B22: Rear | P22: =V22 -> 0 | Q22: =W22-H22 -> 0 | R22: =T22/Q22% -> #DIV/0! | S22: =U22/Q22% -> #DIV/0! | T22: =Z22-K22 -> 0 | U22: =AA22-L22 -> 0 | Z22: =W22*X22% -> 0 | AA22: =W22*Y22% -> 0 | AB22: Cow Milk
B24: Single | D24: 0 | E24: 0 | F24: 0 | G24: 0 | H24: 0 | I24: 0 | J24: 0 | P24: =V24 -> 0 | Q24: =W24-H24 -> 0 | R24: =T24/Q24% -> #DIV/0! | S24: =U24/Q24% -> #DIV/0! | T24: =Z24-K24 -> 0 | U24: =AA24-L24 -> 0 | Z24: =W24*X24% -> 0 | AA24: =W24*Y24% -> 0 | AB24: Cow Milk
B25: Rear | P25: =V25 -> 0 | Q25: =W25-H25 -> 0 | R25: =T25/Q25% -> #DIV/0! | S25: =U25/Q25% -> #DIV/0! | T25: =Z25-K25 -> 0 | U25: =AA25-L25 -> 0 | Z25: =W25*X25% -> 0 | AA25: =W25*Y25% -> 0 | AB25: Cow Milk
B27: Single | D27: 0 | E27: 0 | F27: 0 | G27: 0 | H27: 0 | I27: 0 | J27: 0 | P27: =V27 -> 0 | Q27: =W27-H27 -> 0 | R27: =T27/Q27% -> #DIV/0! | S27: =U27/Q27% -> #DIV/0! | T27: =Z27-K27 -> 0 | U27: =AA27-L27 -> 0 | AB27: Cow Milk
B28: Rear | P28: =V28 -> 0 | Q28: =W28-H28 -> 0 | R28: =T28/Q28% -> #DIV/0! | S28: =U28/Q28% -> #DIV/0! | T28: =Z28-K28 -> 0 | U28: =AA28-L28 -> 0 | AB28: Cow Milk
B30: Single | D30: 0 | E30: 0 | F30: 0 | G30: 0 | H30: 0 | I30: 0 | J30: 0 | P30: =V30 -> 0 | Q30: =W30-H30 -> 0 | R30: =T30/Q30% -> #DIV/0! | S30: =U30/Q30% -> #DIV/0! | T30: =Z30-K30 -> 0 | U30: =AA30-L30 -> 0 | Z30: =W30*X30% -> 0 | AA30: =W30*Y30% -> 0 | AB30: Cow Milk
B31: Rear | P31: =V31 -> 0 | Q31: =W31-H31 -> 0 | R31: =T31/Q31% -> #DIV/0! | S31: =U31/Q31% -> #DIV/0! | T31: =Z31-K31 -> 0 | U31: =AA31-L31 -> 0 | Z31: =W31*X31% -> 0 | AA31: =W31*Y31% -> 0 | AB31: Cow Milk
B33: Single | D33: 0 | E33: 0 | F33: 0 | G33: 0 | H33: 0 | I33: 0 | J33: 0 | P33: =V33 -> 0 | Q33: =W33-H33 -> 0 | R33: =T33/Q33% -> #DIV/0! | S33: =U33/Q33% -> #DIV/0! | T33: =Z33-K33 -> 0 | U33: =AA33-L33 -> 0 | Z33: =W33*X33% -> 0 | AA33: =W33*Y33% -> 0 | AB33: Cow Milk
B34: Rear | P34: =V34 -> 0 | Q34: =W34-H34 -> 0 | R34: =T34/Q34% -> #DIV/0! | S34: =U34/Q34% -> #DIV/0! | T34: =Z34-K34 -> 0 | U34: =AA34-L34 -> 0 | Z34: =W34*X34% -> 0 | AA34: =W34*Y34% -> 0 | AB34: Cow Milk
B36: Single | D36: 0 | E36: 0 | F36: 0 | G36: 0 | H36: 0 | I36: 0 | J36: 0 | P36: =V36 -> 0 | Q36: =W36-H36 -> 0 | R36: =T36/Q36% -> #DIV/0! | S36: =U36/Q36% -> #DIV/0! | T36: =Z36-K36 -> 0 | U36: =AA36-L36 -> 0 | Z36: =W36*X36% -> 0 | AA36: =W36*Y36% -> 0 | AB36: Cow Milk
B37: Rear | P37: =V37 -> 0 | Q37: =W37-H37 -> 0 | R37: =T37/Q37% -> #DIV/0! | S37: =U37/Q37% -> #DIV/0! | T37: =Z37-K37 -> 0 | U37: =AA37-L37 -> 0 | Z37: =W37*X37% -> 0 | AA37: =W37*Y37% -> 0 | AB37: Cow Milk
B39: Single | D39: 0 | E39: 0 | F39: 0 | G39: 0 | H39: 0 | I39: 0 | J39: 0 | P39: =V39 -> 0 | Q39: =W39-H39 -> 0 | R39: =T39/Q39% -> #DIV/0! | S39: =U39/Q39% -> #DIV/0! | T39: =Z39-K39 -> 0 | U39: =AA39-L39 -> 0 | Z39: =W39*X39% -> 0 | AA39: =W39*Y39% -> 0 | AB39: Cow Milk
B40: Rear | P40: =V40 -> 0 | Q40: =W40-H40 -> 0 | R40: =T40/Q40% -> #DIV/0! | S40: =U40/Q40% -> #DIV/0! | T40: =Z40-K40 -> 0 | U40: =AA40-L40 -> 0 | Z40: =W40*X40% -> 0 | AA40: =W40*Y40% -> 0 | AB40: Cow Milk
B42: Single | D42: 0 | E42: 0 | F42: 0 | G42: 0 | H42: 0 | I42: 0 | J42: 0 | P42: =V42 -> 0 | Q42: =W42-H42 -> 0 | R42: =T42/Q42% -> #DIV/0! | S42: =U42/Q42% -> #DIV/0! | T42: =Z42-K42 -> 0 | U42: =AA42-L42 -> 0 | Z42: =W42*X42% -> 0 | AA42: =W42*Y42% -> 0 | AB42: Cow Milk
B43: Rear | P43: =V43 -> 0 | Q43: =W43-H43 -> 0 | R43: =T43/Q43% -> #DIV/0! | S43: =U43/Q43% -> #DIV/0! | T43: =Z43-K43 -> 0 | U43: =AA43-L43 -> 0 | Z43: =W43*X43% -> 0 | AA43: =W43*Y43% -> 0 | AB43: Cow Milk
B45: Single | D45: 0 | E45: 0 | F45: 0 | G45: 0 | H45: 0 | I45: 0 | J45: 0 | P45: =V45 -> 0 | Q45: =W45-H45 -> 0 | R45: =T45/Q45% -> #DIV/0! | S45: =U45/Q45% -> #DIV/0! | T45: =Z45-K45 -> 0 | U45: =AA45-L45 -> 0 | Z45: =W45*X45% -> 0 | AA45: =W45*Y45% -> 0 | AB45: Cow Milk
B46: Rear | P46: =V46 -> 0 | Q46: =W46-H46 -> 0 | R46: =T46/Q46% -> #DIV/0! | S46: =U46/Q46% -> #DIV/0! | T46: =Z46-K46 -> 0 | U46: =AA46-L46 -> 0 | Z46: =W46*X46% -> 0 | AA46: =W46*Y46% -> 0 | AB46: Cow Milk
B48: Single | D48: 0 | E48: 0 | F48: 0 | G48: 0 | H48: 0 | I48: 0 | J48: 0 | P48: =V48 -> 0 | Q48: =W48-H48 -> 0 | R48: =T48/Q48% -> #DIV/0! | S48: =U48/Q48% -> #DIV/0! | T48: =Z48-K48 -> 0 | U48: =AA48-L48 -> 0 | Z48: =W48*X48% -> 0 | AA48: =W48*Y48% -> 0 | AB48: Cow Milk
B49: Rear | P49: =V49 -> 0 | Q49: =W49-H49 -> 0 | R49: =T49/Q49% -> #DIV/0! | S49: =U49/Q49% -> #DIV/0! | T49: =Z49-K49 -> 0 | U49: =AA49-L49 -> 0 | Z49: =W49*X49% -> 0 | AA49: =W49*Y49% -> 0 | AB49: Cow Milk
B51: Single | D51: 0 | E51: 0 | F51: 0 | G51: 0 | H51: 0 | I51: 0 | J51: 0 | P51: =V51 -> 0 | Q51: =W51-H51 -> 0 | R51: =T51/Q51% -> #DIV/0! | S51: =U51/Q51% -> #DIV/0! | T51: =Z51-K51 -> 0 | U51: =AA51-L51 -> 0 | Z51: =W51*X51% -> 0 | AA51: =W51*Y51% -> 0 | AB51: Cow Milk
B52: Rear | Q52: =W52-H52 -> 0 | R52: =T52/Q52% -> #DIV/0! | S52: =U52/Q52% -> #DIV/0! | T52: =Z52-K52 -> 0 | U52: =AA52-L52 -> 0 | Z52: =W52*X52% -> 0 | AA52: =W52*Y52% -> 0 | AB52: Cow Milk
B54: Single | D54: 0 | E54: 0 | F54: 0 | G54: 0 | H54: 0 | I54: 0 | J54: 0 | P54: =V54 -> 0 | Q54: =W54-H54 -> 0 | R54: =T54/Q54% -> #DIV/0! | S54: =U54/Q54% -> #DIV/0! | T54: =Z54-K54 -> 0 | U54: =AA54-L54 -> 0 | Z54: =W54*X54% -> 0 | AA54: =W54*Y54% -> 0 | AB54: Cow Milk
B55: Rear | P55: =V55 -> 0 | Q55: =W55-H55 -> 0 | R55: =T55/Q55% -> #DIV/0! | S55: =U55/Q55% -> #DIV/0! | T55: =Z55-K55 -> 0 | U55: =AA55-L55 -> 0 | Z55: =W55*X55% -> 0 | AA55: =W55*Y55% -> 0 | AB55: Cow Milk
B57: Single | D57: 0 | E57: 0 | F57: 0 | G57: 0 | H57: 0 | I57: 0 | J57: 0 | P57: =V57 -> 0 | Q57: =W57-H57 -> 0 | R57: =T57/Q57% -> #DIV/0! | S57: =U57/Q57% -> #DIV/0! | T57: =Z57-K57 -> 0 | U57: =AA57-L57 -> 0 | Z57: =W57*X57% -> 0 | AA57: =W57*Y57% -> 0 | AB57: Cow Milk
B58: Rear | Q58: =W58-H58 -> 0 | R58: =T58/Q58% -> #DIV/0! | S58: =U58/Q58% -> #DIV/0! | T58: =Z58-K58 -> 0 | U58: =AA58-L58 -> 0 | Z58: =W58*X58% -> 0 | AA58: =W58*Y58% -> 0 | AB58: Cow Milk
B60: Single | D60: 0 | E60: 0 | F60: 0 | G60: 0 | H60: 0 | I60: 0 | J60: 0 | P60: =V60 -> 0 | Q60: =W60-H60 -> 0 | R60: =T60/Q60% -> #DIV/0! | S60: =U60/Q60% -> #DIV/0! | T60: =Z60-K60 -> 0 | U60: =AA60-L60 -> 0 | Z60: =W60*X60% -> 0 | AA60: =W60*Y60% -> 0 | AB60: Cow Milk
B61: Rear | P61: =V61 -> 0 | Q61: =W61-H61 -> 0 | R61: =T61/Q61% -> #DIV/0! | S61: =U61/Q61% -> #DIV/0! | T61: =Z61-K61 -> 0 | U61: =AA61-L61 -> 0 | Z61: =W61*X61% -> 0 | AA61: =W61*Y61% -> 0 | AB61: Cow Milk
B63: Single | D63: 0 | E63: 0 | F63: 0 | G63: 0 | H63: 0 | I63: 0 | J63: 0 | P63: =V63 -> 0 | Q63: =W63-H63 -> 0 | R63: =T63/Q63% -> #DIV/0! | S63: =U63/Q63% -> #DIV/0! | T63: =Z63-K63 -> 0 | U63: =AA63-L63 -> 0 | Z63: =W63*X63% -> 0 | AA63: =W63*Y63% -> 0 | AB63: Cow Milk
B64: Rear | P64: =V64 -> 0 | Q64: =W64-H64 -> 0 | R64: =T64/Q64% -> #DIV/0! | S64: =U64/Q64% -> #DIV/0! | T64: =Z64-K64 -> 0 | U64: =AA64-L64 -> 0 | Z64: =W64*X64% -> 0 | AA64: =W64*Y64% -> 0 | AB64: Cow Milk
B66: Single | D66: 0 | E66: 0 | F66: 0 | G66: 0 | H66: 0 | I66: 0 | J66: 0 | P66: =V66 -> 0 | Q66: =W66-H66 -> 0 | R66: =T66/Q66% -> #DIV/0! | S66: =U66/Q66% -> #DIV/0! | T66: =Z66-K66 -> 0 | U66: =AA66-L66 -> 0 | Z66: =W66*X66% -> 0 | AA66: =W66*Y66% -> 0 | AB66: Cow Milk
B67: Rear | Q67: =W67-H67 -> 0 | R67: =T67/Q67% -> #DIV/0! | S67: =U67/Q67% -> #DIV/0! | T67: =Z67-K67 -> 0 | U67: =AA67-L67 -> 0 | Z67: =W67*X67% -> 0 | AA67: =W67*Y67% -> 0 | AB67: Cow Milk
B69: Single | D69: 0 | E69: 0 | F69: 0 | G69: 0 | H69: 0 | I69: 0 | J69: 0 | P69: =V69 -> 0 | Q69: =W69-H69 -> 0 | R69: =T69/Q69% -> #DIV/0! | S69: =U69/Q69% -> #DIV/0! | T69: =Z69-K69 -> 0 | U69: =AA69-L69 -> 0 | AB69: Cow Milk
B70: Rear | Q70: =W70-H70 -> 0 | R70: =T70/Q70% -> #DIV/0! | S70: =U70/Q70% -> #DIV/0! | T70: =Z70-K70 -> 0 | U70: =AA70-L70 -> 0 | AB70: Cow Milk
B72: Single | D72: 0 | E72: 0 | F72: 0 | G72: 0 | H72: 0 | I72: 0 | J72: 0 | P72: =V72 -> 0 | Q72: =W72-H72 -> 0 | R72: =T72/Q72% -> #DIV/0! | S72: =U72/Q72% -> #DIV/0! | T72: =Z72-K72 -> 0 | U72: =AA72-L72 -> 0 | AB72: Cow Milk
B73: Rear | Q73: =W73-H73 -> 0 | R73: =T73/Q73% -> #DIV/0! | S73: =U73/Q73% -> #DIV/0! | T73: =Z73-K73 -> 0 | U73: =AA73-L73 -> 0 | AB73: Cow Milk
B75: Single | D75: 0 | E75: 0 | F75: 0 | G75: 0 | H75: 0 | I75: 0 | J75: 0 | P75: =V75 -> 0 | Q75: =W75-H75 -> 0 | R75: =T75/Q75% -> #DIV/0! | S75: =U75/Q75% -> #DIV/0! | T75: =Z75-K75 -> 0 | U75: =AA75-L75 -> 0 | Z75: =W75*X75% -> 0 | AA75: =W75*Y75% -> 0 | AB75: Cow Milk
B76: Rear | Q76: =W76-H76 -> 0 | R76: =T76/Q76% -> #DIV/0! | S76: =U76/Q76% -> #DIV/0! | T76: =Z76-K76 -> 0 | U76: =AA76-L76 -> 0 | Z76: =W76*X76% -> 0 | AA76: =W76*Y76% -> 0 | AB76: Cow Milk
B78: Single | D78: 0 | E78: 0 | F78: 0 | G78: 0 | H78: 0 | I78: 0 | J78: 0 | P78: =V78 -> 0 | Q78: =W78-H78 -> 0 | R78: =T78/Q78% -> #DIV/0! | S78: =U78/Q78% -> #DIV/0! | T78: =Z78-K78 -> 0 | U78: =AA78-L78 -> 0 | Z78: =W78*X78% -> 0 | AA78: =W78*Y78% -> 0 | AB78: Cow Milk
B79: Rear | P79: =V79 -> 0 | Q79: =W79-H79 -> 0 | R79: =T79/Q79% -> #DIV/0! | S79: =U79/Q79% -> #DIV/0! | T79: =Z79-K79 -> 0 | U79: =AA79-L79 -> 0 | Z79: =W79*X79% -> 0 | AA79: =W79*Y79% -> 0 | AB79: Cow Milk
B81: Single | D81: 0 | E81: 0 | F81: 0 | G81: 0 | H81: 0 | I81: 0 | J81: 0 | P81: =V81 -> 0 | Q81: =W81-H81 -> 0 | R81: =T81/Q81% -> #DIV/0! | S81: =U81/Q81% -> #DIV/0! | T81: =Z81-K81 -> 0 | U81: =AA81-L81 -> 0
B82: Rear | Q82: =W82-H82 -> 0 | R82: =T82/Q82% -> #DIV/0! | S82: =U82/Q82% -> #DIV/0! | T82: =Z82-K82 -> 0 | U82: =AA82-L82 -> 0
B84: Single | D84: 0 | E84: 0 | F84: 0 | G84: 0 | H84: 0 | I84: 0 | J84: 0 | P84: =V84 -> 0 | Q84: =W84-H84 -> 0 | R84: =T84/Q84% -> #DIV/0! | S84: =U84/Q84% -> #DIV/0! | T84: =Z84-K84 -> 0 | U84: =AA84-L84 -> 0 | Z84: =W84*X84% -> 0 | AA84: =W84*Y84% -> 0 | AB84: Cow Milk
B85: Rear | Q85: =W85-H85 -> 0 | R85: =T85/Q85% -> #DIV/0! | S85: =U85/Q85% -> #DIV/0! | T85: =Z85-K85 -> 0 | U85: =AA85-L85 -> 0 | Z85: =W85*X85% -> 0 | AA85: =W85*Y85% -> 0 | AB85: Cow Milk
B87: Single | P87: =V87 -> 0 | Q87: =W87-H87 -> 0 | R87: =T87/Q87% -> #DIV/0! | S87: =U87/Q87% -> #DIV/0! | T87: =Z87-K87 -> 0 | U87: =AA87-L87 -> 0 | Z87: =W87*X87% -> 0 | AA87: =W87*Y87% -> 0 | AB87: Cow Milk
B88: Rear | Q88: =W88-H88 -> 0 | R88: =T88/Q88% -> #DIV/0! | S88: =U88/Q88% -> #DIV/0! | T88: =Z88-K88 -> 0 | U88: =AA88-L88 -> 0 | Z88: =W88*X88% -> 0 | AA88: =W88*Y88% -> 0 | AB88: Cow Milk
B90: Single | P90: =V90 -> 0 | Q90: =W90-H90 -> 0 | R90: =T90/Q90% -> #DIV/0! | S90: =U90/Q90% -> #DIV/0! | T90: =Z90-K90 -> 0 | U90: =AA90-L90 -> 0 | Z90: =W90*X90% -> 0 | AA90: =W90*Y90% -> 0 | AB90: Cow Milk
B91: Rear | Q91: =W91-H91 -> 0 | R91: =T91/Q91% -> #DIV/0! | S91: =U91/Q91% -> #DIV/0! | T91: =Z91-K91 -> 0 | U91: =AA91-L91 -> 0 | Z91: =W91*X91% -> 0 | AA91: =W91*Y91% -> 0 | AB91: Cow Milk
B93: Single | P93: =V93 -> 0 | Q93: =W93-H93 -> 0 | R93: =T93/Q93% -> #DIV/0! | S93: =U93/Q93% -> #DIV/0! | T93: =Z93-K93 -> 0 | U93: =AA93-L93 -> 0 | Z93: =W93*X93% -> 0 | AA93: =W93*Y93% -> 0 | AB93: Cow Milk
B94: Rear | P94: =V94 -> 0 | Q94: =W94-H94 -> 0 | R94: =T94/Q94% -> #DIV/0! | S94: =U94/Q94% -> #DIV/0! | T94: =Z94-K94 -> 0 | U94: =AA94-L94 -> 0 | Z94: =W94*X94% -> 0 | AA94: =W94*Y94% -> 0 | AB94: Cow Milk
B96: Front | P96: =V96 -> 0 | Q96: =W96-H96 -> 0 | R96: =T96/Q96% -> #DIV/0! | S96: =U96/Q96% -> #DIV/0! | T96: =Z96-K96 -> 0 | U96: =AA96-L96 -> 0 | Z96: =W96*X96% -> 0 | AA96: =W96*Y96% -> 0 | AB96: Cow Milk
B97: Rear | Q97: =W97-H97 -> 0 | R97: =T97/Q97% -> #DIV/0! | S97: =U97/Q97% -> #DIV/0! | T97: =Z97-K97 -> 0 | U97: =AA97-L97 -> 0 | Z97: =W97*X97% -> 0 | AA97: =W97*Y97% -> 0 | AB97: Cow Milk
B99: Front | P99: =V99 -> 0 | Q99: =W99-H99 -> 0 | R99: =T99/Q99% -> #DIV/0! | S99: =U99/Q99% -> #DIV/0! | T99: =Z99-K99 -> 0 | U99: =AA99-L99 -> 0 | Z99: =W99*X99% -> 0 | AA99: =W99*Y99% -> 0 | AB99: Cow Milk
B100: Rear | P100: =V100 -> 0 | Q100: =W100-H100 -> 0 | R100: =T100/Q100% -> #DIV/0! | S100: =U100/Q100% -> #DIV/0! | T100: =Z100-K100 -> 0 | U100: =AA100-L100 -> 0 | Z100: =W100*X100% -> 0 | AA100: =W100*Y100% -> 0 | AB100: Cow Milk
B102: Single | P102: =V102 -> 0 | Q102: =W102-H102 -> 0 | R102: =T102/Q102% -> #DIV/0! | S102: =U102/Q102% -> #DIV/0! | T102: =Z102-K102 -> 0 | U102: =AA102-L102 -> 0 | Z102: =W102*X102% -> 0 | AA102: =W102*Y102% -> 0 | AB102: Cow Milk
B103: Rear | P103: =V103 -> 0 | Q103: =W103-H103 -> 0 | R103: =T103/Q103% -> #DIV/0! | S103: =U103/Q103% -> #DIV/0! | T103: =Z103-K103 -> 0 | U103: =AA103-L103 -> 0 | Z103: =W103*X103% -> 0 | AA103: =W103*Y103% -> 0 | AB103: Cow Milk
B105: Front | P105: =V105 -> 0 | Q105: =W105-H105 -> 0 | R105: =T105/Q105% -> #DIV/0! | S105: =U105/Q105% -> #DIV/0! | T105: =Z105-K105 -> 0 | U105: =AA105-L105 -> 0 | Z105: =W105*X105% -> 0 | AA105: =W105*Y105% -> 0 | AB105: Cow Milk
B106: Rear | P106: =V106 -> 0 | Q106: =W106-H106 -> 0 | R106: =T106/Q106% -> #DIV/0! | S106: =U106/Q106% -> #DIV/0! | T106: =Z106-K106 -> 0 | U106: =AA106-L106 -> 0 | Z106: =W106*X106% -> 0 | AA106: =W106*Y106% -> 0 | AB106: Cow Milk
B108: Single | P108: =V108 -> 0 | Q108: =W108-H108 -> 0 | R108: =T108/Q108% -> #DIV/0! | S108: =U108/Q108% -> #DIV/0! | T108: =Z108-K108 -> 0 | U108: =AA108-L108 -> 0 | Z108: =W108*X108% -> 0 | AA108: =W108*Y108% -> 0 | AB108: Cow Milk
B109: Rear | Q109: =W109-H109 -> 0 | R109: =T109/Q109% -> #DIV/0! | S109: =U109/Q109% -> #DIV/0! | T109: =Z109-K109 -> 0 | U109: =AA109-L109 -> 0 | Z109: =W109*X109% -> 0 | AA109: =W109*Y109% -> 0 | AB109: Cow Milk
B111: Single | P111: =V111 -> 0 | Q111: =W111-H111 -> 0 | R111: =T111/Q111% -> #DIV/0! | S111: =U111/Q111% -> #DIV/0! | T111: =Z111-K111 -> 0 | U111: =AA111-L111 -> 0 | Z111: =W111*X111% -> 0 | AA111: =W111*Y111% -> 0 | AB111: Cow Milk
B112: Rear | Q112: =W112-H112 -> 0 | R112: =T112/Q112% -> #DIV/0! | S112: =U112/Q112% -> #DIV/0! | T112: =Z112-K112 -> 0 | U112: =AA112-L112 -> 0 | Z112: =W112*X112% -> 0 | AA112: =W112*Y112% -> 0 | AB112: Cow Milk
B114: Single | Z114: =W114*X114% -> 0 | AA114: =W114*Y114% -> 0 | AB114: Cow Milk
B115: Rear | Z115: =W115*X115% -> 0 | AA115: =W115*Y115% -> 0 | AB115: Cow Milk
B117: Front | P117: =V117 -> 0 | Q117: =W117-H117 -> 0 | R117: =T117/Q117% -> #DIV/0! | S117: =U117/Q117% -> #DIV/0! | T117: =Z117-K117 -> 0 | U117: =AA117-L117 -> 0 | Z117: =W117*X117% -> 0 | AA117: =W117*Y117% -> 0 | AB117: Cow Milk
B118: Rear | Q118: =W118-H118 -> 0 | R118: =T118/Q118% -> #DIV/0! | S118: =U118/Q118% -> #DIV/0! | T118: =Z118-K118 -> 0 | U118: =AA118-L118 -> 0 | Z118: =W118*X118% -> 0 | AA118: =W118*Y118% -> 0 | AB118: Cow Milk
B120: Single | P120: =V120 -> 0 | Q120: =W120-H120 -> 0 | R120: =T120/Q120% -> #DIV/0! | S120: =U120/Q120% -> #DIV/0! | T120: =Z120-K120 -> 0 | U120: =AA120-L120 -> 0 | Z120: =W120*X120% -> 0 | AA120: =W120*Y120% -> 0 | AB120: Cow Milk
B121: Rear | Q121: =W121-H121 -> 0 | R121: =T121/Q121% -> #DIV/0! | S121: =U121/Q121% -> #DIV/0! | T121: =Z121-K121 -> 0 | U121: =AA121-L121 -> 0 | Z121: =W121*X121% -> 0 | AA121: =W121*Y121% -> 0 | AB121: Cow Milk
B123: Front | Z123: =W123*X123% -> 0 | AA123: =W123*Y123% -> 0 | AB123: Cow Milk
B124: Rear | Z124: =W124*X124% -> 0 | AA124: =W124*Y124% -> 0 | AB124: Cow Milk
B126: Front | Z126: =W126*X126% -> 0 | AA126: =W126*Y126% -> 0 | AB126: Cow Milk
B127: Rear | Z127: =W127*X127% -> 0 | AA127: =W127*Y127% -> 0 | AB127: Cow Milk
B129: Front | Z129: =W129*X129% -> 0 | AA129: =W129*Y129% -> 0 | AB129: Cow Milk
B130: Rear | Z130: =W130*X130% -> 0 | AA130: =W130*Y130% -> 0 | AB130: Cow Milk
B132: Front | AB132: Cow Milk
B133: Rear | AB133: Cow Milk
K134: =H134*I134% -> 0 | L134: =H134*J134% -> 0
B135: Front | K135: =H135*I135% -> 0 | L135: =H135*J135% -> 0
B136: Rear | K136: =H136*I136% -> 0 | L136: =H136*J136% -> 0 | AB136: Cow Milk
K137: =H137*I137% -> 0 | L137: =H137*J137% -> 0
B138: Front | AB138: Cow Milk
B139: Rear
B141: Front | AB141: Cow Milk
B142: Rear
B144: Front | AB144: Cow Milk
B145: Rear | AB145: Cow Milk
...

Sheet Pali
B1: Paali Rmc | AG1: 392 | AP1: =Sheet1!$K$3 -> 450 | AQ1: =Sheet1!$L$3 -> 300
B2: Date | C2: Shift | D2: OB | I2: Milk from MPG in Ltr | M2: Transfer from other BMC/RMC | R2: Total Milk Receipt in Kg | U2: Tanker Dispatch Details | AC2: Plant Receipt | AH2: CB | AM2: Loss/(Gain) | AT2: =2907+1030 -> 3937
D3: Qty KG | E3: Fat% | F3: Snf% | G3: FAT Kg | H3: SNF Kg | I3: Qty Ltr | J3: Qty Kg | K3: Fat% | L3: Snf% | M3: From | N3: Tanker No | O3: Qty Kg | P3: Fat% | Q3: Snf% | R3: Qty Kg | S3: FAT Kg | T3: SNF Kg | U3: Tanker | V3: Challan | W3: To | X3: Qty KG | Y3: Fat% | Z3: Snf% | AA3: FAT Kg | AB3: SNF Kg | AC3: Qty KG | AD3: Fat% | AE3: Snf% | AF3: FAT Kg | AG3: SNF Kg | AH3: Qty KG | AI3: Fat% | AJ3: Snf% | AK3: FAT Kg | AL3: SNF Kg | AM3: Qty KG | AN3: FAT Kg | AO3: SNF Kg | AP3: TS Loss% | AQ3: Amount | AT3: =3937-747 -> 3190
A4: =CONCATENATE(B4,C4) -> 46204M | B4: 46204 | C4: M | D4: 1587 | E4: 3.87 | F4: 8.4 | G4: =+D4*E4% -> 61.4169 | H4: =+D4*F4% -> 133.308 | I4: =J4/1.03 -> 3213.7 | J4: 3310.111 | K4: 3.9813922 | L4: 8.3987304 | R4: =O4+J4 -> 3310.111 | S4: =(J4*K4%)+(O4*P4%) -> 131.7885 | T4: =(J4*L4%)+(O4*Q4%) -> 278.0073 | AA4: =X4*Y4% -> 0 | AB4: =X4*Z4% -> 0 | AF4: =AC4*AD4% -> 0 | AG4: =AC4*AE4% -> 0 | AH4: 4897.9 | AI4: 3.95 | AJ4: 8.4 | AK4: =AH4*AI4% -> 193.46705 | AL4: =AH4*AJ4% -> 411.4236 | AM4: =+D4+R4-AC4-AH4 -> -0.789 | AN4: =+G4+S4-AF4-AK4 -> -0.26165 | AO4: =+H4+T4-AG4-AL4 -> -0.1083 | AP4: =(AN4+AO4)/(S4+T4) -> -0.0009027667 | AQ4: =($AP$1*AN4+$AQ$1*AO4) -> -150.2325 | AR4: =(D4+J4+O4)-(X4+AH4) -> -0.789
A5: =CONCATENATE(B5,C5) -> 46204E | B5: =+B4 -> 46204 | C5: E | D5: =AH4 -> 4897.9 | E5: =AI4 -> 3.95 | F5: =AJ4 -> 8.4 | G5: =+D5*E5% -> 193.46705 | H5: =+D5*F5% -> 411.4236 | I5: =J5/1.03 -> 1979.8 | J5: 2039.194 | K5: 3.8261441 | L5: 8.3760986 | R5: =O5+J5 -> 2039.194 | S5: =(J5*K5%)+(O5*P5%) -> 78.0225 | T5: =(J5*L5%)+(O5*Q5%) -> 170.8049 | X5: 5300 | Y5: 4 | Z5: 8.46 | AA5: =X5*Y5% -> 212 | AB5: =X5*Z5% -> 448.38 | AC5: 5179 | AD5: 3.97 | AE5: 8.43 | AF5: =AC5*AD5% -> 205.6063 | AG5: =AC5*AE5% -> 436.5897 | AH5: 1736 | AI5: 3.91 | AJ5: 8.39 | AK5: =AH5*AI5% -> 67.8776 | AL5: =AH5*AJ5% -> 145.6504 | AM5: =+D5+R5-AC5-AH5 -> 22.094 | AN5: =+G5+S5-AF5-AK5 -> -1.99435 | AO5: =+H5+T5-AG5-AL5 -> -0.0116 | AP5: =(AN5+AO5)/(S5+T5) -> -0.0080616122 | AQ5: =($AP$1*AN5+$AQ$1*AO5) -> -900.9375 | AR5: =(D5+J5+O5)-(X5+AH5) -> -98.906
A6: =CONCATENATE(B6,C6) -> 46205M | B6: =+B4+1 -> 46205 | C6: M | D6: =AH5 -> 1736 | E6: =AI5 -> 3.91 | F6: =AJ5 -> 8.39 | G6: =+D6*E6% -> 67.8776 | H6: =+D6*F6% -> 145.6504 | I6: =J6/1.03 -> 3201.87 | J6: 3297.9261 | K6: 3.9579995 | L6: 8.3929079 | R6: =O6+J6 -> 3297.9261 | S6: =(J6*K6%)+(O6*P6%) -> 130.5319 | T6: =(J6*L6%)+(O6*Q6%) -> 276.7919 | AA6: =X6*Y6% -> 0 | AB6: =X6*Z6% -> 0 | AF6: =AC6*AD6% -> 0 | AG6: =AC6*AE6% -> 0 | AH6: 5033 | AI6: 3.94 | AJ6: 8.4 | AK6: =AH6*AI6% -> 198.3002 | AL6: =AH6*AJ6% -> 422.772 | AM6: =+D6+R6-AC6-AH6 -> 0.9261 | AN6: =+G6+S6-AF6-AK6 -> 0.1093 | AO6: =+H6+T6-AG6-AL6 -> -0.3297 | AP6: =(AN6+AO6)/(S6+T6) -> -0.00054109286 | AQ6: =($AP$1*AN6+$AQ$1*AO6) -> -49.725 | AR6: =(D6+J6+O6)-(X6+AH6) -> 0.9261
A7: =CONCATENATE(B7,C7) -> 46205E | B7: =+B5+1 -> 46205 | C7: E | D7: =AH6 -> 5033 | E7: =AI6 -> 3.94 | F7: =AJ6 -> 8.4 | G7: =+D7*E7% -> 198.3002 | H7: =+D7*F7% -> 422.772 | I7: =J7/1.03 -> 2074 | J7: 2136.22 | K7: 3.8447445 | L7: 8.4170685 | R7: =O7+J7 -> 2136.22 | S7: =(J7*K7%)+(O7*P7%) -> 82.1322 | T7: =(J7*L7%)+(O7*Q7%) -> 179.8071 | U7: 1023 | X7: 5387 | Y7: 4.05 | Z7: 8.47 | AA7: =X7*Y7% -> 218.1735 | AB7: =X7*Z7% -> 456.2789 | AC7: 5290 | AD7: 4.06 | AE7: 8.52 | AF7: =AC7*AD7% -> 214.774 | AG7: =AC7*AE7% -> 450.708 | AH7: 1862 | AI7: 3.91 | AJ7: 8.41 | AK7: =AH7*AI7% -> 72.8042 | AL7: =AH7*AJ7% -> 156.5942 | AM7: =+D7+R7-AC7-AH7 -> 17.22 | AN7: =+G7+S7-AF7-AK7 -> -7.1458 | AO7: =+H7+T7-AG7-AL7 -> -4.7231 | AP7: =(AN7+AO7)/(S7+T7) -> -0.045311643 | AQ7: =($AP$1*AN7+$AQ$1*AO7) -> -4632.54 | AR7: =(D7+J7+O7)-(X7+AH7) -> -79.78
B8: =+B6+1 -> 46206 | C8: M | G8: =+D8*E8% -> 0 | H8: =+D8*F8% -> 0 | I8: =J8/1.03 -> 0 | R8: =O8+J8 -> 0 | S8: =(J8*K8%)+(O8*P8%) -> 0 | T8: =(J8*L8%)+(O8*Q8%) -> 0 | AA8: =X8*Y8% -> 0 | AB8: =X8*Z8% -> 0 | AF8: =AC8*AD8% -> 0 | AG8: =AC8*AE8% -> 0 | AK8: =AH8*AI8% -> 0 | AL8: =AH8*AJ8% -> 0 | AM8: =+D8+R8-AC8-AH8 -> 0 | AN8: =+G8+S8-AF8-AK8 -> 0 | AO8: =+H8+T8-AG8-AL8 -> 0 | AP8: =(AN8+AO8)/(S8+T8) -> #DIV/0! | AQ8: =($AP$1*AN8+$AQ$1*AO8) -> 0 | AR8: =(D8+J8+O8)-(X8+AH8) -> 0
B9: =+B7+1 -> 46206 | C9: E | D9: =AH8 -> 0 | E9: =AI8 -> 0 | F9: =AJ8 -> 0 | G9: =+D9*E9% -> 0 | H9: =+D9*F9% -> 0 | I9: =J9/1.03 -> 0 | R9: =O9+J9 -> 0 | S9: =(J9*K9%)+(O9*P9%) -> 0 | T9: =(J9*L9%)+(O9*Q9%) -> 0 | AA9: =X9*Y9% -> 0 | AB9: =X9*Z9% -> 0 | AF9: =AC9*AD9% -> 0 | AG9: =AC9*AE9% -> 0 | AK9: =AH9*AI9% -> 0 | AL9: =AH9*AJ9% -> 0 | AM9: =+D9+R9-AC9-AH9 -> 0 | AN9: =+G9+S9-AF9-AK9 -> 0 | AO9: =+H9+T9-AG9-AL9 -> 0 | AP9: =(AN9+AO9)/(S9+T9) -> #DIV/0! | AQ9: =($AP$1*AN9+$AQ$1*AO9) -> 0 | AR9: =(D9+J9+O9)-(X9+AH9) -> 0
B10: =+B8+1 -> 46207 | C10: M | D10: =AH9 -> 0 | E10: =AI9 -> 0 | F10: =AJ9 -> 0 | G10: =+D10*E10% -> 0 | H10: =+D10*F10% -> 0 | I10: =J10/1.03 -> 0 | R10: =O10+J10 -> 0 | S10: =(J10*K10%)+(O10*P10%) -> 0 | T10: =(J10*L10%)+(O10*Q10%) -> 0 | AA10: =X10*Y10% -> 0 | AB10: =X10*Z10% -> 0 | AF10: =AC10*AD10% -> 0 | AG10: =AC10*AE10% -> 0 | AK10: =AH10*AI10% -> 0 | AL10: =AH10*AJ10% -> 0 | AM10: =+D10+R10-AC10-AH10 -> 0 | AN10: =+G10+S10-AF10-AK10 -> 0 | AO10: =+H10+T10-AG10-AL10 -> 0 | AP10: =(AN10+AO10)/(S10+T10) -> #DIV/0! | AQ10: =($AP$1*AN10+$AQ$1*AO10) -> 0 | AR10: =(D10+J10+O10)-(X10+AH10) -> 0
B11: =+B9+1 -> 46207 | C11: E | D11: =AH10 -> 0 | E11: =AI10 -> 0 | F11: =AJ10 -> 0 | G11: =+D11*E11% -> 0 | H11: =+D11*F11% -> 0 | I11: =J11/1.03 -> 0 | R11: =O11+J11 -> 0 | S11: =(J11*K11%)+(O11*P11%) -> 0 | T11: =(J11*L11%)+(O11*Q11%) -> 0 | AA11: =X11*Y11% -> 0 | AB11: =X11*Z11% -> 0 | AF11: =AC11*AD11% -> 0 | AG11: =AC11*AE11% -> 0 | AK11: =AH11*AI11% -> 0 | AL11: =AH11*AJ11% -> 0 | AM11: =+D11+R11-AC11-AH11 -> 0 | AN11: =+G11+S11-AF11-AK11 -> 0 | AO11: =+H11+T11-AG11-AL11 -> 0 | AP11: =(AN11+AO11)/(S11+T11) -> #DIV/0! | AQ11: =($AP$1*AN11+$AQ$1*AO11) -> 0 | AR11: =(D11+J11+O11)-(X11+AH11) -> 0
B12: =+B10+1 -> 46208 | C12: M | D12: =AH11 -> 0 | E12: =AI11 -> 0 | F12: =AJ11 -> 0 | G12: =+D12*E12% -> 0 | H12: =+D12*F12% -> 0 | I12: =J12/1.03 -> 0 | R12: =O12+J12 -> 0 | S12: =(J12*K12%)+(O12*P12%) -> 0 | T12: =(J12*L12%)+(O12*Q12%) -> 0 | AA12: =X12*Y12% -> 0 | AB12: =X12*Z12% -> 0 | AF12: =AC12*AD12% -> 0 | AG12: =AC12*AE12% -> 0 | AK12: =AH12*AI12% -> 0 | AL12: =AH12*AJ12% -> 0 | AM12: =+D12+R12-AC12-AH12 -> 0 | AN12: =+G12+S12-AF12-AK12 -> 0 | AO12: =+H12+T12-AG12-AL12 -> 0 | AP12: =(AN12+AO12)/(S12+T12) -> #DIV/0! | AQ12: =($AP$1*AN12+$AQ$1*AO12) -> 0 | AR12: =(D12+J12+O12)-(X12+AH12) -> 0 | AT12: Vol | AU12: FAT Kg | AV12: SNF Kg | AW12: Amount
B13: =+B11+1 -> 46208 | C13: E | D13: =AH12 -> 0 | E13: =AI12 -> 0 | F13: =AJ12 -> 0 | G13: =+D13*E13% -> 0 | H13: =+D13*F13% -> 0 | I13: =J13/1.03 -> 0 | R13: =O13+J13 -> 0 | S13: =(J13*K13%)+(O13*P13%) -> 0 | T13: =(J13*L13%)+(O13*Q13%) -> 0 | AA13: =X13*Y13% -> 0 | AB13: =X13*Z13% -> 0 | AF13: =AC13*AD13% -> 0 | AG13: =AC13*AE13% -> 0 | AK13: =AH13*AI13% -> 0 | AL13: =AH13*AJ13% -> 0 | AM13: =+D13+R13-AC13-AH13 -> 0 | AN13: =+G13+S13-AF13-AK13 -> 0 | AO13: =+H13+T13-AG13-AL13 -> 0 | AP13: =(AN13+AO13)/(S13+T13) -> #DIV/0! | AQ13: =($AP$1*AN13+$AQ$1*AO13) -> 0 | AR13: =(D13+J13+O13)-(X13+AH13) -> 0 | AS13: =SUM(J4:J13) -> 10783.451 | AT13: =SUM(AM4:AM13) -> 39.4511 | AU13: =SUM(AN4:AN13) -> -9.2925 | AV13: =SUM(AO4:AO13) -> -5.1727 | AW13: =-SUM(AQ4:AQ13) -> 5733.435
B14: =+B12+1 -> 46209 | C14: M | D14: =AH13 -> 0 | E14: =AI13 -> 0 | F14: =AJ13 -> 0 | G14: =+D14*E14% -> 0 | H14: =+D14*F14% -> 0 | I14: =J14/1.03 -> 0 | R14: =O14+J14 -> 0 | S14: =(J14*K14%)+(O14*P14%) -> 0 | T14: =(J14*L14%)+(O14*Q14%) -> 0 | AA14: =X14*Y14% -> 0 | AB14: =X14*Z14% -> 0 | AF14: =AC14*AD14% -> 0 | AG14: =AC14*AE14% -> 0 | AK14: =AH14*AI14% -> 0 | AL14: =AH14*AJ14% -> 0 | AM14: =+D14+R14-AC14-AH14 -> 0 | AN14: =+G14+S14-AF14-AK14 -> 0 | AO14: =+H14+T14-AG14-AL14 -> 0 | AP14: =(AN14+AO14)/(S14+T14) -> #DIV/0! | AQ14: =($AP$1*AN14+$AQ$1*AO14) -> 0 | AR14: =(D14+J14+O14)-(X14+AH14) -> 0
