Workbook

Sheet Sheet2
D3: Values
A4: ref_code | B4: name | C4: Type | D4: Sum of qty | E4: Sum of amount | G4: MCC | H4: BMC | K4: 10520002 | L4: Maa Durga Dairy | M4: VLC | N4: 37574 | O4: 1468984.8
A5: 10010013 | B5: Gomukh Kumbhi | C5: MPG | D5: 539.8 | E5: 20378.33 | F5: =VLOOKUP(A5,'[1]MPG Payment'!$C$3:$G$996,5,0) -> 539.8 | G5: =_xlfn.XLOOKUP(A5,Sheet1!D:D,Sheet1!A:A) -> Majhaul | H5: =_xlfn.XLOOKUP(G5,'[1]MCC-BMC'!$D:$D,'[1]MCC-BMC'!$C:$C) -> 1001 | K5: 10520003 | L5: Nova Bihar Dairy | M5: VLC | N5: 42806 | O5: 1868362.3
A6: 10010019 | B6: Gomukh Jagdar | C6: MPG | D6: 870.7 | E6: 34052.02 | F6: =VLOOKUP(A6,'[1]MPG Payment'!$C$3:$G$996,5,0) -> 870.7 | G6: =_xlfn.XLOOKUP(A6,Sheet1!D:D,Sheet1!A:A) -> Majhaul | H6: =_xlfn.XLOOKUP(G6,'[1]MCC-BMC'!$D:$D,'[1]MCC-BMC'!$C:$C) -> 1001 | K6: 10520005 | L6: Rakesh Dairy | M6: VLC | N6: 14690 | O6: 547216.12
A7: 10010038 | B7: Gomukh Goriyari | C7: MPG | D7: 898.32 | E7: 36880.49 | F7: =VLOOKUP(A7,'[1]MPG Payment'!$C$3:$G$996,5,0) -> 898.32 | G7: =_xlfn.XLOOKUP(A7,Sheet1!D:D,Sheet1!A:A) -> Hasanpur | H7: =_xlfn.XLOOKUP(G7,'[1]MCC-BMC'!$D:$D,'[1]MCC-BMC'!$C:$C) -> 1058 | K7: 10520006 | L7: Suddh Dairy | M7: VLC | N7: 27850 | O7: 1015675
A8: 10010044 | B8: Gomukh Kanausi | C8: MPG | D8: 266.92 | E8: 10951 | F8: =VLOOKUP(A8,'[1]MPG Payment'!$C$3:$G$996,5,0) -> 266.92 | G8: =_xlfn.XLOOKUP(A8,Sheet1!D:D,Sheet1!A:A) -> Hasanpur | H8: =_xlfn.XLOOKUP(G8,'[1]MCC-BMC'!$D:$D,'[1]MCC-BMC'!$C:$C) -> 1058 | K8: 10520010 | L8: Anik Kumar | M8: VLC | N8: 5239 | O8: 213512.57
A9: 10010047 | B9: Mohanpur - Chandan | C9: VLC | D9: 304.4 | E9: 11934.76 | F9: =VLOOKUP(A9,'[1]MPG Payment'!$C$3:$G$996,5,0) -> 304.4 | G9: =_xlfn.XLOOKUP(A9,Sheet1!D:D,Sheet1!A:A) -> Majhaul | H9: =_xlfn.XLOOKUP(G9,'[1]MCC-BMC'!$D:$D,'[1]MCC-BMC'!$C:$C) -> 1001
A10: 10010049 | B10: Birpur-2 - Pankaj | C10: VLC | D10: 377.3 | E10: 14733.16 | F10: =VLOOKUP(A10,'[1]MPG Payment'!$C$3:$G$996,5,0) -> 377.3 | G10: =_xlfn.XLOOKUP(A10,Sheet1!D:D,Sheet1!A:A) -> Majhaul | H10: =_xlfn.XLOOKUP(G10,'[1]MCC-BMC'!$D:$D,'[1]MCC-BMC'!$C:$C) -> 1001
A11: 10010050 | B11: Ekamba - Ashutosh | C11: MPG | D11: 1326.46 | E11: 56669.54 | F11: =VLOOKUP(A11,'[1]MPG Payment'!$C$3:$G$996,5,0) -> 1326.46 | G11: =_xlfn.XLOOKUP(A11,Sheet1!D:D,Sheet1!A:A) -> Hasanpur | H11: =_xlfn.XLOOKUP(G11,'[1]MCC-BMC'!$D:$D,'[1]MCC-BMC'!$C:$C) -> 1058
A12: 10010055 | B12: GOMUKH BIRPUR PASCHIM | C12: MPG | D12: 96.5 | E12: 4031.67 | F12: =VLOOKUP(A12,'[1]MPG Payment'!$C$3:$G$996,5,0) -> 96.5 | G12: =_xlfn.XLOOKUP(A12,Sheet1!D:D,Sheet1!A:A) -> Majhaul | H12: =_xlfn.XLOOKUP(G12,'[1]MCC-BMC'!$D:$D,'[1]MCC-BMC'!$C:$C) -> 1001
A13: 10010057 | B13: Manish Dairy | C13: VLC | D13: 10349.8 | E13: 391721.52 | F13: =VLOOKUP(A13,'[1]MPG Payment'!$C$3:$G$996,5,0) -> 10349.8 | G13: =_xlfn.XLOOKUP(A13,Sheet1!D:D,Sheet1!A:A) -> Majhaul | H13: =_xlfn.XLOOKUP(G13,'[1]MCC-BMC'!$D:$D,'[1]MCC-BMC'!$C:$C) -> 1001
A14: 10010076 | B14: Gomukh Bhith-02 | C14: MPG | D14: 950.4 | E14: 42632.9 | F14: =VLOOKUP(A14,'[1]MPG Payment'!$C$3:$G$996,5,0) -> 950.4 | G14: =_xlfn.XLOOKUP(A14,Sheet1!D:D,Sheet1!A:A) -> Majhaul | H14: =_xlfn.XLOOKUP(G14,'[1]MCC-BMC'!$D:$D,'[1]MCC-BMC'!$C:$C) -> 1001
A15: 10010079 | B15: Chandan Dairy | C15: VLC | D15: 214.5 | E15: 9160.99 | F15: =VLOOKUP(A15,'[1]MPG Payment'!$C$3:$G$996,5,0) -> 214.5 | G15: =_xlfn.XLOOKUP(K4,Sheet1!D:D,Sheet1!A:A) -> 3P Network | H15: =_xlfn.XLOOKUP(G15,'[1]MCC-BMC'!$D:$D,'[1]MCC-BMC'!$C:$C) -> 1052
A16: 10010082 | B16: Gomukh Sharmatola Sahuri | C16: MPG | D16: 1291.7 | E16: 50584 | F16: =VLOOKUP(A16,'[1]MPG Payment'!$C$3:$G$996,5,0) -> 1291.7 | G16: =_xlfn.XLOOKUP(K5,Sheet1!D:D,Sheet1!A:A) -> 3P Network | H16: =_xlfn.XLOOKUP(G16,'[1]MCC-BMC'!$D:$D,'[1]MCC-BMC'!$C:$C) -> 1052
A17: 10010084 | B17: Sangat- Sanjeev Kumar | C17: VLC | D17: 252.7 | E17: 8797.52 | F17: =VLOOKUP(A17,'[1]MPG Payment'!$C$3:$G$996,5,0) -> 252.7 | G17: =_xlfn.XLOOKUP(K6,Sheet1!D:D,Sheet1!A:A) -> 3P Network | H17: =_xlfn.XLOOKUP(G17,'[1]MCC-BMC'!$D:$D,'[1]MCC-BMC'!$C:$C) -> 1052
A18: 10010086 | B18: Gomukh Garhi Bisanpur | C18: MPG | D18: 144.84 | E18: 6738.02 | F18: =VLOOKUP(A18,'[1]MPG Payment'!$C$3:$G$996,5,0) -> 144.84 | G18: =_xlfn.XLOOKUP(K7,Sheet1!D:D,Sheet1!A:A) -> DalsinghSarai | H18: =_xlfn.XLOOKUP(G18,'[1]MCC-BMC'!$D:$D,'[1]MCC-BMC'!$C:$C) -> 1012
A19: 10010089 | B19: Gomukh Barkurwa | C19: MPG | D19: 478.14 | E19: 20368.75 | F19: =VLOOKUP(A19,'[1]MPG Payment'!$C$3:$G$996,5,0) -> 478.14 | G19: =_xlfn.XLOOKUP(K8,Sheet1!D:D,Sheet1!A:A) -> Kalyanpur | H19: =_xlfn.XLOOKUP(G19,'[1]MCC-BMC'!$D:$D,'[1]MCC-BMC'!$C:$C) -> 1053
A20: 10010092 | B20: Kamla- Amarjeet | C20: VLC | D20: 768.8 | E20: 25940.47 | F20: =VLOOKUP(A20,'[1]MPG Payment'!$C$3:$G$996,5,0) -> 768.8 | G20: =_xlfn.XLOOKUP(A20,Sheet1!D:D,Sheet1!A:A) -> Majhaul | H20: =_xlfn.XLOOKUP(G20,'[1]MCC-BMC'!$D:$D,'[1]MCC-BMC'!$C:$C) -> 1001
A21: 10010095 | B21: Gomukh Goha-02 | C21: MPG | D21: 248.1 | E21: 10205.62 | F21: =VLOOKUP(A21,'[1]MPG Payment'!$C$3:$G$996,5,0) -> 248.1 | G21: =_xlfn.XLOOKUP(A21,Sheet1!D:D,Sheet1!A:A) -> Hasanpur | H21: =_xlfn.XLOOKUP(G21,'[1]MCC-BMC'!$D:$D,'[1]MCC-BMC'!$C:$C) -> 1058
A22: 10010097 | B22: Gomukh Cheria Bariarpur | C22: MPG | D22: 1086.6 | E22: 42017.4 | F22: =VLOOKUP(A22,'[1]MPG Payment'!$C$3:$G$996,5,0) -> 1086.6 | G22: =_xlfn.XLOOKUP(A22,Sheet1!D:D,Sheet1!A:A) -> Majhaul | H22: =_xlfn.XLOOKUP(G22,'[1]MCC-BMC'!$D:$D,'[1]MCC-BMC'!$C:$C) -> 1001
A23: 10010099 | B23: Gomukh Bagraha-01 | C23: MPG | D23: 223.26 | E23: 9659.08 | F23: =VLOOKUP(A23,'[1]MPG Payment'!$C$3:$G$996,5,0) -> 223.26 | G23: =_xlfn.XLOOKUP(A23,Sheet1!D:D,Sheet1!A:A) -> Hasanpur | H23: =_xlfn.XLOOKUP(G23,'[1]MCC-BMC'!$D:$D,'[1]MCC-BMC'!$C:$C) -> 1058
A24: 10010108 | B24: Gomukh Pirauna | C24: MPG | D24: 221.9 | E24: 8113.94 | F24: =VLOOKUP(A24,'[1]MPG Payment'!$C$3:$G$996,5,0) -> 221.9 | G24: =_xlfn.XLOOKUP(A24,Sheet1!D:D,Sheet1!A:A) -> Majhaul | H24: =_xlfn.XLOOKUP(G24,'[1]MCC-BMC'!$D:$D,'[1]MCC-BMC'!$C:$C) -> 1001
A25: 10010109 | B25: Parra- Nagendra Kumar | C25: VLC | D25: 284.8 | E25: 9895.65 | F25: =VLOOKUP(A25,'[1]MPG Payment'!$C$3:$G$996,5,0) -> 284.8 | G25: =_xlfn.XLOOKUP(A25,Sheet1!D:D,Sheet1!A:A) -> Majhaul | H25: =_xlfn.XLOOKUP(G25,'[1]MCC-BMC'!$D:$D,'[1]MCC-BMC'!$C:$C) -> 1001
A26: 10010113 | B26: Gomukh Basahi | C26: MPG | D26: 792.6 | E26: 31801.71 | F26: =VLOOKUP(A26,'[1]MPG Payment'!$C$3:$G$996,5,0) -> 792.6 | G26: =_xlfn.XLOOKUP(A26,Sheet1!D:D,Sheet1!A:A) -> Majhaul | H26: =_xlfn.XLOOKUP(G26,'[1]MCC-BMC'!$D:$D,'[1]MCC-BMC'!$C:$C) -> 1001
A27: 10010121 | B27: Gomukh Sawantpur | C27: MPG | D27: 1342 | E27: 52229.67 | F27: =VLOOKUP(A27,'[1]MPG Payment'!$C$3:$G$996,5,0) -> 1342 | G27: =_xlfn.XLOOKUP(A27,Sheet1!D:D,Sheet1!A:A) -> Majhaul | H27: =_xlfn.XLOOKUP(G27,'[1]MCC-BMC'!$D:$D,'[1]MCC-BMC'!$C:$C) -> 1001
A28: 10010125 | B28: Maida- Ram Kumar | C28: VLC | D28: 428 | E28: 19077.98 | F28: =VLOOKUP(A28,'[1]MPG Payment'!$C$3:$G$996,5,0) -> 428 | G28: =_xlfn.XLOOKUP(A28,Sheet1!D:D,Sheet1!A:A) -> Majhaul | H28: =_xlfn.XLOOKUP(G28,'[1]MCC-BMC'!$D:$D,'[1]MCC-BMC'!$C:$C) -> 1001
A29: 10010128 | B29: Gomukh Aure Bikrampur | C29: MPG | D29: 924.6 | E29: 39360.72 | F29: =VLOOKUP(A29,'[1]MPG Payment'!$C$3:$G$996,5,0) -> 924.6 | G29: =_xlfn.XLOOKUP(A29,Sheet1!D:D,Sheet1!A:A) -> Majhaul | H29: =_xlfn.XLOOKUP(G29,'[1]MCC-BMC'!$D:$D,'[1]MCC-BMC'!$C:$C) -> 1001
A30: 10010129 | B30: Manjhaul- Gulshan Kumar | C30: VLC | D30: 1007.6 | E30: 43097.69 | F30: =VLOOKUP(A30,'[1]MPG Payment'!$C$3:$G$996,5,0) -> 1007.6 | G30: =_xlfn.XLOOKUP(A30,Sheet1!D:D,Sheet1!A:A) -> Majhaul | H30: =_xlfn.XLOOKUP(G30,'[1]MCC-BMC'!$D:$D,'[1]MCC-BMC'!$C:$C) -> 1001
A31: 10010130 | B31: Khaira Manjhaul | C31: VLC | D31: 505.4 | E31: 18620.93 | F31: =VLOOKUP(A31,'[1]MPG Payment'!$C$3:$G$996,5,0) -> 505.4 | G31: =_xlfn.XLOOKUP(A31,Sheet1!D:D,Sheet1!A:A) -> Majhaul | H31: =_xlfn.XLOOKUP(G31,'[1]MCC-BMC'!$D:$D,'[1]MCC-BMC'!$C:$C) -> 1001
... A1001: 10660038 | B1001: GOMUKH Dharampur | C1001: VLC | D1001: 2494.6 | E1001: 107516.56 | F1001: =VLOOKUP(A1001,'[1]MPG Payment'!$C$3:$G$996,5,0) -> 2494.6 | G1001: =_xlfn.XLOOKUP(A1001,Sheet1!D:D,Sheet1!A:A) -> Gaighat | H1001: =_xlfn.XLOOKUP(G1001,'[1]MCC-BMC'!$D:$D,'[1]MCC-BMC'!$C:$C) -> 1066
A1002: Grand Total | D1002: 1150000.5 | E1002: 47154596
A1007: 10520002 | B1007: Maa Durga Dairy | C1007: VLC | D1007: 37574 | E1007: 1468984.8
A1008: 10520003 | B1008: Nova Bihar Dairy | C1008: VLC | D1008: 42806 | E1008: 1868362.3
A1009: 10520005 | B1009: Rakesh Dairy | C1009: VLC | D1009: 14690 | E1009: 547216.12
A1010: 10520012 | B1010: Sarvodaya Dairy | C1010: MPG | D1010: 6952 | E1010: 271677.7
E1011: =SUM(E1007:E1010) -> 4156241
E1012: =GETPIVOTDATA("Sum of amount",$A$3)-E1011 -> 42998355
E1014: 42998355

Sheet Sheet1
A1: bmc_name | B1: route_code | C1: route_name | D1: ref_code | E1: name | F1: collection_date | G1: Shift | H1: Type | I1: animal_type_name | J1: qty | K1: fat | L1: snf | M1: rate | N1: amount | O1: qlty_auto
A2: Majhaul | B2: 100103 | C2: Birpur | D2: 10010108 | E2: Gomukh Pirauna | F2: 46220 | G2: Morning | H2: MPG | I2: Cow | J2: 14.5 | K2: 4.1 | L2: 7.9 | M2: 37.96 | N2: 550.42 | O2: A
A3: Majhaul | B3: 100103 | C3: Birpur | D3: 10010055 | E3: GOMUKH BIRPUR PASCHIM | F3: 46220 | G3: Morning | H3: MPG | I3: Mix | J3: 8 | K3: 5.8 | L3: 8.1 | M3: 41.08 | N3: 328.64 | O3: A
A4: Majhaul | B4: 100103 | C4: Birpur | D4: 10010019 | E4: Gomukh Jagdar | F4: 46220 | G4: Morning | H4: MPG | I4: Cow | J4: 59.6 | K4: 4.2 | L4: 8.3 | M4: 40.59 | N4: 2419.16 | O4: A
A5: Majhaul | B5: 100103 | C5: Birpur | D5: 10010082 | E5: Gomukh Sharmatola Sahuri | F5: 46220 | G5: Morning | H5: MPG | I5: Cow | J5: 92.1 | K5: 4.1 | L5: 8.1 | M5: 39.62 | N5: 3649 | O5: A
A6: Majhaul | B6: 100103 | C6: Birpur | D6: 10010076 | E6: Gomukh Bhith-02 | F6: 46220 | G6: Morning | H6: MPG | I6: Mix | J6: 51.8 | K6: 5.3 | L6: 8.7 | M6: 45.73 | N6: 2368.81 | O6: A
A7: Majhaul | B7: 100103 | C7: Birpur | D7: 10010109 | E7: Parra- Nagendra Kumar | F7: 46220 | G7: Morning | H7: VLC | I7: Cow | J7: 20.6 | K7: 4.1 | L7: 7.7 | M7: 37.43 | N7: 771.06 | O7: A
A8: Majhaul | B8: 100103 | C8: Birpur | D8: 10010149 | E8: Gomukh Meida | F8: 46220 | G8: Morning | H8: MPG | I8: Cow | J8: 14.8 | K8: 4.1 | L8: 8.1 | M8: 39.62 | N8: 586.38 | O8: A
A9: Majhaul | B9: 100102 | C9: Paroria | D9: 10010084 | E9: Sangat- Sanjeev Kumar | F9: 46220 | G9: Morning | H9: VLC | I9: Cow | J9: 4.5 | K9: 3.7 | L9: 7.7 | M9: 35.77 | N9: 160.97 | O9: A
A10: Majhaul | B10: 100102 | C10: Paroria | D10: 10010092 | E10: Kamla- Amarjeet | F10: 46220 | G10: Morning | H10: VLC | I10: Cow | J10: 27.1 | K10: 3.6 | L10: 7.7 | M10: 35.35 | N10: 957.99 | O10: A
A11: Majhaul | B11: 100102 | C11: Paroria | D11: 10010129 | E11: Manjhaul- Gulshan Kumar | F11: 46220 | G11: Morning | H11: VLC | I11: Mix | J11: 32 | K11: 5.6 | L11: 8.6 | M11: 47.26 | N11: 1512.32 | O11: A
A12: Majhaul | B12: 100102 | C12: Paroria | D12: 10010130 | E12: Khaira Manjhaul | F12: 46220 | G12: Morning | H12: VLC | I12: Mix | J12: 17.1 | K12: 5.6 | L12: 8.2 | M12: 41.59 | N12: 711.19 | O12: A
A13: Majhaul | B13: 100103 | C13: Birpur | D13: 10010148 | E13: Gomukh Meghaul-02 | F13: 46220 | G13: Morning | H13: MPG | I13: Cow | J13: 16.5 | K13: 4.7 | L13: 8.3 | M13: 42.67 | N13: 704.06 | O13: A
... A8492: MAHADAT PUR 2 | B8492: 103601 | C8492: RMC | D8492: 10360001 | E8492: MAHADAT PUR 2 | F8492: 46226 | G8492: Evening | H8492: MPG | I8492: Cow | J8492: 242 | K8492: 3.8 | L8492: 8.1 | M8492: 38.02 | N8492: 9201.45 | O8492: A
A8493: Dumraon | D8493: 10510002 | E8493: Diyaman | F8493: 46220 | G8493: Morning | H8493: MPG | I8493: Cow | J8493: 97 | K8493: 4.5 | L8493: 8.2 | M8493: 41.56 | N8493: 4031.32 | O8493: M
A8494: Dumraon | D8494: 10510004 | E8494: HENHA | F8494: 46220 | G8494: Morning | H8494: MPG | I8494: Cow | J8494: 181.5 | K8494: 4 | L8494: 8 | M8494: 38.92 | N8494: 7063.98 | O8494: M
A8495: Dumraon | D8495: 10510001 | E8495: ARAK | F8495: 46220 | G8495: Morning | H8495: MPG | I8495: Cow | J8495: 164 | K8495: 3.7 | L8495: 8.2 | M8495: 38.23 | N8495: 6269.72 | O8495: M
A8496: Dumraon | D8496: 10510002 | E8496: Diyaman | F8496: 46220 | G8496: Evening | H8496: MPG | I8496: Cow | J8496: 68.5 | K8496: 4.7 | L8496: 8.3 | M8496: 42.67 | N8496: 2922.9 | O8496: M
A8497: Dumraon | D8497: 10510004 | E8497: HENHA | F8497: 46220 | G8497: Evening | H8497: MPG | I8497: Cow | J8497: 161 | K8497: 3.9 | L8497: 8 | M8497: 38.5 | N8497: 6198.5 | O8497: M
A8498: Dumraon | D8498: 10510001 | E8498: ARAK | F8498: 46220 | G8498: Evening | H8498: MPG | I8498: Cow | J8498: 189.1 | K8498: 3.7 | L8498: 8.1 | M8498: 37.95 | N8498: 7176.35 | O8498: M
A8499: Dumraon | D8499: 10510002 | E8499: Diyaman | F8499: 46221 | G8499: Morning | H8499: MPG | I8499: Cow | J8499: 95.1 | K8499: 4.7 | L8499: 8.2 | M8499: 42.4 | N8499: 4032.24 | O8499: M
A8500: Dumraon | D8500: 10510004 | E8500: HENHA | F8500: 46221 | G8500: Morning | H8500: MPG | I8500: Cow | J8500: 182.1 | K8500: 4.1 | L8500: 8 | M8500: 39.34 | N8500: 7163.81 | O8500: M
A8501: Dumraon | D8501: 10510001 | E8501: ARAK | F8501: 46221 | G8501: Morning | H8501: MPG | I8501: Cow | J8501: 145 | K8501: 3.9 | L8501: 8.1 | M8501: 38.78 | N8501: 5623.1 | O8501: M
A8502: Dumraon | D8502: 10510004 | E8502: HENHA | F8502: 46221 | G8502: Evening | H8502: MPG | I8502: Cow | J8502: 145.7 | K8502: 3.8 | L8502: 8 | M8502: 38.09 | N8502: 5549.71 | O8502: M
A8503: Dumraon | D8503: 10510002 | E8503: Diyaman | F8503: 46221 | G8503: Evening | H8503: MPG | I8503: Cow | J8503: 71.1 | K8503: 4.4 | L8503: 8.3 | M8503: 41.42 | N8503: 2944.96 | O8503: M
A8504: Dumraon | D8504: 10510001 | E8504: ARAK | F8504: 46221 | G8504: Evening | H8504: MPG | I8504: Cow | J8504: 165 | K8504: 3.8 | L8504: 8.1 | M8504: 38.37 | N8504: 6331.05 | O8504: M
... A8536: 3P Network | D8536: 10520003 | E8536: Nova Bihar Dairy | F8536: 46220 | G8536: Morning | H8536: VLC | I8536: Mix | J8536: 10699 | K8536: 5.1 | L8536: 8.3 | M8536: 44.34 | N8536: 474393.66 | O8536: M
A8537: 3P Network | B8537: 105201 | C8537: 3p | D8537: 10520005 | E8537: Rakesh Dairy | F8537: 46220 | G8537: Morning | H8537: VLC | I8537: Cow | J8537: 2913 | K8537: 3.5 | L8537: 8.3 | M8537: 37.67 | N8537: 109732.71 | O8537: M
A8538: 3P Network | B8538: 105201 | C8538: 3p | D8538: 10520011 | E8538: Nand Kishor Kumar | F8538: 46220 | G8538: Morning | H8538: MPG | I8538: Cow | J8538: 4718 | K8538: 4.1 | L8538: 8.1 | M8538: 39.62 | N8538: 186927.16 | O8538: M
A8539: 3P Network | B8539: 105201 | C8539: 3p | D8539: 10520012 | E8539: Sarvodaya Dairy | F8539: 46220 | G8539: Morning | H8539: MPG | I8539: Cow | J8539: 1010 | K8539: 4.5 | L8539: 8.1 | M8539: 41.28 | N8539: 41692.8 | O8539: M
A8540: 3P Network | D8540: 10520002 | E8540: Maa Durga Dairy | F8540: 46220 | G8540: Evening | H8540: VLC | I8540: Cow | J8540: 3058 | K8540: 3.9 | L8540: 8.1 | M8540: 38.78 | N8540: 118589.24 | O8540: M
A8541: 3P Network | B8541: 105201 | C8541: 3p | D8541: 10520005 | E8541: Rakesh Dairy | F8541: 46220 | G8541: Evening | H8541: VLC | I8541: Cow | J8541: 2903 | K8541: 3.3 | L8541: 8.2 | M8541: 36.56 | N8541: 106133.68 | O8541: M
A8542: 3P Network | B8542: 105201 | C8542: 3p | D8542: 10520012 | E8542: Sarvodaya Dairy | F8542: 46220 | G8542: Evening | H8542: MPG | I8542: Cow | J8542: 1612 | K8542: 4 | L8542: 8 | M8542: 38.92 | N8542: 62739.04 | O8542: M
A8543: 3P Network | D8543: 10520002 | E8543: Maa Durga Dairy | F8543: 46221 | G8543: Morning | H8543: VLC | I8543: Cow | J8543: 3058 | K8543: 3.8 | L8543: 8.3 | M8543: 38.92 | N8543: 119017.36 | O8543: M
A8544: 3P Network | D8544: 10520003 | E8544: Nova Bihar Dairy | F8544: 46221 | G8544: Morning | H8544: VLC | I8544: Mix | J8544: 10689 | K8544: 5 | L8544: 8.3 | M8544: 43.93 | N8544: 469567.77 | O8544: M
A8545: 3P Network | B8545: 105201 | C8545: 3p | D8545: 10520011 | E8545: Nand Kishor Kumar | F8545: 46221 | G8545: Morning | H8545: MPG | I8545: Cow | J8545: 4854 | K8545: 3.9 | L8545: 8.2 | M8545: 39.06 | N8545: 189597.24 | O8545: M
A8546: 3P Network | D8546: 10520002 | E8546: Maa Durga Dairy | F8546: 46221 | G8546: Evening | H8546: VLC | I8546: Cow | J8546: 3049 | K8546: 3.7 | L8546: 8.2 | M8546: 38.23 | N8546: 116563.27 | O8546: M
A8547: 3P Network | D8547: 10520002 | E8547: Maa Durga Dairy | F8547: 46222 | G8547: Morning | H8547: VLC | I8547: Cow | J8547: 3049 | K8547: 3.7 | L8547: 8.3 | M8547: 38.5 | N8547: 117386.5 | O8547: M
A8548: 3P Network | B8548: 105201 | C8548: 3p | D8548: 10520005 | E8548: Rakesh Dairy | F8548: 46222 | G8548: Morning | H8548: VLC | I8548: Cow | J8548: 2981 | K8548: 3.3 | L8548: 8.2 | M8548: 36.56 | N8548: 108985.36 | O8548: M
A8549: 3P Network | B8549: 105201 | C8549: 3p | D8549: 10520011 | E8549: Nand Kishor Kumar | F8549: 46222 | G8549: Morning | H8549: MPG | I8549: Cow | J8549: 2049 | K8549: 4.2 | L8549: 8 | M8549: 39.76 | N8549: 81468.24 | O8549: M
A8550: 3P Network | D8550: 10520002 | E8550: Maa Durga Dairy | F8550: 46223 | G8550: Morning | H8550: VLC | I8550: Cow | J8550: 3049 | K8550: 4 | L8550: 8.2 | M8550: 39.48 | N8550: 120365.8 | O8550: M
A8551: 3P Network | D8551: 10520003 | E8551: Nova Bihar Dairy | F8551: 46223 | G8551: Morning | H8551: VLC | I8551: Cow | J8551: 10709 | K8551: 4.8 | L8551: 8.3 | M8551: 43.09 | N8551: 461450.81 | O8551: M
A8552: 3P Network | B8552: 105201 | C8552: 3p | D8552: 10520012 | E8552: Sarvodaya Dairy | F8552: 46223 | G8552: Morning | H8552: MPG | I8552: Cow | J8552: 2262 | K8552: 3.8 | L8552: 8 | M8552: 38.09 | N8552: 86159.58 | O8552: M
A8553: 3P Network | D8553: 10520002 | E8553: Maa Durga Dairy | F8553: 46223 | G8553: Evening | H8553: VLC | I8553: Cow | J8553: 3068 | K8553: 3.9 | L8553: 8.3 | M8553: 39.34 | N8553: 120695.12 | O8553: M
A8554: 3P Network | D8554: 10520002 | E8554: Maa Durga Dairy | F8554: 46224 | G8554: Morning | H8554: VLC | I8554: Cow | J8554: 3049 | K8554: 3.8 | L8554: 8.1 | M8554: 38.37 | N8554: 116990.13 | O8554: M
A8555: 3P Network | B8555: 105201 | C8555: 3p | D8555: 10520005 | E8555: Rakesh Dairy | F8555: 46224 | G8555: Morning | H8555: VLC | I8555: Cow | J8555: 2893 | K8555: 3.6 | L8555: 8.3 | M8555: 38.09 | N8555: 110194.37 | O8555: M
A8556: 3P Network | B8556: 105201 | C8556: 3p | D8556: 10520011 | E8556: Nand Kishor Kumar | F8556: 46224 | G8556: Morning | H8556: MPG | I8556: Cow | J8556: 3767 | K8556: 3.9 | L8556: 7.9 | M8556: 37.13 | N8556: 139868.71 | O8556: M
A8557: 3P Network | D8557: 10520002 | E8557: Maa Durga Dairy | F8557: 46225 | G8557: Morning | H8557: VLC | I8557: Cow | J8557: 7922 | K8557: 4 | L8557: 8.3 | M8557: 39.76 | N8557: 314978.72 | O8557: M
A8558: 3P Network | D8558: 10520003 | E8558: Nova Bihar Dairy | F8558: 46225 | G8558: Morning | H8558: VLC | I8558: Mix | J8558: 10709 | K8558: 4.9 | L8558: 8.2 | M8558: 43.23 | N8558: 462950.07 | O8558: M
A8559: 3P Network | B8559: 105201 | C8559: 3p | D8559: 10520012 | E8559: Sarvodaya Dairy | F8559: 46225 | G8559: Morning | H8559: MPG | I8559: Cow | J8559: 2068 | K8559: 4.4 | L8559: 7.9 | M8559: 39.21 | N8559: 81086.28 | O8559: M
A8560: 3P Network | D8560: 10520002 | E8560: Maa Durga Dairy | F8560: 46225 | G8560: Evening | H8560: VLC | I8560: Cow | J8560: 3049 | K8560: 4.1 | L8560: 8.3 | M8560: 40.17 | N8560: 122478.33 | O8560: M
A8561: 3P Network | D8561: 10520002 | E8561: Maa Durga Dairy | F8561: 46226 | G8561: Morning | H8561: VLC | I8561: Cow | J8561: 2194 | K8561: 3.9 | L8561: 8.2 | M8561: 39.06 | N8561: 85697.64 | O8561: M
A8562: 3P Network | B8562: 105201 | C8562: 3p | D8562: 10520005 | E8562: Rakesh Dairy | F8562: 46226 | G8562: Morning | H8562: VLC | I8562: Cow | J8562: 3000 | K8562: 3.5 | L8562: 8.2 | M8562: 37.39 | N8562: 112170 | O8562: M
A8563: 3P Network | B8563: 105201 | C8563: 3p | D8563: 10520011 | E8563: Nand Kishor Kumar | F8563: 46226 | G8563: Morning | H8563: MPG | I8563: Cow | J8563: 4922 | K8563: 3.9 | L8563: 7.8 | M8563: 36.86 | N8563: 181424.92 | O8563: M
A8564: Kalyanpur | B8564: 105301 | C8564: Hattha | D8564: 10530029 | E8564: Gomukh Belsandi East | F8564: 46220 | G8564: Morning | H8564: VLC | I8564: Mix | J8564: 18.2 | K8564: 7.4 | L8564: 9 | M8564: 60.53 | N8564: 1101.65 | O8564: A
A8565: Kalyanpur | B8565: 105301 | C8565: Hattha | D8565: 10530029 | E8565: Gomukh Belsandi East | F8565: 46220 | G8565: Morning | H8565: VLC | I8565: Cow | J8565: 49.2 | K8565: 4.2 | L8565: 8.6 | M8565: 41.15 | N8565: 2024.58 | O8565: A
A8566: Kalyanpur | B8566: 105301 | C8566: Hattha | D8566: 10530060 | E8566: Gomukh Ranitola | F8566: 46220 | G8566: Morning | H8566: VLC | I8566: Mix | J8566: 25.4 | K8566: 6.9 | L8566: 9 | M8566: 56.44 | N8566: 1433.58 | O8566: A
A8567: Kalyanpur | B8567: 105301 | C8567: Hattha | D8567: 10530060 | E8567: Gomukh Ranitola | F8567: 46220 | G8567: Morning | H8567: VLC | I8567: Cow | J8567: 26.4 | K8567: 4.3 | L8567: 8.2 | M8567: 40.73 | N8567: 1075.27 | O8567: A
A8568: Kalyanpur | B8568: 105301 | C8568: Hattha | D8568: 10530018 | E8568: Gomukh Belsandi | F8568: 46220 | G8568: Morning | H8568: VLC | I8568: Cow | J8568: 33.95 | K8568: 4.3 | L8568: 8.3 | M8568: 41.01 | N8568: 1392.29 | O8568: A
A8569: Kalyanpur | B8569: 105301 | C8569: Hattha | D8569: 10530018 | E8569: Gomukh Belsandi | F8569: 46220 | G8569: Morning | H8569: VLC | I8569: Mix | J8569: 19.8 | K8569: 7 | L8569: 8.4 | M8569: 55.5 | N8569: 1098.9 | O8569: A
A8570: Kalyanpur | B8570: 105301 | C8570: Hattha | D8570: 10530079 | E8570: Jitwariya W-11 | F8570: 46220 | G8570: Morning | H8570: VLC | I8570: Mix | J8570: 23.05 | K8570: 6.2 | L8570: 9 | M8570: 50.72 | N8570: 1169.1 | O8570: A
A8571: Kalyanpur | B8571: 105301 | C8571: Hattha | D8571: 10530093 | E8571: GOMUKH BAKHITIYARPUR | F8571: 46220 | G8571: Morning | H8571: MPG | I8571: Cow | J8571: 46.25 | K8571: 3.8 | L8571: 8.4 | M8571: 39.2 | N8571: 1813 | O8571: A
A8572: Kalyanpur | B8572: 105301 | C8572: Hattha | D8572: 10530093 | E8572: GOMUKH BAKHITIYARPUR | F8572: 46220 | G8572: Morning | H8572: MPG | I8572: Mix | J8572: 47.05 | K8572: 6.3 | L8572: 8.9 | M8572: 51.26 | N8572: 2411.78 | O8572: A
A8573: Kalyanpur | B8573: 105302 | C8573: Harpur | D8573: 10530064 | E8573: GOMUKH MANIYARPUR | F8573: 46220 | G8573: Morning | H8573: MPG | I8573: Mix | J8573: 24.85 | K8573: 8 | L8573: 9 | M8573: 65.44 | N8573: 1626.18 | O8573: A
... A11004: Chautham | B11004: 105601 | C11004: Chautham | D11004: 10560022 | E11004: Gomukh Paharpur Jilebya | F11004: 46220 | G11004: Morning | H11004: MPG | I11004: Mix | J11004: 166.44 | K11004: 4.9 | L11004: 8.3 | M11004: 43.51 | N11004: 7241.8 | O11004: A
A11005: Chautham | D11005: 10560001 | E11005: Gomukh Chautham(Mithun Kumar VLC) | F11005: 46220 | G11005: Morning | H11005: MPG | I11005: Cow | J11005: 38.3 | K11005: 4.1 | L11005: 7.9 | M11005: 37.96 | N11005: 1453.87 | O11005: A
A11006: Chautham | B11006: 105601 | C11006: Chautham | D11006: 10560011 | E11006: Gomukh Ashatol Paharpur | F11006: 46220 | G11006: Morning | H11006: MPG | I11006: Cow | J11006: 154.32 | K11006: 4.6 | L11006: 8.2 | M11006: 41.98 | N11006: 6478.35 | O11006: A
A11007: Chautham | B11007: 105601 | C11007: Chautham | D11007: 10070046 | E11007: Telouch | F11007: 46220 | G11007: Morning | H11007: MPG | I11007: Mix | J11007: 15.28 | K11007: 5 | L11007: 8.2 | M11007: 43.65 | N11007: 666.97 | O11007: A
A11008: Chautham | B11008: 105601 | C11008: Chautham | D11008: 10560031 | E11008: Gomukh Nirpur Keshv Nagar | F11008: 46220 | G11008: Morning | H11008: VLC | I11008: Cow | J11008: 42.08 | K11008: 4.6 | L11008: 8.4 | M11008: 42.54 | N11008: 1790.08 | O11008: A
A11009: Chautham | B11009: 105601 | C11009: Chautham | D11009: 10070064 | E11009: Gomukh Tila Tol | F11009: 46220 | G11009: Morning | H11009: MPG | I11009: Mix | J11009: 39.9 | K11009: 5.6 | L11009: 8.3 | M11009: 44.12 | N11009: 1760.39 | O11009: A
A11010: Chautham | B11010: 105601 | C11010: Chautham | D11010: 10560040 | E11010: Gomukh Saraiya Wad -5 Vlc | F11010: 46220 | G11010: Evening | H11010: VLC | I11010: Cow | J11010: 12.22 | K11010: 4 | L11010: 8.1 | M11010: 39.2 | N11010: 479.02 | O11010: A
A11011: Chautham | B11011: 105601 | C11011: Chautham | D11011: 10560025 | E11011: Gomukh Debka Vlc | F11011: 46220 | G11011: Evening | H11011: VLC | I11011: Cow | J11011: 7.86 | K11011: 4.6 | L11011: 8.4 | M11011: 42.54 | N11011: 334.36 | O11011: A
A11012: Chautham | B11012: 105601 | C11012: Chautham | D11012: 10560034 | E11012: Gomukh Nawadai Vlc | F11012: 46220 | G11012: Evening | H11012: VLC | I11012: Cow | J11012: 29.62 | K11012: 3.8 | L11012: 8.1 | M11012: 38.37 | N11012: 1136.52 | O11012: A
A11013: Chautham | B11013: 105601 | C11013: Chautham | D11013: 10560028 | E11013: Gomukh Uttari Hardia | F11013: 46220 | G11013: Evening | H11013: VLC | I11013: Cow | J11013: 29.16 | K11013: 4.8 | L11013: 8.5 | M11013: 43.65 | N11013: 1272.83 | O11013: A
A11014: Chautham | B11014: 105601 | C11014: Chautham | D11014: 10560005 | E11014: Gomukh Yadav Tol Kanauli | F11014: 46220 | G11014: Evening | H11014: MPG | I11014: Cow | J11014: 150.38 | K11014: 4 | L11014: 8 | M11014: 38.92 | N11014: 5852.79 | O11014: A
A11015: Chautham | B11015: 105601 | C11015: Chautham | D11015: 10070058 | E11015: Gomukh Malpa Dhutauli VLC | F11015: 46220 | G11015: Evening | H11015: VLC | I11015: Cow | J11015: 17.4 | K11015: 3.3 | L11015: 7.7 | M11015: 34.1 | N11015: 593.34 | O11015: A
A11016: Chautham | B11016: 105601 | C11016: Chautham | D11016: 10070060 | E11016: Gomukh Pakrail Shirnia VLC | F11016: 46220 | G11016: Evening | H11016: VLC | I11016: Cow | J11016: 25.06 | K11016: 4.8 | L11016: 8 | M11016: 42.26 | N11016: 1059.04 | O11016: A
A11017: Chautham | B11017: 105601 | C11017: Chautham | D11017: 10070056 | E11017: Gomukh Nauranga | F11017: 46220 | G11017: Evening | H11017: VLC | I11017: Cow | J11017: 4.7 | K11017: 4.8 | L11017: 9 | M11017: 43.65 | N11017: 205.16 | O11017: A
... A11028: Chautham | B11028: 105601 | C11028: Chautham | D11028: 10560011 | E11028: Gomukh Ashatol Paharpur | F11028: 46220 | G11028: Evening | H11028: MPG | I11028: Cow | J11028: 144.06 | K11028: 4.1 | L11028: 8.1 | M11028: 39.62 | N11028: 5707.66 | O11028: A
A11029: Chautham | D11029: 10560001 | E11029: Gomukh Chautham(Mithun Kumar VLC) | F11029: 46220 | G11029: Evening | H11029: MPG | I11029: Cow | J11029: 37.74 | K11029: 3.7 | L11029: 7.8 | M11029: 36.03 | N11029: 1359.77 | O11029: A
A11030: Chautham | B11030: 105601 | C11030: Chautham | D11030: 10560016 | E11030: Gomukh Pachout | F11030: 46220 | G11030: Evening | H11030: MPG | I11030: Cow | J11030: 110.56 | K11030: 4 | L11030: 7.6 | M11030: 33.58 | N11030: 3712.6 | O11030: A
A11031: Chautham | B11031: 105601 | C11031: Chautham | D11031: 10560039 | E11031: Gommukh Khushbu Kumari Vlc | F11031: 46220 | G11031: Evening | H11031: VLC | I11031: Cow | J11031: 25.86 | K11031: 3.6 | L11031: 7.5 | M11031: 31.69 | N11031: 819.5 | O11031: A
A11032: Chautham | B11032: 105601 | C11032: Chautham | D11032: 10560026 | E11032: Gomukh Azad Nagar | F11032: 46220 | G11032: Evening | H11032: MPG | I11032: Cow | J11032: 74.04 | K11032: 4.1 | L11032: 8.1 | M11032: 39.62 | N11032: 2933.46 | O11032: A
A11033: Chautham | B11033: 105601 | C11033: Chautham | D11033: 10560017 | E11033: Gomukh Telihar | F11033: 46220 | G11033: Evening | H11033: MPG | I11033: Cow | J11033: 61.36 | K11033: 3.9 | L11033: 8.1 | M11033: 38.78 | N11033: 2379.54 | O11033: A
A11034: Chautham | B11034: 105601 | C11034: Chautham | D11034: 10560035 | E11034: Gomukh Kharra Basa | F11034: 46220 | G11034: Evening | H11034: MPG | I11034: Cow | J11034: 38.04 | K11034: 3.3 | L11034: 8 | M11034: 36 | N11034: 1369.44 | O11034: A
A11035: Chautham | B11035: 105601 | C11035: Chautham | D11035: 10560019 | E11035: Gomukh Pansalba Ward No 05 | F11035: 46220 | G11035: Evening | H11035: VLC | I11035: Cow | J11035: 116.1 | K11035: 3.4 | L11035: 8 | M11035: 36.42 | N11035: 4228.36 | O11035: A
A11036: Chautham | B11036: 105601 | C11036: Chautham | D11036: 10560007 | E11036: Gomukh Hardia | F11036: 46220 | G11036: Evening | H11036: MPG | I11036: Cow | J11036: 19.6 | K11036: 4.2 | L11036: 8.1 | M11036: 40.03 | N11036: 784.59 | O11036: A
A11037: Chautham | B11037: 105601 | C11037: Chautham | D11037: 10560036 | E11037: Gomukh Bangalia | F11037: 46220 | G11037: Evening | H11037: MPG | I11037: Mix | J11037: 41.68 | K11037: 5.7 | L11037: 8.5 | M11037: 47.4 | N11037: 1975.63 | O11037: A
A11038: Chautham | B11038: 105601 | C11038: Chautham | D11038: 10560033 | E11038: Gomukh Thuthi Vlc | F11038: 46220 | G11038: Evening | H11038: MPG | I11038: Cow | J11038: 36.18 | K11038: 4.7 | L11038: 8.5 | M11038: 43.23 | N11038: 1564.06 | O11038: A
A11039: Chautham | B11039: 105601 | C11039: Chautham | D11039: 10560037 | E11039: Gomukh Soharba Purvi | F11039: 46220 | G11039: Evening | H11039: MPG | I11039: Cow | J11039: 17.26 | K11039: 4 | L11039: 8 | M11039: 38.92 | N11039: 671.76 | O11039: A
A11040: Chautham | B11040: 105601 | C11040: Chautham | D11040: 10560015 | E11040: Gomukh Patel Nagar | F11040: 46221 | G11040: Morning | H11040: VLC | I11040: Cow | J11040: 70.42 | K11040: 4 | L11040: 7.8 | M11040: 37.28 | N11040: 2625.26 | O11040: A
A11041: Chautham | B11041: 105601 | C11041: Chautham | D11041: 10560025 | E11041: Gomukh Debka Vlc | F11041: 46221 | G11041: Morning | H11041: VLC | I11041: Mix | J11041: 5.36 | K11041: 5.9 | L11041: 8.7 | M11041: 48.79 | N11041: 261.51 | O11041: A
... A11056: Chautham | B11056: 105601 | C11056: Chautham | D11056: 10560022 | E11056: Gomukh Paharpur Jilebya | F11056: 46221 | G11056: Morning | H11056: MPG | I11056: Mix | J11056: 188.58 | K11056: 5 | L11056: 8.4 | M11056: 44.2 | N11056: 8335.24 | O11056: A
A11057: Chautham | D11057: 10560001 | E11057: Gomukh Chautham(Mithun Kumar VLC) | F11057: 46221 | G11057: Morning | H11057: MPG | I11057: Cow | J11057: 37.94 | K11057: 4.4 | L11057: 8 | M11057: 40.59 | N11057: 1539.98 | O11057: A
A11058: Chautham | B11058: 105601 | C11058: Chautham | D11058: 10560011 | E11058: Gomukh Ashatol Paharpur | F11058: 46221 | G11058: Morning | H11058: MPG | I11058: Cow | J11058: 150.64 | K11058: 4.6 | L11058: 8.4 | M11058: 42.54 | N11058: 6408.23 | O11058: A
A11059: Chautham | B11059: 105601 | C11059: Chautham | D11059: 10070046 | E11059: Telouch | F11059: 46221 | G11059: Morning | H11059: MPG | I11059: Cow | J11059: 92.44 | K11059: 4.8 | L11059: 8 | M11059: 42.26 | N11059: 3906.51 | O11059: A
A11060: Chautham | B11060: 105601 | C11060: Chautham | D11060: 10560004 | E11060: Gomukh Nawada | F11060: 46221 | G11060: Morning | H11060: MPG | I11060: Cow | J11060: 69.88 | K11060: 3.8 | L11060: 7.9 | M11060: 36.71 | N11060: 2565.29 | O11060: A
A11061: Chautham | B11061: 105601 | C11061: Chautham | D11061: 10070064 | E11061: Gomukh Tila Tol | F11061: 46221 | G11061: Morning | H11061: MPG | I11061: Cow | J11061: 40.18 | K11061: 4.5 | L11061: 8.4 | M11061: 42.12 | N11061: 1692.38 | O11061: A
A11062: Chautham | B11062: 105601 | C11062: Chautham | D11062: 10560031 | E11062: Gomukh Nirpur Keshv Nagar | F11062: 46221 | G11062: Morning | H11062: VLC | I11062: Cow | J11062: 45.92 | K11062: 4.5 | L11062: 8.3 | M11062: 41.84 | N11062: 1921.29 | O11062: A
A11063: Chautham | B11063: 105601 | C11063: Chautham | D11063: 10560028 | E11063: Gomukh Uttari Hardia | F11063: 46221 | G11063: Morning | H11063: VLC | I11063: Mix | J11063: 17.26 | K11063: 6.9 | L11063: 9.2 | M11063: 56.44 | N11063: 974.15 | O11063: A
...
