Workbook

Sheet Shayak Income 
A2: Code | B2: MPG NAME | C2: VLC Type | D2: Farmer Payment | E2: BMC Code | F2: BMC Volume | G2: BMC Amount | H2: Sahayak Comission @ 1.05/- | I2: Deduction TS Loss | J2: Cattle Feed Deduction | K2: Hold | L2: Net Payble
A3: 20010001 | B3: Itki | C3: =VLOOKUP(A3,'MPG Payment '!$D$3:$G$7771,3,0) -> RMC | D3: =VLOOKUP(A3,'MPG Payment '!$D$3:$G$764,4,0) -> Direct | E3: =_xlfn.XLOOKUP(A3,'MPG Payment '!$D$2:$D$771,'MPG Payment '!$C$2:$C$771) -> BMC Code :2001 | F3: =SUMIF('MPG Payment '!$D$3:$D$79771,'Shayak Income '!A3,'MPG Payment '!$H$3:$H$79771) -> 42803.83 | G3: =SUMIF('MPG Payment '!$D$3:$D$79771,'Shayak Income '!A3,'MPG Payment '!$I$3:$I$79771) -> 1750829.2 | H3: =+F3*1.05 -> 44944.021 | I3: 0 | J3: 0 | K3: 0 | L3: =H3-I3-J3-K3 -> 44944.021
A4: 20010003 | B4: Bero | C4: =VLOOKUP(A4,'MPG Payment '!$D$3:$G$7771,3,0) -> MPG | D4: =VLOOKUP(A4,'MPG Payment '!$D$3:$G$764,4,0) -> Direct | E4: =_xlfn.XLOOKUP(A4,'MPG Payment '!$D$2:$D$771,'MPG Payment '!$C$2:$C$771) -> BMC Code :2001 | F4: =SUMIF('MPG Payment '!$D$3:$D$79771,'Shayak Income '!A4,'MPG Payment '!$H$3:$H$79771) -> 3603.38 | G4: =SUMIF('MPG Payment '!$D$3:$D$79771,'Shayak Income '!A4,'MPG Payment '!$I$3:$I$79771) -> 134799.99 | H4: =+F4*1.05 -> 3783.549 | I4: 0 | J4: 0 | K4: 0 | L4: =H4-I4-J4-K4 -> 3783.549
A5: 20010005 | B5: Basila | C5: =VLOOKUP(A5,'MPG Payment '!$D$3:$G$7771,3,0) -> MPG | D5: =VLOOKUP(A5,'MPG Payment '!$D$3:$G$764,4,0) -> Direct | E5: =_xlfn.XLOOKUP(A5,'MPG Payment '!$D$2:$D$771,'MPG Payment '!$C$2:$C$771) -> BMC Code :2001 | F5: =SUMIF('MPG Payment '!$D$3:$D$79771,'Shayak Income '!A5,'MPG Payment '!$H$3:$H$79771) -> 4387.28 | G5: =SUMIF('MPG Payment '!$D$3:$D$79771,'Shayak Income '!A5,'MPG Payment '!$I$3:$I$79771) -> 165519.26 | H5: =+F5*1.05 -> 4606.644 | I5: 0 | J5: 0 | K5: 0 | L5: =H5-I5-J5-K5 -> 4606.644
A6: 20010008 | B6: Erchoro | C6: =VLOOKUP(A6,'MPG Payment '!$D$3:$G$7771,3,0) -> MPG | D6: =VLOOKUP(A6,'MPG Payment '!$D$3:$G$764,4,0) -> Direct | E6: =_xlfn.XLOOKUP(A6,'MPG Payment '!$D$2:$D$771,'MPG Payment '!$C$2:$C$771) -> BMC Code :2001 | F6: =SUMIF('MPG Payment '!$D$3:$D$79771,'Shayak Income '!A6,'MPG Payment '!$H$3:$H$79771) -> 8274.93 | G6: =SUMIF('MPG Payment '!$D$3:$D$79771,'Shayak Income '!A6,'MPG Payment '!$I$3:$I$79771) -> 296055.68 | H6: =+F6*1.05 -> 8688.6765 | I6: 0 | J6: 0 | K6: 0 | L6: =H6-I6-J6-K6 -> 8688.6765
A7: 20010009 | B7: Makunda | C7: =VLOOKUP(A7,'MPG Payment '!$D$3:$G$7771,3,0) -> MPG | D7: =VLOOKUP(A7,'MPG Payment '!$D$3:$G$764,4,0) -> Direct | E7: =_xlfn.XLOOKUP(A7,'MPG Payment '!$D$2:$D$771,'MPG Payment '!$C$2:$C$771) -> BMC Code :2001 | F7: =SUMIF('MPG Payment '!$D$3:$D$79771,'Shayak Income '!A7,'MPG Payment '!$H$3:$H$79771) -> 2038.77 | G7: =SUMIF('MPG Payment '!$D$3:$D$79771,'Shayak Income '!A7,'MPG Payment '!$I$3:$I$79771) -> 81708.65 | H7: =+F7*1.05 -> 2140.7085 | I7: 0 | J7: 0 | K7: 0 | L7: =H7-I7-J7-K7 -> 2140.7085
A8: 20010012 | B8: NAGRI | C8: =VLOOKUP(A8,'MPG Payment '!$D$3:$G$7771,3,0) -> VLC | D8: =VLOOKUP(A8,'MPG Payment '!$D$3:$G$764,4,0) -> Indirect | E8: =_xlfn.XLOOKUP(A8,'MPG Payment '!$D$2:$D$771,'MPG Payment '!$C$2:$C$771) -> BMC Code :2001 | F8: =SUMIF('MPG Payment '!$D$3:$D$79771,'Shayak Income '!A8,'MPG Payment '!$H$3:$H$79771) -> 549.74 | G8: =SUMIF('MPG Payment '!$D$3:$D$79771,'Shayak Income '!A8,'MPG Payment '!$I$3:$I$79771) -> 16236.5 | H8: =+F8*1.05 -> 577.227 | I8: 0 | J8: 0 | K8: 0 | L8: =H8-I8-J8-K8 -> 577.227
A9: 20010015 | B9: BOREYA | C9: =VLOOKUP(A9,'MPG Payment '!$D$3:$G$7771,3,0) -> MPG | D9: =VLOOKUP(A9,'MPG Payment '!$D$3:$G$764,4,0) -> Direct | E9: =_xlfn.XLOOKUP(A9,'MPG Payment '!$D$2:$D$771,'MPG Payment '!$C$2:$C$771) -> BMC Code :2001 | F9: =SUMIF('MPG Payment '!$D$3:$D$79771,'Shayak Income '!A9,'MPG Payment '!$H$3:$H$79771) -> 12395.06 | G9: =SUMIF('MPG Payment '!$D$3:$D$79771,'Shayak Income '!A9,'MPG Payment '!$I$3:$I$79771) -> 488852.52 | H9: =+F9*1.05 -> 13014.813 | I9: 0 | J9: 0 | K9: 0 | L9: =H9-I9-J9-K9 -> 13014.813
A10: 20010016 | B10: ITA CHILDRI | C10: =VLOOKUP(A10,'MPG Payment '!$D$3:$G$7771,3,0) -> MPG | D10: =VLOOKUP(A10,'MPG Payment '!$D$3:$G$764,4,0) -> Direct | E10: =_xlfn.XLOOKUP(A10,'MPG Payment '!$D$2:$D$771,'MPG Payment '!$C$2:$C$771) -> BMC Code :2001 | F10: =SUMIF('MPG Payment '!$D$3:$D$79771,'Shayak Income '!A10,'MPG Payment '!$H$3:$H$79771) -> 910.81 | G10: =SUMIF('MPG Payment '!$D$3:$D$79771,'Shayak Income '!A10,'MPG Payment '!$I$3:$I$79771) -> 35687.25 | H10: =+F10*1.05 -> 956.3505 | I10: 0 | J10: 0 | K10: 0 | L10: =H10-I10-J10-K10 -> 956.3505
A11: 20010017 | B11: DIGHIYA | C11: =VLOOKUP(A11,'MPG Payment '!$D$3:$G$7771,3,0) -> MPG | D11: =VLOOKUP(A11,'MPG Payment '!$D$3:$G$764,4,0) -> Direct | E11: =_xlfn.XLOOKUP(A11,'MPG Payment '!$D$2:$D$771,'MPG Payment '!$C$2:$C$771) -> BMC Code :2001 | F11: =SUMIF('MPG Payment '!$D$3:$D$79771,'Shayak Income '!A11,'MPG Payment '!$H$3:$H$79771) -> 4637.39 | G11: =SUMIF('MPG Payment '!$D$3:$D$79771,'Shayak Income '!A11,'MPG Payment '!$I$3:$I$79771) -> 172615.91 | H11: =+F11*1.05 -> 4869.2595 | I11: 0 | J11: 0 | K11: 0 | L11: =H11-I11-J11-K11 -> 4869.2595
A12: 20010023 | B12: KATARPA | C12: =VLOOKUP(A12,'MPG Payment '!$D$3:$G$7771,3,0) -> MPG | D12: =VLOOKUP(A12,'MPG Payment '!$D$3:$G$764,4,0) -> Direct | E12: =_xlfn.XLOOKUP(A12,'MPG Payment '!$D$2:$D$771,'MPG Payment '!$C$2:$C$771) -> BMC Code :2001 | F12: =SUMIF('MPG Payment '!$D$3:$D$79771,'Shayak Income '!A12,'MPG Payment '!$H$3:$H$79771) -> 1689.6 | G12: =SUMIF('MPG Payment '!$D$3:$D$79771,'Shayak Income '!A12,'MPG Payment '!$I$3:$I$79771) -> 68575.3 | H12: =+F12*1.05 -> 1774.08 | I12: 0 | J12: 0 | K12: 0 | L12: =H12-I12-J12-K12 -> 1774.08
A13: 20010027 | B13: MURTO | C13: =VLOOKUP(A13,'MPG Payment '!$D$3:$G$7771,3,0) -> MPG | D13: =VLOOKUP(A13,'MPG Payment '!$D$3:$G$764,4,0) -> Direct | E13: =_xlfn.XLOOKUP(A13,'MPG Payment '!$D$2:$D$771,'MPG Payment '!$C$2:$C$771) -> BMC Code :2001 | F13: =SUMIF('MPG Payment '!$D$3:$D$79771,'Shayak Income '!A13,'MPG Payment '!$H$3:$H$79771) -> 2880.24 | G13: =SUMIF('MPG Payment '!$D$3:$D$79771,'Shayak Income '!A13,'MPG Payment '!$I$3:$I$79771) -> 107124.24 | H13: =+F13*1.05 -> 3024.252 | I13: 0 | J13: 0 | K13: 0 | L13: =H13-I13-J13-K13 -> 3024.252
A14: 20010033 | B14: KHATRIKHATANGA | C14: =VLOOKUP(A14,'MPG Payment '!$D$3:$G$7771,3,0) -> MPG | D14: =VLOOKUP(A14,'MPG Payment '!$D$3:$G$764,4,0) -> Direct | E14: =_xlfn.XLOOKUP(A14,'MPG Payment '!$D$2:$D$771,'MPG Payment '!$C$2:$C$771) -> BMC Code :2001 | F14: =SUMIF('MPG Payment '!$D$3:$D$79771,'Shayak Income '!A14,'MPG Payment '!$H$3:$H$79771) -> 1501.34 | G14: =SUMIF('MPG Payment '!$D$3:$D$79771,'Shayak Income '!A14,'MPG Payment '!$I$3:$I$79771) -> 60619.21 | H14: =+F14*1.05 -> 1576.407 | I14: 0 | J14: 0 | K14: 0 | L14: =H14-I14-J14-K14 -> 1576.407
... A47: 20040001 | B47: CHOREYA | C47: =VLOOKUP(A47,'MPG Payment '!$D$3:$G$7771,3,0) -> RMC | D47: =VLOOKUP(A47,'MPG Payment '!$D$3:$G$764,4,0) -> Direct | E47: =_xlfn.XLOOKUP(A47,'MPG Payment '!$D$2:$D$771,'MPG Payment '!$C$2:$C$771) -> BMC Code :2004 | F47: =SUMIF('MPG Payment '!$D$3:$D$79771,'Shayak Income '!A47,'MPG Payment '!$H$3:$H$79771) -> 33214.08 | G47: =SUMIF('MPG Payment '!$D$3:$D$79771,'Shayak Income '!A47,'MPG Payment '!$I$3:$I$79771) -> 1134763.3 | H47: =+F47*1.05 -> 34874.784 | I47: 34875 | J47: 0 | K47: 0 | L47: =H47-I47-J47-K47 -> -0.216
A48: 20040006 | B48: KADAM TOLI | C48: =VLOOKUP(A48,'MPG Payment '!$D$3:$G$7771,3,0) -> MPG | D48: =VLOOKUP(A48,'MPG Payment '!$D$3:$G$764,4,0) -> Direct | E48: =_xlfn.XLOOKUP(A48,'MPG Payment '!$D$2:$D$771,'MPG Payment '!$C$2:$C$771) -> BMC Code :2004 | F48: =SUMIF('MPG Payment '!$D$3:$D$79771,'Shayak Income '!A48,'MPG Payment '!$H$3:$H$79771) -> 1635.79 | G48: =SUMIF('MPG Payment '!$D$3:$D$79771,'Shayak Income '!A48,'MPG Payment '!$I$3:$I$79771) -> 63298.58 | H48: =+F48*1.05 -> 1717.5795 | I48: 0 | J48: 0 | K48: 0 | L48: =H48-I48-J48-K48 -> 1717.5795 | N48: 4918
A49: 20040007 | B49: MADHUKAM | C49: =VLOOKUP(A49,'MPG Payment '!$D$3:$G$7771,3,0) -> MPG | D49: =VLOOKUP(A49,'MPG Payment '!$D$3:$G$764,4,0) -> Direct | E49: =_xlfn.XLOOKUP(A49,'MPG Payment '!$D$2:$D$771,'MPG Payment '!$C$2:$C$771) -> BMC Code :2004 | F49: =SUMIF('MPG Payment '!$D$3:$D$79771,'Shayak Income '!A49,'MPG Payment '!$H$3:$H$79771) -> 1409.87 | G49: =SUMIF('MPG Payment '!$D$3:$D$79771,'Shayak Income '!A49,'MPG Payment '!$I$3:$I$79771) -> 52361.67 | H49: =+F49*1.05 -> 1480.3635 | I49: 0 | J49: 0 | K49: 0 | L49: =H49-I49-J49-K49 -> 1480.3635
A50: 20050001 | B50: Baski 2 | C50: =VLOOKUP(A50,'MPG Payment '!$D$3:$G$7771,3,0) -> RMC | D50: =VLOOKUP(A50,'MPG Payment '!$D$3:$G$764,4,0) -> Direct | E50: =_xlfn.XLOOKUP(A50,'MPG Payment '!$D$2:$D$771,'MPG Payment '!$C$2:$C$771) -> BMC Code :2002 | F50: =SUMIF('MPG Payment '!$D$3:$D$79771,'Shayak Income '!A50,'MPG Payment '!$H$3:$H$79771) -> 3636 | G50: =SUMIF('MPG Payment '!$D$3:$D$79771,'Shayak Income '!A50,'MPG Payment '!$I$3:$I$79771) -> 138338.73 | H50: =+F50*1.05 -> 3817.8 | I50: 0 | J50: 0 | K50: 0 | L50: =H50-I50-J50-K50 -> 3817.8
A51: 20050002 | B51: KANBHITHA | C51: =VLOOKUP(A51,'MPG Payment '!$D$3:$G$7771,3,0) -> MPG | D51: =VLOOKUP(A51,'MPG Payment '!$D$3:$G$764,4,0) -> Direct | E51: =_xlfn.XLOOKUP(A51,'MPG Payment '!$D$2:$D$771,'MPG Payment '!$C$2:$C$771) -> BMC Code :2002 | F51: =SUMIF('MPG Payment '!$D$3:$D$79771,'Shayak Income '!A51,'MPG Payment '!$H$3:$H$79771) -> 2920.4 | G51: =SUMIF('MPG Payment '!$D$3:$D$79771,'Shayak Income '!A51,'MPG Payment '!$I$3:$I$79771) -> 104566.76 | H51: =+F51*1.05 -> 3066.42 | I51: 0 | J51: 0 | K51: 0 | L51: =H51-I51-J51-K51 -> 3066.42
A52: 20050003 | B52: UCHARI | C52: =VLOOKUP(A52,'MPG Payment '!$D$3:$G$7771,3,0) -> MPG | D52: =VLOOKUP(A52,'MPG Payment '!$D$3:$G$764,4,0) -> Direct | E52: =_xlfn.XLOOKUP(A52,'MPG Payment '!$D$2:$D$771,'MPG Payment '!$C$2:$C$771) -> BMC Code :2002 | F52: =SUMIF('MPG Payment '!$D$3:$D$79771,'Shayak Income '!A52,'MPG Payment '!$H$3:$H$79771) -> 4320.7 | G52: =SUMIF('MPG Payment '!$D$3:$D$79771,'Shayak Income '!A52,'MPG Payment '!$I$3:$I$79771) -> 163730.92 | H52: =+F52*1.05 -> 4536.735 | I52: 0 | J52: 0 | K52: 0 | L52: =H52-I52-J52-K52 -> 4536.735
A53: 20060001 | B53: ORMANJHI | C53: =VLOOKUP(A53,'MPG Payment '!$D$3:$G$7771,3,0) -> RMC | D53: =VLOOKUP(A53,'MPG Payment '!$D$3:$G$764,4,0) -> Direct | E53: =_xlfn.XLOOKUP(A53,'MPG Payment '!$D$2:$D$771,'MPG Payment '!$C$2:$C$771) -> BMC Code :2006 | F53: =SUMIF('MPG Payment '!$D$3:$D$79771,'Shayak Income '!A53,'MPG Payment '!$H$3:$H$79771) -> 10167.18 | G53: =SUMIF('MPG Payment '!$D$3:$D$79771,'Shayak Income '!A53,'MPG Payment '!$I$3:$I$79771) -> 393167.83 | H53: =+F53*1.05 -> 10675.539 | I53: 0 | J53: 0 | K53: 0 | L53: =H53-I53-J53-K53 -> 10675.539
A54: 20060002 | B54: MANDRO | C54: =VLOOKUP(A54,'MPG Payment '!$D$3:$G$7771,3,0) -> MPG | D54: =VLOOKUP(A54,'MPG Payment '!$D$3:$G$764,4,0) -> Direct | E54: =_xlfn.XLOOKUP(A54,'MPG Payment '!$D$2:$D$771,'MPG Payment '!$C$2:$C$771) -> BMC Code :2006 | F54: =SUMIF('MPG Payment '!$D$3:$D$79771,'Shayak Income '!A54,'MPG Payment '!$H$3:$H$79771) -> 740.21 | G54: =SUMIF('MPG Payment '!$D$3:$D$79771,'Shayak Income '!A54,'MPG Payment '!$I$3:$I$79771) -> 28041.03 | H54: =+F54*1.05 -> 777.2205 | I54: 0 | J54: 0 | K54: 0 | L54: =H54-I54-J54-K54 -> 777.2205
A55: 20060003 | B55: DUMARDAGA | C55: =VLOOKUP(A55,'MPG Payment '!$D$3:$G$7771,3,0) -> MPG | D55: =VLOOKUP(A55,'MPG Payment '!$D$3:$G$764,4,0) -> Direct | E55: =_xlfn.XLOOKUP(A55,'MPG Payment '!$D$2:$D$771,'MPG Payment '!$C$2:$C$771) -> BMC Code :2006 | F55: =SUMIF('MPG Payment '!$D$3:$D$79771,'Shayak Income '!A55,'MPG Payment '!$H$3:$H$79771) -> 8553.94 | G55: =SUMIF('MPG Payment '!$D$3:$D$79771,'Shayak Income '!A55,'MPG Payment '!$I$3:$I$79771) -> 294238.98 | H55: =+F55*1.05 -> 8981.637 | I55: 0 | J55: 0 | K55: 0 | L55: =H55-I55-J55-K55 -> 8981.637
A56: 20060004 | B56: CHUTTU | C56: =VLOOKUP(A56,'MPG Payment '!$D$3:$G$7771,3,0) -> MPG | D56: =VLOOKUP(A56,'MPG Payment '!$D$3:$G$764,4,0) -> Direct | E56: =_xlfn.XLOOKUP(A56,'MPG Payment '!$D$2:$D$771,'MPG Payment '!$C$2:$C$771) -> BMC Code :2006 | F56: =SUMIF('MPG Payment '!$D$3:$D$79771,'Shayak Income '!A56,'MPG Payment '!$H$3:$H$79771) -> 6637.09 | G56: =SUMIF('MPG Payment '!$D$3:$D$79771,'Shayak Income '!A56,'MPG Payment '!$I$3:$I$79771) -> 251695.85 | H56: =+F56*1.05 -> 6968.9445 | I56: 0 | J56: 0 | K56: 0 | L56: =H56-I56-J56-K56 -> 6968.9445
A57: 20060005 | B57: JIRABAR | C57: =VLOOKUP(A57,'MPG Payment '!$D$3:$G$7771,3,0) -> MPG | D57: =VLOOKUP(A57,'MPG Payment '!$D$3:$G$764,4,0) -> Direct | E57: =_xlfn.XLOOKUP(A57,'MPG Payment '!$D$2:$D$771,'MPG Payment '!$C$2:$C$771) -> BMC Code :2006 | F57: =SUMIF('MPG Payment '!$D$3:$D$79771,'Shayak Income '!A57,'MPG Payment '!$H$3:$H$79771) -> 2214.86 | G57: =SUMIF('MPG Payment '!$D$3:$D$79771,'Shayak Income '!A57,'MPG Payment '!$I$3:$I$79771) -> 83067.18 | H57: =+F57*1.05 -> 2325.603 | I57: 0 | J57: 0 | K57: 0 | L57: =H57-I57-J57-K57 -> 2325.603
A58: 20060007 | B58: HOCHAR | C58: =VLOOKUP(A58,'MPG Payment '!$D$3:$G$7771,3,0) -> MPG | D58: =VLOOKUP(A58,'MPG Payment '!$D$3:$G$764,4,0) -> Direct | E58: =_xlfn.XLOOKUP(A58,'MPG Payment '!$D$2:$D$771,'MPG Payment '!$C$2:$C$771) -> BMC Code :2006 | F58: =SUMIF('MPG Payment '!$D$3:$D$79771,'Shayak Income '!A58,'MPG Payment '!$H$3:$H$79771) -> 6843.14 | G58: =SUMIF('MPG Payment '!$D$3:$D$79771,'Shayak Income '!A58,'MPG Payment '!$I$3:$I$79771) -> 265267.02 | H58: =+F58*1.05 -> 7185.297 | I58: 0 | J58: 0 | K58: 0 | L58: =H58-I58-J58-K58 -> 7185.297
A59: 20060008 | B59: ADELHATU | C59: =VLOOKUP(A59,'MPG Payment '!$D$3:$G$7771,3,0) -> VLC | D59: =VLOOKUP(A59,'MPG Payment '!$D$3:$G$764,4,0) -> Direct | E59: =_xlfn.XLOOKUP(A59,'MPG Payment '!$D$2:$D$771,'MPG Payment '!$C$2:$C$771) -> BMC Code :2006 | F59: =SUMIF('MPG Payment '!$D$3:$D$79771,'Shayak Income '!A59,'MPG Payment '!$H$3:$H$79771) -> 7014.81 | G59: =SUMIF('MPG Payment '!$D$3:$D$79771,'Shayak Income '!A59,'MPG Payment '!$I$3:$I$79771) -> 274062.09 | H59: =+F59*1.05 -> 7365.5505 | I59: 0 | J59: 0 | K59: 0 | L59: =H59-I59-J59-K59 -> 7365.5505
A60: 20060009 | B60: KUCHU | C60: =VLOOKUP(A60,'MPG Payment '!$D$3:$G$7771,3,0) -> MPG | D60: =VLOOKUP(A60,'MPG Payment '!$D$3:$G$764,4,0) -> Direct | E60: =_xlfn.XLOOKUP(A60,'MPG Payment '!$D$2:$D$771,'MPG Payment '!$C$2:$C$771) -> BMC Code :2006 | F60: =SUMIF('MPG Payment '!$D$3:$D$79771,'Shayak Income '!A60,'MPG Payment '!$H$3:$H$79771) -> 1261.58 | G60: =SUMIF('MPG Payment '!$D$3:$D$79771,'Shayak Income '!A60,'MPG Payment '!$I$3:$I$79771) -> 49289.23 | H60: =+F60*1.05 -> 1324.659 | I60: 0 | J60: 0 | K60: 0 | L60: =H60-I60-J60-K60 -> 1324.659
... A141: 20090028 | B141: FULDIH 2 | C141: =VLOOKUP(A141,'MPG Payment '!$D$3:$G$7771,3,0) -> VLC | D141: =VLOOKUP(A141,'MPG Payment '!$D$3:$G$764,4,0) -> Indirect | E141: =_xlfn.XLOOKUP(A141,'MPG Payment '!$D$2:$D$771,'MPG Payment '!$C$2:$C$771) -> BMC Code :2009 | F141: =SUMIF('MPG Payment '!$D$3:$D$79771,'Shayak Income '!A141,'MPG Payment '!$H$3:$H$79771) -> 643.48 | G141: =SUMIF('MPG Payment '!$D$3:$D$79771,'Shayak Income '!A141,'MPG Payment '!$I$3:$I$79771) -> 26158.16 | H141: =+F141*1.05 -> 675.654 | I141: 0 | J141: 0 | K141: 0 | L141: =H141-I141-J141-K141 -> 675.654
A142: =COUNTA(A3:A141) -> 139 | C142: =COUNT(C3:C141) -> 0 | F142: =SUBTOTAL(9,F2:F141) -> 557151.13 | G142: =SUBTOTAL(9,G2:G141) -> 21435065 | H142: =SUBTOTAL(9,H2:H141) -> 585008.69 | I142: =SUBTOTAL(9,I2:I141) -> 41295.425 | J142: =SUBTOTAL(9,J2:J141) -> 0 | L142: =SUBTOTAL(9,L2:L141) -> 543713.26
B170: Row Labels | C170: No of MPGs | D170: BMC Volume | E170: BMC Amount | F170: Sahayak Comission @ 1.05/- | G170: Deduction TS Loss | H170: Cattle Feed Deduction | I170: Net Payble
B171: BMC Code :2001 | C171: 28 | D171: 113063.83 | E171: 4402068.3 | F171: 118717.02 | G171: 0 | H171: 0 | I171: 118717.02
B172: BMC Code :2009 | C172: 24 | D172: 72658.74 | E172: 2823393.8 | F172: 76291.677 | G172: 2491 | H172: 0 | I172: 73800.677
B173: BMC Code :2002 | C173: 21 | D173: 122189.77 | E173: 4738642.9 | F173: 128299.26 | G173: 0 | H173: 0 | I173: 128299.26
B174: BMC Code :2003 | C174: 5 | D174: 29076.82 | E174: 1076558 | F174: 30530.661 | G174: 0 | H174: 0 | I174: 30530.661
B175: BMC Code :2004 | C175: 3 | D175: 36259.74 | E175: 1250423.5 | F175: 38072.727 | G175: 34875 | H175: 0 | I175: 3197.727
B176: BMC Code :2006 | C176: 17 | D176: 62852.71 | E176: 2368520.9 | F176: 65995.345 | G176: 0 | H176: 0 | I176: 65995.345
B177: BMC Code :2007 | C177: 17 | D177: 43417.49 | E177: 1795629.3 | F177: 45588.365 | G177: 3929.4255 | H177: 0 | I177: 41658.939
B178: BMC Code :2008 | C178: 24 | D178: 77632.03 | E178: 2979828.6 | F178: 81513.632 | G178: 0 | H178: 0 | I178: 81513.632
B179: Grand Total | C179: 139 | D179: 557151.13 | E179: 21435065 | F179: 585008.69 | G179: 41295.425 | H179: 0 | I179: 543713.26

Sheet Sheet1
N1: Type | O1: RMC
N2: Stop Payment | O2: (All)
A4: Code | B4: MPG NAME | P4: Values
A5: 20010001 | B5: Itki | N5: Code | O5: MPG NAME | P5: Sum of TS Loss | Q5: Sum of Closing Reserve
A6: 20010003 | B6: Bero | N6: 20010001 | O6: Itki | P6: 34962 | Q6: 5.18
A7: 20010005 | B7: Basila | N7: 20020001 | O7: Paali | P7: 87303 | Q7: 5.26
A8: 20010008 | B8: Erchoro | N8: 20030001 | O8: Hisri Thakurgaon | P8: 12782 | Q8: 622
A9: 20010009 | B9: Makunda | N9: 20040001 | O9: CHOREYA | P9: 23605 | Q9: 307.27
A10: 20010012 | B10: NAGRI | N10: 20050001 | O10: Baski 2 | P10: 0 | Q10: 226.73
A11: 20010015 | B11: BOREYA | N11: 20060001 | O11: ORMANJHI | P11: 0 | Q11: 136.83
A12: 20010016 | B12: ITA CHILDRI | N12: 20070001 | O12: PIRAGUTU | P12: 27463 | Q12: 14439.77
A13: 20010017 | B13: DIGHIYA | N13: 20080001 | O13: CHATTI BHANDRA | P13: 14688 | Q13: 376.43
A14: 20010023 | B14: KATARPA | N14: 20090001 | O14: Chanho | P14: 4 | Q14: 1.1
A15: 20010027 | B15: MURTO | N15: Grand Total | P15: 200807 | Q15: 16120.57
A16: 20010033 | B16: KHATRIKHATANGA
A17: 20010034 | B17: GARGAON
A18: 20010036 | B18: GHAGHRA
A19: 20010037 | B19: CHACHGURA
A20: 20010038 | B20: TIKRA TOLI
A21: 20010040 | B21: Gargaon2
A22: 20010041 | B22: TERO
A23: 20010042 | B23: RONHE
A24: 20010043 | B24: DARKHANDREY
A25: 20010052 | B25: Kumbatoli
A26: 20010053 | B26: TUTLO
A27: 20010054 | B27: NARKOPI
... A143: 20090028 | B143: FULDIH 2
A144: Grand Total

Sheet Sheet2
A1: Type | B1: RMC
A3: Sum of TS Loss | B3: Column Labels
A4: Row Labels | B4: 02-08 Jan | C4: 09-15 Jan | D4: 16-22 Jan | E4: 23-29 Jan | F4: Grand Total
A5: 20010001 | B5: 32242 | C5: 28544 | D5: 20747 | E5: 6367 | F5: 87900
A6: 20020001 | B6: 4545 | C6: 7603 | D6: 2575 | E6: 8268 | F6: 22991
A7: 20030001 | B7: 4437 | C7: 6041 | D7: 0 | E7: 2551 | F7: 13029
A8: 20040001 | B8: 1324 | C8: 809 | D8: 493 | E8: 6634 | F8: 9260
A9: 20050001 | B9: 0 | C9: 0 | D9: 0 | E9: 0 | F9: 0
A10: 20060001 | B10: 1438 | C10: 0 | D10: 0 | E10: 128 | F10: 1566
A11: 20070001 | B11: 114 | C11: 2643 | D11: 7015 | E11: 1644 | F11: 11416
A12: 20080001 | B12: 1135 | C12: 447 | D12: 529 | E12: 149 | F12: 2260
A13: 20090001 | B13: 0 | C13: 0 | D13: 0 | E13: 0 | F13: 0
A14: Grand Total | B14: 45235 | C14: 46087 | D14: 31359 | E14: 25741 | F14: 148422

Sheet Sheet3
A1: Type | B1: RMC
A3: Sum of TS Loss | B3: Column Labels
A4: Row Labels | B4: 30-05 Feb | C4: 06-12 Feb | D4: 13-19 Feb | E4: 20-26 Feb | F4: Grand Total
A5: 20010001 | B5: 7401 | C5: 17191 | D5: 3100 | E5: 10874 | F5: 38566
A6: 20020001 | B6: 2143 | C6: 19691 | D6: 7772 | E6: 0 | F6: 29606
A7: 20030001 | B7: 2541 | C7: 3128 | D7: 551 | E7: 3061 | F7: 9281
A8: 20040001 | B8: 8122 | C8: 0 | D8: 5925 | E8: 619 | F8: 14666
A9: 20050001 | B9: 0 | C9: 0 | D9: 0 | E9: 0 | F9: 0
A10: 20060001 | B10: 0 | C10: 0 | D10: 0 | E10: 0 | F10: 0
A11: 20070001 | B11: 7438 | C11: 0 | D11: 8603 | E11: 3285 | F11: 19326
A12: 20080001 | B12: 272 | C12: 0 | D12: 0 | E12: 103 | F12: 375
A13: 20090001 | B13: 0 | C13: 0 | D13: 0 | E13: 0 | F13: 0
A14: Grand Total | B14: 27917 | C14: 40010 | D14: 25951 | E14: 17942 | F14: 111820

Sheet MPG Payment 
H1: New Format | J1: Reg. Farmers | L1: Unreg. Farmers | N1: Total farmer
A2: Area | B2: Period | C2: BMC Code | D2: Code | E2: MPG NAME | F2: Type | G2: Farmer Payment | H2: BMC Volume | I2: BMC Amount | J2: Reg Vol | K2: reg Amt | L2: Unreg Vol | M2: Unreg Amt | N2: Total Vol | O2: Total Amt | P2: Payable | Q2: TS Loss | R2: Deduction for excess payment | S2: Loss Apportion | T2: CF Deduction | U2: Vet Deduction | V2: Advance | W2: Others | X2: Payment to Farmer A/c | Y2: Unreg. Farmer payment | Z2: Payment to MPGs A/c | AA2: Closing Reserve | AB2: Stop Payment | AC2: Diff | AD2: loss/gain | AE2: No of Farmers | AF2: Cycle | AG2: Remarks
A3: Ranchi | B3: 01-02 Apr | C3: BMC Code :2001 | D3: 20010001 | E3: Itki | F3: RMC | G3: Direct | H3: 9034.34 | I3: 380070.22 | J3: 9074.34 | K3: 381429.67 | L3: 0 | M3: 0 | N3: 9074.34 | O3: 381429.67 | P3: 380070.22 | Q3: 6564 | R3: 0 | S3: 1359.45 | T3: 0 | U3: 0 | V3: 0 | W3: 0 | X3: 373506 | Y3: 0 | Z3: 0 | AA3: 0.22 | AB3: 0 | AC3: 0 | AD3: 0.003576839 | AE3: 16 | AF3: 01. 01-02 Apr
A4: Ranchi | B4: 01-02 Apr | C4: BMC Code :2001 | D4: 20010003 | E4: Bero | F4: MPG | G4: Direct | H4: 367.72 | I4: 14021.19 | J4: 365.72 | K4: 14003.46 | L4: 0 | M4: 0 | N4: 365.72 | O4: 14003.46 | P4: 14003.46 | Q4: 0 | R4: 0 | S4: 0 | T4: 0 | U4: 0 | V4: 0 | W4: 0 | X4: 14003 | Y4: 0 | Z4: 0 | AA4: 18.19 | AB4: 0 | AC4: 0 | AD4: -0.0012645146 | AE4: 5 | AF4: 01. 01-02 Apr
A5: Ranchi | B5: 01-02 Apr | C5: BMC Code :2001 | D5: 20010005 | E5: Basila | F5: MPG | G5: Direct | H5: 315.74 | I5: 11923.45 | J5: 299.96 | K5: 11877.56 | L5: 0 | M5: 0 | N5: 299.96 | O5: 11877.56 | P5: 11877.56 | Q5: 0 | R5: 0 | S5: 0 | T5: 0 | U5: 0 | V5: 0 | W5: 0 | X5: 11877 | Y5: 0 | Z5: 0 | AA5: 46.45 | AB5: 0 | AC5: 1 | AD5: -0.0038487183 | AE5: 20 | AF5: 01. 01-02 Apr
A6: Ranchi | B6: 01-02 Apr | C6: BMC Code :2001 | D6: 20010008 | E6: Erchoro | F6: MPG | G6: Direct | H6: 540.88 | I6: 18965.27 | J6: 541.84 | K6: 20333.13 | L6: 0 | M6: 0 | N6: 541.84 | O6: 20333.13 | P6: 18965.27 | Q6: 0 | R6: 0 | S6: 1367.86 | T6: 0 | U6: 0 | V6: 0 | W6: 0 | X6: 18964 | Y6: 0 | Z6: 0 | AA6: 1.27 | AB6: Release1 | AC6: 1 | AD6: 0.072124468 | AE6: 16 | AF6: 01. 01-02 Apr | AG6: Letter not received
A7: Ranchi | B7: 01-02 Apr | C7: BMC Code :2001 | D7: 20010009 | E7: Makunda | F7: MPG | G7: Direct | H7: 178.08 | I7: 6979.17 | J7: 177.96 | K7: 7196.8 | L7: 0 | M7: 0 | N7: 177.96 | O7: 7196.8 | P7: 6979.17 | Q7: 0 | R7: 0 | S7: 217.63 | T7: 0 | U7: 0 | V7: 0 | W7: 0 | X7: 6979 | Y7: 0 | Z7: 0 | AA7: 0.17 | AB7: 0 | AC7: 0 | AD7: 0.031182791 | AE7: 5 | AF7: 01. 01-02 Apr
A8: Ranchi | B8: 01-02 Apr | C8: BMC Code :2001 | D8: 20010012 | E8: NAGRI | F8: VLC | G8: Indirect | H8: 25.5 | I8: 731.6 | J8: 0 | K8: 0 | L8: 0 | M8: 0 | N8: 0 | O8: 0 | P8: 731.6 | Q8: 0 | R8: 0 | S8: 0 | T8: 0 | U8: 0 | V8: 0 | W8: 0 | X8: 0 | Y8: 0 | Z8: 731.6 | AA8: 0 | AB8: 0 | AC8: 0 | AD8: -1 | AE8: 0 | AF8: 01. 01-02 Apr
A9: Ranchi | B9: 01-02 Apr | C9: BMC Code :2001 | D9: 20010015 | E9: BOREYA | F9: MPG | G9: Direct | H9: 824.06 | I9: 32281.44 | J9: 828.67 | K9: 33382.11 | L9: 0 | M9: 0 | N9: 828.67 | O9: 33382.11 | P9: 32281.44 | Q9: 0 | R9: 0 | S9: 1100.67 | T9: 0 | U9: 0 | V9: 0 | W9: 0 | X9: 32281 | Y9: 0 | Z9: 0 | AA9: 0.44 | AB9: Release1 | AC9: 0 | AD9: 0.034096063 | AE9: 51 | AF9: 01. 01-02 Apr | AG9: Letter not received
A10: Ranchi | B10: 01-02 Apr | C10: BMC Code :2001 | D10: 20010016 | E10: ITA CHILDRI | F10: MPG | G10: Direct | H10: 40.14 | I10: 1689.08 | J10: 42.11 | K10: 1716 | L10: 0 | M10: 0 | N10: 42.11 | O10: 1716 | P10: 1689.08 | Q10: 0 | R10: 0 | S10: 26.92 | T10: 0 | U10: 0 | V10: 0 | W10: 0 | X10: 1689 | Y10: 0 | Z10: 0 | AA10: 0.08 | AB10: 0 | AC10: 0 | AD10: 0.01593767 | AE10: 11 | AF10: 01. 01-02 Apr
A11: Ranchi | B11: 01-02 Apr | C11: BMC Code :2001 | D11: 20010017 | E11: DIGHIYA | F11: MPG | G11: Direct | H11: 369.38 | I11: 13806.14 | J11: 374.33 | K11: 14356.61 | L11: 0 | M11: 0 | N11: 374.33 | O11: 14356.61 | P11: 13806.14 | Q11: 0 | R11: 0 | S11: 550.47 | T11: 0 | U11: 0 | V11: 0 | W11: 0 | X11: 13806 | Y11: 0 | Z11: 0 | AA11: 0.14 | AB11: 0 | AC11: 0 | AD11: 0.039871391 | AE11: 21 | AF11: 01. 01-02 Apr
A12: Ranchi | B12: 01-02 Apr | C12: BMC Code :2001 | D12: 20010023 | E12: KATARPA | F12: MPG | G12: Direct | H12: 124.78 | I12: 4937.59 | J12: 119.99 | K12: 4908.99 | L12: 0 | M12: 0 | N12: 119.99 | O12: 4908.99 | P12: 4908.99 | Q12: 0 | R12: 0 | S12: 0 | T12: 0 | U12: 0 | V12: 0 | W12: 0 | X12: 4911 | Y12: 0 | Z12: 0 | AA12: 26.59 | AB12: 0 | AC12: -2 | AD12: -0.0057922995 | AE12: 15 | AF12: 01. 01-02 Apr
A13: Ranchi | B13: 01-02 Apr | C13: BMC Code :2001 | D13: 20010027 | E13: MURTO | F13: MPG | G13: Direct | H13: 178.92 | I13: 6809.93 | J13: 176.61 | K13: 7164.94 | L13: 9.29 | M13: 311.99 | N13: 185.9 | O13: 7476.93 | P13: 6809.93 | Q13: 0 | R13: 0 | S13: 667 | T13: 0 | U13: 0 | V13: 0 | W13: 0 | X13: 6497 | Y13: 312 | Z13: 0 | AA13: 0.93 | AB13: 0 | AC13: 1 | AD13: 0.097945206 | AE13: 12 | AF13: 01. 01-02 Apr
A14: Ranchi | B14: 01-02 Apr | C14: BMC Code :2001 | D14: 20010033 | E14: KHATRIKHATANGA | F14: MPG | G14: Direct | H14: 101.36 | I14: 4052.84 | J14: 101.94 | K14: 4093.14 | L14: 0 | M14: 0 | N14: 101.94 | O14: 4093.14 | P14: 4052.84 | Q14: 0 | R14: 0 | S14: 40.3 | T14: 0 | U14: 0 | V14: 0 | W14: 0 | X14: 4053 | Y14: 0 | Z14: 0 | AA14: -0.16 | AB14: 0 | AC14: 0 | AD14: 0.0099436445 | AE14: 3 | AF14: 01. 01-02 Apr
A15: Ranchi | B15: 01-02 Apr | C15: BMC Code :2001 | D15: 20010034 | E15: GARGAON | F15: MPG | G15: Direct | H15: 128.24 | I15: 4704.1 | J15: 129.07 | K15: 5007.31 | L15: 0 | M15: 0 | N15: 129.07 | O15: 5007.31 | P15: 4704.1 | Q15: 0 | R15: 0 | S15: 303.21 | T15: 0 | U15: 0 | V15: 0 | W15: 0 | X15: 4704 | Y15: 0 | Z15: 0 | AA15: 0.1 | AB15: 0 | AC15: 0 | AD15: 0.064456538 | AE15: 2 | AF15: 01. 01-02 Apr
A16: Ranchi | B16: 01-02 Apr | C16: BMC Code :2001 | D16: 20010036 | E16: GHAGHRA | F16: MPG | G16: Indirect | H16: 33.2 | I16: 1223.88 | J16: 0 | K16: 0 | L16: 0 | M16: 0 | N16: 0 | O16: 0 | P16: 1223.88 | Q16: 0 | R16: 0 | S16: 0 | T16: 0 | U16: 0 | V16: 0 | W16: 0 | X16: 0 | Y16: 0 | Z16: 1223.88 | AA16: 0 | AB16: 0 | AC16: 0 | AD16: -1 | AE16: 0 | AF16: 01. 01-02 Apr
A17: Ranchi | B17: 01-02 Apr | C17: BMC Code :2001 | D17: 20010037 | E17: CHACHGURA | F17: MPG | G17: Indirect | H17: 116.54 | I17: 4512.53 | J17: 0 | K17: 0 | L17: 0 | M17: 0 | N17: 0 | O17: 0 | P17: 4512.53 | Q17: 0 | R17: 0 | S17: 0 | T17: 0 | U17: 0 | V17: 0 | W17: 0 | X17: 0 | Y17: 0 | Z17: 4512.53 | AA17: 0 | AB17: 0 | AC17: 0 | AD17: -1 | AE17: 0 | AF17: 01. 01-02 Apr
A18: Ranchi | B18: 01-02 Apr | C18: BMC Code :2001 | D18: 20010038 | E18: TIKRA TOLI | F18: MPG | G18: Direct | H18: 78.02 | I18: 2800.72 | J18: 79.88 | K18: 2877.05 | L18: 0 | M18: 0 | N18: 79.88 | O18: 2877.05 | P18: 2800.72 | Q18: 0 | R18: 0 | S18: 76.33 | T18: 0 | U18: 0 | V18: 0 | W18: 0 | X18: 2801 | Y18: 0 | Z18: 0 | AA18: -0.28 | AB18: 0 | AC18: 0 | AD18: 0.027253706 | AE18: 1 | AF18: 01. 01-02 Apr
A19: Ranchi | B19: 01-02 Apr | C19: BMC Code :2001 | D19: 20010040 | E19: Gargaon2 | F19: MPG | G19: Direct | H19: 214.62 | I19: 8208.01 | J19: 214.26 | K19: 8103.38 | L19: 0 | M19: 0 | N19: 214.26 | O19: 8103.38 | P19: 8103.38 | Q19: 0 | R19: 0 | S19: 0 | T19: 0 | U19: 0 | V19: 0 | W19: 0 | X19: 8103 | Y19: 0 | Z19: 0 | AA19: 105.01 | AB19: 0 | AC19: 0 | AD19: -0.012747304 | AE19: 7 | AF19: 01. 01-02 Apr
A20: Ranchi | B20: 01-02 Apr | C20: BMC Code :2001 | D20: 20010041 | E20: TERO | F20: MPG | G20: Direct | H20: 27.08 | I20: 1045.46 | J20: 29.38 | K20: 1169.43 | L20: 0 | M20: 0 | N20: 29.38 | O20: 1169.43 | P20: 1045.46 | Q20: 0 | R20: 0 | S20: 123.97 | T20: 0 | U20: 0 | V20: 0 | W20: 0 | X20: 1045 | Y20: 0 | Z20: 0 | AA20: 0.46 | AB20: 0 | AC20: 0 | AD20: 0.11857938 | AE20: 5 | AF20: 01. 01-02 Apr
A21: Ranchi | B21: 01-02 Apr | C21: BMC Code :2001 | D21: 20010042 | E21: RONHE | F21: MPG | G21: Direct | H21: 162.86 | I21: 6660.25 | J21: 160.55 | K21: 6505.74 | L21: 0 | M21: 0 | N21: 160.55 | O21: 6505.74 | P21: 6505.74 | Q21: 0 | R21: 0 | S21: 0 | T21: 0 | U21: 0 | V21: 0 | W21: 0 | X21: 6506 | Y21: 0 | Z21: 0 | AA21: 154.25 | AB21: 0 | AC21: 0 | AD21: -0.023198829 | AE21: 21 | AF21: 01. 01-02 Apr
... A55: Ranchi | B55: 01-02 Apr | C55: BMC Code :2004 | D55: 20040001 | E55: CHOREYA | F55: RMC | G55: Direct | H55: 1301.48 | I55: 43632.63 | J55: 1301.48 | K55: 43632.63 | L55: 0 | M55: 0 | N55: 1301.48 | O55: 43632.63 | P55: 43632.63 | Q55: 1203 | R55: 0 | S55: 0 | T55: 0 | U55: 0 | V55: 0 | W55: 0 | X55: 42430 | Y55: 0 | Z55: 0 | AA55: -0.37 | AB55: 0 | AC55: 0 | AD55: -3.3350993e-16 | AE55: 21 | AF55: 01. 01-02 Apr
A56: Ranchi | B56: 01-02 Apr | C56: BMC Code :2004 | D56: 20040006 | E56: KADAM TOLI | F56: MPG | G56: Direct | H56: 107.05 | I56: 4222.76 | J56: 108.79 | K56: 4410.44 | L56: 0 | M56: 0 | N56: 108.79 | O56: 4410.44 | P56: 4222.76 | Q56: 0 | R56: 0 | S56: 187.68 | T56: 0 | U56: 0 | V56: 0 | W56: 0 | X56: 4223 | Y56: 0 | Z56: 0 | AA56: -0.24 | AB56: Release1 | AC56: 0 | AD56: 0.044444865 | AE56: 9 | AF56: 01. 01-02 Apr | AG56: Letter not received
A57: Ranchi | B57: 01-02 Apr | C57: BMC Code :2004 | D57: 20040007 | E57: MADHUKAM | F57: MPG | G57: Direct | H57: 78.52 | I57: 2975.83 | J57: 80.08 | K57: 3096.57 | L57: 0 | M57: 0 | N57: 80.08 | O57: 3096.57 | P57: 2975.83 | Q57: 0 | R57: 0 | S57: 120.74 | T57: 0 | U57: 0 | V57: 0 | W57: 0 | X57: 2976 | Y57: 0 | Z57: 0 | AA57: -0.17 | AB57: 0 | AC57: 0 | AD57: 0.040573554 | AE57: 10 | AF57: 01. 01-02 Apr
A58: Ranchi | B58: 01-02 Apr | C58: BMC Code :2002 | D58: 20050001 | E58: Baski 2 | F58: RMC | G58: Direct | H58: 212.3 | I58: 8216.07 | J58: 191.28 | K58: 7406.29 | L58: 24 | M58: 795.35 | N58: 215.28 | O58: 8201.64 | P58: 8201.64 | Q58: 0 | R58: 0 | S58: 0 | T58: 0 | U58: 0 | V58: 0 | W58: 0 | X58: 7405 | Y58: 795 | Z58: 0 | AA58: 16.07 | AB58: 0 | AC58: 2 | AD58: -0.0017563142 | AE58: 23 | AF58: 01. 01-02 Apr
A59: Ranchi | B59: 01-02 Apr | C59: BMC Code :2002 | D59: 20050002 | E59: KANBHITHA | F59: MPG | G59: Direct | H59: 197.1 | I59: 7105.63 | J59: 192.74 | K59: 7097.55 | L59: 0 | M59: 0 | N59: 192.74 | O59: 7097.55 | P59: 7097.55 | Q59: 0 | R59: 0 | S59: 0 | T59: 0 | U59: 0 | V59: 0 | W59: 0 | X59: 7096 | Y59: 0 | Z59: 0 | AA59: 9.63 | AB59: 0 | AC59: 2 | AD59: -0.0011371265 | AE59: 15 | AF59: 01. 01-02 Apr
A60: Ranchi | B60: 01-02 Apr | C60: BMC Code :2002 | D60: 20050003 | E60: UCHARI | F60: MPG | G60: Direct | H60: 291.2 | I60: 11146.05 | J60: 291.42 | K60: 11067.63 | L60: 0 | M60: 0 | N60: 291.42 | O60: 11067.63 | P60: 11067.63 | Q60: 0 | R60: 0 | S60: 0 | T60: 0 | U60: 0 | V60: 0 | W60: 0 | X60: 11069 | Y60: 0 | Z60: 0 | AA60: 77.05 | AB60: 0 | AC60: -1 | AD60: -0.0070356763 | AE60: 17 | AF60: 01. 01-02 Apr
A61: Ranchi | B61: 01-02 Apr | C61: BMC Code :2006 | D61: 20060001 | E61: ORMANJHI | F61: RMC | G61: Direct | H61: 388.17 | I61: 15078.54 | J61: 388.17 | K61: 15078.54 | L61: 0 | M61: 0 | N61: 388.17 | O61: 15078.54 | P61: 15078.54 | Q61: 0 | R61: 0 | S61: 0 | T61: 0 | U61: 0 | V61: 0 | W61: 0 | X61: 15078 | Y61: 0 | Z61: 0 | AA61: 0.54 | AB61: 0 | AC61: 1 | AD61: 1.2063432e-16 | AE61: 9 | AF61: 01. 01-02 Apr
A62: Ranchi | B62: 01-02 Apr | C62: BMC Code :2006 | D62: 20060002 | E62: MANDRO | F62: MPG | G62: Direct | H62: 52.12 | I62: 2056.33 | J62: 49.92 | K62: 1861.49 | L62: 0 | M62: 0 | N62: 49.92 | O62: 1861.49 | P62: 1861.49 | Q62: 0 | R62: 0 | S62: 0 | T62: 0 | U62: 0 | V62: 0 | W62: 0 | X62: 1862 | Y62: 0 | Z62: 0 | AA62: 194.33 | AB62: 0 | AC62: -1 | AD62: -0.094751329 | AE62: 5 | AF62: 01. 01-02 Apr
A63: Ranchi | B63: 01-02 Apr | C63: BMC Code :2006 | D63: 20060003 | E63: DUMARDAGA | F63: MPG | G63: Direct | H63: 336.24 | I63: 13018.28 | J63: 343.79 | K63: 13292.31 | L63: 0 | M63: 0 | N63: 343.79 | O63: 13292.31 | P63: 13018.28 | Q63: 0 | R63: 0 | S63: 274.03 | T63: 0 | U63: 0 | V63: 0 | W63: 0 | X63: 13018 | Y63: 0 | Z63: 0 | AA63: 0.28 | AB63: 0 | AC63: 0 | AD63: 0.021049632 | AE63: 1 | AF63: 01. 01-02 Apr
A64: Ranchi | B64: 01-02 Apr | C64: BMC Code :2006 | D64: 20060004 | E64: CHUTTU | F64: MPG | G64: Direct | H64: 465.06 | I64: 17570.26 | J64: 470.62 | K64: 17893.89 | L64: 0 | M64: 0 | N64: 470.62 | O64: 17893.89 | P64: 17570.26 | Q64: 0 | R64: 0 | S64: 323.63 | T64: 0 | U64: 0 | V64: 0 | W64: 0 | X64: 17570 | Y64: 0 | Z64: 0 | AA64: 0.26 | AB64: 0 | AC64: 0 | AD64: 0.018419192 | AE64: 23 | AF64: 01. 01-02 Apr
A65: Ranchi | B65: 01-02 Apr | C65: BMC Code :2006 | D65: 20060005 | E65: JIRABAR | F65: MPG | G65: Direct | H65: 153.08 | I65: 5905.38 | J65: 153.92 | K65: 5863.98 | L65: 0 | M65: 0 | N65: 153.92 | O65: 5863.98 | P65: 5863.98 | Q65: 0 | R65: 0 | S65: 0 | T65: 0 | U65: 0 | V65: 0 | W65: 0 | X65: 5865 | Y65: 0 | Z65: 0 | AA65: 40.38 | AB65: 0 | AC65: -1 | AD65: -0.0070105565 | AE65: 7 | AF65: 01. 01-02 Apr
A66: Ranchi | B66: 01-02 Apr | C66: BMC Code :2006 | D66: 20060007 | E66: HOCHAR | F66: MPG | G66: Direct | H66: 397.87 | I66: 15751.05 | J66: 363 | K66: 14168.47 | L66: 33.75 | M66: 1388.73 | N66: 396.75 | O66: 15557.2 | P66: 15557.2 | Q66: 0 | R66: 0 | S66: 0 | T66: 0 | U66: 0 | V66: 0 | W66: 0 | X66: 14169 | Y66: 1389 | Z66: 0 | AA66: 193.05 | AB66: 0 | AC66: -1 | AD66: -0.012307116 | AE66: 12 | AF66: 01. 01-02 Apr
A67: Ranchi | B67: 01-02 Apr | C67: BMC Code :2006 | D67: 20060008 | E67: ADELHATU | F67: VLC | G67: Direct | H67: 600.81 | I67: 23840.42 | J67: 598.03 | K67: 23352.42 | L67: 0 | M67: 0 | N67: 598.03 | O67: 23352.42 | P67: 23352.42 | Q67: 0 | R67: 0 | S67: 0 | T67: 0 | U67: 0 | V67: 0 | W67: 0 | X67: 23352 | Y67: 0 | Z67: 0 | AA67: 488.42 | AB67: 0 | AC67: 0 | AD67: -0.020469438 | AE67: 1 | AF67: 01. 01-02 Apr
A68: Ranchi | B68: 01-02 Apr | C68: BMC Code :2006 | D68: 20060009 | E68: KUCHU | F68: MPG | G68: Direct | H68: 82.87 | I68: 3381.14 | J68: 80.72 | K68: 3372.59 | L68: 0 | M68: 0 | N68: 80.72 | O68: 3372.59 | P68: 3372.59 | Q68: 0 | R68: 0 | S68: 0 | T68: 0 | U68: 0 | V68: 0 | W68: 0 | X68: 3373 | Y68: 0 | Z68: 0 | AA68: 8.14 | AB68: 0 | AC68: 0 | AD68: -0.0025287329 | AE68: 9 | AF68: 01. 01-02 Apr
... A84: Ranchi | B84: 01-02 Apr | C84: BMC Code :2007 | D84: 20070010 | E84: KURALU | F84: MPG | G84: Direct | H84: 112.89 | I84: 4561.23 | J84: 113.5 | K84: 4520.44 | L84: 0 | M84: 0 | N84: 113.5 | O84: 4520.44 | P84: 4520.44 | Q84: 0 | R84: 0 | S84: 0 | T84: 0 | U84: 0 | V84: 0 | W84: 0 | X84: 4521 | Y84: 0 | Z84: 0 | AA84: 40.23 | AB84: 0 | AC84: -1 | AD84: -0.0089427632 | AE84: 12 | AF84: 01. 01-02 Apr
A85: Ranchi | B85: 01-02 Apr | C85: BMC Code :2007 | D85: 20070016 | E85: MAYAPUR | F85: MPG | G85: Direct | H85: 55.92 | I85: 2090.14 | J85: 72.98 | K85: 2791.37 | L85: 0 | M85: 0 | N85: 72.98 | O85: 2791.37 | P85: 2090.14 | Q85: 0 | R85: 0 | S85: 701.23 | T85: 0 | U85: 0 | V85: 0 | W85: 0 | X85: 2090 | Y85: 0 | Z85: 0 | AA85: 0.14 | AB85: Release2 | AC85: 0 | AD85: 0.33549427 | AE85: 2 | AF85: 01. 01-02 Apr | AG85: Letter not received
A86: Ranchi | B86: 01-02 Apr | C86: BMC Code :2007 | D86: 20070018 | E86: MAKKA | F86: MPG | G86: Direct | H86: 105.36 | I86: 4598.78 | J86: 120.54 | K86: 5161.62 | L86: 0 | M86: 0 | N86: 120.54 | O86: 5161.62 | P86: 4598.78 | Q86: 0 | R86: 0 | S86: 562.84 | T86: 0 | U86: 0 | V86: 0 | W86: 0 | X86: 4599 | Y86: 0 | Z86: 0 | AA86: -0.22 | AB86: 0 | AC86: 0 | AD86: 0.12238898 | AE86: 2 | AF86: 01. 01-02 Apr
A87: Ranchi | B87: 01-02 Apr | C87: BMC Code :2007 | D87: 20070019 | E87: CHORA | F87: MPG | G87: Direct | H87: 80.82 | I87: 3340.84 | J87: 82.06 | K87: 3296.33 | L87: 0 | M87: 0 | N87: 82.06 | O87: 3296.33 | P87: 3296.33 | Q87: 0 | R87: 0 | S87: 0 | T87: 0 | U87: 0 | V87: 0 | W87: 0 | X87: 3298 | Y87: 0 | Z87: 0 | AA87: 42.84 | AB87: 0 | AC87: -2 | AD87: -0.013322997 | AE87: 6 | AF87: 01. 01-02 Apr
A88: Ranchi | B88: 01-02 Apr | C88: BMC Code :2007 | D88: 20070020 | E88: ULATU | F88: MPG | G88: Direct | H88: 172.05 | I88: 7476.6 | J88: 178.57 | K88: 7780.67 | L88: 0 | M88: 0 | N88: 178.57 | O88: 7780.67 | P88: 7476.6 | Q88: 0 | R88: 0 | S88: 304.07 | T88: 0 | U88: 0 | V88: 0 | W88: 0 | X88: 7477 | Y88: 0 | Z88: 0 | AA88: -0.4 | AB88: 0 | AC88: 0 | AD88: 0.040669556 | AE88: 2 | AF88: 01. 01-02 Apr
A89: Ranchi | B89: 01-02 Apr | C89: BMC Code :2007 | D89: 20070021 | E89: USKU | F89: MPG | G89: Indirect | H89: 20.26 | I89: 901.36 | J89: 0 | K89: 0 | L89: 0 | M89: 0 | N89: 0 | O89: 0 | P89: 901.36 | Q89: 0 | R89: 0 | S89: 0 | T89: 0 | U89: 0 | V89: 0 | W89: 0 | X89: 0 | Y89: 0 | Z89: 901.36 | AA89: 0 | AB89: 0 | AC89: 0 | AD89: -1 | AE89: 0 | AF89: 01. 01-02 Apr
A90: Ranchi | B90: 01-02 Apr | C90: BMC Code :2007 | D90: 20070023 | E90: ICHAPIRI | F90: MPG | G90: Direct | H90: 44.16 | I90: 1860.82 | J90: 37.23 | K90: 1530.27 | L90: 0 | M90: 0 | N90: 37.23 | O90: 1530.27 | P90: 1530.27 | Q90: 0 | R90: 0 | S90: 0 | T90: 0 | U90: 0 | V90: 0 | W90: 0 | X90: 1530 | Y90: 0 | Z90: 0 | AA90: 330.82 | AB90: 0 | AC90: 0 | AD90: -0.17763674 | AE90: 6 | AF90: 01. 01-02 Apr
A91: Ranchi | B91: 01-02 Apr | C91: BMC Code :2007 | D91: 20070024 | E91: MURPA | F91: MPG | G91: Direct | H91: 142.98 | I91: 6821.21 | J91: 217.02 | K91: 10651.15 | L91: 2.57 | M91: 94.14 | N91: 219.59 | O91: 10745.29 | P91: 6821.21 | Q91: 0 | R91: 0 | S91: 3924.08 | T91: 0 | U91: 0 | V91: 0 | W91: 0 | X91: 6727 | Y91: 94 | Z91: 0 | AA91: 0.21 | AB91: 0 | AC91: 0 | AD91: 0.57527623 | AE91: 10 | AF91: 01. 01-02 Apr
A92: Ranchi | B92: 01-02 Apr | C92: BMC Code :2007 | D92: 20070025 | E92: SUBHASH NAGAR | F92: MPG | G92: Direct | H92: 136.09 | I92: 6664.56 | J92: 101.13 | K92: 5449.74 | L92: 0 | M92: 0 | N92: 101.13 | O92: 5449.74 | P92: 5449.74 | Q92: 0 | R92: 0 | S92: 0 | T92: 0 | U92: 0 | V92: 0 | W92: 0 | X92: 5450 | Y92: 0 | Z92: 0 | AA92: 1214.56 | AB92: 0 | AC92: 0 | AD92: -0.1822806 | AE92: 1 | AF92: 01. 01-02 Apr
A93: Ranchi | B93: 01-02 Apr | C93: BMC Code :2007 | D93: 20070026 | E93: NINDRA | F93: MPG | G93: Direct | H93: 180.5 | I93: 7009.56 | J93: 180.14 | K93: 7348.07 | L93: 0 | M93: 0 | N93: 180.14 | O93: 7348.07 | P93: 7009.56 | Q93: 0 | R93: 0 | S93: 338.51 | T93: 0 | U93: 0 | V93: 0 | W93: 0 | X93: 7009 | Y93: 0 | Z93: 0 | AA93: 0.56 | AB93: Release2 | AC93: 1 | AD93: 0.048292618 | AE93: 15 | AF93: 01. 01-02 Apr | AG93: Letter not received
A94: Ranchi | B94: 01-02 Apr | C94: BMC Code :2008 | D94: 20080001 | E94: CHATTI BHANDRA | F94: RMC | G94: Direct | H94: 877.64 | I94: 34478.71 | J94: 877.64 | K94: 34478.71 | L94: 0 | M94: 0 | N94: 877.64 | O94: 34478.71 | P94: 34478.71 | Q94: 186 | R94: 0 | S94: 0 | T94: 0 | U94: 0 | V94: 0 | W94: 0 | X94: 34293 | Y94: 0 | Z94: 0 | AA94: -0.29 | AB94: 0 | AC94: 0 | AD94: 0 | AE94: 9 | AF94: 01. 01-02 Apr
A95: Ranchi | B95: 01-02 Apr | C95: BMC Code :2008 | D95: 20080002 | E95: BHITTA | F95: MPG | G95: Direct | H95: 131.06 | I95: 4878.46 | J95: 111.45 | K95: 4817.63 | L95: 0 | M95: 0 | N95: 111.45 | O95: 4817.63 | P95: 4817.63 | Q95: 0 | R95: 0 | S95: 0 | T95: 0 | U95: 0 | V95: 0 | W95: 0 | X95: 4817 | Y95: 0 | Z95: 0 | AA95: 61.46 | AB95: 0 | AC95: 1 | AD95: -0.012469099 | AE95: 17 | AF95: 01. 01-02 Apr
A96: Ranchi | B96: 01-02 Apr | C96: BMC Code :2008 | D96: 20080004 | E96: Guri | F96: MPG | G96: Direct | H96: 389.22 | I96: 15163.94 | J96: 413.74 | K96: 16240 | L96: 0 | M96: 0 | N96: 413.74 | O96: 16240 | P96: 15163.94 | Q96: 0 | R96: 0 | S96: 1076.06 | T96: 0 | U96: 0 | V96: 0 | W96: 0 | X96: 15164 | Y96: 0 | Z96: 0 | AA96: -0.06 | AB96: 0 | AC96: 0 | AD96: 0.070961769 | AE96: 29 | AF96: 01. 01-02 Apr
A97: Ranchi | B97: 01-02 Apr | C97: BMC Code :2008 | D97: 20080005 | E97: Bhaiyagaon | F97: MPG | G97: Direct | H97: 11 | I97: 461.76 | J97: 11.11 | K97: 420.53 | L97: 0 | M97: 0 | N97: 11.11 | O97: 420.53 | P97: 420.53 | Q97: 0 | R97: 0 | S97: 0 | T97: 0 | U97: 0 | V97: 0 | W97: 0 | X97: 421 | Y97: 0 | Z97: 0 | AA97: 40.76 | AB97: 0 | AC97: 0 | AD97: -0.089288808 | AE97: 3 | AF97: 01. 01-02 Apr
A98: Ranchi | B98: 01-02 Apr | C98: BMC Code :2008 | D98: 20080006 | E98: Chitri Ambatoli | F98: MPG | G98: Direct | H98: 276.98 | I98: 10764.08 | J98: 276.02 | K98: 10721.89 | L98: 0 | M98: 0 | N98: 276.02 | O98: 10721.89 | P98: 10721.89 | Q98: 0 | R98: 0 | S98: 0 | T98: 0 | U98: 0 | V98: 0 | W98: 0 | X98: 10722 | Y98: 0 | Z98: 0 | AA98: 42.08 | AB98: 0 | AC98: 0 | AD98: -0.0039195175 | AE98: 1 | AF98: 01. 01-02 Apr
A99: Ranchi | B99: 01-02 Apr | C99: BMC Code :2008 | D99: 20080007 | E99: Rampur | F99: MPG | G99: Direct | H99: 908.2 | I99: 33098.23 | J99: 877.33 | K99: 33731.55 | L99: 3.22 | M99: 109.64 | N99: 880.55 | O99: 33841.19 | P99: 33098.23 | Q99: 0 | R99: 0 | S99: 742.96 | T99: 0 | U99: 0 | V99: 0 | W99: 0 | X99: 32988 | Y99: 110 | Z99: 0 | AA99: 0.23 | AB99: 0 | AC99: 0 | AD99: 0.022447122 | AE99: 44 | AF99: 01. 01-02 Apr
A100: Ranchi | B100: 01-02 Apr | C100: BMC Code :2008 | D100: 20080008 | E100: Ningni | F100: MPG | G100: Direct | H100: 252.9 | I100: 9733.82 | J100: 260.58 | K100: 9646.12 | L100: 0 | M100: 0 | N100: 260.58 | O100: 9646.12 | P100: 9646.12 | Q100: 0 | R100: 0 | S100: 0 | T100: 0 | U100: 0 | V100: 0 | W100: 0 | X100: 9646 | Y100: 0 | Z100: 0 | AA100: 87.82 | AB100: 0 | AC100: 0 | AD100: -0.0090098235 | AE100: 1 | AF100: 01. 01-02 Apr
A101: Ranchi | B101: 01-02 Apr | C101: BMC Code :2008 | D101: 20080009 | E101: MASHMANO | F101: MPG | G101: Direct | H101: 211.86 | I101: 7646.93 | J101: 204.07 | K101: 7637.32 | L101: 0 | M101: 0 | N101: 204.07 | O101: 7637.32 | P101: 7637.32 | Q101: 0 | R101: 0 | S101: 0 | T101: 0 | U101: 0 | V101: 0 | W101: 0 | X101: 7638 | Y101: 0 | Z101: 0 | AA101: 8.93 | AB101: 0 | AC101: -1 | AD101: -0.0012567135 | AE101: 3 | AF101: 01. 01-02 Apr
A102: Ranchi | B102: 01-02 Apr | C102: BMC Code :2008 | D102: 20080010 | E102: PAHARKESA | F102: MPG | G102: Direct | H102: 165.88 | I102: 6585.76 | J102: 166.11 | K102: 6758.18 | L102: 0 | M102: 0 | N102: 166.11 | O102: 6758.18 | P102: 6585.76 | Q102: 0 | R102: 0 | S102: 172.42 | T102: 0 | U102: 0 | V102: 0 | W102: 0 | X102: 6585 | Y102: 0 | Z102: 0 | AA102: 0.76 | AB102: 0 | AC102: 1 | AD102: 0.026180729 | AE102: 13 | AF102: 01. 01-02 Apr
A103: Ranchi | B103: 01-02 Apr | C103: BMC Code :2008 | D103: 20080014 | E103: BHUJANIYA | F103: MPG | G103: Indirect | H103: 163.82 | I103: 5714.79 | J103: 0 | K103: 0 | L103: 0 | M103: 0 | N103: 0 | O103: 0 | P103: 5714.79 | Q103: 0 | R103: 0 | S103: 0 | T103: 0 | U103: 0 | V103: 0 | W103: 0 | X103: 0 | Y103: 0 | Z103: 5714.79 | AA103: 0 | AB103: 0 | AC103: 0 | AD103: -1 | AE103: 0 | AF103: 01. 01-02 Apr
A104: Ranchi | B104: 01-02 Apr | C104: BMC Code :2008 | D104: 20080025 | E104: DAARU | F104: MPG | G104: Direct | H104: 314.1 | I104: 12120.32 | J104: 317.51 | K104: 12516.4 | L104: 0 | M104: 0 | N104: 317.51 | O104: 12516.4 | P104: 12120.32 | Q104: 0 | R104: 0 | S104: 396.08 | T104: 0 | U104: 0 | V104: 0 | W104: 0 | X104: 12120 | Y104: 0 | Z104: 0 | AA104: 0.32 | AB104: 0 | AC104: 0 | AD104: 0.032679005 | AE104: 1 | AF104: 01. 01-02 Apr
A105: Ranchi | B105: 01-02 Apr | C105: BMC Code :2008 | D105: 20080026 | E105: CHHARDA | F105: MPG | G105: Direct | H105: 111.54 | I105: 4166.09 | J105: 122.43 | K105: 4691.13 | L105: 0 | M105: 0 | N105: 122.43 | O105: 4691.13 | P105: 4166.09 | Q105: 0 | R105: 0 | S105: 525.04 | T105: 0 | U105: 0 | V105: 0 | W105: 0 | X105: 4166 | Y105: 0 | Z105: 0 | AA105: 0.09 | AB105: 0 | AC105: 0 | AD105: 0.12602704 | AE105: 2 | AF105: 01. 01-02 Apr
... A141: Ranchi | B141: 03-09 Apr | C141: BMC Code :2001 | D141: 20010005 | E141: Basila | F141: MPG | G141: Direct | H141: 966.86 | I141: 36484.88 | J141: 930.48 | K141: 36440.58 | L141: 0 | M141: 0 | N141: 930.48 | O141: 36440.58 | P141: 36440.58 | Q141: 0 | R141: 0 | S141: 0 | T141: 0 | U141: 0 | V141: 0 | W141: 0 | X141: 36440 | Y141: 0 | Z141: 0 | AA141: 44.88 | AB141: 0 | AC141: 1 | AD141: -0.0012142016 | AE141: 20 | AF141: 02. 03-09 Apr
A142: Ranchi | B142: 03-09 Apr | C142: BMC Code :2001 | D142: 20010008 | E142: Erchoro | F142: MPG | G142: Direct | H142: 1942.02 | I142: 70345.04 | J142: 1954.78 | K142: 72430.18 | L142: 0 | M142: 0 | N142: 1954.78 | O142: 72430.18 | P142: 70345.04 | Q142: 0 | R142: 0 | S142: 2085.14 | T142: 6250 | U142: 0 | V142: 0 | W142: 0 | X142: 64095 | Y142: 0 | Z142: 0 | AA142: 0.04 | AB142: Release1 | AC142: 0 | AD142: 0.029641607 | AE142: 20 | AF142: 02. 03-09 Apr | AG142: Letter not received
A143: Ranchi | B143: 03-09 Apr | C143: BMC Code :2001 | D143: 20010009 | E143: Makunda | F143: MPG | G143: Direct | H143: 516.18 | I143: 20793.78 | J143: 516.86 | K143: 21237.69 | L143: 0 | M143: 0 | N143: 516.86 | O143: 21237.69 | P143: 20793.78 | Q143: 0 | R143: 0 | S143: 443.91 | T143: 0 | U143: 0 | V143: 0 | W143: 0 | X143: 20793 | Y143: 0 | Z143: 0 | AA143: 0.78 | AB143: 0 | AC143: 1 | AD143: 0.021348211 | AE143: 5 | AF143: 02. 03-09 Apr
A144: Ranchi | B144: 03-09 Apr | C144: BMC Code :2001 | D144: 20010012 | E144: NAGRI | F144: VLC | G144: Indirect | H144: 125.24 | I144: 3706.79 | J144: 0 | K144: 0 | L144: 0 | M144: 0 | N144: 0 | O144: 0 | P144: 3706.79 | Q144: 0 | R144: 0 | S144: 0 | T144: 0 | U144: 0 | V144: 0 | W144: 0 | X144: 0 | Y144: 0 | Z144: 3706.79 | AA144: 0 | AB144: 0 | AC144: 0 | AD144: -1 | AE144: 0 | AF144: 02. 03-09 Apr
A145: Ranchi | B145: 03-09 Apr | C145: BMC Code :2001 | D145: 20010015 | E145: BOREYA | F145: MPG | G145: Direct | H145: 2941.36 | I145: 116533.82 | J145: 2887.94 | K145: 116301.56 | L145: 0 | M145: 0 | N145: 2887.94 | O145: 116301.56 | P145: 116301.56 | Q145: 0 | R145: 0 | S145: 0 | T145: 0 | U145: 0 | V145: 0 | W145: 0 | X145: 116300 | Y145: 0 | Z145: 0 | AA145: 233.82 | AB145: 0 | AC145: 2 | AD145: -0.0019930695 | AE145: 52 | AF145: 02. 03-09 Apr
A146: Ranchi | B146: 03-09 Apr | C146: BMC Code :2001 | D146: 20010016 | E146: ITA CHILDRI | F146: MPG | G146: Direct | H146: 165.96 | I146: 6955.66 | J146: 172.54 | K146: 7183.87 | L146: 0 | M146: 0 | N146: 172.54 | O146: 7183.87 | P146: 6955.66 | Q146: 0 | R146: 0 | S146: 228.21 | T146: 0 | U146: 0 | V146: 0 | W146: 0 | X146: 6956 | Y146: 0 | Z146: 0 | AA146: -0.34 | AB146: 0 | AC146: 0 | AD146: 0.032809252 | AE146: 13 | AF146: 02. 03-09 Apr
A147: Ranchi | B147: 03-09 Apr | C147: BMC Code :2001 | D147: 20010017 | E147: DIGHIYA | F147: MPG | G147: Direct | H147: 1055.4 | I147: 39459.27 | J147: 1126.37 | K147: 43983.74 | L147: 0 | M147: 0 | N147: 1126.37 | O147: 43983.74 | P147: 39459.27 | Q147: 0 | R147: 0 | S147: 4524.47 | T147: 0 | U147: 0 | V147: 0 | W147: 0 | X147: 39459 | Y147: 0 | Z147: 0 | AA147: 0.27 | AB147: 0 | AC147: 0 | AD147: 0.11466178 | AE147: 21 | AF147: 02. 03-09 Apr
A148: Ranchi | B148: 03-09 Apr | C148: BMC Code :2001 | D148: 20010023 | E148: KATARPA | F148: MPG | G148: Direct | H148: 399.84 | I148: 16067.68 | J148: 380.8 | K148: 15711.03 | L148: 8.64 | M148: 337.31 | N148: 389.44 | O148: 16048.34 | P148: 16048.34 | Q148: 0 | R148: 0 | S148: 0 | T148: 0 | U148: 0 | V148: 0 | W148: 0 | X148: 15712 | Y148: 337 | Z148: 0 | AA148: 18.68 | AB148: 0 | AC148: -1 | AD148: -0.0012036585 | AE148: 17 | AF148: 02. 03-09 Apr
A149: Ranchi | B149: 03-09 Apr | C149: BMC Code :2001 | D149: 20010027 | E149: MURTO | F149: MPG | G149: Direct | H149: 677.22 | I149: 25072.02 | J149: 705.27 | K149: 27685.71 | L149: 0 | M149: 0 | N149: 705.27 | O149: 27685.71 | P149: 25072.02 | Q149: 0 | R149: 0 | S149: 2613.69 | T149: 0 | U149: 0 | V149: 0 | W149: 0 | X149: 25072 | Y149: 0 | Z149: 0 | AA149: 0.02 | AB149: 0 | AC149: 0 | AD149: 0.10424728 | AE149: 15 | AF149: 02. 03-09 Apr
A150: Ranchi | B150: 03-09 Apr | C150: BMC Code :2001 | D150: 20010033 | E150: KHATRIKHATANGA | F150: MPG | G150: Direct | H150: 335.18 | I150: 13611.6 | J150: 335.04 | K150: 13600.09 | L150: 0 | M150: 0 | N150: 335.04 | O150: 13600.09 | P150: 13600.09 | Q150: 0 | R150: 0 | S150: 0 | T150: 0 | U150: 0 | V150: 0 | W150: 0 | X150: 13600 | Y150: 0 | Z150: 0 | AA150: 11.6 | AB150: 0 | AC150: 0 | AD150: -0.00084560228 | AE150: 3 | AF150: 02. 03-09 Apr
A151: Ranchi | B151: 03-09 Apr | C151: BMC Code :2001 | D151: 20010034 | E151: GARGAON | F151: MPG | G151: Direct | H151: 486.02 | I151: 18296.36 | J151: 429.52 | K151: 16719.69 | L151: 0 | M151: 0 | N151: 429.52 | O151: 16719.69 | P151: 16719.69 | Q151: 0 | R151: 0 | S151: 0 | T151: 0 | U151: 0 | V151: 0 | W151: 0 | X151: 16720 | Y151: 0 | Z151: 0 | AA151: 1576.36 | AB151: 0 | AC151: 0 | AD151: -0.086173971 | AE151: 3 | AF151: 02. 03-09 Apr
A152: Ranchi | B152: 03-09 Apr | C152: BMC Code :2001 | D152: 20010036 | E152: GHAGHRA | F152: MPG | G152: Direct | H152: 131.46 | I152: 4629.92 | J152: 128.73 | K152: 4513.1 | L152: 0 | M152: 0 | N152: 128.73 | O152: 4513.1 | P152: 4513.1 | Q152: 0 | R152: 0 | S152: 0 | T152: 0 | U152: 0 | V152: 0 | W152: 0 | X152: 4513 | Y152: 0 | Z152: 0 | AA152: 116.92 | AB152: 0 | AC152: 0 | AD152: -0.025231537 | AE152: 2 | AF152: 02. 03-09 Apr
A153: Ranchi | B153: 03-09 Apr | C153: BMC Code :2001 | D153: 20010037 | E153: CHACHGURA | F153: MPG | G153: Indirect | H153: 378.1 | I153: 14026.97 | J153: 0 | K153: 0 | L153: 0 | M153: 0 | N153: 0 | O153: 0 | P153: 14026.97 | Q153: 0 | R153: 0 | S153: 0 | T153: 0 | U153: 0 | V153: 0 | W153: 0 | X153: 0 | Y153: 0 | Z153: 14026.97 | AA153: 0 | AB153: 0 | AC153: 0 | AD153: -1 | AE153: 0 | AF153: 02. 03-09 Apr
A154: Ranchi | B154: 03-09 Apr | C154: BMC Code :2001 | D154: 20010038 | E154: TIKRA TOLI | F154: MPG | G154: Direct | H154: 331.82 | I154: 12199.17 | J154: 339.88 | K154: 12394.45 | L154: 0 | M154: 0 | N154: 339.88 | O154: 12394.45 | P154: 12199.17 | Q154: 0 | R154: 0 | S154: 195.28 | T154: 0 | U154: 0 | V154: 0 | W154: 0 | X154: 12199 | Y154: 0 | Z154: 0 | AA154: 0.17 | AB154: 0 | AC154: 0 | AD154: 0.016007646 | AE154: 1 | AF154: 02. 03-09 Apr
A155: Ranchi | B155: 03-09 Apr | C155: BMC Code :2001 | D155: 20010040 | E155: Gargaon2 | F155: MPG | G155: Direct | H155: 902.42 | I155: 34400.5 | J155: 930.25 | K155: 35107.47 | L155: 0 | M155: 0 | N155: 930.25 | O155: 35107.47 | P155: 34400.5 | Q155: 0 | R155: 0 | S155: 706.97 | T155: 0 | U155: 0 | V155: 0 | W155: 0 | X155: 34401 | Y155: 0 | Z155: 0 | AA155: -0.5 | AB155: 0 | AC155: 0 | AD155: 0.020551155 | AE155: 8 | AF155: 02. 03-09 Apr
A156: Ranchi | B156: 03-09 Apr | C156: BMC Code :2001 | D156: 20010041 | E156: TERO | F156: MPG | G156: Direct | H156: 107.18 | I156: 4036.47 | J156: 115.23 | K156: 4805.87 | L156: 0 | M156: 0 | N156: 115.23 | O156: 4805.87 | P156: 4036.47 | Q156: 0 | R156: 0 | S156: 769.4 | T156: 0 | U156: 0 | V156: 0 | W156: 0 | X156: 4036 | Y156: 0 | Z156: 0 | AA156: 0.47 | AB156: Release1 | AC156: 0 | AD156: 0.19061209 | AE156: 5 | AF156: 02. 03-09 Apr | AG156: Letter not received
A157: Ranchi | B157: 03-09 Apr | C157: BMC Code :2001 | D157: 20010042 | E157: RONHE | F157: MPG | G157: Direct | H157: 584.24 | I157: 23060.38 | J157: 564.2 | K157: 22926.36 | L157: 0 | M157: 0 | N157: 564.2 | O157: 22926.36 | P157: 22926.36 | Q157: 0 | R157: 0 | S157: 0 | T157: 0 | U157: 0 | V157: 0 | W157: 0 | X157: 22926 | Y157: 0 | Z157: 0 | AA157: 134.38 | AB157: 0 | AC157: 0 | AD157: -0.0058116995 | AE157: 21 | AF157: 02. 03-09 Apr
A158: Ranchi | B158: 03-09 Apr | C158: BMC Code :2001 | D158: 20010043 | E158: DARKHANDREY | F158: MPG | G158: Direct | H158: 661.96 | I158: 25201.14 | J158: 661.32 | K158: 24300.43 | L158: 0 | M158: 0 | N158: 661.32 | O158: 24300.43 | P158: 24300.43 | Q158: 0 | R158: 0 | S158: 0 | T158: 0 | U158: 0 | V158: 0 | W158: 0 | X158: 24299 | Y158: 0 | Z158: 0 | AA158: 902.14 | AB158: 0 | AC158: 1 | AD158: -0.035740843 | AE158: 25 | AF158: 02. 03-09 Apr
A159: Ranchi | B159: 03-09 Apr | C159: BMC Code :2001 | D159: 20010052 | E159: Kumbatoli | F159: MPG | G159: Direct | H159: 1057.56 | I159: 38729.45 | J159: 1158.79 | K159: 43200.71 | L159: 0 | M159: 0 | N159: 1158.79 | O159: 43200.71 | P159: 38729.45 | Q159: 0 | R159: 0 | S159: 4471.26 | T159: 0 | U159: 0 | V159: 0 | W159: 0 | X159: 38729 | Y159: 0 | Z159: 0 | AA159: 0.45 | AB159: 0 | AC159: 0 | AD159: 0.11544858 | AE159: 15 | AF159: 02. 03-09 Apr
A160: Ranchi | B160: 03-09 Apr | C160: BMC Code :2009 | D160: 20010053 | E160: TUTLO | F160: MPG | G160: Direct | H160: 1365.06 | I160: 52953.07 | J160: 1319.05 | K160: 53146.16 | L160: 0 | M160: 0 | N160: 1319.05 | O160: 53146.16 | P160: 52953.07 | Q160: 0 | R160: 0 | S160: 193.09 | T160: 0 | U160: 0 | V160: 0 | W160: 0 | X160: 52953 | Y160: 0 | Z160: 0 | AA160: 0.07 | AB160: 0 | AC160: 0 | AD160: 0.0036464364 | AE160: 41 | AF160: 02. 03-09 Apr
A161: Ranchi | B161: 03-09 Apr | C161: BMC Code :2009 | D161: 20010054 | E161: NARKOPI | F161: MPG | G161: Direct | H161: 1029.78 | I161: 38426.45 | J161: 956.43 | K161: 38557.7 | L161: 0 | M161: 0 | N161: 956.43 | O161: 38557.7 | P161: 38426.45 | Q161: 0 | R161: 0 | S161: 131.25 | T161: 0 | U161: 0 | V161: 0 | W161: 0 | X161: 38426 | Y161: 0 | Z161: 0 | AA161: 0.45 | AB161: 0 | AC161: 0 | AD161: 0.0034156161 | AE161: 11 | AF161: 02. 03-09 Apr
A162: Ranchi | B162: 03-09 Apr | C162: BMC Code :2001 | D162: 20010055 | E162: MASU | F162: MPG | G162: Direct | H162: 714.66 | I162: 27611.49 | J162: 726.97 | K162: 27400.73 | L162: 0 | M162: 0 | N162: 726.97 | O162: 27400.73 | P162: 27400.73 | Q162: 0 | R162: 0 | S162: 0 | T162: 0 | U162: 0 | V162: 0 | W162: 0 | X162: 27400 | Y162: 0 | Z162: 0 | AA162: 211.49 | AB162: 0 | AC162: 1 | AD162: -0.0076330542 | AE162: 14 | AF162: 02. 03-09 Apr
A163: Ranchi | B163: 03-09 Apr | C163: BMC Code :2001 | D163: 20010057 | E163: PANDEPARA | F163: VLC | G163: Indirect | H163: 270.08 | I163: 10276.69 | J163: 0 | K163: 0 | L163: 0 | M163: 0 | N163: 0 | O163: 0 | P163: 10276.69 | Q163: 0 | R163: 0 | S163: 0 | T163: 0 | U163: 0 | V163: 0 | W163: 0 | X163: 0 | Y163: 0 | Z163: 10276.69 | AA163: 0 | AB163: 0 | AC163: 0 | AD163: -1 | AE163: 0 | AF163: 02. 03-09 Apr
A164: Ranchi | B164: 03-09 Apr | C164: BMC Code :2001 | D164: 20010059 | E164: KARANJI 2 | F164: MPG | G164: Direct | H164: 157.34 | I164: 6177.92 | J164: 161.8 | K164: 6542.94 | L164: 0 | M164: 0 | N164: 161.8 | O164: 6542.94 | P164: 6177.92 | Q164: 0 | R164: 0 | S164: 365.02 | T164: 0 | U164: 0 | V164: 0 | W164: 0 | X164: 6177 | Y164: 0 | Z164: 0 | AA164: 0.92 | AB164: 0 | AC164: 1 | AD164: 0.059084611 | AE164: 2 | AF164: 02. 03-09 Apr
A165: Ranchi | B165: 03-09 Apr | C165: BMC Code :2001 | D165: 20010060 | E165: ITKI 2 | F165: VLC | G165: Indirect | H165: 164.44 | I165: 5035.79 | J165: 0 | K165: 0 | L165: 0 | M165: 0 | N165: 0 | O165: 0 | P165: 5035.79 | Q165: 0 | R165: 0 | S165: 0 | T165: 0 | U165: 0 | V165: 0 | W165: 0 | X165: 0 | Y165: 0 | Z165: 5035.79 | AA165: 0 | AB165: 0 | AC165: 0 | AD165: -1 | AE165: 0 | AF165: 02. 03-09 Apr
A166: Ranchi | B166: 03-09 Apr | C166: BMC Code :2001 | D166: 20010061 | E166: SEMRA | F166: MPG | G166: Direct | H166: 165.54 | I166: 6544.22 | J166: 169.58 | K166: 6685.23 | L166: 0 | M166: 0 | N166: 169.58 | O166: 6685.23 | P166: 6544.22 | Q166: 0 | R166: 0 | S166: 141.01 | T166: 0 | U166: 0 | V166: 0 | W166: 0 | X166: 6544 | Y166: 0 | Z166: 0 | AA166: 0.22 | AB166: 0 | AC166: 0 | AD166: 0.021547258 | AE166: 1 | AF166: 02. 03-09 Apr
A167: Ranchi | B167: 03-09 Apr | C167: BMC Code :2001 | D167: 20010062 | E167: PISKA | F167: MPG | G167: Direct | H167: 224.72 | I167: 8726.26 | J167: 219.29 | K167: 8583.07 | L167: 0 | M167: 0 | N167: 219.29 | O167: 8583.07 | P167: 8583.07 | Q167: 0 | R167: 0 | S167: 0 | T167: 0 | U167: 0 | V167: 0 | W167: 0 | X167: 8584 | Y167: 0 | Z167: 0 | AA167: 142.26 | AB167: 0 | AC167: -1 | AD167: -0.016409092 | AE167: 7 | AF167: 02. 03-09 Apr
A168: Ranchi | B168: 03-09 Apr | C168: BMC Code :2002 | D168: 20020001 | E168: Paali | F168: RMC | G168: Direct | H168: 16785.7 | I168: 669603.99 | J168: 16771.3 | K168: 668989.94 | L168: 14.4 | M168: 614.05 | N168: 16785.7 | O168: 669603.99 | P168: 669603.99 | Q168: 18731 | R168: 0 | S168: 0 | T168: 9343 | U168: 0 | V168: 0 | W168: 0 | X168: 640913 | Y168: 614 | Z168: 0 | AA168: 2.99 | AB168: 0 | AC168: 3 | AD168: 1.7385697e-16 | AE168: 78 | AF168: 02. 03-09 Apr
... A223: Ranchi | B223: 03-09 Apr | C223: BMC Code :2007 | D223: 20070019 | E223: CHORA | F223: MPG | G223: Direct | H223: 275.06 | I223: 11158.04 | J223: 280.2 | K223: 11407.38 | L223: 0 | M223: 0 | N223: 280.2 | O223: 11407.38 | P223: 11158.04 | Q223: 0 | R223: 0 | S223: 249.34 | T223: 0 | U223: 0 | V223: 0 | W223: 0 | X223: 11158 | Y223: 0 | Z223: 0 | AA223: 0.04 | AB223: 0 | AC223: 0 | AD223: 0.022346219 | AE223: 7 | AF223: 02. 03-09 Apr
A224: Ranchi | B224: 03-09 Apr | C224: BMC Code :2007 | D224: 20070020 | E224: ULATU | F224: MPG | G224: Direct | H224: 640.11 | I224: 26548.78 | J224: 510.08 | K224: 21431.8 | L224: 0 | M224: 0 | N224: 510.08 | O224: 21431.8 | P224: 21431.8 | Q224: 0 | R224: 0 | S224: 0 | T224: 0 | U224: 0 | V224: 0 | W224: 0 | X224: 21431 | Y224: 0 | Z224: 5118 | AA224: -0.22 | AB224: 0 | AC224: -5117 | AD224: -0.1927388 | AE224: 2 | AF224: 02. 03-09 Apr | AG224: Release reserve payment
A225: Ranchi | B225: 03-09 Apr | C225: BMC Code :2007 | D225: 20070021 | E225: USKU | F225: MPG | G225: Indirect | H225: 81.39 | I225: 3501.17 | J225: 0 | K225: 0 | L225: 0 | M225: 0 | N225: 0 | O225: 0 | P225: 3501.17 | Q225: 0 | R225: 0 | S225: 0 | T225: 0 | U225: 0 | V225: 0 | W225: 0 | X225: 0 | Y225: 0 | Z225: 3501.17 | AA225: 0 | AB225: 0 | AC225: 0 | AD225: -1 | AE225: 0 | AF225: 02. 03-09 Apr
A226: Ranchi | B226: 03-09 Apr | C226: BMC Code :2007 | D226: 20070023 | E226: ICHAPIRI | F226: MPG | G226: Direct | H226: 146.53 | I226: 5817.9 | J226: 153.58 | K226: 6248.23 | L226: 0 | M226: 0 | N226: 153.58 | O226: 6248.23 | P226: 5817.9 | Q226: 0 | R226: 0 | S226: 430.33 | T226: 0 | U226: 0 | V226: 0 | W226: 0 | X226: 5818 | Y226: 0 | Z226: 0 | AA226: -0.1 | AB226: 0 | AC226: 0 | AD226: 0.073966552 | AE226: 6 | AF226: 02. 03-09 Apr
A227: Ranchi | B227: 03-09 Apr | C227: BMC Code :2007 | D227: 20070024 | E227: MURPA | F227: MPG | G227: Direct | H227: 811.27 | I227: 36883.19 | J227: 919.7 | K227: 45077.79 | L227: 0 | M227: 0 | N227: 919.7 | O227: 45077.79 | P227: 36883.19 | Q227: 0 | R227: 0 | S227: 8194.6 | T227: 0 | U227: 0 | V227: 0 | W227: 0 | X227: 36883 | Y227: 0 | Z227: 0 | AA227: 0.19 | AB227: 0 | AC227: 0 | AD227: 0.22217709 | AE227: 11 | AF227: 02. 03-09 Apr
A228: Ranchi | B228: 03-09 Apr | C228: BMC Code :2007 | D228: 20070025 | E228: SUBHASH NAGAR | F228: MPG | G228: Direct | H228: 555.92 | I228: 23922.16 | J228: 515.71 | K228: 23697.44 | L228: 0 | M228: 0 | N228: 515.71 | O228: 23697.44 | P228: 23697.44 | Q228: 0 | R228: 0 | S228: 0 | T228: 0 | U228: 0 | V228: 0 | W228: 0 | X228: 23697 | Y228: 0 | Z228: 0 | AA228: 225.16 | AB228: 0 | AC228: 0 | AD228: -0.0093938006 | AE228: 1 | AF228: 02. 03-09 Apr
A229: Ranchi | B229: 03-09 Apr | C229: BMC Code :2007 | D229: 20070026 | E229: NINDRA | F229: MPG | G229: Direct | H229: 599.7 | I229: 24114.91 | J229: 594.96 | K229: 24059.99 | L229: 0 | M229: 0 | N229: 594.96 | O229: 24059.99 | P229: 24059.99 | Q229: 0 | R229: 0 | S229: 0 | T229: 0 | U229: 0 | V229: 0 | W229: 0 | X229: 24060 | Y229: 0 | Z229: 0 | AA229: 54.91 | AB229: 0 | AC229: 0 | AD229: -0.0022774292 | AE229: 15 | AF229: 02. 03-09 Apr
A230: Ranchi | B230: 03-09 Apr | C230: BMC Code :2008 | D230: 20080001 | E230: CHATTI BHANDRA | F230: RMC | G230: Direct | H230: 6018.06 | I230: 237352.76 | J230: 6013.34 | K230: 237286.03 | L230: 0 | M230: 0 | N230: 6013.34 | O230: 237286.03 | P230: 237286.03 | Q230: 1738 | R230: 0 | S230: 0 | T230: 0 | U230: 0 | V230: 0 | W230: 0 | X230: 235547 | Y230: 0 | Z230: 0 | AA230: 67.76 | AB230: 0 | AC230: 1 | AD230: -0.00028114272 | AE230: 9 | AF230: 02. 03-09 Apr
A231: Ranchi | B231: 03-09 Apr | C231: BMC Code :2008 | D231: 20080002 | E231: BHITTA | F231: MPG | G231: Direct | H231: 500.26 | I231: 19161.99 | J231: 469.07 | K231: 19545.32 | L231: 0 | M231: 0 | N231: 469.07 | O231: 19545.32 | P231: 19161.99 | Q231: 0 | R231: 0 | S231: 383.33 | T231: 0 | U231: 0 | V231: 0 | W231: 0 | X231: 19162 | Y231: 0 | Z231: 0 | AA231: -0.01 | AB231: 0 | AC231: 0 | AD231: 0.020004707 | AE231: 21 | AF231: 02. 03-09 Apr
A232: Ranchi | B232: 03-09 Apr | C232: BMC Code :2008 | D232: 20080004 | E232: Guri | F232: MPG | G232: Direct | H232: 1283.36 | I232: 50680.52 | J232: 1289.65 | K232: 51748.5 | L232: 0 | M232: 0 | N232: 1289.65 | O232: 51748.5 | P232: 50680.52 | Q232: 0 | R232: 0 | S232: 1067.98 | T232: 0 | U232: 0 | V232: 0 | W232: 0 | X232: 50680 | Y232: 0 | Z232: 0 | AA232: 0.52 | AB232: 0 | AC232: 1 | AD232: 0.021072791 | AE232: 31 | AF232: 02. 03-09 Apr
A233: Ranchi | B233: 03-09 Apr | C233: BMC Code :2008 | D233: 20080005 | E233: Bhaiyagaon | F233: MPG | G233: Direct | H233: 26.68 | I233: 1124.77 | J233: 20.57 | K233: 764.8 | L233: 0 | M233: 0 | N233: 20.57 | O233: 764.8 | P233: 764.8 | Q233: 0 | R233: 0 | S233: 0 | T233: 0 | U233: 0 | V233: 0 | W233: 0 | X233: 765 | Y233: 0 | Z233: 0 | AA233: 359.77 | AB233: 0 | AC233: 0 | AD233: -0.32003876 | AE233: 3 | AF233: 02. 03-09 Apr
A234: Ranchi | B234: 03-09 Apr | C234: BMC Code :2008 | D234: 20080006 | E234: Chitri Ambatoli | F234: MPG | G234: Direct | H234: 918.3 | I234: 35779.22 | J234: 914.43 | K234: 35752.42 | L234: 0 | M234: 0 | N234: 914.43 | O234: 35752.42 | P234: 35752.42 | Q234: 0 | R234: 0 | S234: 0 | T234: 0 | U234: 0 | V234: 0 | W234: 0 | X234: 35753 | Y234: 0 | Z234: 0 | AA234: 26.22 | AB234: 0 | AC234: -1 | AD234: -0.00074903813 | AE234: 2 | AF234: 02. 03-09 Apr
A235: Ranchi | B235: 03-09 Apr | C235: BMC Code :2008 | D235: 20080007 | E235: Rampur | F235: MPG | G235: Direct | H235: 3322.96 | I235: 122389.61 | J235: 3224.14 | K235: 124269.07 | L235: 0 | M235: 0 | N235: 3224.14 | O235: 124269.07 | P235: 122389.61 | Q235: 0 | R235: 0 | S235: 1879.46 | T235: 0 | U235: 0 | V235: 0 | W235: 0 | X235: 122389 | Y235: 0 | Z235: 0 | AA235: 0.61 | AB235: 0 | AC235: 1 | AD235: 0.015356369 | AE235: 47 | AF235: 02. 03-09 Apr
A236: Ranchi | B236: 03-09 Apr | C236: BMC Code :2008 | D236: 20080008 | E236: Ningni | F236: MPG | G236: Direct | H236: 747.94 | I236: 29150.71 | J236: 767.88 | K236: 30018.42 | L236: 0 | M236: 0 | N236: 767.88 | O236: 30018.42 | P236: 29150.71 | Q236: 0 | R236: 0 | S236: 867.71 | T236: 0 | U236: 0 | V236: 0 | W236: 0 | X236: 29151 | Y236: 0 | Z236: 0 | AA236: -0.29 | AB236: 0 | AC236: 0 | AD236: 0.029766342 | AE236: 1 | AF236: 02. 03-09 Apr
... A274: Ranchi | B274: 03-09 Apr | C274: BMC Code :2009 | D274: 20090026 | E274: BHOGLA TOLI | F274: MPG | G274: Direct | H274: 353.96 | I274: 13922.89 | J274: 352.07 | K274: 13839.21 | L274: 0 | M274: 0 | N274: 352.07 | O274: 13839.21 | P274: 13839.21 | Q274: 0 | R274: 0 | S274: 0 | T274: 0 | U274: 0 | V274: 0 | W274: 0 | X274: 13839 | Y274: 0 | Z274: 0 | AA274: 83.89 | AB274: 0 | AC274: 0 | AD274: -0.0060102464 | AE274: 6 | AF274: 02. 03-09 Apr
...

Sheet Sheet4
A3: Sum of Net Amount
A4: ID | B4: Farmers Account Name | C4: Accont no | D4: IFSC code | E4: Total
A5: 200100010002 | B5: AMIT KUMAR TIWARI | C5: 7125658980 | D5: IDIB000I021 | E5: 1319566
A6: 200100010005 | B6: ROPANI KUMARI KERKETTA | C6: 358702010602626 | D6: UBIN0535877 | E6: 3731
A7: 200100010010 | B7: SHANTI DEVI | C7: 6496430309 | D7: IDIB000I021 | E7: 12311
A8: 200100010017 | B8: Bikram Gope | C8: 358702010006937 | D8: UBIN0535877 | E8: 3009
A9: 200100010019 | B9: Hiramani Kachhap | C9: 494310110016645 | D9: BKID0004943 | E9: 6421
A10: 200100010033 | B10: Rahila Tirkey | C10: 22011269637 | D10: SBIN0RRVCGB | E10: 2883
A11: 200100010048 | B11: Anil Tirki | C11: 358702010004453 | D11: UBIN0535877 | E11: 4651
A12: 200100010050 | B12: SABITA TIWARI | C12: 762901500038 | D12: ICIC0007629 | E12: 21948
A13: 200100010051 | B13: SAHIL RAJ | C13: 40723769931 | D13: SBIN0000081 | E13: 11464
A14: 200100010064 | B14: SOHEL ANSARI | C14: 358702120002626 | D14: UBIN0535877 | E14: 33133
A15: 200100010066 | B15: SUJIT KUMAR ACHARYA | C15: 07591530000649 | D15: HDFC0000759 | E15: 9891
A16: 200100010067 | B16: SAJJAD ANSARI | C16: 358702010624724 | D16: UBIN0535877 | E16: 16381
... A23: 200100010082 | B23: CHANDRA CHUDAMANI PATHAK | C23: 59103904965996 | D23: HDFC0008691 | E23: 15636
A24: 200100030001 | B24: 0 | C24: 0 | D24: 0 | E24: 6536
A25: 200100030003 | B25: PINKI DEVI | C25: 4895101003786 | D25: CNRB0004895 | E25: 57521
A26: 200100030010 | B26: SURENDRA TIWARI | C26: 30852105546 | D26: SBIN0012618 | E26: 2844
A27: 200100030013 | B27: JOSEF LAKRA | C27: 495910510003202 | D27: BKID0004959 | E27: 1145
A28: 200100030023 | B28: SUSHMA DEVI | C28: 495910510006527 | D28: BKID0004959 | E28: 6307
A29: 200100030044 | B29: Manju Devi | C29: 08030100922544 | D29: UCBA0000803 | E29: 3827
A30: 200100030079 | B30: BIRSA ORAON | C30: 495910110009738 | D30: BKID0004959 | E30: 0
A31: 200100030080 | B31: GEETA TANA BHAGTAIN | C31: 08033211029311 | D31: UCBA0000803 | E31: 1181
A32: 200100030101 | B32: SAROJ KHAKHA | C32: 590610110010522 | D32: BKID0005906 | E32: 0
A33: 200100030105 | B33: SUKA TANA BHAGAT | C33: 08030100921195 | D33: UCBA0000803 | E33: 1926
A34: 200100030109 | B34: SOMRA BHAGAT | C34: 08030100922406 | D34: UCBA0000803 | E34: 2457
A35: 200100030112 | B35: BANDE ORAON | C35: 495910510003218 | D35: BKID0004959 | E35: 6488
A36: 200100050005 | B36: MUNEJA KHATUN | C36: 494318210006630 | D36: BKID0004943 | E36: 1230
... A191: 200100230069 | B191: CHHOTI PUJA KACHHAP | C191: 7606001700003640 | D191: PUNB0760600 | E191: 275
A192: 200100230070 | B192: 0 | C192: 0 | D192: 0 | E192: 337
B193: UPENDRA | C193: 50341671865 | D193: IDIB000R588 | E193: 6602
A194: 200100270002 | B194: Beena Kumari | C194: 9760000100053735 | D194: PUNB0976000 | E194: 35216
A195: 200100270004 | B195: Surji Devi | C195: 4895108005356 | D195: CNRB0004895 | E195: 4856
A196: 200100270018 | B196: Ramdev Mahto | C196: 22010404475 | D196: SBIN0RRVCGB | E196: 22684
A197: 200100270022 | B197: Usha Devi | C197: 4895108006665 | D197: CNRB0004895 | E197: 3670
A198: 200100270026 | B198: Bishu Oraon | C198: 22010432378 | D198: SBIN0RRVCGB | E198: 2330
A199: 200100270027 | B199: Bandhani Urain | C199: 31085333882 | D199: SBIN0012618 | E199: 1980
A200: 200100270030 | B200: Guindi Bhagat | C200: 22010415217 | D200: SBIN0RRVCGB | E200: 2658
A201: 200100270031 | B201: Buda Tigga | C201: 495910110003049 | D201: BKID0004959 | E201: 1483
A202: 200100270037 | B202: KARN KUMAR | C202: 4895108011970 | D202: CNRB0004895 | E202: 702
A203: 200100270044 | B203: DHANESHWAR SAHU | C203: 32581143722 | D203: SBIN0012618 | E203: 142
A204: 200100270047 | B204: GHONJHO BHAGTAIN | C204: 4895108009549 | D204: CNRB0004895 | E204: 4026
A205: 200100270057 | B205: Mantorni Devi | C205: 4895108002996 | D205: CNRB0004895 | E205: 5988
... A208: 200100270078 | B208: VIKASH KACHHAP | C208: 4895108012071 | D208: CNRB0004895 | E208: 2867
A209: 200100270083 | B209: 0 | C209: 0 | D209: 0 | E209: 312
B210: NAGO ORAON | C210: 30238472539 | D210: SBIN0000177 | E210: 3686
A211: 200100270084 | B211: PUNAM ORAON | C211: 22010457734 | D211: SBIN0RRVCGB | E211: 4902
A212: 200100270085 | B212: PACHALA ORAIN | C212: 38306725113 | D212: SBIN0006304 | E212: 2002
A213: 200100270086 | B213: GEETA ORAOIN | C213: 4895101007262 | D213: CNRB0004895 | E213: 510
A214: 200100270088 | B214: HIRA ORAIN | C214: 4895101002573 | D214: CNRB0004895 | E214: 565
A215: 200100330002 | B215: PUNIT LAL KHANNA | C215: 495910110016048 | D215: BKID0004959 | E215: 50628
A216: 200100330013 | B216: NIGAM NATH TANDAN | C216: 08030100008618 | D216: UCBA0000803 | E216: 4970
A217: 200100330014 | B217: KHUSHBU DEVI | C217: 84034919826 | D217: SBIN0RRVCGB | E217: 4837
A218: 200100340002 | B218: Dashrath Gope | C218: 22010759609 | D218: SBIN0RRVCGB | E218: 46306
A219: 200100340020 | B219: Lalita Devi | C219: 55520100002813 | D219: BARB0BEROXX | E219: 407
A220: 200100340024 | B220: Sunita Devi | C220: 55520100002691 | D220: BARB0BEROXX | E220: 1084
A221: 200100360003 | B221: Kousar Parween | C221: 31030787137 | D221: SBIN0012618 | E221: 11476
A222: 200100360011 | B222: ALFIYA KAUSHIN | C222: 08030110145104 | D222: UCBA0000803 | E222: 4801
... A394: 200100620012 | B394: AJAY KUMAR KESHRI | C394: 371101000003845 | D394: IOBA0003711 | E394: 3987
A395: 200100620013 | B395: 0 | C395: 0 | D395: 0 | E395: 275
A396: 200200010002 | B396: ASHOK KUMAR SAHU | C396: 4904101001722 | D396: CNRB0004904 | E396: 265588
A397: 200200010003 | B397: LILABATI DEVI | C397: 50100187338660 | D397: HDFC0001470 | E397: 29363
A398: 200200010004 | B398: DHANESHWAR SAHU | C398: 494510510001459 | D398: BKID0004945 | E398: 23022
A399: 200200010005 | B399: LALITA DEVI | C399: 22009533130 | D399: SBIN0RRVCGB | E399: 5709
A400: 200200010007 | B400: PRAKASH SAHU | C400: 22009544891 | D400: SBIN0RRVCGB | E400: 4085
A401: 200200010010 | B401: JAMIL ANSARI | C401: 494510110014054 | D401: BKID0004945 | E401: 11900
A402: 200200010011 | B402: MUNTAZIR ANSARI | C402: 84059697326 | D402: SBIN0RRVCGB | E402: 22766
A403: 200200010012 | B403: YUNUS ANSARI | C403: 469510110002973 | D403: BKID0004695 | E403: 26950
A404: 200200010016 | B404: SUKARMANI ORAIEN | C404: 22009539868 | D404: SBIN0RRVCGB | E404: 2957
A405: 200200010020 | B405: MUKESH SAHU | C405: 4904101003553 | D405: CNRB0004904 | E405: 9159
A406: 200200010023 | B406: SANJU KUMARI | C406: 4904101005971 | D406: CNRB0004904 | E406: 6789
A407: 200200010025 | B407: SANPETH DEVI | C407: 22009547166 | D407: SBIN0RRVCGB | E407: 2399
... A439: 200200010096 | B439: Pano Devi | C439: 22009545862 | D439: SBIN0RRVCGB | E439: 2683
A440: 200200010098 | B440: 0 | C440: 0 | D440: 0 | E440: 1229
A441: 200200010103 | B441: SAFIULLA ANSARI | C441: 4904101003213 | D441: CNRB0004904 | E441: 19562
A442: 200200010104 | B442: BIMALA DEBI | C442: 22009565822 | D442: SBIN0RRVCGB | E442: 10770
A443: 200200010105 | B443: DINESH GOPE | C443: 33686410717 | D443: SBIN0014341 | E443: 2456
A444: 200200010106 | B444: PARWATI KUMARI | C444: 494518210006796 | D444: BKID0004945 | E444: 3330
A445: 200200010108 | B445: MAKBUL ANSARI | C445: 50100196810622 | D445: HDFC0001470 | E445: 9714
A446: 200200010110 | B446: MINA KUMARI | C446: 110195084253 | D446: CNRB0004904 | E446: 585145
A447: 200200010114 | B447: SULENDAR ORAON | C447: 4904101002269 | D447: CNRB0004904 | E447: 4918
A448: 200200010115 | B448: AFINDAR SAHU | C448: 22009478633 | D448: SBIN0RRVCGB | E448: 2918
A449: 200200010117 | B449: BUDHAN ORAOIN | C449: 494510110012552 | D449: BKID0004945 | E449: 9360
A450: 200200010121 | B450: RIYA KUMARI | C450: 50492553188 | D450: IDIB000P620 | E450: 17536
A451: 200200010128 | B451: ETAVARI URAIN | C451: 494510110014969 | D451: BKID0004945 | E451: 6668
A452: 200200010134 | B452: KISHOR SAHU | C452: 50100184689012 | D452: HDFC0001470 | E452: 7621
... A712: 200200200043 | B712: NIRASHO DEVI | C712: 35760711612 | D712: SBIN0014339 | E712: 4005
A713: 200200200044 | B713: 0 | C713: 0 | D713: 0 | E713: 743
B714: PRAKASH MUNDA | C714: 8278354397 | D714: IDIB000B873 | E714: 9654
A715: 200200210003 | B715: OM NAND TIWARY | C715: 638202120007585 | D715: UBIN0563820 | E715: 13558
A716: 200200210004 | B716: MINA KUMARI | C716: 59132253976 | D716: IDIB000B873 | E716: 361
A717: 200200210005 | B717: CHAMRA GOPE | C717: 50040479559 | D717: IDIB000B873 | E717: 3677
A718: 200200210006 | B718: PARWATI ORAON | C718: 638202010000598 | D718: UBIN0563820 | E718: 2001
A719: 200200210008 | B719: LAXMAN GOPE | C719: 638202010003516 | D719: UBIN0563820 | E719: 2640
A720: 200200210012 | B720: BALESHWAR MAHTO | C720: 638202010004389 | D720: UBIN0563820 | E720: 3076
A721: 200200210014 | B721: ARJUN MAHTO | C721: 59113201341 | D721: IDIB000B873 | E721: 499
A722: 200200210015 | B722: TEMRA ORAON | C722: 0407010110397 | D722: PUNB0040720 | E722: 1885
A723: 200200210016 | B723: BIRSU ORAON | C723: 50233443752 | D723: IDIB000B873 | E723: 3224
A724: 200200210018 | B724: TULSI ORAON | C724: 0407200100011372 | D724: PUNB0040720 | E724: 4978
A725: 200200210019 | B725: RADHA DEVI | C725: 638202010001971 | D725: UBIN0563820 | E725: 113
...

Sheet Direct Farmer Payment 
A2: Cycle | B2: ID | C2: BMC Area | D2: MPG Name | E2: Code | F2: Farmers Code | G2: No of Shift | H2: Vol_L | I2: Amount | J2: TS Loss | K2: Deduction for excess payment | L2: Milk Short | M2: CF Deduction | N2: Vet Deduction | O2: Stop Payment | P2: Net Amount | Q2: Category | R2: Farmers Account Name | S2: Accont no | T2: IFSC code | U2: Bank Name | V2: Date of Enrollment | W2: Count | X2: Account Details | Y2: Cycle | Z2: Sample
A3: 01-02 Apr | B3: 200100010002 | C3: BMC Code :2001 | D3: Itki | E3: 20010001 | F3: 0002 | G3: 4 | H3: 8801.6 | I3: 370783.15 | J3: 6564 | K3: 0 | L3: 1360.78 | M3: 0 | N3: 0 | O3: 0 | P3: 362858 | Q3: Direct | R3: AMIT KUMAR TIWARI | S3: 7125658980 | T3: IDIB000I021 | U3: Indian bank | V3: 27/03/2024 | W3: 1 | X3: Available | Y3: 01.01-02 Apr | Z3: 8.4253579
A4: 01-02 Apr | B4: 200100010005 | C4: BMC Code :2001 | D4: Itki | E4: 20010001 | F4: 0005 | G4: 2 | H4: 5.48 | I4: 213.11 | J4: 0 | K4: 0 | L4: 0 | M4: 0 | N4: 0 | O4: 0 | P4: 213 | Q4: Direct | R4: ROPANI KUMARI KERKETTA | S4: 358702010602626 | T4: UBIN0535877 | U4: UNION BANK OF INDIA | V4: 45183 | W4: 1 | X4: Available | Y4: 01.01-02 Apr | Z4: 3.8888686
A5: 01-02 Apr | B5: 200100010010 | C5: BMC Code :2001 | D5: Itki | E5: 20010001 | F5: 0010 | G5: 4 | H5: 19.04 | I5: 851.65 | J5: 0 | K5: 0 | L5: 0 | M5: 0 | N5: 0 | O5: 0 | P5: 852 | Q5: Direct | R5: SHANTI DEVI | S5: 6496430309 | T5: IDIB000I021 | U5: INDIAN BANK | V5: 45206 | W5: 1 | X5: Available | Y5: 01.01-02 Apr | Z5: 8.9459034
A6: 01-02 Apr | B6: 200100010017 | C6: BMC Code :2001 | D6: Itki | E6: 20010001 | F6: 0017 | G6: 2 | H6: 4.98 | I6: 185.94 | J6: 0 | K6: 0 | L6: 0 | M6: 0 | N6: 0 | O6: 0 | P6: 186 | Q6: Direct | R6: Bikram Gope | S6: 358702010006937 | T6: UBIN0535877 | U6: UNION BANK OF INDIA | V6: 45255 | W6: 1 | X6: Available | Y6: 01.01-02 Apr | Z6: 3.7337349
A7: 01-02 Apr | B7: 200100010019 | C7: BMC Code :2001 | D7: Itki | E7: 20010001 | F7: 0019 | G7: 3 | H7: 14.84 | I7: 588.57 | J7: 0 | K7: 0 | L7: 0 | M7: 0 | N7: 0 | O7: 0 | P7: 589 | Q7: Direct | R7: Hiramani Kachhap | S7: 494310110016645 | T7: BKID0004943 | U7: BANK OF INDIA | V7: 45262 | W7: 1 | X7: Available | Y7: 01.01-02 Apr | Z7: 5.9491577
A8: 01-02 Apr | B8: 200100010033 | C8: BMC Code :2001 | D8: Itki | E8: 20010001 | F8: 0033 | G8: 4 | H8: 7.18 | I8: 259.75 | J8: 0 | K8: 0 | L8: 0 | M8: 0 | N8: 0 | O8: 0 | P8: 260 | Q8: Direct | R8: Rahila Tirkey | S8: 22011269637 | T8: SBIN0RRVCGB | U8: STATE BANK OF INDIA | V8: 45481 | W8: 1 | X8: Available | Y8: 01.01-02 Apr | Z8: 7.235376
A9: 01-02 Apr | B9: 200100010050 | C9: BMC Code :2001 | D9: Itki | E9: 20010001 | F9: 0050 | G9: 2 | H9: 41.32 | I9: 1468.48 | J9: 0 | K9: 0 | L9: 0 | M9: 0 | N9: 0 | O9: 0 | P9: 1468 | Q9: Direct | R9: SABITA TIWARI | S9: 762901500038 | T9: ICIC0007629 | U9: ICICI BANK | V9: 45600 | W9: 1 | X9: Available | Y9: 01.01-02 Apr | Z9: 3.5539206
A10: 01-02 Apr | B10: 200100010051 | C10: BMC Code :2001 | D10: Itki | E10: 20010001 | F10: 0051 | G10: 2 | H10: 18.7 | I10: 703.83 | J10: 0 | K10: 0 | L10: 0 | M10: 0 | N10: 0 | O10: 0 | P10: 704 | Q10: Direct | R10: SAHIL RAJ | S10: 40723769931 | T10: SBIN0000081 | U10: STATE BANK OF INDIA | V10: 45600 | W10: 1 | X10: Available | Y10: 01.01-02 Apr | Z10: 3.7637968
A11: 01-02 Apr | B11: 200100010064 | C11: BMC Code :2001 | D11: Itki | E11: 20010001 | F11: 0064 | G11: 4 | H11: 52.88 | I11: 2155.61 | J11: 0 | K11: 0 | L11: 0 | M11: 0 | N11: 0 | O11: 0 | P11: 2156 | Q11: Direct | R11: SOHEL ANSARI | S11: 358702120002626 | T11: UBIN0535877 | U11: 0 | V11: 45853 | W11: 1 | X11: Available | Y11: 01.01-02 Apr | Z11: 8.1528366
A12: 01-02 Apr | B12: 200100010066 | C12: BMC Code :2001 | D12: Itki | E12: 20010001 | F12: 0066 | G12: 2 | H12: 18.7 | I12: 703.83 | J12: 0 | K12: 0 | L12: 0 | M12: 0 | N12: 0 | O12: 0 | P12: 704 | Q12: Direct | R12: SUJIT KUMAR ACHARYA | S12: 07591530000649 | T12: HDFC0000759 | U12: 0 | V12: 45881 | W12: 1 | X12: Available | Y12: 01.01-02 Apr | Z12: 3.7637968
A13: 01-02 Apr | B13: 200100010067 | C13: BMC Code :2001 | D13: Itki | E13: 20010001 | F13: 0067 | G13: 4 | H13: 19.74 | I13: 838.11 | J13: 0 | K13: 0 | L13: 0 | M13: 0 | N13: 0 | O13: 0 | P13: 838 | Q13: Direct | R13: SAJJAD ANSARI | S13: 358702010624724 | T13: UBIN0535877 | U13: 0 | V13: 45881 | W13: 1 | X13: Available | Y13: 01.01-02 Apr | Z13: 8.4914894
A14: 01-02 Apr | B14: 200100010072 | C14: BMC Code :2001 | D14: Itki | E14: 20010001 | F14: 0072 | G14: 4 | H14: 32.84 | I14: 1231.05 | J14: 0 | K14: 0 | L14: 0 | M14: 0 | N14: 0 | O14: 0 | P14: 1231 | Q14: Direct | R14: MARIYAM GORETI TIRKEY | S14: 22010734628 | T14: SBIN0RRVCGB | U14: 0 | V14: 45978 | W14: 1 | X14: Available | Y14: 01.01-02 Apr | Z14: 7.4972594
A15: 01-02 Apr | B15: 200100010073 | C15: BMC Code :2001 | D15: Itki | E15: 20010001 | F15: 0073 | G15: 4 | H15: 24.02 | I15: 909.68 | J15: 0 | K15: 0 | L15: 0 | M15: 0 | N15: 0 | O15: 0 | P15: 910 | Q15: Direct | R15: PRAVEEN TIRKEY | S15: 22010796040 | T15: SBIN0RRVCGB | U15: 0 | V15: 45978 | W15: 1 | X15: Available | Y15: 01.01-02 Apr | Z15: 7.5743547
A16: 01-02 Apr | B16: 200100010074 | C16: BMC Code :2001 | D16: Itki | E16: 20010001 | F16: 0074 | G16: 2 | H16: 3.54 | I16: 143.87 | J16: 0 | K16: 0 | L16: 0 | M16: 0 | N16: 0 | O16: 0 | P16: 144 | Q16: Direct | R16: SUKHDEV GOP | S16: 34698843331 | T16: SBIN0015346 | U16: 0 | V16: 45999 | W16: 1 | X16: Available | Y16: 01.01-02 Apr | Z16: 4.0641243
A17: 01-02 Apr | B17: 200100010077 | C17: BMC Code :2001 | D17: Itki | E17: 20010001 | F17: 0077 | G17: 2 | H17: 3.38 | I17: 126.11 | J17: 0 | K17: 0 | L17: 0 | M17: 0 | N17: 0 | O17: 0 | P17: 126 | Q17: Direct | R17: RAVINA KHATUN | S17: 358702120002654 | T17: UBIN0535877 | U17: 0 | V17: 46013 | W17: 1 | X17: Available | Y17: 01.01-02 Apr | Z17: 3.7310651
A18: 01-02 Apr | B18: 200100010080 | C18: BMC Code :2001 | D18: Itki | E18: 20010001 | F18: 0080 | G18: 2 | H18: 6.1 | I18: 266.93 | J18: 0 | K18: 0 | L18: 0 | M18: 0 | N18: 0 | O18: 0 | P18: 267 | Q18: Direct | R18: RUPAN TIGGA | S18: 358702010634588 | T18: UBIN0535877 | U18: 0 | V18: 46049 | W18: 1 | X18: Available | Y18: 01.01-02 Apr | Z18: 4.3759016
A19: 01-02 Apr | B19: 200100030003 | C19: BMC Code :2001 | D19: Bero | E19: 20010003 | F19: 0003 | G19: 4 | H19: 338.72 | I19: 12990.2 | J19: 0 | K19: 0 | L19: 0 | M19: 0 | N19: 0 | O19: 0 | P19: 12990 | Q19: Direct | R19: PINKI DEVI | S19: 4895101003786 | T19: CNRB0004895 | U19: 0 | V19: 45867 | W19: 1 | X19: Available | Y19: 01.01-02 Apr | Z19: 7.6701701
A20: 01-02 Apr | B20: 200100030013 | C20: BMC Code :2001 | D20: Bero | E20: 20010003 | F20: 0013 | G20: 2 | H20: 2.64 | I20: 104.15 | J20: 0 | K20: 0 | L20: 0 | M20: 0 | N20: 0 | O20: 0 | P20: 104 | Q20: Direct | R20: JOSEF LAKRA | S20: 495910510003202 | T20: BKID0004959 | U20: BANK OF INDIA | V20: 45213 | W20: 1 | X20: Available | Y20: 01.01-02 Apr | Z20: 3.9450758
A21: 01-02 Apr | B21: 200100030044 | C21: BMC Code :2001 | D21: Bero | E21: 20010003 | F21: 0044 | G21: 1 | H21: 4.21 | I21: 152.07 | J21: 0 | K21: 0 | L21: 0 | M21: 0 | N21: 0 | O21: 0 | P21: 152 | Q21: Direct | R21: Manju Devi | S21: 08030100922544 | T21: UCBA0000803 | U21: UCO BANK | V21: 45509 | W21: 1 | X21: Available | Y21: 01.01-02 Apr | Z21: 1.806057
A22: 01-02 Apr | B22: 200100030109 | C22: BMC Code :2001 | D22: Bero | E22: 20010003 | F22: 0109 | G22: 2 | H22: 5.62 | I22: 220.44 | J22: 0 | K22: 0 | L22: 0 | M22: 0 | N22: 0 | O22: 0 | P22: 220 | Q22: Direct | R22: SOMRA BHAGAT | S22: 08030100922406 | T22: UCBA0000803 | U22: 0 | V22: 46020 | W22: 1 | X22: Available | Y22: 01.01-02 Apr | Z22: 3.9224199
A23: 01-02 Apr | B23: 200100030112 | C23: BMC Code :2001 | D23: Bero | E23: 20010003 | F23: 0112 | G23: 2 | H23: 14.53 | I23: 536.6 | J23: 0 | K23: 0 | L23: 0 | M23: 0 | N23: 0 | O23: 0 | P23: 537 | Q23: Direct | R23: BANDE ORAON | S23: 495910510003218 | T23: BKID0004959 | U23: 0 | V23: 46062 | W23: 1 | X23: Available | Y23: 01.01-02 Apr | Z23: 3.6930489
A24: 01-02 Apr | B24: 200100050005 | C24: BMC Code :2001 | D24: Basila | E24: 20010005 | F24: 0005 | G24: 2 | H24: 3.28 | I24: 174.22 | J24: 0 | K24: 0 | L24: 0 | M24: 0 | N24: 0 | O24: 0 | P24: 174 | Q24: Direct | R24: MUNEJA KHATUN | S24: 494318210006630 | T24: BKID0004943 | U24: BANK OF INDIA | V24: 45262 | W24: 1 | X24: Available | Y24: 01.01-02 Apr | Z24: 5.3115854
A25: 01-02 Apr | B25: 200100050007 | C25: BMC Code :2001 | D25: Basila | E25: 20010005 | F25: 0007 | G25: 4 | H25: 35.31 | I25: 1363.12 | J25: 0 | K25: 0 | L25: 0 | M25: 0 | N25: 0 | O25: 0 | P25: 1363 | Q25: Direct | R25: SHAMIMA KHATOON | S25: 494310110007746 | T25: BKID0004943 | U25: BANK OF INDIA | V25: 45183 | W25: 1 | X25: Available | Y25: 01.01-02 Apr | Z25: 7.7208723
A26: 01-02 Apr | B26: 200100050008 | C26: BMC Code :2001 | D26: Basila | E26: 20010005 | F26: 0008 | G26: 4 | H26: 28.96 | I26: 1128.57 | J26: 0 | K26: 0 | L26: 0 | M26: 0 | N26: 0 | O26: 0 | P26: 1129 | Q26: Direct | R26: ANISA KHATUN | S26: 50370873265 | T26: IDIB000N518 | U26: Allahabad Bank | V26: 45206 | W26: 1 | X26: Available | Y26: 01.01-02 Apr | Z26: 7.7939917
A27: 01-02 Apr | B27: 200100050009 | C27: BMC Code :2001 | D27: Basila | E27: 20010005 | F27: 0009 | G27: 4 | H27: 30.85 | I27: 1181.95 | J27: 0 | K27: 0 | L27: 0 | M27: 0 | N27: 0 | O27: 0 | P27: 1182 | Q27: Direct | R27: RABUL ANSARI | S27: 494318210000448 | T27: BKID0004943 | U27: BANK OF INDIA | V27: 45183 | W27: 1 | X27: Available | Y27: 01.01-02 Apr | Z27: 7.6625608
A28: 01-02 Apr | B28: 200100050010 | C28: BMC Code :2001 | D28: Basila | E28: 20010005 | F28: 0010 | G28: 1 | H28: 1.35 | I28: 55.86 | J28: 0 | K28: 0 | L28: 0 | M28: 0 | N28: 0 | O28: 0 | P28: 56 | Q28: Direct | R28: SAHIDA KHATUN | S28: 494318210002593 | T28: BKID0004943 | U28: BANK OF INDIA | V28: 45199 | W28: 1 | X28: Available | Y28: 01.01-02 Apr | Z28: 2.0688889
A29: 01-02 Apr | B29: 200100050013 | C29: BMC Code :2001 | D29: Basila | E29: 20010005 | F29: 0013 | G29: 4 | H29: 10.79 | I29: 418.12 | J29: 0 | K29: 0 | L29: 0 | M29: 0 | N29: 0 | O29: 0 | P29: 418 | Q29: Direct | R29: NIKHAT PERWEEN | S29: 494318210006908 | T29: BKID0004943 | U29: BANK OF INDIA | V29: 45183 | W29: 1 | X29: Available | Y29: 01.01-02 Apr | Z29: 7.750139
A30: 01-02 Apr | B30: 200100050014 | C30: BMC Code :2001 | D30: Basila | E30: 20010005 | F30: 0014 | G30: 4 | H30: 27.49 | I30: 1175.41 | J30: 0 | K30: 0 | L30: 0 | M30: 0 | N30: 0 | O30: 0 | P30: 1175 | Q30: Direct | R30: SALIM ANSARI | S30: 494310110018804 | T30: BKID0004943 | U30: BANK OF INDIA | V30: 45183 | W30: 1 | X30: Available | Y30: 01.01-02 Apr | Z30: 8.551546
A31: 01-02 Apr | B31: 200100050015 | C31: BMC Code :2001 | D31: Basila | E31: 20010005 | F31: 0015 | G31: 4 | H31: 11.12 | I31: 433.16 | J31: 0 | K31: 0 | L31: 0 | M31: 0 | N31: 0 | O31: 0 | P31: 433 | Q31: Direct | R31: RAJAK ANSARI | S31: 494310100006470 | T31: BKID0004943 | U31: BANK OF INDIA | V31: 45183 | W31: 1 | X31: Available | Y31: 01.01-02 Apr | Z31: 7.7906475
A32: 01-02 Apr | B32: 200100050016 | C32: BMC Code :2001 | D32: Basila | E32: 20010005 | F32: 0016 | G32: 1 | H32: 2.68 | I32: 107.55 | J32: 0 | K32: 0 | L32: 0 | M32: 0 | N32: 0 | O32: 0 | P32: 108 | Q32: Direct | R32: ASIYA KHATOON | S32: 494318210006966 | T32: BKID0004943 | U32: BANK OF INDIA | V32: 45183 | W32: 1 | X32: Available | Y32: 01.01-02 Apr | Z32: 2.0065299
A33: 01-02 Apr | B33: 200100050022 | C33: BMC Code :2001 | D33: Basila | E33: 20010005 | F33: 0022 | G33: 2 | H33: 2.5 | I33: 90.42 | J33: 0 | K33: 0 | L33: 0 | M33: 0 | N33: 0 | O33: 0 | P33: 90 | Q33: Direct | R33: SHEIKH SAFIQUE | S33: 494310100000875 | T33: BKID0004943 | U33: BANK OF INDIA | V33: 45199 | W33: 1 | X33: Available | Y33: 01.01-02 Apr | Z33: 3.6168
A34: 01-02 Apr | B34: 200100050025 | C34: BMC Code :2001 | D34: Basila | E34: 20010005 | F34: 0025 | G34: 4 | H34: 18.57 | I34: 754.36 | J34: 0 | K34: 0 | L34: 0 | M34: 0 | N34: 0 | O34: 0 | P34: 754 | Q34: Direct | R34: RUKHSHANA KHATUN | S34: 7473342026 | T34: IDIB000N518 | U34: INDIAN BANK | V34: 45183 | W34: 1 | X34: Available | Y34: 01.01-02 Apr | Z34: 8.1245019
A35: 01-02 Apr | B35: 200100050029 | C35: BMC Code :2001 | D35: Basila | E35: 20010005 | F35: 0029 | G35: 4 | H35: 8.94 | I35: 338.62 | J35: 0 | K35: 0 | L35: 0 | M35: 0 | N35: 0 | O35: 0 | P35: 339 | Q35: Direct | R35: IMAM ANSARI | S35: 494318210005769 | T35: BKID0004943 | U35: BANK OF INDIA | V35: 45234 | W35: 1 | X35: Available | Y35: 01.01-02 Apr | Z35: 7.5753915
... A37: 01-02 Apr | B37: 200100050033 | C37: BMC Code :2001 | D37: Basila | E37: 20010005 | F37: 0033 | G37: 4 | H37: 15.37 | I37: 562.44 | J37: 0 | K37: 0 | L37: 0 | M37: 0 | N37: 0 | O37: 0 | P37: 562 | Q37: Direct | R37: Hamida Khatoon | S37: 39470934026 | T37: SBIN0014340 | U37: STATE BANK OF INDIA | V37: 45304 | W37: 1 | X37: Available | Y37: 01.01-02 Apr | Z37: 7.3186727
A38: 01-02 Apr | B38: 200100050036 | C38: BMC Code :2001 | D38: Basila | E38: 20010005 | F38: 0036 | G38: 2 | H38: 6.32 | I38: 247.08 | J38: 0 | K38: 0 | L38: 0 | M38: 0 | N38: 0 | O38: 0 | P38: 247 | Q38: Direct | R38: Sunita Oraon | S38: 22016761454 | T38: SBIN0RRVCGB | U38: STATE BANK OF INDIA | V38: 19/03/2024 | W38: 1 | X38: Available | Y38: 01.01-02 Apr | Z38: 3.9094937
A39: 01-02 Apr | B39: 200100050040 | C39: BMC Code :2001 | D39: Basila | E39: 20010005 | F39: 0040 | G39: 2 | H39: 3.58 | I39: 235.98 | J39: 0 | K39: 0 | L39: 0 | M39: 0 | N39: 0 | O39: 0 | P39: 236 | Q39: Direct | R39: Soniya Oraon | S39: 22016761476 | T39: SBIN0RRVCGB | U39: STATE BANK OF INDIA | V39: 45531 | W39: 1 | X39: Available | Y39: 01.01-02 Apr | Z39: 6.5916201
A40: 01-02 Apr | B40: 200100050042 | C40: BMC Code :2001 | D40: Basila | E40: 20010005 | F40: 0042 | G40: 4 | H40: 45.66 | I40: 1760.94 | J40: 0 | K40: 0 | L40: 0 | M40: 0 | N40: 0 | O40: 0 | P40: 1761 | Q40: Direct | R40: PARWEJ ANSARI | S40: 494318210003823 | T40: BKID0004943 | U40: BANK OF INDIA | V40: 45565 | W40: 1 | X40: Available | Y40: 01.01-02 Apr | Z40: 7.713272
A41: 01-02 Apr | B41: 200100050047 | C41: BMC Code :2001 | D41: Basila | E41: 20010005 | F41: 0047 | G41: 1 | H41: 1.13 | I41: 52.05 | J41: 0 | K41: 0 | L41: 0 | M41: 0 | N41: 0 | O41: 0 | P41: 52 | Q41: Direct | R41: RUBY PARWEEN | S41: 494318210005871 | T41: BKID0004943 | U41: 0 | V41: 45846 | W41: 1 | X41: Available | Y41: 01.01-02 Apr | Z41: 2.3030973
A42: 01-02 Apr | B42: 200100050048 | C42: BMC Code :2001 | D42: Basila | E42: 20010005 | F42: 0048 | G42: 2 | H42: 5.42 | I42: 252.2 | J42: 0 | K42: 0 | L42: 0 | M42: 0 | N42: 0 | O42: 0 | P42: 252 | Q42: Direct | R42: JAMIL ANSARI | S42: 494318210005828 | T42: BKID0004943 | U42: 0 | V42: 45846 | W42: 1 | X42: Available | Y42: 01.01-02 Apr | Z42: 4.6531365
A43: 01-02 Apr | B43: 200100050051 | C43: BMC Code :2001 | D43: Basila | E43: 20010005 | F43: 0051 | G43: 4 | H43: 14.58 | I43: 545.5 | J43: 0 | K43: 0 | L43: 0 | M43: 0 | N43: 0 | O43: 0 | P43: 546 | Q43: Direct | R43: SAKIL ANSARI | S43: 371101000003006 | T43: IOBA0003711 | U43: 0 | V43: 45999 | W43: 1 | X43: Available | Y43: 01.01-02 Apr | Z43: 7.4828532
A44: 01-02 Apr | B44: 200100080005 | C44: BMC Code :2001 | D44: Erchoro | E44: 20010008 | F44: 0005 | G44: 4 | H44: 18.84 | I44: 676.94 | J44: 0 | K44: 0 | L44: 70 | M44: 0 | N44: 0 | O44: Release1 | P44: 607 | Q44: Direct | R44: SANJAY SAHU | S44: 494310100013455 | T44: BKID0004943 | U44: BANK OF INDIA | V44: 45194 | W44: 1 | X44: Available | Y44: 01.01-02 Apr | Z44: 7.1861996
A45: 01-02 Apr | B45: 200100080010 | C45: BMC Code :2001 | D45: Erchoro | E45: 20010008 | F45: 0010 | G45: 4 | H45: 20.3 | I45: 692.47 | J45: 0 | K45: 0 | L45: 90 | M45: 0 | N45: 0 | O45: Release1 | P45: 602 | Q45: Direct | R45: MAMITA KUMARI | S45: 371101000006331 | T45: IOBA0003711 | U45: INDIAN OVERSEAS BANK | V45: 45194 | W45: 1 | X45: Available | Y45: 01.01-02 Apr | Z45: 6.8223645
A46: 01-02 Apr | B46: 200100080013 | C46: BMC Code :2001 | D46: Erchoro | E46: 20010008 | F46: 0013 | G46: 2 | H46: 29.03 | I46: 1107.78 | J46: 0 | K46: 0 | L46: 100 | M46: 0 | N46: 0 | O46: Release1 | P46: 1008 | Q46: Direct | R46: SANGITA DEVI | S46: 84046813009 | T46: SBIN0RRVCGB | U46: 0 | V46: 0 | W46: 1 | X46: Available | Y46: 01.01-02 Apr | Z46: 3.8159835
A47: 01-02 Apr | B47: 200100080014 | C47: BMC Code :2001 | D47: Erchoro | E47: 20010008 | F47: 0014 | G47: 4 | H47: 48.29 | I47: 1761.4 | J47: 0 | K47: 0 | L47: 50 | M47: 0 | N47: 0 | O47: Release1 | P47: 1711 | Q47: Direct | R47: NAND KISHOR SAHU | S47: 494310100013046 | T47: BKID0004943 | U47: BANK OF INDIA | V47: 45194 | W47: 1 | X47: Available | Y47: 01.01-02 Apr | Z47: 7.2950922
A48: 01-02 Apr | B48: 200100080035 | C48: BMC Code :2001 | D48: Erchoro | E48: 20010008 | F48: 0035 | G48: 4 | H48: 166.44 | I48: 6506.36 | J48: 0 | K48: 0 | L48: 308 | M48: 0 | N48: 0 | O48: Release1 | P48: 6198 | Q48: Direct | R48: LALITA DEVI | S48: 22016772818 | T48: SBIN0RRVCGB | U48: STATE BANK OF INDIA | V48: 45264 | W48: 1 | X48: Available | Y48: 01.01-02 Apr | Z48: 7.8182648
A49: 01-02 Apr | B49: 200100080037 | C49: BMC Code :2001 | D49: Erchoro | E49: 20010008 | F49: 0037 | G49: 2 | H49: 21.64 | I49: 804.65 | J49: 0 | K49: 0 | L49: 100 | M49: 0 | N49: 0 | O49: Release1 | P49: 705 | Q49: Direct | R49: Saroj Sahu | S49: 494310100006278 | T49: BKID0004943 | U49: BANK OF INDIA | V49: 45297 | W49: 1 | X49: Available | Y49: 01.01-02 Apr | Z49: 3.7183457
A50: 01-02 Apr | B50: 200100080038 | C50: BMC Code :2001 | D50: Erchoro | E50: 20010008 | F50: 0038 | G50: 4 | H50: 16.36 | I50: 607.75 | J50: 0 | K50: 0 | L50: 100 | M50: 0 | N50: 0 | O50: Release1 | P50: 508 | Q50: Direct | R50: Sarita Devi | S50: 371101000008590 | T50: IOBA0003711 | U50: INDIAN OVERSEAS BANK | V50: 45297 | W50: 1 | X50: Available | Y50: 01.01-02 Apr | Z50: 7.4297066
A51: 01-02 Apr | B51: 200100080040 | C51: BMC Code :2001 | D51: Erchoro | E51: 20010008 | F51: 0040 | G51: 2 | H51: 4.75 | I51: 227.45 | J51: 0 | K51: 0 | L51: 0 | M51: 0 | N51: 0 | O51: Release1 | P51: 227 | Q51: Direct | R51: Rekha Kumari | S51: 371101000006095 | T51: IOBA0003711 | U51: INDIAN OVERSEAS BANK | V51: 19/03/2024 | W51: 1 | X51: Available | Y51: 01.01-02 Apr | Z51: 4.7884211
A52: 01-02 Apr | B52: 200100080047 | C52: BMC Code :2001 | D52: Erchoro | E52: 20010008 | F52: 0047 | G52: 4 | H52: 24.73 | I52: 784.85 | J52: 0 | K52: 0 | L52: 100 | M52: 0 | N52: 0 | O52: Release1 | P52: 685 | Q52: Direct | R52: SUDHIR KHALKHO | S52: 371101000001240 | T52: IOBA0003711 | U52: 0 | V52: 0 | W52: 1 | X52: Available | Y52: 01.01-02 Apr | Z52: 6.3473514
A53: 01-02 Apr | B53: 200100080050 | C53: BMC Code :2001 | D53: Erchoro | E53: 20010008 | F53: 0050 | G53: 2 | H53: 11.32 | I53: 475.16 | J53: 0 | K53: 0 | L53: 50 | M53: 0 | N53: 0 | O53: Release1 | P53: 425 | Q53: Direct | R53: SURAJMANI TOPPO | S53: 494310110002155 | T53: BKID0004943 | U53: 0 | V53: 45825 | W53: 1 | X53: Available | Y53: 01.01-02 Apr | Z53: 4.1975265
A54: 01-02 Apr | B54: 200100080053 | C54: BMC Code :2001 | D54: Erchoro | E54: 20010008 | F54: 0053 | G54: 2 | H54: 7.78 | I54: 336.75 | J54: 0 | K54: 0 | L54: 0 | M54: 0 | N54: 0 | O54: Release1 | P54: 337 | Q54: Direct | R54: RAMA TOPPO | S54: 494310100006318 | T54: BKID0004943 | U54: 0 | V54: 45881 | W54: 1 | X54: Available | Y54: 01.01-02 Apr | Z54: 4.3284062
A55: 01-02 Apr | B55: 200100080054 | C55: BMC Code :2001 | D55: Erchoro | E55: 20010008 | F55: 0054 | G55: 1 | H55: 2.06 | I55: 88.93 | J55: 0 | K55: 0 | L55: 0 | M55: 0 | N55: 0 | O55: Release1 | P55: 89 | Q55: Direct | R55: GULAM SARWAR ALAM | S55: 494318210000741 | T55: BKID0004943 | U55: 0 | V55: 45923 | W55: 1 | X55: Available | Y55: 01.01-02 Apr | Z55: 2.1584951
A56: 01-02 Apr | B56: 200100080056 | C56: BMC Code :2001 | D56: Erchoro | E56: 20010008 | F56: 0056 | G56: 4 | H56: 48.51 | I56: 1639.11 | J56: 0 | K56: 0 | L56: 100 | M56: 0 | N56: 0 | O56: Release1 | P56: 1539 | Q56: Direct | R56: LAXMI KUMARI | S56: 7600118513 | T56: IDIB000N518 | U56: 0 | V56: 45949 | W56: 1 | X56: Available | Y56: 01.01-02 Apr | Z56: 6.7578231
A57: 01-02 Apr | B57: 200100080058 | C57: BMC Code :2001 | D57: Erchoro | E57: 20010008 | F57: 0058 | G57: 2 | H57: 4.63 | I57: 177.38 | J57: 0 | K57: 0 | L57: 0 | M57: 0 | N57: 0 | O57: Release1 | P57: 177 | Q57: Direct | R57: SALIMUDDIN ANSARI | S57: 371101000004879 | T57: IOBA0003711 | U57: 0 | V57: 46055 | W57: 1 | X57: Available | Y57: 01.01-02 Apr | Z57: 3.8311015
A58: 01-02 Apr | B58: 200100080059 | C58: BMC Code :2001 | D58: Erchoro | E58: 20010008 | F58: 0059 | G58: 4 | H58: 51.45 | I58: 1889.96 | J58: 0 | K58: 0 | L58: 200 | M58: 0 | N58: 0 | O58: Release1 | P58: 1690 | Q58: Direct | R58: REKHA DEVI | S58: 84065679489 | T58: SBIN0RRVCGB | U58: 0 | V58: 0 | W58: 1 | X58: Available | Y58: 01.01-02 Apr | Z58: 7.3467833
A59: 01-02 Apr | B59: 200100080060 | C59: BMC Code :2001 | D59: Erchoro | E59: 20010008 | F59: 0060 | G59: 4 | H59: 65.71 | I59: 2556.19 | J59: 0 | K59: 0 | L59: 100 | M59: 0 | N59: 0 | O59: Release1 | P59: 2456 | Q59: Direct | R59: SUMITRA DEVI | S59: 22016801614 | T59: SBIN0RRVCGB | U59: 0 | V59: 46116 | W59: 1 | X59: Available | Y59: 01.01-02 Apr | Z59: 7.7802161
A60: 01-02 Apr | B60: 200100090002 | C60: BMC Code :2001 | D60: Makunda | E60: 20010009 | F60: 0002 | G60: 2 | H60: 9.9 | I60: 388.59 | J60: 0 | K60: 0 | L60: 217.83 | M60: 0 | N60: 0 | O60: 0 | P60: 171 | Q60: Direct | R60: BAL KISHORE TIWARI | S60: 358702010009142 | T60: UBIN0535877 | U60: UNION BANK OF INDIA | V60: 45183 | W60: 1 | X60: Available | Y60: 01.01-02 Apr | Z60: 3.9251515
A61: 01-02 Apr | B61: 200100090016 | C61: BMC Code :2001 | D61: Makunda | E61: 20010009 | F61: 0016 | G61: 4 | H61: 80.72 | I61: 3244.39 | J61: 0 | K61: 0 | L61: 0 | M61: 0 | N61: 0 | O61: 0 | P61: 3244 | Q61: Direct | R61: BIRENDAR KUMAR GOPE | S61: 358702010626226 | T61: UBIN0535877 | U61: UNION BANK OF INDIA | V61: 45183 | W61: 1 | X61: Available | Y61: 01.01-02 Apr | Z61: 8.0386274
A62: 01-02 Apr | B62: 200100090017 | C62: BMC Code :2001 | D62: Makunda | E62: 20010009 | F62: 0017 | G62: 2 | H62: 23.9 | I62: 994.8 | J62: 0 | K62: 0 | L62: 0 | M62: 0 | N62: 0 | O62: 0 | P62: 995 | Q62: Direct | R62: PUSPA DEVI | S62: 50100184717426 | T62: HDFC0001470 | U62: HDFC BANK | V62: 45183 | W62: 1 | X62: Available | Y62: 01.01-02 Apr | Z62: 4.1623431
A63: 01-02 Apr | B63: 200100090030 | C63: BMC Code :2001 | D63: Makunda | E63: 20010009 | F63: 0030 | G63: 4 | H63: 47.44 | I63: 1920.92 | J63: 0 | K63: 0 | L63: 0 | M63: 0 | N63: 0 | O63: 0 | P63: 1921 | Q63: Direct | R63: SUBHASH GOPE | S63: 7768139451 | T63: IDIB000I021 | U63: Indian Bank | V63: 45600 | W63: 1 | X63: Available | Y63: 01.01-02 Apr | Z63: 8.0983137
A64: 01-02 Apr | B64: 200100090031 | C64: BMC Code :2001 | D64: Makunda | E64: 20010009 | F64: 0031 | G64: 2 | H64: 16 | I64: 648.1 | J64: 0 | K64: 0 | L64: 0 | M64: 0 | N64: 0 | O64: 0 | P64: 648 | Q64: Direct | R64: MAMTA DEVI | S64: 589510110004327 | T64: BKID0005895 | U64: BANK OF INDIA | V64: 45649 | W64: 1 | X64: Available | Y64: 01.01-02 Apr | Z64: 4.050625
A65: 01-02 Apr | B65: 200100150003 | C65: BMC Code :2001 | D65: BOREYA | E65: 20010015 | F65: 0003 | G65: 1 | H65: 4.34 | I65: 176.77 | J65: 0 | K65: 0 | L65: 50 | M65: 0 | N65: 0 | O65: Release1 | P65: 127 | Q65: Direct | R65: Manga Bhagat | S65: 358702010612721 | T65: UBIN0535877 | U65: UNION BANK OF INDIA | V65: 45262 | W65: 1 | X65: Available | Y65: 01.01-02 Apr | Z65: 2.0365207
A66: 01-02 Apr | B66: 200100150005 | C66: BMC Code :2001 | D66: BOREYA | E66: 20010015 | F66: 0005 | G66: 2 | H66: 5.92 | I66: 235.86 | J66: 0 | K66: 0 | L66: 0 | M66: 0 | N66: 0 | O66: Release1 | P66: 236 | Q66: Direct | R66: Abbas Ansari | S66: 7632900231 | T66: IDIB000I021 | U66: INDIAN BANK | V66: 45262 | W66: 1 | X66: Available | Y66: 01.01-02 Apr | Z66: 3.9841216
A67: 01-02 Apr | B67: 200100150006 | C67: BMC Code :2001 | D67: BOREYA | E67: 20010015 | F67: 0006 | G67: 2 | H67: 25.44 | I67: 1038.82 | J67: 0 | K67: 0 | L67: 85 | M67: 0 | N67: 0 | O67: Release1 | P67: 954 | Q67: Direct | R67: Shkila Khatoon | S67: 358702010614868 | T67: UBIN0535877 | U67: UNION BANK OF INDIA | V67: 45262 | W67: 1 | X67: Available | Y67: 01.01-02 Apr | Z67: 4.0834119
A68: 01-02 Apr | B68: 200100150007 | C68: BMC Code :2001 | D68: BOREYA | E68: 20010015 | F68: 0007 | G68: 4 | H68: 14.42 | I68: 583.15 | J68: 0 | K68: 0 | L68: 20 | M68: 0 | N68: 0 | O68: Release1 | P68: 563 | Q68: Direct | R68: Sagira Khatun | S68: 358702010621556 | T68: UBIN0535877 | U68: UNION BANK OF INDIA | V68: 45290 | W68: 1 | X68: Available | Y68: 01.01-02 Apr | Z68: 8.0880721
A69: 01-02 Apr | B69: 200100150013 | C69: BMC Code :2001 | D69: BOREYA | E69: 20010015 | F69: 0013 | G69: 2 | H69: 5.18 | I69: 222.75 | J69: 0 | K69: 0 | L69: 0 | M69: 0 | N69: 0 | O69: Release1 | P69: 223 | Q69: Direct | R69: Shashi Kala Urain | S69: 6443192285 | T69: IDIB000I021 | U69: Allahabad Bank | V69: 45290 | W69: 1 | X69: Available | Y69: 01.01-02 Apr | Z69: 4.3001931
A70: 01-02 Apr | B70: 200100150014 | C70: BMC Code :2001 | D70: BOREYA | E70: 20010015 | F70: 0014 | G70: 4 | H70: 54.36 | I70: 2270.03 | J70: 0 | K70: 0 | L70: 50 | M70: 0 | N70: 0 | O70: Release1 | P70: 2220 | Q70: Direct | R70: Putun Devi | S70: 358702500001724 | T70: UBIN0535877 | U70: UNION BANK OF INDIA | V70: 45304 | W70: 1 | X70: Available | Y70: 01.01-02 Apr | Z70: 8.3518396
A71: 01-02 Apr | B71: 200100150015 | C71: BMC Code :2001 | D71: BOREYA | E71: 20010015 | F71: 0015 | G71: 2 | H71: 3.14 | I71: 123.31 | J71: 0 | K71: 0 | L71: 0 | M71: 0 | N71: 0 | O71: Release1 | P71: 123 | Q71: Direct | R71: Pari Kumari | S71: 7517858735 | T71: IDIB000I021 | U71: Indian bank | V71: 45304 | W71: 1 | X71: Available | Y71: 01.01-02 Apr | Z71: 3.9270701
A72: 01-02 Apr | B72: 200100150016 | C72: BMC Code :2001 | D72: BOREYA | E72: 20010015 | F72: 0016 | G72: 4 | H72: 27.51 | I72: 1100.6 | J72: 0 | K72: 0 | L72: 0 | M72: 0 | N72: 0 | O72: Release1 | P72: 1101 | Q72: Direct | R72: Evaren Khes | S72: 358702010605620 | T72: UBIN0535877 | U72: UNION BANK OF INDIA | V72: 45304 | W72: 1 | X72: Available | Y72: 01.01-02 Apr | Z72: 8.001454
A73: 01-02 Apr | B73: 200100150022 | C73: BMC Code :2001 | D73: BOREYA | E73: 20010015 | F73: 0022 | G73: 4 | H73: 17.16 | I73: 677.25 | J73: 0 | K73: 0 | L73: 20 | M73: 0 | N73: 0 | O73: Release1 | P73: 657 | Q73: Direct | R73: Nejam Ansari | S73: 358702010612736 | T73: UBIN0535877 | U73: UNION BANK OF INDIA | V73: 45355 | W73: 1 | X73: Available | Y73: 01.01-02 Apr | Z73: 7.8933566
A74: 01-02 Apr | B74: 200100150024 | C74: BMC Code :2001 | D74: BOREYA | E74: 20010015 | F74: 0024 | G74: 4 | H74: 14.43 | I74: 563.64 | J74: 0 | K74: 0 | L74: 0 | M74: 0 | N74: 0 | O74: Release1 | P74: 564 | Q74: Direct | R74: Haidar Ansari | S74: 358702010603995 | T74: UBIN0535877 | U74: UNION BANK OF INDIA | V74: 45360 | W74: 1 | X74: Available | Y74: 01.01-02 Apr | Z74: 7.8120582
A75: 01-02 Apr | B75: 200100150026 | C75: BMC Code :2001 | D75: BOREYA | E75: 20010015 | F75: 0026 | G75: 2 | H75: 5.43 | I75: 217.82 | J75: 0 | K75: 0 | L75: 0 | M75: 0 | N75: 0 | O75: Release1 | P75: 218 | Q75: Direct | R75: Jamahir Ansari | S75: 32449556244 | T75: SBIN0015346 | U75: STATE BANK OF INDIA | V75: 45387 | W75: 1 | X75: Available | Y75: 01.01-02 Apr | Z75: 4.011418
A76: 01-02 Apr | B76: 200100150027 | C76: BMC Code :2001 | D76: BOREYA | E76: 20010015 | F76: 0027 | G76: 2 | H76: 15.5 | I76: 606.55 | J76: 0 | K76: 0 | L76: 529 | M76: 0 | N76: 0 | O76: Release1 | P76: 78 | Q76: Direct | R76: Shahid Ansari | S76: 7202563588 | T76: IDIB000I021 | U76: Indian bank | V76: 45387 | W76: 1 | X76: Available | Y76: 01.01-02 Apr | Z76: 3.9132258
... A88: 01-02 Apr | B88: 200100150062 | C88: BMC Code :2001 | D88: BOREYA | E88: 20010015 | F88: 0062 | G88: 4 | H88: 15.34 | I88: 632.03 | J88: 0 | K88: 0 | L88: 0 | M88: 0 | N88: 0 | O88: Release1 | P88: 632 | Q88: Direct | R88: JAYA KACHHAP | S88: 84029985069 | T88: SBIN0RRVCGB | U88: STATE BANK OF INDIA | V88: 45635 | W88: 1 | X88: Available | Y88: 01.01-02 Apr | Z88: 8.2402868
A89: 01-02 Apr | B89: 200100150068 | C89: BMC Code :2001 | D89: BOREYA | E89: 20010015 | F89: 0068 | G89: 2 | H89: 1.52 | I89: 61.32 | J89: 0 | K89: 0 | L89: 0 | M89: 0 | N89: 0 | O89: Release1 | P89: 61 | Q89: Direct | R89: ANWAR ANSARI | S89: 22011243234 | T89: SBIN0RRVCGB | U89: 0 | V89: 0 | W89: 1 | X89: Available | Y89: 01.01-02 Apr | Z89: 4.0342105
A90: 01-02 Apr | B90: 200100150075 | C90: BMC Code :2001 | D90: BOREYA | E90: 20010015 | F90: 0075 | G90: 2 | H90: 5.24 | I90: 206.31 | J90: 0 | K90: 0 | L90: 0 | M90: 0 | N90: 0 | O90: Release1 | P90: 206 | Q90: Direct | R90: SARAFAT ANSARI | S90: 7108234041 | T90: IDIB000I021 | U90: 0 | V90: 45812 | W90: 1 | X90: Available | Y90: 01.01-02 Apr | Z90: 3.9372137
A91: 01-02 Apr | B91: 200100150076 | C91: BMC Code :2001 | D91: BOREYA | E91: 20010015 | F91: 0076 | G91: 2 | H91: 8.14 | I91: 320.61 | J91: 0 | K91: 0 | L91: 0 | M91: 0 | N91: 0 | O91: Release1 | P91: 321 | Q91: Direct | R91: KAJI ORAIN | S91: 358702010631069 | T91: UBIN0535877 | U91: 0 | V91: 45831 | W91: 1 | X91: Available | Y91: 01.01-02 Apr | Z91: 3.9386978
A92: 01-02 Apr | B92: 200100150078 | C92: BMC Code :2001 | D92: BOREYA | E92: 20010015 | F92: 0078 | G92: 2 | H92: 8.15 | I92: 318.02 | J92: 0 | K92: 0 | L92: 0 | M92: 0 | N92: 0 | O92: Release1 | P92: 318 | Q92: Direct | R92: JANATUN KHATOON | S92: 358702500001457 | T92: UBIN0535877 | U92: 0 | V92: 45881 | W92: 1 | X92: Available | Y92: 01.01-02 Apr | Z92: 3.9020859
A93: 01-02 Apr | B93: 200100150079 | C93: BMC Code :2001 | D93: BOREYA | E93: 20010015 | F93: 0079 | G93: 1 | H93: 2.46 | I93: 120.69 | J93: 0 | K93: 0 | L93: 0 | M93: 0 | N93: 0 | O93: Release1 | P93: 121 | Q93: Direct | R93: ANWAR ANSARI | S93: 6513109515 | T93: IDIB000I021 | U93: 0 | V93: 45873 | W93: 1 | X93: Available | Y93: 01.01-02 Apr | Z93: 2.4530488
A94: 01-02 Apr | B94: 200100150080 | C94: BMC Code :2001 | D94: BOREYA | E94: 20010015 | F94: 0080 | G94: 2 | H94: 6.55 | I94: 287.81 | J94: 0 | K94: 0 | L94: 0 | M94: 0 | N94: 0 | O94: Release1 | P94: 288 | Q94: Direct | R94: MANGRI URAIN | S94: 1007230709 | T94: IBKL063JS69 | U94: 0 | V94: 45908 | W94: 1 | X94: Available | Y94: 01.01-02 Apr | Z94: 4.3940458
A95: 01-02 Apr | B95: 200100150081 | C95: BMC Code :2001 | D95: BOREYA | E95: 20010015 | F95: 0081 | G95: 4 | H95: 19.5 | I95: 778.56 | J95: 0 | K95: 0 | L95: 25 | M95: 0 | N95: 0 | O95: Release1 | P95: 754 | Q95: Direct | R95: REYAJ ANSARI | S95: 358702010622161 | T95: UBIN0535877 | U95: 0 | V95: 45908 | W95: 1 | X95: Available | Y95: 01.01-02 Apr | Z95: 7.9852308
A96: 01-02 Apr | B96: 200100150084 | C96: BMC Code :2001 | D96: BOREYA | E96: 20010015 | F96: 0084 | G96: 4 | H96: 9.47 | I96: 380.81 | J96: 0 | K96: 0 | L96: 0 | M96: 0 | N96: 0 | O96: Release1 | P96: 381 | Q96: Direct | R96: ETWA ORAON | S96: 7624036132 | T96: IDIB000I021 | U96: 0 | V96: 45916 | W96: 1 | X96: Available | Y96: 01.01-02 Apr | Z96: 8.0424498
A97: 01-02 Apr | B97: 200100150088 | C97: BMC Code :2001 | D97: BOREYA | E97: 20010015 | F97: 0088 | G97: 2 | H97: 8.32 | I97: 328.13 | J97: 0 | K97: 0 | L97: 0 | M97: 0 | N97: 0 | O97: Release1 | P97: 328 | Q97: Direct | R97: GAHNI ORAON | S97: 22011258332 | T97: SBIN0RRVCGB | U97: 0 | V97: 45949 | W97: 1 | X97: Available | Y97: 01.01-02 Apr | Z97: 3.9438702
A98: 01-02 Apr | B98: 200100150090 | C98: BMC Code :2001 | D98: BOREYA | E98: 20010015 | F98: 0090 | G98: 4 | H98: 37.12 | I98: 1487.87 | J98: 0 | K98: 0 | L98: 25 | M98: 0 | N98: 0 | O98: Release1 | P98: 1463 | Q98: Direct | R98: SHAMIM ANSARI | S98: 358702010008527 | T98: UBIN0535877 | U98: 0 | V98: 45965 | W98: 1 | X98: Available | Y98: 01.01-02 Apr | Z98: 8.0165409
A99: 01-02 Apr | B99: 200100150091 | C99: BMC Code :2001 | D99: BOREYA | E99: 20010015 | F99: 0091 | G99: 4 | H99: 34.02 | I99: 1356.61 | J99: 0 | K99: 0 | L99: 25 | M99: 0 | N99: 0 | O99: Release1 | P99: 1332 | Q99: Direct | R99: DEVENDRA KUMAR MAHTO | S99: 7940926860 | T99: IDIB000I021 | U99: 0 | V99: 45965 | W99: 1 | X99: Available | Y99: 01.01-02 Apr | Z99: 7.9753674
A100: 01-02 Apr | B100: 200100150092 | C100: BMC Code :2001 | D100: BOREYA | E100: 20010015 | F100: 0092 | G100: 4 | H100: 31.86 | I100: 1307.23 | J100: 0 | K100: 0 | L100: 25 | M100: 0 | N100: 0 | O100: Release1 | P100: 1282 | Q100: Direct | R100: MUMTAZ ALAM | S100: 8155867897 | T100: IDIB000I021 | U100: 0 | V100: 45965 | W100: 1 | X100: Available | Y100: 01.01-02 Apr | Z100: 8.2060891
... A115: 01-02 Apr | B115: 200100150109 | C115: BMC Code :2001 | D115: BOREYA | E115: 20010015 | F115: 0109 | G115: 4 | H115: 29.42 | I115: 1177.35 | J115: 0 | K115: 0 | L115: 0 | M115: 0 | N115: 0 | O115: Release1 | P115: 1177 | Q115: Direct | R115: MUSLIM ANSARI | S115: 100723015679 | T115: IBKL063JS69 | U115: 0 | V115: 46116 | W115: 1 | X115: Available | Y115: 01.01-02 Apr | Z115: 8.003739
A116: 01-02 Apr | B116: 200100160002 | C116: BMC Code :2001 | D116: ITA CHILDRI | E116: 20010016 | F116: 0002 | G116: 1 | H116: 3.36 | I116: 136.85 | J116: 0 | K116: 0 | L116: 26.92 | M116: 0 | N116: 0 | O116: 0 | P116: 110 | Q116: Direct | R116: Sanju Devi | S116: 495918210002785 | T116: BKID0004959 | U116: BANK OF INDIA | V116: 45262 | W116: 1 | X116: Available | Y116: 01.01-02 Apr | Z116: 2.0364583
A117: 01-02 Apr | B117: 200100160005 | C117: BMC Code :2001 | D117: ITA CHILDRI | E117: 20010016 | F117: 0005 | G117: 2 | H117: 4.68 | I117: 193.7 | J117: 0 | K117: 0 | L117: 0 | M117: 0 | N117: 0 | O117: 0 | P117: 194 | Q117: Direct | R117: Bachu Devi | S117: 9760000100053337 | T117: PUNB0976000 | U117: PUNJAB NATIONAL BANK | V117: 45334 | W117: 1 | X117: Available | Y117: 01.01-02 Apr | Z117: 4.1388889
A118: 01-02 Apr | B118: 200100160007 | C118: BMC Code :2001 | D118: ITA CHILDRI | E118: 20010016 | F118: 0007 | G118: 1 | H118: 0.94 | I118: 32.93 | J118: 0 | K118: 0 | L118: 0 | M118: 0 | N118: 0 | O118: 0 | P118: 33 | Q118: Direct | R118: Chhotu Mahto | S118: 08030110026458 | T118: UCBA0000803 | U118: UCO BANK | V118: 45334 | W118: 1 | X118: Available | Y118: 01.01-02 Apr | Z118: 1.7515957
A119: 01-02 Apr | B119: 200100160011 | C119: BMC Code :2001 | D119: ITA CHILDRI | E119: 20010016 | F119: 0011 | G119: 1 | H119: 1.15 | I119: 73.95 | J119: 0 | K119: 0 | L119: 0 | M119: 0 | N119: 0 | O119: 0 | P119: 74 | Q119: Direct | R119: Birso Oraon | S119: 495918210002946 | T119: BKID0004959 | U119: BANK OF INDIA | V119: 45360 | W119: 1 | X119: Available | Y119: 01.01-02 Apr | Z119: 3.2152174
A120: 01-02 Apr | B120: 200100160016 | C120: BMC Code :2001 | D120: ITA CHILDRI | E120: 20010016 | F120: 0016 | G120: 2 | H120: 2.55 | I120: 114.4 | J120: 0 | K120: 0 | L120: 0 | M120: 0 | N120: 0 | O120: 0 | P120: 114 | Q120: Direct | R120: Birsi Devi | S120: 495918210002100 | T120: BKID0004959 | U120: BANK OF INDIA | V120: 45360 | W120: 1 | X120: Available | Y120: 01.01-02 Apr | Z120: 4.4862745
A121: 01-02 Apr | B121: 200100160017 | C121: BMC Code :2001 | D121: ITA CHILDRI | E121: 20010016 | F121: 0017 | G121: 2 | H121: 14.47 | I121: 575.18 | J121: 0 | K121: 0 | L121: 0 | M121: 0 | N121: 0 | O121: 0 | P121: 575 | Q121: Direct | R121: ANITA DEVI | S121: 55528100003156 | T121: BARB0BEROXX | U121: BANK OF BARODA | V121: 45360 | W121: 1 | X121: Available | Y121: 01.01-02 Apr | Z121: 3.9749827
A122: 01-02 Apr | B122: 200100160025 | C122: BMC Code :2001 | D122: ITA CHILDRI | E122: 20010016 | F122: 0025 | G122: 2 | H122: 4.44 | I122: 161.66 | J122: 0 | K122: 0 | L122: 0 | M122: 0 | N122: 0 | O122: 0 | P122: 162 | Q122: Direct | R122: Fulmani Devi | S122: 37266854923 | T122: SBIN0012618 | U122: STATE BANK OF INDIA | V122: 45360 | W122: 1 | X122: Available | Y122: 01.01-02 Apr | Z122: 3.640991
A123: 01-02 Apr | B123: 200100160032 | C123: BMC Code :2001 | D123: ITA CHILDRI | E123: 20010016 | F123: 0032 | G123: 2 | H123: 2 | I123: 87.42 | J123: 0 | K123: 0 | L123: 0 | M123: 0 | N123: 0 | O123: 0 | P123: 87 | Q123: Direct | R123: Kalpana Devi | S123: 4895101001180 | T123: CNRB0004895 | U123: CANARA BANK | V123: 27/03/2024 | W123: 1 | X123: Available | Y123: 01.01-02 Apr | Z123: 4.371
A124: 01-02 Apr | B124: 200100160040 | C124: BMC Code :2001 | D124: ITA CHILDRI | E124: 20010016 | F124: 0040 | G124: 2 | H124: 3.64 | I124: 129.66 | J124: 0 | K124: 0 | L124: 0 | M124: 0 | N124: 0 | O124: 0 | P124: 130 | Q124: Direct | R124: Namita Devi | S124: 495918210002308 | T124: BKID0004959 | U124: BANK OF INDIA | V124: 45439 | W124: 1 | X124: Available | Y124: 01.01-02 Apr | Z124: 3.5620879
A125: 01-02 Apr | B125: 200100160043 | C125: BMC Code :2001 | D125: ITA CHILDRI | E125: 20010016 | F125: 0043 | G125: 2 | H125: 4.02 | I125: 164.04 | J125: 0 | K125: 0 | L125: 0 | M125: 0 | N125: 0 | O125: 0 | P125: 164 | Q125: Direct | R125: LALITA DEVI | S125: 495918210003812 | T125: BKID0004959 | U125: BANK OF INDIA | V125: 45481 | W125: 1 | X125: Available | Y125: 01.01-02 Apr | Z125: 4.080597
A126: 01-02 Apr | B126: 200100160065 | C126: BMC Code :2001 | D126: ITA CHILDRI | E126: 20010016 | F126: 0065 | G126: 1 | H126: 0.86 | I126: 46.21 | J126: 0 | K126: 0 | L126: 0 | M126: 0 | N126: 0 | O126: 0 | P126: 46 | Q126: Direct | R126: RUDAWA DEVI | S126: 08030110130780 | T126: UCBA0000803 | U126: 0 | V126: 45978 | W126: 1 | X126: Available | Y126: 01.01-02 Apr | Z126: 2.6866279
A127: 01-02 Apr | B127: 200100170002 | C127: BMC Code :2001 | D127: DIGHIYA | E127: 20010017 | F127: 0002 | G127: 4 | H127: 154.1 | I127: 6150.74 | J127: 0 | K127: 0 | L127: 551.86 | M127: 0 | N127: 0 | O127: 0 | P127: 5599 | Q127: Direct | R127: Suhail Hussain | S127: 9760000100022416 | T127: PUNB0976000 | U127: PUNJAB NATIONAL BANK | V127: 45262 | W127: 1 | X127: Available | Y127: 01.01-02 Apr | Z127: 7.9827904
...

Sheet Bank Details
B1: MPG Code | C1: Farmer Code | D1: I'D | E1: IFSC Code | F1: Bank A/C No | G1: Farmer Name | H1: Amount
B2: 20010001 | C2: 0002 | D2: =CONCATENATE(B2,C2) -> 200100010002 | E2: IDIB000I021 | F2: 7125658980 | G2: AMIT KUMAR TIWARI | H2: =VLOOKUP(B2,'Shayak Income '!$A$3:$L$141,11,0) -> #N/A
B3: 20010002 | C3: 0002 | D3: =CONCATENATE(B3,C3) -> 200100020002 | E3: PUNB0976000 | F3: 9760000100025121 | G3: Ravindra Gope | H3: =VLOOKUP(B3,'Shayak Income '!$A$3:$L$141,11,0) -> #N/A
B4: 20010003 | C4: 0002 | D4: =CONCATENATE(B4,C4) -> 200100030002 | E4: BKID0004959 | F4: 495910110002327 | G4: Ganesh Mahtha | H4: =VLOOKUP(B4,'Shayak Income '!$A$3:$L$141,11,0) -> #N/A
B5: 20010004 | C5: 0002 | D5: =CONCATENATE(B5,C5) -> 200100040002 | E5: HDFC0001470 | F5: 50100185889935 | G5: TETRI DEVI | H5: =VLOOKUP(B5,'Shayak Income '!$A$3:$L$141,11,0) -> #N/A
B6: 20010005 | C6: 0002 | D6: =CONCATENATE(B6,C6) -> 200100050002 | E6: SBIN0014340 | F6: 20421406720 | G6: SAJJAD ANSARI | H6: =VLOOKUP(B6,'Shayak Income '!$A$3:$L$141,11,0) -> #N/A
B7: 20010008 | C7: 0002 | D7: =CONCATENATE(B7,C7) -> 200100080002 | E7: SBIN0RRVCGB | F7: 84029601618 | G7: Vikash Sahu | H7: =VLOOKUP(B7,'Shayak Income '!$A$3:$L$141,11,0) -> #N/A
B8: 20010009 | C8: 0002 | D8: =CONCATENATE(B8,C8) -> 200100090002 | E8: UBIN0535877 | F8: 358702010009142 | G8: BAL KISHORE TIWARI | H8: =VLOOKUP(B8,'Shayak Income '!$A$3:$L$141,11,0) -> #N/A
B9: 20010012 | C9: 0002 | D9: =CONCATENATE(B9,C9) -> 200100120002 | E9: BKID0004943 | F9: 494320110000192 | G9: NASIM ANSARI | H9: =VLOOKUP(B9,'Shayak Income '!$A$3:$L$141,11,0) -> #N/A
B10: 20010013 | C10: 0002 | D10: =CONCATENATE(B10,C10) -> 200100130002 | E10: IDIB000I021 | F10: 621880295 | G10: Aftab Ansari | H10: =VLOOKUP(B10,'Shayak Income '!$A$3:$L$141,11,0) -> #N/A
B11: 20010015 | C11: 0002 | D11: =CONCATENATE(B11,C11) -> 200100150002 | E11: IDIB000I021 | F11: 7172200582 | G11: Tahir Ansari | H11: =VLOOKUP(B11,'Shayak Income '!$A$3:$L$141,11,0) -> #N/A
B12: 20010016 | C12: 0002 | D12: =CONCATENATE(B12,C12) -> 200100160002 | E12: BKID0004959 | F12: 495918210002785 | G12: Sanju Devi | H12: =VLOOKUP(B12,'Shayak Income '!$A$3:$L$141,11,0) -> #N/A
B13: 20010017 | C13: 0002 | D13: =CONCATENATE(B13,C13) -> 200100170002 | E13: PUNB0976000 | F13: 9760000100022416 | G13: Suhail Hussain | H13: =VLOOKUP(B13,'Shayak Income '!$A$3:$L$141,11,0) -> #N/A
... B67: 20020014 | C67: 0002 | D67: =CONCATENATE(B67,C67) -> 200200140002 | E67: CNRB0004904 | F67: 4904101003080 | G67: MAGAN MAHTO | H67: =VLOOKUP(B67,'Shayak Income '!$A$3:$L$141,11,0) -> #N/A
H68: =SUM(H2:H67) -> #N/A | I68: =H68-'Shayak Income '!L142 -> #N/A
