Workbook
Name Account_Details: '[1]Farmer Payment Calc'!$V$2:$V$1048576
Name Amount: '[1]Farmer Payment Calc'!$I$2:$I$1048576
Name CF_Recovery: '[1]Farmer Payment Calc'!$M$2:$M$1048576
Name Code: '[1]Farmer Payment Calc'!$E$2:$E$1048576
Name Net_Amount: '[1]Farmer Payment Calc'!$P$2:$P$1048576
Name Other_Ded: '[1]Farmer Payment Calc'!$J$2:$J$1048576
Name Sample_Milk: '[1]Farmer Payment Calc'!$K$2:$K$1048576
Name Vol_L: '[1]Farmer Payment Calc'!$H$2:$H$1048576

Sheet Sheet2
A3: Sum of Final Amount
A4: Type | B4: MPG Code | C4: Farmer code | D4: Total | G4: Id | H4: Type | I4: MPG Code | J4: Farmer code | K4: Total | L4: Deduction | P4: Type | Q4: MPG Code | R4: Farmer code | S4: Total | T4: Deduction
A5: Direct | B5: 10020027 | C5: 0002 | D5: 3835.3 | G5: =CONCATENATE(I5,J5) -> 100200270002 | H5: Direct | I5: 10020027 | J5: 0002 | K5: 3835.3 | L5: 3835.3 | P5: Indirect | Q5: 10030069 | R5: 0002 | S5: 0.5 | T5: 0.5
A6: Direct | B6: 10060027 | C6: 0012 | D6: 309.75 | G6: =CONCATENATE(I6,J6) -> 100600270012 | H6: Direct | I6: 10060027 | J6: 0012 | K6: 309.75 | L6: 212 | P6: Indirect | Q6: 10110008 | R6: 0002 | S6: 144000 | T6: 144000
A7: Direct | B7: 10060027 | C7: 0080 | D7: 360 | G7: =CONCATENATE(I7,J7) -> 100600270080 | H7: Direct | I7: 10060027 | J7: 0080 | K7: 360 | L7: 360 | P7: Indirect | Q7: 10110153 | R7: 0002 | S7: 1350 | T7: 1350
A8: Direct | B8: 10060027 | C8: 0150 | D8: 500.25 | G8: =CONCATENATE(I8,J8) -> 100600270150 | H8: Direct | I8: 10060027 | J8: 0150 | K8: 500.25 | L8: 500.25 | P8: Indirect | Q8: 10110161 | R8: 0002 | S8: 1350 | T8: 1350
A9: Direct | B9: 10060027 | C9: 0282 | D9: 3600 | G9: =CONCATENATE(I9,J9) -> 100600270282 | H9: Direct | I9: 10060027 | J9: 0282 | K9: 3600 | L9: 3600 | P9: Indirect | Q9: 10110183 | R9: 0002 | S9: 1350 | T9: 1350
A10: Direct | B10: 10060027 | C10: 0294 | D10: 885 | G10: =CONCATENATE(I10,J10) -> 100600270294 | H10: Direct | I10: 10060027 | J10: 0294 | K10: 885 | L10: 749 | P10: Indirect | Q10: 10120010 | R10: 0002 | S10: 2800 | T10: 2800
A11: Direct | B11: 10060027 | C11: 0306 | D11: 346.5 | G11: =CONCATENATE(I11,J11) -> 100600270306 | H11: Direct | I11: 10060027 | J11: 0306 | K11: 346.5 | L11: 346.5 | P11: Indirect | Q11: 10120011 | R11: 0002 | S11: 4650 | T11: 4650
A12: Direct | B12: 10060069 | C12: 0009 | D12: 2700 | G12: =CONCATENATE(I12,J12) -> 100600690009 | H12: Direct | I12: 10060069 | J12: 0009 | K12: 2700 | L12: 2700 | P12: Indirect | Q12: 10120013 | R12: 0002 | S12: 2800 | T12: 2800
A13: Direct | B13: 10060090 | C13: 0018 | D13: 2700 | G13: =CONCATENATE(I13,J13) -> 100600900018 | H13: Direct | I13: 10060090 | J13: 0018 | K13: 2700 | L13: 2700 | P13: Indirect | Q13: 10120022 | R13: 0002 | S13: 640 | T13: 640
A14: Direct | B14: 10110001 | C14: 0002 | D14: 2700 | G14: =CONCATENATE(I14,J14) -> 101100010002 | H14: Direct | I14: 10110001 | J14: 0002 | K14: 2700 | L14: 2700 | P14: Indirect | Q14: 10120049 | R14: 0002 | S14: 3100 | T14: 3100
A15: Direct | B15: 10110021 | C15: 0030 | D15: 2700 | G15: =CONCATENATE(I15,J15) -> 101100210030 | H15: Direct | I15: 10110021 | J15: 0030 | K15: 2700 | L15: 2700 | P15: Indirect | Q15: 10130005 | R15: 0002 | S15: 1400 | T15: 1400
A16: Direct | B16: 10110076 | C16: 0004 | D16: 9100 | G16: =CONCATENATE(I16,J16) -> 101100760004 | H16: Direct | I16: 10110076 | J16: 0004 | K16: 9100 | L16: 9100 | P16: Indirect | Q16: 10130018 | R16: 0002 | S16: 1400 | T16: 1400
... A25: Direct | B25: 10120007 | C25: 0014 | D25: 588 | G25: =CONCATENATE(I25,J25) -> 101200070014 | H25: Direct | I25: 10120007 | J25: 0014 | K25: 588 | L25: 588 | P25: Indirect | Q25: 10660010 | R25: 0010 | S25: 1001 | T25: 1001
A26: Direct | B26: 10120007 | C26: 0038 | D26: 1400 | G26: =CONCATENATE(I26,J26) -> 101200070038 | H26: Direct | I26: 10120007 | J26: 0038 | K26: 1400 | L26: 1400 | P26: Indirect Total | S26: 203223.5 | T26: =SUM(T5:T25) -> 203223.5
A27: Direct | B27: 10120007 | C27: 0079 | D27: 347 | G27: =CONCATENATE(I27,J27) -> 101200070079 | H27: Direct | I27: 10120007 | J27: 0079 | K27: 347 | L27: 347
A28: Direct | B28: 10120007 | C28: 0105 | D28: 1400 | G28: =CONCATENATE(I28,J28) -> 101200070105 | H28: Direct | I28: 10120007 | J28: 0105 | K28: 1400 | L28: 1400
A29: Direct | B29: 10120007 | C29: 0107 | D29: 1400 | G29: =CONCATENATE(I29,J29) -> 101200070107 | H29: Direct | I29: 10120007 | J29: 0107 | K29: 1400 | L29: 1400
A30: Direct | B30: 10120007 | C30: 0127 | D30: 1400 | G30: =CONCATENATE(I30,J30) -> 101200070127 | H30: Direct | I30: 10120007 | J30: 0127 | K30: 1400 | L30: 1166
A31: Direct | B31: 10120007 | C31: 0149 | D31: 1400 | G31: =CONCATENATE(I31,J31) -> 101200070149 | H31: Direct | I31: 10120007 | J31: 0149 | K31: 1400 | L31: 1305
A32: Direct | B32: 10120017 | C32: 0002 | D32: 9148 | G32: =CONCATENATE(I32,J32) -> 101200170002 | H32: Direct | I32: 10120017 | J32: 0002 | K32: 9148 | L32: 9148
A33: Direct | B33: 10120031 | C33: 0002 | D33: 2800 | G33: =CONCATENATE(I33,J33) -> 101200310002 | H33: Direct | I33: 10120031 | J33: 0002 | K33: 2800 | L33: 2800
A34: Direct | B34: 10120034 | C34: 0002 | D34: 4200 | G34: =CONCATENATE(I34,J34) -> 101200340002 | H34: Direct | I34: 10120034 | J34: 0002 | K34: 4200 | L34: 1483
A35: Direct | B35: 10120052 | C35: 0002 | D35: 2800 | G35: =CONCATENATE(I35,J35) -> 101200520002 | H35: Direct | I35: 10120052 | J35: 0002 | K35: 2800 | L35: 2800
A36: Direct | B36: 10120089 | C36: 0002 | D36: 1400 | G36: =CONCATENATE(I36,J36) -> 101200890002 | H36: Direct | I36: 10120089 | J36: 0002 | K36: 1400 | L36: 1400
A37: Direct | B37: 10120094 | C37: 0002 | D37: 7000 | G37: =CONCATENATE(I37,J37) -> 101200940002 | H37: Direct | I37: 10120094 | J37: 0002 | K37: 7000 | L37: 5077
A38: Direct | B38: 10120104 | C38: 0002 | D38: 1400 | G38: =CONCATENATE(I38,J38) -> 101201040002 | H38: Direct | I38: 10120104 | J38: 0002 | K38: 1400 | L38: 1400
... A157: Direct | B157: 10660028 | C157: 0002 | D157: 2590 | G157: =CONCATENATE(I157,J157) -> 106600280002 | H157: Direct | I157: 10660028 | J157: 0002 | K157: 2590 | L157: 2590
A158: Direct Total | D158: 342671.09 | G158: Direct Total | K158: 342671.09 | L158: =SUM(L5:L157) -> 293456.8
A159: Indirect | B159: 10030069 | C159: 0002 | D159: 0.5
A160: Indirect | B160: 10110008 | C160: 0002 | D160: 144000
A161: Indirect | B161: 10110153 | C161: 0002 | D161: 1350
A162: Indirect | B162: 10110161 | C162: 0002 | D162: 1350
A163: Indirect | B163: 10110183 | C163: 0002 | D163: 1350
A164: Indirect | B164: 10120010 | C164: 0002 | D164: 2800
A165: Indirect | B165: 10120011 | C165: 0002 | D165: 4650
A166: Indirect | B166: 10120013 | C166: 0002 | D166: 2800
A167: Indirect | B167: 10120022 | C167: 0002 | D167: 640
A168: Indirect | B168: 10120049 | C168: 0002 | D168: 3100
A169: Indirect | B169: 10130005 | C169: 0002 | D169: 1400
A170: Indirect | B170: 10130018 | C170: 0002 | D170: 1400
... A179: Indirect | B179: 10660010 | C179: 0010 | D179: 1001
A180: Indirect Total | D180: 203223.5
A181: (blank) | B181: 10660094 | C181: 0094 | D181: 1400
A182: (blank) Total | D182: 1400
A183: Grand Total | D183: 547294.59

Sheet Indent
A1: Timestamp | B1: User Name | C1: Order Date | D1: Deduction Cycle | E1: Item Name | F1: ID | G1: MPG Code | H1: Type | I1: MPG Name | J1: Farmer code | K1: BMC Name | L1: CSP | M1: Qty | N1: Rate | O1: Total Amount | P1: Other Due Amt | Q1: Total Amount (Proposed) | R1: Final Qty | S1: Final Amount | T1: Milk Amonnt | U1: Deduction | V1: Remarks
A2: 46235.45 | B2: Bittu kumar | C2: 46235 | D2: 31-07-2026 to 06-08-2026 | E2: Gold 50 Kg | F2: =CONCATENATE(Table7[[#This Row],[MPG Code]],Table7[[#This Row],[Farmer code]]) -> 101100760004 | G2: 10110076 | H2: Direct | I2: GOMUKH SRINAGAR | J2: 0004 | K2: Sahibpur Kamal | L2: Daya Society | M2: 7 | N2: 1300 | O2: 9100 | P2: 0 | Q2: 9100 | R2: 7 | S2: 9100 | U2: 9100
A3: 46235.45 | B3: Bittu kumar | C3: 46235 | D3: 31-07-2026 to 06-08-2026 | E3: Gold 50 Kg | F3: =CONCATENATE(Table7[[#This Row],[MPG Code]],Table7[[#This Row],[Farmer code]]) -> 101100760008 | G3: 10110076 | H3: Direct | I3: GOMUKH SRINAGAR | J3: 0008 | K3: Sahibpur Kamal | L3: Daya Society | M3: 8 | N3: 1300 | O3: 10400 | P3: 0 | Q3: 10400 | R3: 8 | S3: 10400 | U3: 10400 | V3: all code se | X3: =Table7[[#This Row],[Final Amount]]-Table7[[#This Row],[Deduction]] -> 0
A4: 46235.453 | B4: Bittu kumar | C4: 46235 | D4: 31-07-2026 to 06-08-2026 | E4: Gold 50 Kg | F4: =CONCATENATE(Table7[[#This Row],[MPG Code]],Table7[[#This Row],[Farmer code]]) -> 101100860002 | G4: 10110086 | H4: Direct | I4: Gomukh Durgapur | J4: 0002 | K4: Sahibpur Kamal | L4: Daya Society | M4: 9 | N4: 1350 | O4: 12150 | P4: 0 | Q4: 12150 | R4: 9 | S4: 12150 | U4: 8637 | V4: all code se | X4: =Table7[[#This Row],[Final Amount]]-Table7[[#This Row],[Deduction]] -> 3513
A5: 46236.395 | B5: Saroj kumar | C5: 46236 | D5: 31-07-2026 to 06-08-2026 | E5: Gold 50 Kg | F5: =CONCATENATE(Table7[[#This Row],[MPG Code]],Table7[[#This Row],[Farmer code]]) -> 106100180018 | G5: 10610018 | H5: Direct | I5: GOMUKH SUPOLTARIYA | J5: 0018 | K5: Mahua BMC | L5: Daya Society | M5: 0 | N5: 1376 | O5: 0 | P5: 1376 | Q5: 1376 | R5: 0 | S5: 1376 | U5: 1319
A6: 46237.994 | B6: Saroj kumar | C6: 46237 | D6: 31-07-2026 to 06-08-2026 | E6: Gold 50 Kg | F6: =CONCATENATE(Table7[[#This Row],[MPG Code]],Table7[[#This Row],[Farmer code]]) -> 106100090079 | G6: 10610009 | H6: Direct | I6: GOMUKH Khanpatti | J6: 0079 | K6: Mahua BMC | L6: Daya Society | M6: 0 | N6: 1400 | O6: 0 | P6: 0 | Q6: 0 | R6: 0 | S6: 0 | U6: 0
A7: 46239.492 | B7: Bittu kumar | C7: 46239 | D7: 31-07-2026 to 06-08-2026 | E7: Gold 50 Kg | F7: =CONCATENATE(Table7[[#This Row],[MPG Code]],Table7[[#This Row],[Farmer code]]) -> 104300010002 | G7: 10430001 | H7: Direct | I7: Gomukh Bariyarpur | J7: 0002 | K7: Sahibpur Kamal | L7: Daya Society | M7: 1 | N7: 1350 | O7: 1350 | P7: 0 | Q7: 1350 | R7: 1 | S7: 1350 | U7: 0
A8: 46239.493 | B8: Bittu kumar | C8: 46239 | D8: 31-07-2026 to 06-08-2026 | E8: Gold 50 Kg | F8: =CONCATENATE(Table7[[#This Row],[MPG Code]],Table7[[#This Row],[Farmer code]]) -> 101101680002 | G8: 10110168 | H8: Direct | I8: GOMUKH BARBIGHI | J8: 0002 | K8: Sahibpur Kamal | L8: Daya Society | M8: 8 | N8: 1350 | O8: 10800 | P8: 0 | Q8: 10800 | R8: 8 | S8: 10800 | U8: 10800 | V8: 2 all code se | X8: =Table7[[#This Row],[Final Amount]]-Table7[[#This Row],[Deduction]] -> 0
A9: 46239.493 | B9: Bittu kumar | C9: 46239 | D9: 31-07-2026 to 06-08-2026 | E9: Gold 50 Kg | F9: =CONCATENATE(Table7[[#This Row],[MPG Code]],Table7[[#This Row],[Farmer code]]) -> 101100210030 | G9: 10110021 | H9: Direct | I9: GOMUKH Mathar | J9: 0030 | K9: Sahibpur Kamal | L9: Daya Society | M9: 2 | N9: 1350 | O9: 2700 | P9: 0 | Q9: 2700 | R9: 2 | S9: 2700 | U9: 2700
A10: 46240.385 | B10: Kunal Kumar | C10: 46240 | D10: 31-07-2026 to 06-08-2026 | E10: Gold 50 Kg | F10: =CONCATENATE(Table7[[#This Row],[MPG Code]],Table7[[#This Row],[Farmer code]]) -> 105900120002 | G10: 10590012 | H10: Direct | I10: LAKHAPUR | J10: 0002 | K10: Gopalpur Bmc | L10: Daya Society | M10: 1 | N10: 1350 | O10: =Table7[[#This Row],[Rate]]*Table7[[#This Row],[Qty]] -> 1350 | P10: 0 | Q10: =Table7[[#This Row],[Rate]]*Table7[[#This Row],[Qty]] -> 1350 | R10: 1 | S10: =Table7[[#This Row],[Rate]]*Table7[[#This Row],[Qty]] -> 1350 | U10: 1350
A11: 46240.386 | B11: Kunal Kumar | C11: 46240 | D11: 31-07-2026 to 06-08-2026 | E11: Gold 50 Kg | F11: =CONCATENATE(Table7[[#This Row],[MPG Code]],Table7[[#This Row],[Farmer code]]) -> 105900040009 | G11: 10590004 | H11: Direct | I11: PRATAPUR | J11: 0009 | K11: Gopalpur Bmc | L11: Daya Society | M11: 5 | N11: 1350 | O11: =Table7[[#This Row],[Rate]]*Table7[[#This Row],[Qty]] -> 6750 | P11: 0 | Q11: =Table7[[#This Row],[Rate]]*Table7[[#This Row],[Qty]] -> 6750 | R11: 5 | S11: =Table7[[#This Row],[Rate]]*Table7[[#This Row],[Qty]] -> 6750 | U11: 6750
A12: 46240.387 | B12: Kunal Kumar | C12: 46240 | D12: 31-07-2026 to 06-08-2026 | E12: Gold 50 Kg | F12: =CONCATENATE(Table7[[#This Row],[MPG Code]],Table7[[#This Row],[Farmer code]]) -> 105900010002 | G12: 10590001 | H12: Direct | I12: MISHRBIGHA | J12: 0002 | K12: Gopalpur Bmc | L12: Daya Society | M12: 3 | N12: 1350 | O12: =Table7[[#This Row],[Rate]]*Table7[[#This Row],[Qty]] -> 4050 | P12: 0 | Q12: =Table7[[#This Row],[Rate]]*Table7[[#This Row],[Qty]] -> 4050 | R12: 3 | S12: =Table7[[#This Row],[Rate]]*Table7[[#This Row],[Qty]] -> 4050 | U12: 4050
A13: 46240.388 | B13: Kunal Kumar | C13: 46240 | D13: 31-07-2026 to 06-08-2026 | E13: Gold 50 Kg | F13: =CONCATENATE(Table7[[#This Row],[MPG Code]],Table7[[#This Row],[Farmer code]]) -> 100600690009 | G13: 10060069 | H13: Direct | I13: BHANDAR | J13: 0009 | K13: Gopalpur Bmc | L13: Daya Society | M13: 2 | N13: 1350 | O13: =Table7[[#This Row],[Rate]]*Table7[[#This Row],[Qty]] -> 2700 | P13: 0 | Q13: =Table7[[#This Row],[Rate]]*Table7[[#This Row],[Qty]] -> 2700 | R13: 2 | S13: =Table7[[#This Row],[Rate]]*Table7[[#This Row],[Qty]] -> 2700 | U13: 2700
A14: 46240.389 | B14: Kunal Kumar | C14: 46240 | D14: 31-07-2026 to 06-08-2026 | E14: Gold 50 Kg | F14: =CONCATENATE(Table7[[#This Row],[MPG Code]],Table7[[#This Row],[Farmer code]]) -> 100600900018 | G14: 10060090 | H14: Direct | I14: SANGRAMPUR | J14: 0018 | K14: Gopalpur Bmc | L14: Daya Society | M14: 2 | N14: 1350 | O14: =Table7[[#This Row],[Rate]]*Table7[[#This Row],[Qty]] -> 2700 | P14: 0 | Q14: =Table7[[#This Row],[Rate]]*Table7[[#This Row],[Qty]] -> 2700 | R14: 2 | S14: =Table7[[#This Row],[Rate]]*Table7[[#This Row],[Qty]] -> 2700 | U14: 2700
A15: 46240.389 | B15: Kunal Kumar | C15: 46240 | D15: 31-07-2026 to 06-08-2026 | E15: Gold 50 Kg | F15: =CONCATENATE(Table7[[#This Row],[MPG Code]],Table7[[#This Row],[Farmer code]]) -> 105900090002 | G15: 10590009 | H15: Direct | I15: LAKHANPUR | J15: 0002 | K15: Gopalpur Bmc | L15: Daya Society | M15: 2 | N15: 1350 | O15: =Table7[[#This Row],[Rate]]*Table7[[#This Row],[Qty]] -> 2700 | P15: 0 | Q15: =Table7[[#This Row],[Rate]]*Table7[[#This Row],[Qty]] -> 2700 | R15: 2 | S15: =Table7[[#This Row],[Rate]]*Table7[[#This Row],[Qty]] -> 2700 | U15: 2700
A16: 46240.39 | B16: Kunal Kumar | C16: 46240 | D16: 31-07-2026 to 06-08-2026 | E16: Gold 50 Kg | F16: =CONCATENATE(Table7[[#This Row],[MPG Code]],Table7[[#This Row],[Farmer code]]) -> 105900130002 | G16: 10590013 | H16: Direct | I16: BARIYARPUR | J16: 0002 | K16: Gopalpur Bmc | L16: Daya Society | M16: 1 | N16: 1350 | O16: =Table7[[#This Row],[Rate]]*Table7[[#This Row],[Qty]] -> 1350 | P16: 0 | Q16: =Table7[[#This Row],[Rate]]*Table7[[#This Row],[Qty]] -> 1350 | R16: 1 | S16: =Table7[[#This Row],[Rate]]*Table7[[#This Row],[Qty]] -> 1350 | U16: 1350
A17: 46240.433 | B17: Saroj kumar | C17: 46240 | D17: 31-07-2026 to 06-08-2026 | E17: Buff Spl 50 Kg | F17: =CONCATENATE(Table7[[#This Row],[MPG Code]],Table7[[#This Row],[Farmer code]]) -> 106100050002 | G17: 10610005 | H17: Direct | I17: Gomukh Paharpur | J17: 0002 | K17: Mahua BMC | L17: Daya Society | M17: 2 | N17: 1550 | O17: 3100 | P17: 0 | Q17: 3100 | R17: 2 | S17: 3100 | U17: 3100
A18: 46240.482 | B18: Saroj kumar | C18: 46240 | D18: 31-07-2026 to 06-08-2026 | E18: Gold 50 Kg | F18: =CONCATENATE(Table7[[#This Row],[MPG Code]],Table7[[#This Row],[Farmer code]]) -> 106100180002 | G18: 10610018 | H18: Direct | I18: GOMUKH SUPOLTARIYA | J18: 0002 | K18: Mahua BMC | L18: Daya Society | M18: 4 | N18: 1400 | O18: 5600 | P18: 0 | Q18: 5600 | R18: 4 | S18: 5600 | U18: 5600
A19: 46240.482 | B19: Saroj kumar | C19: 46240 | D19: 31-07-2026 to 06-08-2026 | E19: Gold 50 Kg | F19: =CONCATENATE(Table7[[#This Row],[MPG Code]],Table7[[#This Row],[Farmer code]]) -> 106100180006 | G19: 10610018 | H19: Direct | I19: GOMUKH SUPOLTARIYA | J19: 0006 | K19: Mahua BMC | L19: Daya Society | M19: 1 | N19: 1400 | O19: 1400 | P19: 0 | Q19: 1400 | R19: 1 | S19: 1400 | U19: 1238
A20: 46241.562 | B20: Mithun Kumar | C20: 46241 | D20: 31-07-2026 to 06-08-2026 | E20: Gold 50 Kg | F20: =CONCATENATE(Table7[[#This Row],[MPG Code]],Table7[[#This Row],[Farmer code]]) -> 101200520002 | G20: 10120052 | H20: Direct | I20: Mordiba | J20: 0002 | K20: DalsinghSarai | L20: Daya Society | M20: 2 | N20: 1400 | O20: 2800 | P20: 0 | Q20: 2800 | R20: 2 | S20: 2800 | U20: 2800 | V20: 2 and unregistered farmer code | X20: =Table7[[#This Row],[Final Amount]]-Table7[[#This Row],[Deduction]] -> 0
A21: 46241.563 | B21: Mithun Kumar | C21: 46241 | D21: 31-07-2026 to 06-08-2026 | E21: Gold 50 Kg | F21: =CONCATENATE(Table7[[#This Row],[MPG Code]],Table7[[#This Row],[Farmer code]]) -> 101200310002 | G21: 10120031 | H21: Direct | I21: DESUA | J21: 0002 | K21: DalsinghSarai | L21: Daya Society | M21: 2 | N21: 1400 | O21: 2800 | P21: 0 | Q21: 2800 | R21: 2 | S21: 2800 | U21: 2800 | V21: 2 and unregistered farmer code | X21: =Table7[[#This Row],[Final Amount]]-Table7[[#This Row],[Deduction]] -> 0
A22: 46241.564 | B22: Mithun Kumar | C22: 46241 | D22: 31-07-2026 to 06-08-2026 | E22: Gold 50 Kg | F22: =CONCATENATE(Table7[[#This Row],[MPG Code]],Table7[[#This Row],[Farmer code]]) -> 101200890002 | G22: 10120089 | H22: Direct | I22: Gomukh Jhaura Tabhka | J22: 0002 | K22: DalsinghSarai | L22: Daya Society | M22: 1 | N22: 1400 | O22: 1400 | P22: 0 | Q22: 1400 | R22: 1 | S22: 1400 | U22: 1400
A23: 46241.564 | B23: Mithun Kumar | C23: 46241 | D23: 31-07-2026 to 06-08-2026 | E23: Gold 50 Kg | F23: =CONCATENATE(Table7[[#This Row],[MPG Code]],Table7[[#This Row],[Farmer code]]) -> 101201040002 | G23: 10120104 | H23: Direct | I23: Gomukh Mordiwa East | J23: 0002 | K23: DalsinghSarai | L23: Daya Society | M23: 1 | N23: 1400 | O23: 1400 | P23: 0 | Q23: 1400 | R23: 1 | S23: 1400 | U23: 1400
A24: 46241.948 | B24: Mukesh kumar | C24: 46241 | D24: 31-07-2026 to 06-08-2026 | E24: Gold 50 Kg | F24: =CONCATENATE(Table7[[#This Row],[MPG Code]],Table7[[#This Row],[Farmer code]]) -> 101101240009 | G24: 10110124 | H24: Direct | I24: GOMUKH ASHRAPHA DIYARA | J24: 0009 | K24: Matihani | L24: Daya Society | M24: 1 | N24: 1400 | O24: 1400 | P24: 0 | Q24: 1400 | R24: 1 | S24: 1400 | U24: 1400
A25: 46241.949 | B25: Mukesh kumar | C25: 46241 | D25: 31-07-2026 to 06-08-2026 | E25: Gold 50 Kg | F25: =CONCATENATE(Table7[[#This Row],[MPG Code]],Table7[[#This Row],[Farmer code]]) -> 101100010002 | G25: 10110001 | H25: Direct | I25: Gomukh Mahendrapur | J25: 0002 | K25: Matihani | L25: Daya Society | M25: 2 | N25: 1350 | O25: 2700 | P25: 0 | Q25: 2700 | R25: 2 | S25: 2700 | U25: 2700
A26: 46242.283 | B26: RAMJEEVAN SHANDILYA | C26: 46242 | D26: 31-07-2026 to 06-08-2026 | E26: Buff Spl 50 Kg | F26: =CONCATENATE(Table7[[#This Row],[MPG Code]],Table7[[#This Row],[Farmer code]]) -> 105301030006 | G26: 10530103 | H26: Direct | I26: GOMUKH JHAHURI | J26: 0006 | K26: Kalyanpur | L26: Daya Society | M26: 1 | N26: 1550 | O26: 1550 | P26: 0 | Q26: 1550 | R26: 1 | S26: 1550 | U26: 1550
A27: 46242.283 | B27: RAMJEEVAN SHANDILYA | C27: 46242 | D27: 31-07-2026 to 06-08-2026 | E27: Buff Spl 50 Kg | F27: =CONCATENATE(Table7[[#This Row],[MPG Code]],Table7[[#This Row],[Farmer code]]) -> 105301030030 | G27: 10530103 | H27: Direct | I27: GOMUKH JHAHURI | J27: 0030 | K27: Kalyanpur | L27: Daya Society | M27: 2 | N27: 1550 | O27: 3100 | P27: 0 | Q27: 3100 | R27: 2 | S27: 3100 | U27: 3100
A28: 46242.284 | B28: RAMJEEVAN SHANDILYA | C28: 46242 | D28: 31-07-2026 to 06-08-2026 | E28: Buff Spl 50 Kg | F28: =CONCATENATE(Table7[[#This Row],[MPG Code]],Table7[[#This Row],[Farmer code]]) -> 105301030002 | G28: 10530103 | H28: Direct | I28: GOMUKH JHAHURI | J28: 0002 | K28: Kalyanpur | L28: Daya Society | M28: 4 | N28: 1550 | O28: 6200 | P28: 0 | Q28: 6200 | R28: 4 | S28: 6200 | U28: 6200
A29: 46242.284 | B29: RAMJEEVAN SHANDILYA | C29: 46242 | D29: 31-07-2026 to 06-08-2026 | E29: Buff Spl 50 Kg | F29: =CONCATENATE(Table7[[#This Row],[MPG Code]],Table7[[#This Row],[Farmer code]]) -> 105301030004 | G29: 10530103 | H29: Direct | I29: GOMUKH JHAHURI | J29: 0004 | K29: Kalyanpur | L29: Daya Society | M29: 3 | N29: 1550 | O29: 4650 | P29: 0 | Q29: 4650 | R29: 3 | S29: 4650 | U29: 4650
A30: 46242.284 | B30: RAMJEEVAN SHANDILYA | C30: 46242 | D30: 31-07-2026 to 06-08-2026 | E30: Buff Spl 50 Kg | F30: =CONCATENATE(Table7[[#This Row],[MPG Code]],Table7[[#This Row],[Farmer code]]) -> 105300760038 | G30: 10530076 | H30: Direct | I30: GOMUKH Madanpur W-3 | J30: 0038 | K30: Kalyanpur | L30: Daya Society | M30: 1 | N30: 1550 | O30: 1550 | P30: 0 | Q30: 1550 | R30: 1 | S30: 1550 | U30: 1550
A31: 46242.285 | B31: RAMJEEVAN SHANDILYA | C31: 46242 | D31: 31-07-2026 to 06-08-2026 | E31: Buff Spl 50 Kg | F31: =CONCATENATE(Table7[[#This Row],[MPG Code]],Table7[[#This Row],[Farmer code]]) -> 105300760003 | G31: 10530076 | H31: Direct | I31: GOMUKH Madanpur W-3 | J31: 0003 | K31: Kalyanpur | L31: Daya Society | M31: 1 | N31: 1550 | O31: 1550 | P31: 0 | Q31: 1550 | R31: 1 | S31: 1550 | U31: 1550
A32: 46242.285 | B32: RAMJEEVAN SHANDILYA | C32: 46242 | D32: 31-07-2026 to 06-08-2026 | E32: Bestmin Gold 6 KG | F32: =CONCATENATE(Table7[[#This Row],[MPG Code]],Table7[[#This Row],[Farmer code]]) -> 105300760002 | G32: 10530076 | H32: Direct | I32: GOMUKH Madanpur W-3 | J32: 0002 | K32: Kalyanpur | L32: Daya Society | M32: 1 | N32: 1238 | O32: 1238 | P32: 0 | Q32: 1238 | R32: 1 | S32: 1238 | U32: 1238
A33: 46242.286 | B33: RAMJEEVAN SHANDILYA | C33: 46242 | D33: 31-07-2026 to 06-08-2026 | E33: Bestmin Gold 6 KG | F33: =CONCATENATE(Table7[[#This Row],[MPG Code]],Table7[[#This Row],[Farmer code]]) -> 105300760023 | G33: 10530076 | H33: Direct | I33: GOMUKH Madanpur W-3 | J33: 0023 | K33: Kalyanpur | L33: Daya Society | M33: 1 | N33: 1238 | O33: 1238 | P33: 0 | Q33: 1238 | R33: 1 | S33: 1238 | U33: 1238
... A49: 46242.299 | B49: RAMJEEVAN SHANDILYA | C49: 46242 | D49: 31-07-2026 to 06-08-2026 | E49: Liveferol 500 ml | F49: =CONCATENATE(Table7[[#This Row],[MPG Code]],Table7[[#This Row],[Farmer code]]) -> 105300350097 | G49: 10530035 | H49: Direct | I49: Gomukh Birauli Khurd | J49: 0097 | K49: Kalyanpur | L49: Daya Society | M49: 1 | N49: 165 | O49: 165 | P49: 0 | Q49: 165 | R49: 1 | S49: 165 | U49: 0
A50: 46242.301 | B50: ANSHU KUMAR | C50: 46242 | D50: 31-07-2026 to 06-08-2026 | E50: Gold 50 Kg | F50: =CONCATENATE(Table7[[#This Row],[MPG Code]],Table7[[#This Row],[Farmer code]]) -> 101201220002 | G50: 10120122 | H50: Direct | I50: GOMUKH BHASINGPUR | J50: 0002 | K50: DalsinghSarai | L50: Daya Society | M50: 0 | N50: 1400 | O50: 0 | P50: 6892 | Q50: 6892 | R50: 0 | S50: 6892 | U50: 6892 | V50: (oll coood 💯%Dedection | X50: =Table7[[#This Row],[Final Amount]]-Table7[[#This Row],[Deduction]] -> 0
A51: 46242.303 | B51: ANSHU KUMAR | C51: 46242 | D51: 31-07-2026 to 06-08-2026 | E51: Gold 50 Kg | F51: =CONCATENATE(Table7[[#This Row],[MPG Code]],Table7[[#This Row],[Farmer code]]) -> 101201220002 | G51: 10120122 | H51: Direct | I51: GOMUKH BHASINGPUR | J51: 0002 | K51: DalsinghSarai | L51: Daya Society | M51: 3 | N51: 1400 | O51: 4200 | P51: 0 | Q51: 4200 | R51: 3 | S51: 4200 | U51: 4200 | V51: 0002(oll cood) | X51: =Table7[[#This Row],[Final Amount]]-Table7[[#This Row],[Deduction]] -> 0
A52: 46242.303 | B52: ANSHU KUMAR | C52: 46242 | D52: 31-07-2026 to 06-08-2026 | E52: Gold 50 Kg | F52: =CONCATENATE(Table7[[#This Row],[MPG Code]],Table7[[#This Row],[Farmer code]]) -> 101200170002 | G52: 10120017 | H52: Direct | I52: Gomukh Dumduma | J52: 0002 | K52: DalsinghSarai | L52: Daya Society | M52: 0 | N52: 1400 | O52: 0 | P52: 1398 | Q52: 1398 | R52: 0 | S52: 1398 | U52: 1398 | V52: 0002(oll cood) | X52: =Table7[[#This Row],[Final Amount]]-Table7[[#This Row],[Deduction]] -> 0
A53: 46242.304 | B53: ANSHU KUMAR | C53: 46242 | D53: 31-07-2026 to 06-08-2026 | E53: Gold 50 Kg | F53: =CONCATENATE(Table7[[#This Row],[MPG Code]],Table7[[#This Row],[Farmer code]]) -> 101200340002 | G53: 10120034 | H53: Direct | I53: Matior | J53: 0002 | K53: DalsinghSarai | L53: Daya Society | M53: 0 | N53: 1400 | O53: 0 | P53: 4200 | Q53: 4200 | R53: 0 | S53: 4200 | U53: 4200 | V53: 0002(oll cood defection | X53: =Table7[[#This Row],[Final Amount]]-Table7[[#This Row],[Deduction]] -> 0
A54: 46242.304 | B54: RAMJEEVAN SHANDILYA | C54: 46242 | D54: 31-07-2026 to 06-08-2026 | E54: Liveferol 1LTR | F54: =CONCATENATE(Table7[[#This Row],[MPG Code]],Table7[[#This Row],[Farmer code]]) -> 105300350013 | G54: 10530035 | H54: Direct | I54: Gomukh Birauli Khurd | J54: 0013 | K54: Kalyanpur | L54: Daya Society | M54: 1 | N54: 259 | O54: 259 | P54: 0 | Q54: 259 | R54: 1 | S54: 259 | U54: 259
A55: 46242.304 | B55: ANSHU KUMAR | C55: 46242 | D55: 31-07-2026 to 06-08-2026 | E55: Gold 50 Kg | F55: =CONCATENATE(Table7[[#This Row],[MPG Code]],Table7[[#This Row],[Farmer code]]) -> 101201200002 | G55: 10120120 | H55: Direct | I55: GOMUKH BALTHARA | J55: 0002 | K55: DalsinghSarai | L55: Daya Society | M55: 5 | N55: 1400 | O55: 7000 | P55: 0 | Q55: 7000 | R55: 5 | S55: 7000 | U55: 7000 | V55: 0002(an rajister farmer | X55: =Table7[[#This Row],[Final Amount]]-Table7[[#This Row],[Deduction]] -> 0
A56: 46242.305 | B56: ANSHU KUMAR | C56: 46242 | D56: 31-07-2026 to 06-08-2026 | E56: Buff Spl 50 Kg | F56: =CONCATENATE(Table7[[#This Row],[MPG Code]],Table7[[#This Row],[Farmer code]]) -> 101201220002 | G56: 10120122 | H56: Direct | I56: GOMUKH BHASINGPUR | J56: 0002 | K56: DalsinghSarai | L56: Daya Society | M56: 2 | N56: 1550 | O56: 3100 | P56: 0 | Q56: 3100 | R56: 2 | S56: 3100 | U56: 0
A57: 46242.305 | B57: ANSHU KUMAR | C57: 46242 | D57: 31-07-2026 to 06-08-2026 | E57: Buff Spl 50 Kg | F57: =CONCATENATE(Table7[[#This Row],[MPG Code]],Table7[[#This Row],[Farmer code]]) -> 101200170002 | G57: 10120017 | H57: Direct | I57: Gomukh Dumduma | J57: 0002 | K57: DalsinghSarai | L57: Daya Society | M57: 5 | N57: 1550 | O57: 7750 | P57: 0 | Q57: 7750 | R57: 5 | S57: 7750 | U57: 7750 | V57: 0002(oll cood) | X57: =Table7[[#This Row],[Final Amount]]-Table7[[#This Row],[Deduction]] -> 0
A58: 46242.307 | B58: ANSHU KUMAR | C58: 46242 | D58: 31-07-2026 to 06-08-2026 | E58: Gold 50 Kg | F58: =CONCATENATE(Table7[[#This Row],[MPG Code]],Table7[[#This Row],[Farmer code]]) -> 101200940002 | G58: 10120094 | H58: Direct | I58: Gomukh Bochaha | J58: 0002 | K58: DalsinghSarai | L58: Daya Society | M58: 5 | N58: 1400 | O58: 7000 | P58: 0 | Q58: 7000 | R58: 5 | S58: 7000 | U58: 7000 | V58: 0002(An rajister) | X58: =Table7[[#This Row],[Final Amount]]-Table7[[#This Row],[Deduction]] -> 0
A59: 46242.307 | B59: Balram Kumar | C59: 46242 | D59: 31-07-2026 to 06-08-2026 | E59: Gold 50 Kg | F59: =CONCATENATE(Table7[[#This Row],[MPG Code]],Table7[[#This Row],[Farmer code]]) -> 105300080002 | G59: 10530008 | H59: Direct | I59: Gomukh Patsara | J59: 0002 | K59: Kalyanpur | L59: Kalyanpur | M59: 3 | N59: 1400 | O59: 4200 | P59: 0 | Q59: 4200 | R59: 3 | S59: 4200 | U59: 4200
A60: 46242.308 | B60: Balram Kumar | C60: 46242 | D60: 31-07-2026 to 06-08-2026 | E60: Gold 50 Kg | F60: =CONCATENATE(Table7[[#This Row],[MPG Code]],Table7[[#This Row],[Farmer code]]) -> 105300080020 | G60: 10530008 | H60: Direct | I60: Gomukh Patsara | J60: 0020 | K60: Kalyanpur | L60: Kalyanpur | M60: 3 | N60: 1400 | O60: 4200 | P60: 0 | Q60: 4200 | R60: 3 | S60: 4200 | U60: 4200
A61: 46242.308 | B61: Balram Kumar | C61: 46242 | D61: 31-07-2026 to 06-08-2026 | E61: Gold 50 Kg | F61: =CONCATENATE(Table7[[#This Row],[MPG Code]],Table7[[#This Row],[Farmer code]]) -> 105300080006 | G61: 10530008 | H61: Direct | I61: Gomukh Patsara | J61: 0006 | K61: Kalyanpur | L61: Kalyanpur | M61: 0 | N61: 1400 | O61: 0 | P61: 44 | Q61: 44 | R61: 0 | S61: 44 | U61: 44
A62: 46242.308 | B62: ANSHU KUMAR | C62: 46242 | D62: 31-07-2026 to 06-08-2026 | E62: Gold 50 Kg | F62: =CONCATENATE(Table7[[#This Row],[MPG Code]],Table7[[#This Row],[Farmer code]]) -> 101200070107 | G62: 10120007 | H62: Direct | I62: ARMAULI-2 | J62: 0107 | K62: DalsinghSarai | L62: Daya Society | M62: 1 | N62: 1400 | O62: 1400 | P62: 0 | Q62: 1400 | R62: 1 | S62: 1400 | U62: 1400
A63: 46242.308 | B63: Balram Kumar | C63: 46242 | D63: 31-07-2026 to 06-08-2026 | E63: Gold 50 Kg | F63: =CONCATENATE(Table7[[#This Row],[MPG Code]],Table7[[#This Row],[Farmer code]]) -> 105300960002 | G63: 10530096 | H63: Direct | I63: GOMUKH BHARJA | J63: 0002 | K63: Kalyanpur | L63: Kalyanpur | M63: 9 | N63: 1400 | O63: 12600 | P63: 0 | Q63: 12600 | R63: 9 | S63: 12600 | U63: 12600
A64: 46242.308 | B64: ANSHU KUMAR | C64: 46242 | D64: 31-07-2026 to 06-08-2026 | E64: Gold 50 Kg | F64: =CONCATENATE(Table7[[#This Row],[MPG Code]],Table7[[#This Row],[Farmer code]]) -> 101200070038 | G64: 10120007 | H64: Direct | I64: ARMAULI-2 | J64: 0038 | K64: DalsinghSarai | L64: Daya Society | M64: 1 | N64: 1400 | O64: 1400 | P64: 0 | Q64: 1400 | R64: 1 | S64: 1400 | U64: 1400
A65: 46242.308 | B65: Balram Kumar | C65: 46242 | D65: 31-07-2026 to 06-08-2026 | E65: Gold 50 Kg | F65: =CONCATENATE(Table7[[#This Row],[MPG Code]],Table7[[#This Row],[Farmer code]]) -> 105300010006 | G65: 10530001 | H65: Direct | I65: Gomukh CHANDAULI | J65: 0006 | K65: Kalyanpur | L65: Kalyanpur | M65: 2 | N65: 1400 | O65: 2800 | P65: 0 | Q65: 2800 | R65: 2 | S65: 2800 | U65: 2800
A66: 46242.309 | B66: Balram Kumar | C66: 46242 | D66: 31-07-2026 to 06-08-2026 | E66: Gold 50 Kg | F66: =CONCATENATE(Table7[[#This Row],[MPG Code]],Table7[[#This Row],[Farmer code]]) -> 105300030044 | G66: 10530003 | H66: Direct | I66: GOMUKH VADEYA | J66: 0044 | K66: Kalyanpur | L66: Kalyanpur | M66: 1 | N66: 1400 | O66: 1400 | P66: 0 | Q66: 1400 | R66: 1 | S66: 1400 | U66: 1269
A67: 46242.309 | B67: ANSHU KUMAR | C67: 46242 | D67: 31-07-2026 to 06-08-2026 | E67: Gold 50 Kg | F67: =CONCATENATE(Table7[[#This Row],[MPG Code]],Table7[[#This Row],[Farmer code]]) -> 101200070105 | G67: 10120007 | H67: Direct | I67: ARMAULI-2 | J67: 0105 | K67: DalsinghSarai | L67: Daya Society | M67: 1 | N67: 1400 | O67: 1400 | P67: 0 | Q67: 1400 | R67: 1 | S67: 1400 | U67: 1400
A68: 46242.309 | B68: Balram Kumar | C68: 46242 | D68: 31-07-2026 to 06-08-2026 | E68: Gold 50 Kg | F68: =CONCATENATE(Table7[[#This Row],[MPG Code]],Table7[[#This Row],[Farmer code]]) -> 105300030051 | G68: 10530003 | H68: Direct | I68: GOMUKH VADEYA | J68: 0051 | K68: Kalyanpur | L68: Kalyanpur | M68: 1 | N68: 1400 | O68: 1400 | P68: 0 | Q68: 1400 | R68: 1 | S68: 1400 | U68: 333
A69: 46242.309 | B69: ANSHU KUMAR | C69: 46242 | D69: 31-07-2026 to 06-08-2026 | E69: Gold 50 Kg | F69: =CONCATENATE(Table7[[#This Row],[MPG Code]],Table7[[#This Row],[Farmer code]]) -> 101200070149 | G69: 10120007 | H69: Direct | I69: ARMAULI-2 | J69: 0149 | K69: DalsinghSarai | L69: Daya Society | M69: 1 | N69: 1400 | O69: 1400 | P69: 0 | Q69: 1400 | R69: 1 | S69: 1400 | U69: 1305
A70: 46242.309 | B70: Balram Kumar | C70: 46242 | D70: 31-07-2026 to 06-08-2026 | E70: Gold 50 Kg | F70: =CONCATENATE(Table7[[#This Row],[MPG Code]],Table7[[#This Row],[Farmer code]]) -> 105300030095 | G70: 10530003 | H70: Direct | I70: GOMUKH VADEYA | J70: 0095 | K70: Kalyanpur | L70: Kalyanpur | M70: 2 | N70: 1400 | O70: 2800 | P70: 0 | Q70: 2800 | R70: 2 | S70: 2800 | U70: 2800
... A136: 46242.384 | B136: Mukesh kumar | C136: 46242 | D136: 31-07-2026 to 06-08-2026 | E136: Gold 50 Kg | F136: =CONCATENATE(Table7[[#This Row],[MPG Code]],Table7[[#This Row],[Farmer code]]) -> 101101230006 | G136: 10110123 | H136: Direct | I136: GOMUKH SHADIPUR | J136: 0006 | K136: Matihani | L136: Daya Society | M136: 1 | N136: 1400 | O136: 1400 | P136: 0 | Q136: 1400 | R136: 1 | S136: 1400 | U136: 1400
B137: Sushil sir | D137: 31-07-2026 to 06-08-2026 | E137: ONLY DUE ADJUSTMENT | F137: =CONCATENATE(Table7[[#This Row],[MPG Code]],Table7[[#This Row],[Farmer code]]) -> 101401730003 | G137: 10140173 | H137: Direct | I137: Gayghat | J137: 0003 | K137: Dumraon | L137: Daya Society | M137: 0 | N137: 0 | O137: 0 | P137: 0 | Q137: 0 | R137: 0 | S137: =1330*5 -> 6650 | U137: 6650
B138: Sushil sir | D138: 31-07-2026 to 06-08-2026 | E138: ONLY DUE ADJUSTMENT | F138: =CONCATENATE(Table7[[#This Row],[MPG Code]],Table7[[#This Row],[Farmer code]]) -> 101401800002 | G138: 10140180 | H138: Direct | I138: Gangauli dubha | J138: 0002 | K138: Dumraon | L138: Daya Society | M138: 0 | N138: 0 | O138: 0 | P138: 0 | Q138: 0 | R138: 0 | S138: =999.38-709 -> 290.38 | U138: 290.38
B139: Sushil sir | D139: 31-07-2026 to 06-08-2026 | E139: ONLY DUE ADJUSTMENT | F139: =CONCATENATE(Table7[[#This Row],[MPG Code]],Table7[[#This Row],[Farmer code]]) -> 101401800003 | G139: 10140180 | H139: Direct | I139: Gangauli dubha | J139: 0003 | K139: Dumraon | L139: Daya Society | M139: 0 | N139: 0 | O139: 0 | P139: 0 | Q139: 0 | R139: 0 | S139: 854.23 | U139: 854.23
B140: Sushil sir | D140: 31-07-2026 to 06-08-2026 | E140: ONLY DUE ADJUSTMENT | F140: =CONCATENATE(Table7[[#This Row],[MPG Code]],Table7[[#This Row],[Farmer code]]) -> 101401800007 | G140: 10140180 | H140: Direct | I140: Gangauli dubha | J140: 0007 | K140: Dumraon | L140: Daya Society | M140: 0 | N140: 0 | O140: 0 | P140: 0 | Q140: 0 | R140: 0 | S140: 1097.57 | U140: 1097.57
B141: Sushil sir | D141: 31-07-2026 to 06-08-2026 | E141: ONLY DUE ADJUSTMENT | F141: =CONCATENATE(Table7[[#This Row],[MPG Code]],Table7[[#This Row],[Farmer code]]) -> 101401370002 | G141: 10140137 | H141: Direct | I141: Rakshanagar | J141: 0002 | K141: Dumraon | L141: Daya Society | M141: 0 | N141: 0 | O141: 0 | P141: 0 | Q141: 0 | R141: 0 | S141: 2141.54 | U141: 795
B142: Sushil sir | D142: 31-07-2026 to 06-08-2026 | E142: ONLY DUE ADJUSTMENT | F142: =CONCATENATE(Table7[[#This Row],[MPG Code]],Table7[[#This Row],[Farmer code]]) -> 101401370004 | G142: 10140137 | H142: Direct | I142: Rakshanagar | J142: 0004 | K142: Dumraon | L142: Daya Society | M142: 0 | N142: 0 | O142: 0 | P142: 0 | Q142: 0 | R142: 0 | S142: 3905.17 | U142: 3905.17
B143: Sushil sir | D143: 31-07-2026 to 06-08-2026 | E143: ONLY DUE ADJUSTMENT | F143: =CONCATENATE(Table7[[#This Row],[MPG Code]],Table7[[#This Row],[Farmer code]]) -> 101400110002 | G143: 10140011 | H143: Direct | I143: Dulahpur | J143: 0002 | K143: Dumraon | L143: Daya Society | M143: 0 | N143: 0 | O143: 0 | P143: 0 | Q143: 0 | R143: 0 | S143: =3*1330 -> 3990 | U143: 3990
B144: Sushil sir | D144: 31-07-2026 to 06-08-2026 | E144: ONLY DUE ADJUSTMENT | F144: =CONCATENATE(Table7[[#This Row],[MPG Code]],Table7[[#This Row],[Farmer code]]) -> 101400010088 | G144: 10140001 | H144: Direct | I144: Purvi dumari | J144: 0088 | K144: Dumraon | L144: Daya Society | M144: 0 | N144: 0 | O144: 0 | P144: 0 | Q144: 0 | R144: 0 | S144: =1330*5 -> 6650 | U144: 6650
B145: Sushil sir | D145: 31-07-2026 to 06-08-2026 | E145: ONLY DUE ADJUSTMENT | F145: =CONCATENATE(Table7[[#This Row],[MPG Code]],Table7[[#This Row],[Farmer code]]) -> 106000040003 | G145: 10600004 | H145: Direct | I145: Pawat | J145: 0003 | K145: Dumraon | L145: Daya Society | M145: 0 | N145: 0 | O145: 0 | P145: 0 | Q145: 0 | R145: 0 | S145: 1330 | U145: 1330
B146: Sushil sir | D146: 31-07-2026 to 06-08-2026 | E146: ONLY DUE ADJUSTMENT | F146: =CONCATENATE(Table7[[#This Row],[MPG Code]],Table7[[#This Row],[Farmer code]]) -> 106000050002 | G146: 10600005 | H146: Direct | I146: Barja | J146: 0002 | K146: Dumraon | L146: Daya Society | M146: 0 | N146: 0 | O146: 0 | P146: 0 | Q146: 0 | R146: 0 | S146: 1330 | U146: 1330
A147: 46242.419 | B147: Prince Raj | C147: 46242 | D147: 31-07-2026 to 06-08-2026 | E147: ONLY DUE ADJUSTMENT | F147: =CONCATENATE(Table7[[#This Row],[MPG Code]],Table7[[#This Row],[Farmer code]]) -> 106600040003 | G147: 10660004 | H147: Direct | I147: GOMUKH GOBARSITTHA | J147: 0003 | K147: Gayghat | L147: Daya Society | M147: 0 | N147: 0 | O147: 0 | P147: 1700 | Q147: 1700 | R147: 0 | S147: 1700 | U147: 1650
A148: 46242.42 | B148: Prince Raj | C148: 46242 | D148: 31-07-2026 to 06-08-2026 | E148: Buff Spl 50 Kg | F148: =CONCATENATE(Table7[[#This Row],[MPG Code]],Table7[[#This Row],[Farmer code]]) -> 106600010002 | G148: 10660001 | H148: Direct | I148: GOMUKH CHATAUNA W-2 | J148: 0002 | K148: Gayghat | L148: Daya Society | M148: 1 | N148: 1550 | O148: 1550 | P148: 0 | Q148: 1550 | R148: 1 | S148: 1550 | U148: 1550
A149: 46242.422 | B149: Amit Narayan | C149: 46242 | D149: 31-07-2026 to 06-08-2026 | E149: ONLY DUE ADJUSTMENT | F149: =CONCATENATE(Table7[[#This Row],[MPG Code]],Table7[[#This Row],[Farmer code]]) -> 105400500002 | G149: 10540050 | H149: Direct | I149: kHUTUNA | J149: 0002 | K149: Alauli | L149: Daya Society | M149: 0 | N149: 0 | O149: 0 | P149: 3064 | Q149: 3064 | R149: 0 | S149: 3064 | U149: 3064
A150: 46242.422 | B150: Prince Raj | C150: 46242 | D150: 31-07-2026 to 06-08-2026 | E150: Buff Spl 50 Kg | F150: =CONCATENATE(Table7[[#This Row],[MPG Code]],Table7[[#This Row],[Farmer code]]) -> 106600010004 | G150: 10660001 | H150: Direct | I150: GOMUKH CHATAUNA W-2 | J150: 0004 | K150: Gayghat | L150: Daya Society | M150: 1 | N150: 1550 | O150: 1550 | P150: 0 | Q150: 1550 | R150: 1 | S150: 1550 | U150: 1550
A151: 46242.422 | B151: Amit Narayan | C151: 46242 | D151: 31-07-2026 to 06-08-2026 | E151: ONLY DUE ADJUSTMENT | F151: =CONCATENATE(Table7[[#This Row],[MPG Code]],Table7[[#This Row],[Farmer code]]) -> 105400080010 | G151: 10540008 | H151: Direct | I151: GOMUKH PARRI | J151: 0010 | K151: Alauli | L151: Daya Society | M151: 0 | N151: 0 | O151: 0 | P151: 1289 | Q151: 1289 | R151: 0 | S151: 1289 | U151: 1018
A152: 46242.422 | B152: Prince Raj | C152: 46242 | D152: 31-07-2026 to 06-08-2026 | E152: Buff Spl 50 Kg | F152: =CONCATENATE(Table7[[#This Row],[MPG Code]],Table7[[#This Row],[Farmer code]]) -> 106600010017 | G152: 10660001 | H152: Direct | I152: GOMUKH CHATAUNA W-2 | J152: 0017 | K152: Gayghat | L152: Daya Society | M152: 1 | N152: 1550 | O152: 1550 | P152: 0 | Q152: 1550 | R152: 1 | S152: 1550 | U152: 615
A153: 46242.422 | B153: Amit Narayan | C153: 46242 | D153: 31-07-2026 to 06-08-2026 | E153: ONLY DUE ADJUSTMENT | F153: =CONCATENATE(Table7[[#This Row],[MPG Code]],Table7[[#This Row],[Farmer code]]) -> 101101440002 | G153: 10110144 | H153: Direct | I153: GOMUKH BEHORBA | J153: 0002 | K153: Alauli | L153: Daya Society | M153: 0 | N153: 0 | O153: 0 | P153: 3149 | Q153: 3149 | R153: 0 | S153: 3149 | U153: 3149
A154: 46242.422 | B154: Prince Raj | C154: 46242 | D154: 31-07-2026 to 06-08-2026 | E154: Buff Spl 50 Kg | F154: =CONCATENATE(Table7[[#This Row],[MPG Code]],Table7[[#This Row],[Farmer code]]) -> 106600010012 | G154: 10660001 | H154: Direct | I154: GOMUKH CHATAUNA W-2 | J154: 0012 | K154: Gayghat | L154: Daya Society | M154: 1 | N154: 1550 | O154: 1550 | P154: 0 | Q154: 1550 | R154: 1 | S154: 1550 | U154: 1550
A155: 46242.422 | B155: Amit Narayan | C155: 46242 | D155: 31-07-2026 to 06-08-2026 | E155: ONLY DUE ADJUSTMENT | F155: =CONCATENATE(Table7[[#This Row],[MPG Code]],Table7[[#This Row],[Farmer code]]) -> 105400430002 | G155: 10540043 | H155: Direct | I155: USHRI | J155: 0002 | K155: Alauli | L155: Daya Society | M155: 0 | N155: 0 | O155: 0 | P155: 9573 | Q155: 9573 | R155: 0 | S155: 9573 | U155: 6111
A156: 46242.436 | B156: Prince Raj | C156: 46242 | D156: 31-07-2026 to 06-08-2026 | E156: Liveferol 1LTR | F156: =CONCATENATE(Table7[[#This Row],[MPG Code]],Table7[[#This Row],[Farmer code]]) -> 106600020002 | G156: 10660002 | H156: Direct | I156: GOMUKH TEERA JATMALPUR | J156: 0002 | K156: Gayghat | L156: Daya Society | M156: 10 | N156: 259 | O156: 2590 | P156: 0 | Q156: 2590 | R156: 10 | S156: 2590 | U156: 2590
A157: 46242.439 | B157: Prince Raj | C157: 46242 | D157: 31-07-2026 to 06-08-2026 | E157: Liveferol 1LTR | F157: =CONCATENATE(Table7[[#This Row],[MPG Code]],Table7[[#This Row],[Farmer code]]) -> 106600280002 | G157: 10660028 | H157: Direct | I157: Chhatauna w-1 | J157: 0002 | K157: Gayghat | L157: Daya Society | M157: 10 | N157: 259 | O157: 2590 | P157: 0 | Q157: 2590 | R157: 10 | S157: 2590 | U157: 2590
A158: 46242.476 | B158: Kunal Kumar | C158: 46242 | D158: 31-07-2026 to 06-08-2026 | E158: Silage | F158: =CONCATENATE(Table7[[#This Row],[MPG Code]],Table7[[#This Row],[Farmer code]]) -> 100600270150 | G158: 10060027 | H158: Direct | I158: Singhchak | J158: 0150 | K158: Gopalpur Bmc | L158: Daya Society | M158: 66.7 | N158: 7.5 | O158: 500.25 | P158: 0 | Q158: 500.25 | R158: 66.7 | S158: 500.25 | U158: 500.25
... A164: 46242.513 | B164: Prashant kumar | C164: 46242 | D164: 31-07-2026 to 06-08-2026 | E164: Silage | F164: =CONCATENATE(Table7[[#This Row],[MPG Code]],Table7[[#This Row],[Farmer code]]) -> 100200270002 | G164: 10020027 | H164: Direct | I164: Gomukh Repura | J164: 0002 | K164: Laldiyara | L164: Daya Society | M164: 547.9 | N164: 7 | O164: 3835.3 | P164: 0 | Q164: 3835.3 | R164: 547.9 | S164: 3835.3 | U164: 3835.3
A165: 46239.492 | B165: Bittu kumar | C165: 46239 | D165: 31-07-2026 to 06-08-2026 | E165: Gold 50 Kg | F165: =CONCATENATE(Table7[[#This Row],[MPG Code]],Table7[[#This Row],[Farmer code]]) -> 101101530002 | G165: 10110153 | H165: Indirect | I165: Jangli Tol Vlc | J165: 0002 | K165: Sahibpur Kamal | L165: Daya Society | M165: 1 | N165: 1350 | O165: 1350 | P165: 0 | Q165: 1350 | R165: 1 | S165: 1350 | U165: 1350 | Y165: =IFERROR(VLOOKUP(Table7[[#This Row],[MPG Code]],Sheet2!Q:T,4,0),0) -> 1350
A166: 46239.492 | B166: Bittu kumar | C166: 46239 | D166: 31-07-2026 to 06-08-2026 | E166: Gold 50 Kg | F166: =CONCATENATE(Table7[[#This Row],[MPG Code]],Table7[[#This Row],[Farmer code]]) -> 101101830002 | G166: 10110183 | H166: Indirect | I166: Mathar-3 | J166: 0002 | K166: Sahibpur Kamal | L166: Daya Society | M166: 1 | N166: 1350 | O166: 1350 | P166: 0 | Q166: 1350 | R166: 1 | S166: 1350 | U166: 1350 | Y166: =IFERROR(VLOOKUP(Table7[[#This Row],[MPG Code]],Sheet2!Q:T,4,0),0) -> 1350
A167: 46239.492 | B167: Bittu kumar | C167: 46239 | D167: 31-07-2026 to 06-08-2026 | E167: Gold 50 Kg | F167: =CONCATENATE(Table7[[#This Row],[MPG Code]],Table7[[#This Row],[Farmer code]]) -> 101101610002 | G167: 10110161 | H167: Indirect | I167: MOHANPUR VLC | J167: 0002 | K167: Sahibpur Kamal | L167: Daya Society | M167: 1 | N167: 1350 | O167: 1350 | P167: 0 | Q167: 1350 | R167: 1 | S167: 1350 | U167: 1350 | Y167: =IFERROR(VLOOKUP(Table7[[#This Row],[MPG Code]],Sheet2!Q:T,4,0),0) -> 1350
A168: 46241.563 | B168: Mithun Kumar | C168: 46241 | D168: 31-07-2026 to 06-08-2026 | E168: Gold 50 Kg | F168: =CONCATENATE(Table7[[#This Row],[MPG Code]],Table7[[#This Row],[Farmer code]]) -> 101200130002 | G168: 10120013 | H168: Indirect | I168: Bhatgama | J168: 0002 | K168: DalsinghSarai | L168: Daya Society | M168: 2 | N168: 1400 | O168: 2800 | P168: 0 | Q168: 2800 | R168: 2 | S168: 2800 | U168: 2800 | Y168: =IFERROR(VLOOKUP(Table7[[#This Row],[MPG Code]],Sheet2!Q:T,4,0),0) -> 2800
A169: 46241.563 | B169: Mithun Kumar | C169: 46241 | D169: 31-07-2026 to 06-08-2026 | E169: Gold 50 Kg | F169: =CONCATENATE(Table7[[#This Row],[MPG Code]],Table7[[#This Row],[Farmer code]]) -> 101200100002 | G169: 10120010 | H169: Indirect | I169: Janganath Pur | J169: 0002 | K169: DalsinghSarai | L169: Daya Society | M169: 2 | N169: 1400 | O169: 2800 | P169: 0 | Q169: 2800 | R169: 2 | S169: 2800 | U169: 2800 | Y169: =IFERROR(VLOOKUP(Table7[[#This Row],[MPG Code]],Sheet2!Q:T,4,0),0) -> 2800
A170: 46242.286 | B170: RAMJEEVAN SHANDILYA | C170: 46242 | D170: 31-07-2026 to 06-08-2026 | E170: Gold 50 Kg | F170: =CONCATENATE(Table7[[#This Row],[MPG Code]],Table7[[#This Row],[Farmer code]]) -> 105300380038 | G170: 10530038 | H170: Indirect | I170: Gomukh Bedauliya | J170: 0038 | K170: Kalyanpur | L170: Daya Society | M170: 1 | N170: 1400 | O170: 1400 | P170: 0 | Q170: 1400 | R170: 1 | S170: 1400 | U170: 1400 | Y170: =IFERROR(VLOOKUP(Table7[[#This Row],[MPG Code]],Sheet2!Q:T,4,0),0) -> 1400
A171: 46242.302 | B171: ANSHU KUMAR | C171: 46242 | D171: 31-07-2026 to 06-08-2026 | E171: Bestmin Gold 24 KG | F171: =CONCATENATE(Table7[[#This Row],[MPG Code]],Table7[[#This Row],[Farmer code]]) -> 101200220002 | G171: 10120022 | H171: Indirect | I171: Gomukha Jounapur | J171: 0002 | K171: DalsinghSarai | L171: Daya Society | M171: 0 | N171: 3960 | O171: 0 | P171: 640 | Q171: 640 | R171: 0 | S171: 640 | U171: 640 | V171: 0002(inderect) | X171: =Table7[[#This Row],[Final Amount]]-Table7[[#This Row],[Deduction]] -> 0 | Y171: =IFERROR(VLOOKUP(Table7[[#This Row],[MPG Code]],Sheet2!Q:T,4,0),0) -> 640
A172: 46242.306 | B172: ANSHU KUMAR | C172: 46242 | D172: 31-07-2026 to 06-08-2026 | E172: Buff Spl 50 Kg | F172: =CONCATENATE(Table7[[#This Row],[MPG Code]],Table7[[#This Row],[Farmer code]]) -> 101200490002 | G172: 10120049 | H172: Indirect | I172: Kacha - Amarjeet | J172: 0002 | K172: DalsinghSarai | L172: Daya Society | M172: 2 | N172: 1550 | O172: 3100 | P172: 0 | Q172: 3100 | R172: 2 | S172: 3100 | U172: 3100 | V172: 0002(in Direct mpg) | X172: =Table7[[#This Row],[Final Amount]]-Table7[[#This Row],[Deduction]] -> 0 | Y172: =IFERROR(VLOOKUP(Table7[[#This Row],[MPG Code]],Sheet2!Q:T,4,0),0) -> 3100
A173: 46242.316 | B173: Balram Kumar | C173: 46242 | D173: 31-07-2026 to 06-08-2026 | E173: Gold 50 Kg | F173: =CONCATENATE(Table7[[#This Row],[MPG Code]],Table7[[#This Row],[Farmer code]]) -> 105300150002 | G173: 10530015 | H173: Indirect | I173: Gomukh Madhopur | J173: 0002 | K173: Kalyanpur | L173: Kalyanpur | M173: 2 | N173: 1400 | O173: 2800 | P173: 0 | Q173: 2800 | R173: 2 | S173: 2800 | U173: 2800 | Y173: =IFERROR(VLOOKUP(Table7[[#This Row],[MPG Code]],Sheet2!Q:T,4,0),0) -> 2800
A174: 46242.316 | B174: Balram Kumar | C174: 46242 | D174: 31-07-2026 to 06-08-2026 | E174: Buff Spl 50 Kg | F174: =CONCATENATE(Table7[[#This Row],[MPG Code]],Table7[[#This Row],[Farmer code]]) -> 105301170002 | G174: 10530117 | H174: Indirect | I174: Simra | J174: 0002 | K174: Kalyanpur | L174: Kalyanpur | M174: 15 | N174: 1550 | O174: 23250 | P174: 0 | Q174: 23250 | R174: 15 | S174: 23250 | U174: 23250 | Y174: 23250
A175: 46242.317 | B175: Balram Kumar | C175: 46242 | D175: 31-07-2026 to 06-08-2026 | E175: Buff Spl 50 Kg | F175: =CONCATENATE(Table7[[#This Row],[MPG Code]],Table7[[#This Row],[Farmer code]]) -> 105300310002 | G175: 10530031 | H175: Indirect | I175: Gomukh Gopalpur | J175: 0002 | K175: Kalyanpur | L175: Kalyanpur | M175: 1 | N175: 1550 | O175: 1550 | P175: 0 | Q175: 1550 | R175: 1 | S175: 1550 | U175: 1550 | Y175: =IFERROR(VLOOKUP(Table7[[#This Row],[MPG Code]],Sheet2!Q:T,4,0),0) -> 1550
A176: 46242.318 | B176: ANSHU KUMAR | C176: 46242 | D176: 31-07-2026 to 06-08-2026 | E176: Buff Spl 50 Kg | F176: =CONCATENATE(Table7[[#This Row],[MPG Code]],Table7[[#This Row],[Farmer code]]) -> 101200110002 | G176: 10120011 | H176: Indirect | I176: Nagargama | J176: 0002 | K176: DalsinghSarai | L176: Daya Society | M176: 3 | N176: 1550 | O176: 4650 | P176: 0 | Q176: 4650 | R176: 3 | S176: 4650 | U176: 4650 | Y176: =IFERROR(VLOOKUP(Table7[[#This Row],[MPG Code]],Sheet2!Q:T,4,0),0) -> 4650
A177: 46242.324 | B177: Balram Kumar | C177: 46242 | D177: 31-07-2026 to 06-08-2026 | E177: Bestmin Gold 6 KG | F177: =CONCATENATE(Table7[[#This Row],[MPG Code]],Table7[[#This Row],[Farmer code]]) -> 105301170002 | G177: 10530117 | H177: Indirect | I177: Simra | J177: 0002 | K177: Kalyanpur | L177: Kalyanpur | M177: 1 | N177: 1125 | O177: 1125 | P177: 0 | Q177: 1125 | R177: 1 | S177: 1125 | U177: 1125 | Y177: 1125
A178: 46242.353 | B178: Deepak Kumar | C178: 46242 | D178: 31-07-2026 to 06-08-2026 | E178: Gold 50 Kg | F178: =CONCATENATE(Table7[[#This Row],[MPG Code]],Table7[[#This Row],[Farmer code]]) -> 101300180002 | G178: 10130018 | H178: Indirect | I178: Harsingpur | J178: 0002 | K178: Musrigharari | L178: Daya Society | M178: 1 | N178: 1400 | O178: 1400 | P178: 0 | Q178: 1400 | R178: 1 | S178: 1400 | U178: 1400 | Y178: =IFERROR(VLOOKUP(Table7[[#This Row],[MPG Code]],Sheet2!Q:T,4,0),0) -> 1400
A179: 46242.353 | B179: Deepak Kumar | C179: 46242 | D179: 31-07-2026 to 06-08-2026 | E179: Gold 50 Kg | F179: =CONCATENATE(Table7[[#This Row],[MPG Code]],Table7[[#This Row],[Farmer code]]) -> 101300810002 | G179: 10130081 | H179: Indirect | I179: Jitwarpur-Manisha | J179: 0002 | K179: Musrigharari | L179: Daya Society | M179: 1 | N179: 1400 | O179: 1400 | P179: 0 | Q179: 1400 | R179: 1 | S179: 1400 | U179: 1400 | Y179: =IFERROR(VLOOKUP(Table7[[#This Row],[MPG Code]],Sheet2!Q:T,4,0),0) -> 1400
A180: 46242.353 | B180: Deepak Kumar | C180: 46242 | D180: 31-07-2026 to 06-08-2026 | E180: Gold 50 Kg | F180: =CONCATENATE(Table7[[#This Row],[MPG Code]],Table7[[#This Row],[Farmer code]]) -> 101300050002 | G180: 10130005 | H180: Indirect | I180: JHAKHRA | J180: 0002 | K180: Musrigharari | L180: Daya Society | M180: 1 | N180: 1400 | O180: 1400 | P180: 0 | Q180: 1400 | R180: 1 | S180: 1400 | U180: 1400 | Y180: =IFERROR(VLOOKUP(Table7[[#This Row],[MPG Code]],Sheet2!Q:T,4,0),0) -> 1400
A181: 46242.354 | B181: Deepak Kumar | C181: 46242 | D181: 31-07-2026 to 06-08-2026 | E181: Gold 50 Kg | F181: =CONCATENATE(Table7[[#This Row],[MPG Code]],Table7[[#This Row],[Farmer code]]) -> 101301220002 | G181: 10130122 | H181: Indirect | I181: Mirjapur | J181: 0002 | K181: Musrigharari | L181: Daya Society | M181: 1 | N181: 1400 | O181: 1400 | P181: 0 | Q181: 1400 | R181: 1 | S181: 1400 | U181: 1400 | Y181: 1400
A182: 46242.358 | B182: Deepak Kumar | C182: 46242 | D182: 31-07-2026 to 06-08-2026 | E182: Bestmin Gold 6 KG | F182: =CONCATENATE(Table7[[#This Row],[MPG Code]],Table7[[#This Row],[Farmer code]]) -> 101301220002 | G182: 10130122 | H182: Indirect | I182: Mirjapur | J182: 0002 | K182: Musrigharari | L182: Daya Society | M182: 1 | N182: 1238 | O182: 1238 | P182: 0 | Q182: 1238 | R182: 1 | S182: 1238 | U182: 1238 | Y182: 1238
A183: 46242.36 | B183: Deepak Kumar | C183: 46242 | D183: 31-07-2026 to 06-08-2026 | E183: Buff Spl 50 Kg | F183: =CONCATENATE(Table7[[#This Row],[MPG Code]],Table7[[#This Row],[Farmer code]]) -> 101300310002 | G183: 10130031 | H183: Indirect | I183: Gomukh ID Sararanjan | J183: 0002 | K183: Musrigharari | L183: Daya Society | M183: 0 | N183: 1550 | O183: 0 | P183: 1669 | Q183: 1669 | R183: 0 | S183: 1669 | U183: 1669 | Y183: =IFERROR(VLOOKUP(Table7[[#This Row],[MPG Code]],Sheet2!Q:T,4,0),0) -> 1669
A184: 46242.414 | B184: Bittu kumar | C184: 46242 | D184: 31-07-2026 to 06-08-2026 | E184: Gold 50 Kg | F184: =CONCATENATE(Table7[[#This Row],[MPG Code]],Table7[[#This Row],[Farmer code]]) -> 101100080002 | G184: 10110008 | H184: Indirect | I184: Rahimpur Pachkhutti | J184: 0002 | K184: Sahibpur Kamal | L184: Daya Society | M184: 100 | N184: 1440 | O184: 144000 | P184: 0 | Q184: 144000 | R184: 100 | S184: 144000 | U184: 144000 | Y184: =IFERROR(VLOOKUP(Table7[[#This Row],[MPG Code]],Sheet2!Q:T,4,0),0) -> 144000
A185: 46242.423 | B185: Prince Raj | C185: 46242 | D185: 31-07-2026 to 06-08-2026 | E185: Buff Spl 50 Kg | F185: =CONCATENATE(Table7[[#This Row],[MPG Code]],Table7[[#This Row],[Farmer code]]) -> 105300690069 | G185: 10530069 | H185: Indirect | I185: BELSANDI W-9 | J185: 0069 | K185: Kalyanpur | L185: Daya Society | M185: 1 | N185: 1550 | O185: 1550 | P185: 0 | Q185: 1550 | R185: 1 | S185: 1550 | U185: 1550 | Y185: =IFERROR(VLOOKUP(Table7[[#This Row],[MPG Code]],Sheet2!Q:T,4,0),0) -> 1550
...

Sheet Summary
A1: BMC Code | B1: MCC Name | C1: Code | D1: MPG NAME | E1: Type | F1: Farmer Payment | G1: BMC Volume | H1: BMC Amount | I1: Vet Deduction | J1: CF Deduction | K1: Other | L1: Advance | M1: Closing Reserve | N1: Stop Payment | O1: Stop Amount | P1: Loss Remarks | Q1: Cycle | S1: loss/gain | T1: Nos.Of farmer | U1: CF OS | V1: Deduction | W1: Balance | X1: Blank | Y1: EMI Recovery | Z1: Sample milk | AA1: Inward Penalty | AB1: Total | AC1: Recovered | AD1: Pending | AE1: Total Adj Pending | AF1: Payment month
A2: 1001 | B2: Majhaul | C2: 10010013 | D2: Gomukh Kumbhi | E2: MPG | F2: Direct | G2: 372.9 | H2: 14111.21 | I2: 0 | J2: 0 | K2: 0 | L2: 0 | M2: 18 | N2: 0 | O2: 0 | Q2: 19. 31-06 Aug | S2: 0.0012529046 | T2: 12 | U2: 0 | V2: 0 | W2: 0 | Y2: 0 | Z2: 0 | AA2: 0 | AB2: 0 | AC2: 0 | AD2: 0 | AE2: 0 | AF2: 46265
A3: 1001 | B3: Majhaul | C3: 10010019 | D3: Gomukh Jagdar | E3: MPG | F3: Direct | G3: 822.2 | H3: 33186.89 | I3: 0 | J3: 0 | K3: 0 | L3: 0 | M3: 0 | N3: 0 | O3: 0 | Q3: 19. 31-06 Aug | S3: -0.00061379659 | T3: 12 | U3: 0 | V3: 0 | W3: 0 | Y3: 0 | Z3: 0 | AA3: 0 | AB3: 0 | AC3: 0 | AD3: 0 | AE3: 0 | AF3: 46265
A4: 1058 | B4: Hasanpur | C4: 10010038 | D4: Gomukh Goriyari | E4: MPG | F4: Direct | G4: 763.02 | H4: 31772.25 | I4: 0 | J4: 0 | K4: 0 | L4: 0 | M4: 0 | N4: 0 | O4: 0 | Q4: 19. 31-06 Aug | S4: -0.0021811486 | T4: 7 | U4: 0 | V4: 0 | W4: 0 | Y4: 0 | Z4: 0 | AA4: 0 | AB4: 0 | AC4: 0 | AD4: 0 | AE4: 0 | AF4: 46265
A5: 1058 | B5: Hasanpur | C5: 10010044 | D5: Gomukh Kanausi | E5: MPG | F5: Direct | G5: 255.44 | H5: 10525.36 | I5: 0 | J5: 0 | K5: 0 | L5: 0 | M5: 32 | N5: 0 | O5: 0 | Q5: 19. 31-06 Aug | S5: 0.003050727 | T5: 1 | U5: 0 | V5: 0 | W5: 0 | Y5: 0 | Z5: 0 | AA5: 0 | AB5: 0 | AC5: 0 | AD5: 0 | AE5: 0 | AF5: 46265
A6: 1001 | B6: Majhaul | C6: 10010047 | D6: Mohanpur - Chandan | E6: VLC | F6: Indirect | G6: 28.13 | H6: 1106.63 | I6: 0 | J6: 0 | K6: 0 | L6: 0 | M6: 0 | N6: 0 | O6: 0 | Q6: 19. 31-06 Aug | S6: 0 | T6: 0 | U6: 0 | V6: 0 | W6: 0 | Y6: 0 | Z6: 0 | AA6: 0 | AB6: 0 | AC6: 0 | AD6: 0 | AE6: 0 | AF6: 46265
A7: 1058 | B7: Hasanpur | C7: 10010050 | D7: Ekamba - Ashutosh | E7: MPG | F7: Indirect | G7: 977.33 | H7: 43491.5 | I7: 0 | J7: 0 | K7: 0 | L7: 0 | M7: 0 | N7: 0 | O7: 0 | Q7: 19. 31-06 Aug | S7: 0 | T7: 0 | U7: 0 | V7: 0 | W7: 0 | Y7: 0 | Z7: 0 | AA7: 0 | AB7: 0 | AC7: 0 | AD7: 0 | AE7: 0 | AF7: 46265
A8: 1058 | B8: Hasanpur | C8: 10010051 | D8: Gomukh Dunahi | E8: MPG | F8: Direct | G8: 155.27 | H8: 6770.81 | I8: 0 | J8: 0 | K8: 0 | L8: 0 | M8: 117 | N8: 0 | O8: 2 | Q8: 19. 31-06 Aug | S8: 0.016968428 | T8: 7 | U8: 0 | V8: 0 | W8: 0 | Y8: 0 | Z8: 0 | AA8: 0 | AB8: 0 | AC8: 0 | AD8: 0 | AE8: 0 | AF8: 46265
A9: 1001 | B9: Majhaul | C9: 10010055 | D9: GOMUKH BIRPUR PASCHIM | E9: MPG | F9: Direct | G9: 93.83 | H9: 4071.09 | I9: 0 | J9: 0 | K9: 500 | L9: 0 | M9: 0 | N9: 0 | O9: 0 | Q9: 19. 31-06 Aug | S9: -0.019336345 | T9: 2 | U9: 0 | V9: 0 | W9: 0 | Y9: 500 | Z9: 0 | AA9: 0 | AB9: 500 | AC9: 500 | AD9: 0 | AE9: 0 | AF9: 46265
A10: 1001 | B10: Majhaul | C10: 10010057 | D10: Manish Dairy | E10: VLC | F10: Indirect | G10: 6216 | H10: 242414.2 | I10: 0 | J10: 0 | K10: 0 | L10: 0 | M10: 0 | N10: 0 | O10: 0 | Q10: 19. 31-06 Aug | S10: 0 | T10: 0 | U10: 0 | V10: 0 | W10: 0 | Y10: 0 | Z10: 0 | AA10: 0 | AB10: 0 | AC10: 0 | AD10: 0 | AE10: 0 | AF10: 46265
A11: 1001 | B11: Majhaul | C11: 10010076 | D11: Gomukh Bhith-02 | E11: MPG | F11: Direct | G11: 722.58 | H11: 31793.32 | I11: 0 | J11: 0 | K11: 0 | L11: 0 | M11: 248 | N11: 0 | O11: 0 | Q11: 19. 31-06 Aug | S11: 0.0077931465 | T11: 9 | U11: 0 | V11: 0 | W11: 0 | Y11: 0 | Z11: 0 | AA11: 0 | AB11: 0 | AC11: 0 | AD11: 0 | AE11: 0 | AF11: 46265
A12: 1058 | B12: Hasanpur | C12: 10010079 | D12: Chandan Dairy | E12: VLC | F12: Indirect | G12: 40.25 | H12: 1600.34 | I12: 0 | J12: 0 | K12: 0 | L12: 0 | M12: 0 | N12: 0 | O12: 0 | Q12: 19. 31-06 Aug | S12: 0 | T12: 0 | U12: 0 | V12: 0 | W12: 0 | Y12: 0 | Z12: 0 | AA12: 0 | AB12: 0 | AC12: 0 | AD12: 0 | AE12: 0 | AF12: 46265
A13: 1001 | B13: Majhaul | C13: 10010082 | D13: Gomukh Sharmatola Sahuri | E13: MPG | F13: Direct | G13: 1160.54 | H13: 45606.15 | I13: 0 | J13: 0 | K13: 0 | L13: 0 | M13: 0 | N13: 0 | O13: 0 | Q13: 19. 31-06 Aug | S13: -0.0046438912 | T13: 8 | U13: 0 | V13: 0 | W13: 0 | Y13: 0 | Z13: 0 | AA13: 0 | AB13: 0 | AC13: 0 | AD13: 0 | AE13: 0 | AF13: 46265
A14: 1001 | B14: Majhaul | C14: 10010084 | D14: Sangat- Sanjeev Kumar | E14: VLC | F14: Indirect | G14: 156.3 | H14: 5692.49 | I14: 0 | J14: 0 | K14: 0 | L14: 0 | M14: 0 | N14: 0 | O14: 0 | Q14: 19. 31-06 Aug | S14: 0 | T14: 0 | U14: 0 | V14: 0 | W14: 0 | Y14: 0 | Z14: 0 | AA14: 0 | AB14: 0 | AC14: 0 | AD14: 0 | AE14: 0 | AF14: 46265
A15: 1058 | B15: Hasanpur | C15: 10010086 | D15: Gomukh Garhi Bisanpur | E15: MPG | F15: Direct | G15: 58.25 | H15: 2785.97 | I15: 0 | J15: 0 | K15: 0 | L15: 0 | M15: 2742 | N15: Yes | O15: 2742 | P15: Letter not received | Q15: 19. 31-06 Aug | S15: -0.51316418 | T15: 5 | U15: 0 | V15: 0 | W15: 0 | Y15: 500 | Z15: 0 | AA15: 0 | AB15: 500 | AC15: 0 | AD15: -500 | AE15: -500 | AF15: 46265
A16: 1058 | B16: Hasanpur | C16: 10010089 | D16: Gomukh Barkurwa | E16: MPG | F16: Direct | G16: 468.17 | H16: 20680.11 | I16: 0 | J16: 0 | K16: 0 | L16: 0 | M16: 0 | N16: 0 | O16: 0 | Q16: 19. 31-06 Aug | S16: -0.062946957 | T16: 19 | U16: 0 | V16: 0 | W16: 0 | Y16: 0 | Z16: 0 | AA16: 0 | AB16: 0 | AC16: 0 | AD16: 0 | AE16: 0 | AF16: 46265
A17: 1001 | B17: Majhaul | C17: 10010092 | D17: Kamla- Amarjeet | E17: VLC | F17: Indirect | G17: 406.9 | H17: 12884.99 | I17: 0 | J17: 0 | K17: 0 | L17: 0 | M17: 0 | N17: 0 | O17: 0 | Q17: 19. 31-06 Aug | S17: 0 | T17: 0 | U17: 0 | V17: 0 | W17: 0 | Y17: 0 | Z17: 0 | AA17: 0 | AB17: 0 | AC17: 0 | AD17: 0 | AE17: 0 | AF17: 46265
A18: 1058 | B18: Hasanpur | C18: 10010095 | D18: Gomukh Goha-02 | E18: MPG | F18: Direct | G18: 201.57 | H18: 8605.49 | I18: 0 | J18: 0 | K18: 0 | L18: 0 | M18: 1 | N18: 0 | O18: 1 | Q18: 19. 31-06 Aug | S18: -0.0035825967 | T18: 3 | U18: 0 | V18: 0 | W18: 0 | Y18: 0 | Z18: 0 | AA18: 0 | AB18: 0 | AC18: 0 | AD18: 0 | AE18: 0 | AF18: 46265
A19: 1001 | B19: Majhaul | C19: 10010097 | D19: Gomukh Cheria Bariarpur | E19: MPG | F19: Direct | G19: 973.6 | H19: 38535.09 | I19: 0 | J19: 0 | K19: 0 | L19: 0 | M19: 0 | N19: 0 | O19: 0 | Q19: 19. 31-06 Aug | S19: -0.042741304 | T19: 11 | U19: 0 | V19: 0 | W19: 0 | Y19: 0 | Z19: 0 | AA19: 0 | AB19: 0 | AC19: 0 | AD19: 0 | AE19: 0 | AF19: 46265
A20: 1058 | B20: Hasanpur | C20: 10010099 | D20: Gomukh Bagraha-01 | E20: MPG | F20: Direct | G20: 125.19 | H20: 5267.08 | I20: 0 | J20: 0 | K20: 500 | L20: 0 | M20: 0 | N20: 0 | O20: 0 | Q20: 19. 31-06 Aug | S20: -0.0084107323 | T20: 2 | U20: 0 | V20: 0 | W20: 0 | Y20: 500 | Z20: 0 | AA20: 0 | AB20: 500 | AC20: 500 | AD20: 0 | AE20: 0 | AF20: 46265
A21: 1001 | B21: Majhaul | C21: 10010108 | D21: Gomukh Pirauna | E21: MPG | F21: Direct | G21: 106.57 | H21: 3624.39 | I21: 0 | J21: 0 | K21: 500 | L21: 0 | M21: 0 | N21: 0 | O21: 0 | Q21: 19. 31-06 Aug | S21: -0.029411846 | T21: 2 | U21: 0 | V21: 0 | W21: 0 | Y21: 500 | Z21: 0 | AA21: 0 | AB21: 500 | AC21: 500 | AD21: 0 | AE21: 0 | AF21: 46265
A22: 1001 | B22: Majhaul | C22: 10010109 | D22: Parra- Nagendra Kumar | E22: VLC | F22: Indirect | G22: 244.63 | H22: 8204.53 | I22: 0 | J22: 0 | K22: 0 | L22: 0 | M22: 0 | N22: 0 | O22: 0 | Q22: 19. 31-06 Aug | S22: 0 | T22: 0 | U22: 0 | V22: 0 | W22: 0 | Y22: 0 | Z22: 0 | AA22: 0 | AB22: 0 | AC22: 0 | AD22: 0 | AE22: 0 | AF22: 46265
A23: 1001 | B23: Majhaul | C23: 10010113 | D23: Gomukh Basahi | E23: MPG | F23: Direct | G23: 696.2 | H23: 28089.65 | I23: 0 | J23: 0 | K23: 0 | L23: 0 | M23: 0 | N23: 0 | O23: 0 | Q23: 19. 31-06 Aug | S23: -0.016102372 | T23: 28 | U23: 0 | V23: 0 | W23: 0 | Y23: 0 | Z23: 0 | AA23: 0 | AB23: 0 | AC23: 0 | AD23: 0 | AE23: 0 | AF23: 46265
A24: 1001 | B24: Majhaul | C24: 10010121 | D24: Gomukh Sawantpur | E24: MPG | F24: Direct | G24: 1080.5 | H24: 42181.29 | I24: 0 | J24: 0 | K24: 0 | L24: 0 | M24: 0 | N24: 0 | O24: 0 | Q24: 19. 31-06 Aug | S24: -0.054033672 | T24: 17 | U24: 0 | V24: 0 | W24: 0 | Y24: 0 | Z24: 0 | AA24: 0 | AB24: 0 | AC24: 0 | AD24: 0 | AE24: 0 | AF24: 46265
A25: 1001 | B25: Majhaul | C25: 10010125 | D25: Maida- Ram Kumar | E25: VLC | F25: Indirect | G25: 317.6 | H25: 14589.77 | I25: 0 | J25: 0 | K25: 0 | L25: 0 | M25: 0 | N25: 0 | O25: 0 | Q25: 19. 31-06 Aug | S25: 0 | T25: 0 | U25: 0 | V25: 0 | W25: 0 | Y25: 0 | Z25: 0 | AA25: 0 | AB25: 0 | AC25: 0 | AD25: 0 | AE25: 0 | AF25: 46265
A26: 1001 | B26: Majhaul | C26: 10010128 | D26: Gomukh Aure Bikrampur | E26: MPG | F26: Direct | G26: 1227.4 | H26: 54687.24 | I26: 10700 | J26: 0 | K26: 0 | L26: 0 | M26: 115 | N26: 0 | O26: -1 | P26: PCB Deduction | Q26: 19. 31-06 Aug | S26: 0.0021270044 | T26: 4 | U26: 0 | V26: 0 | W26: 0 | Y26: 0 | Z26: 0 | AA26: 0 | AB26: 0 | AC26: 0 | AD26: 0 | AE26: 0 | AF26: 46265
A27: 1001 | B27: Majhaul | C27: 10010129 | D27: Manjhaul- Gulshan Kumar | E27: VLC | F27: Indirect | G27: 452.7 | H27: 20925.81 | I27: 0 | J27: 0 | K27: 0 | L27: 0 | M27: 0 | N27: 0 | O27: 0 | Q27: 19. 31-06 Aug | S27: 0 | T27: 0 | U27: 0 | V27: 0 | W27: 0 | Y27: 0 | Z27: 0 | AA27: 0 | AB27: 0 | AC27: 0 | AD27: 0 | AE27: 0 | AF27: 46265
A28: 1001 | B28: Majhaul | C28: 10010130 | D28: Khaira Manjhaul | E28: VLC | F28: Indirect | G28: 345.1 | H28: 12635.9 | I28: 0 | J28: 0 | K28: 0 | L28: 0 | M28: 0 | N28: 0 | O28: 0 | Q28: 19. 31-06 Aug | S28: 0 | T28: 0 | U28: 0 | V28: 0 | W28: 0 | Y28: 0 | Z28: 0 | AA28: 0 | AB28: 0 | AC28: 0 | AD28: 0 | AE28: 0 | AF28: 46265
A29: 1001 | B29: Majhaul | C29: 10010131 | D29: Mehda Shahpur | E29: VLC | F29: Indirect | G29: 324.6 | H29: 14476.53 | I29: 0 | J29: 0 | K29: 0 | L29: 0 | M29: 0 | N29: 0 | O29: 0 | Q29: 19. 31-06 Aug | S29: 0 | T29: 0 | U29: 0 | V29: 0 | W29: 0 | Y29: 0 | Z29: 0 | AA29: 0 | AB29: 0 | AC29: 0 | AD29: 0 | AE29: 0 | AF29: 46265
A30: 1001 | B30: Majhaul | C30: 10010140 | D30: Shri Bhairav Laxmipur | E30: MPG | F30: Direct | G30: 197.7 | H30: 8266.06 | I30: 0 | J30: 0 | K30: 0 | L30: 0 | M30: 0 | N30: 0 | O30: 0 | Q30: 19. 31-06 Aug | S30: -0.066509316 | T30: 5 | U30: 0 | V30: 0 | W30: 0 | Y30: 0 | Z30: 0 | AA30: 0 | AB30: 0 | AC30: 0 | AD30: 0 | AE30: 0 | AF30: 46265
A31: 1001 | B31: Majhaul | C31: 10010143 | D31: Gomukh Akaha | E31: MPG | F31: Direct | G31: 154.41 | H31: 5290.8 | I31: 0 | J31: 0 | K31: 0 | L31: 0 | M31: 0 | N31: 0 | O31: 0 | Q31: 19. 31-06 Aug | S31: -0.018585091 | T31: 3 | U31: 0 | V31: 0 | W31: 0 | Y31: 0 | Z31: 0 | AA31: 0 | AB31: 0 | AC31: 0 | AD31: 0 | AE31: 0 | AF31: 46265
A32: 1001 | B32: Majhaul | C32: 10010144 | D32: Gomukh Rajakpur | E32: MPG | F32: Direct | G32: 131.4 | H32: 4704.28 | I32: 0 | J32: 0 | K32: 0 | L32: 0 | M32: 13 | N32: 0 | O32: 1 | Q32: 19. 31-06 Aug | S32: 0.0026103888 | T32: 4 | U32: 0 | V32: 0 | W32: 0 | Y32: 0 | Z32: 0 | AA32: 0 | AB32: 0 | AC32: 0 | AD32: 0 | AE32: 0 | AF32: 46265
A33: 1001 | B33: Majhaul | C33: 10010145 | D33: Gomukh Mohanpur | E33: MPG | F33: Direct | G33: 248.65 | H33: 10634.52 | I33: 0 | J33: 0 | K33: 0 | L33: 0 | M33: 0 | N33: 0 | O33: 0 | Q33: 19. 31-06 Aug | S33: -0.028523149 | T33: 6 | U33: 0 | V33: 0 | W33: 0 | Y33: 0 | Z33: 0 | AA33: 0 | AB33: 0 | AC33: 0 | AD33: 0 | AE33: 0 | AF33: 46265
A34: 1001 | B34: Majhaul | C34: 10010146 | D34: Gomukh Chakka | E34: MPG | F34: Direct | G34: 166.65 | H34: 6647.25 | I34: 0 | J34: 0 | K34: 0 | L34: 0 | M34: 0 | N34: 0 | O34: 0 | Q34: 19. 31-06 Aug | S34: -0.012435218 | T34: 3 | U34: 0 | V34: 0 | W34: 0 | Y34: 0 | Z34: 0 | AA34: 0 | AB34: 0 | AC34: 0 | AD34: 0 | AE34: 0 | AF34: 46265
A35: 1001 | B35: Majhaul | C35: 10010147 | D35: Gamharia | E35: VLC | F35: Indirect | G35: 61.28 | H35: 3001.58 | I35: 0 | J35: 0 | K35: 0 | L35: 0 | M35: 0 | N35: 0 | O35: 0 | Q35: 19. 31-06 Aug | S35: 0 | T35: 0 | U35: 0 | V35: 0 | W35: 0 | Y35: 0 | Z35: 0 | AA35: 0 | AB35: 0 | AC35: 0 | AD35: 0 | AE35: 0 | AF35: 46265
A36: 1001 | B36: Majhaul | C36: 10010148 | D36: Gomukh Meghaul-02 | E36: MPG | F36: Direct | G36: 225.7 | H36: 8955.64 | I36: 0 | J36: 0 | K36: 0 | L36: 0 | M36: 0 | N36: 0 | O36: 0 | Q36: 19. 31-06 Aug | S36: -0.020161596 | T36: 8 | U36: 0 | V36: 0 | W36: 0 | Y36: 0 | Z36: 0 | AA36: 0 | AB36: 0 | AC36: 0 | AD36: 0 | AE36: 0 | AF36: 46265
A37: 1001 | B37: Majhaul | C37: 10010149 | D37: Gomukh Meida | E37: MPG | F37: Direct | G37: 185.01 | H37: 7307.36 | I37: 0 | J37: 0 | K37: 0 | L37: 0 | M37: 0 | N37: 0 | O37: 0 | Q37: 19. 31-06 Aug | S37: -0.018885069 | T37: 5 | U37: 0 | V37: 0 | W37: 0 | Y37: 0 | Z37: 0 | AA37: 0 | AB37: 0 | AC37: 0 | AD37: 0 | AE37: 0 | AF37: 46265
A38: 1001 | B38: Majhaul | C38: 10010151 | D38: Kamla Nagar | E38: VLC | F38: Indirect | G38: 290.2 | H38: 9976.17 | I38: 0 | J38: 0 | K38: 0 | L38: 0 | M38: 0 | N38: 0 | O38: 0 | Q38: 19. 31-06 Aug | S38: 0 | T38: 0 | U38: 0 | V38: 0 | W38: 0 | Y38: 0 | Z38: 0 | AA38: 0 | AB38: 0 | AC38: 0 | AD38: 0 | AE38: 0 | AF38: 46265
... A50: 1002 | B50: Laldiyara | C50: 10020023 | D50: Juwas | E50: MPG | F50: Direct | G50: 753.3 | H50: 30066.44 | I50: 0 | J50: 0 | K50: 0 | L50: 0 | M50: 578 | N50: 0 | O50: 2 | Q50: 19. 31-06 Aug | S50: 0.019167218 | T50: 21 | U50: 0 | V50: 0 | W50: 0 | Y50: 0 | Z50: 0 | AA50: 0 | AB50: 0 | AC50: 0 | AD50: 0 | AE50: 0 | AF50: 46265
A51: 1002 | B51: Laldiyara | C51: 10020024 | D51: Morwariya | E51: MPG | F51: Direct | G51: 2708.2 | H51: 111632.09 | I51: 0 | J51: 0 | K51: 0 | L51: 0 | M51: -233 | N51: Release2 | O51: -233 | P51: Letter not received | Q51: 19. 31-06 Aug | S51: -0.036679507 | T51: 63 | U51: 0 | V51: 0 | W51: 0 | Y51: 0 | Z51: 0 | AA51: 0 | AB51: 0 | AC51: 0 | AD51: 0 | AE51: -233 | AF51: 46265
A52: 1002 | B52: Laldiyara | C52: 10020025 | D52: Dumri 2 | E52: MPG | F52: Direct | G52: 567.2 | H52: 23687.96 | I52: 0 | J52: 0 | K52: 0 | L52: 0 | M52: 0 | N52: 0 | O52: 0 | Q52: 19. 31-06 Aug | S52: -0.029605335 | T52: 17 | U52: 0 | V52: 0 | W52: 0 | Y52: 0 | Z52: 0 | AA52: 0 | AB52: 0 | AC52: 0 | AD52: 0 | AE52: 0 | AF52: 46265
A53: 1002 | B53: Laldiyara | C53: 10020026 | D53: Gomukh Jhakhaur | E53: MPG | F53: Direct | G53: 375.4 | H53: 15118.32 | I53: 0 | J53: 0 | K53: 0 | L53: 0 | M53: 0 | N53: 0 | O53: 0 | Q53: 19. 31-06 Aug | S53: -0.031752205 | T53: 4 | U53: 0 | V53: 0 | W53: 0 | Y53: 0 | Z53: 0 | AA53: 0 | AB53: 0 | AC53: 0 | AD53: 0 | AE53: 0 | AF53: 46265
A54: 1002 | B54: Laldiyara | C54: 10020027 | D54: Gomukh Repura | E54: MPG | F54: Direct | G54: 562.3 | H54: 24021.66 | I54: 0 | J54: 3835.3 | K54: 0 | L54: 0 | M54: 0 | N54: 0 | O54: 0 | Q54: 19. 31-06 Aug | S54: -0.00016443493 | T54: 1 | U54: 0 | V54: 0 | W54: 0 | Y54: 0 | Z54: 0 | AA54: 0 | AB54: 0 | AC54: 0 | AD54: 0 | AE54: 0 | AF54: 46265
A55: 1002 | B55: Laldiyara | C55: 10020029 | D55: Gomukh Virupur | E55: MPG | F55: Direct | G55: 300.4 | H55: 12016.88 | I55: 602 | J55: 0 | K55: 0 | L55: 0 | M55: 0 | N55: 0 | O55: 0 | P55: Biogas | Q55: 19. 31-06 Aug | S55: -0.068662581 | T55: 5 | U55: 0 | V55: 0 | W55: 0 | Y55: 0 | Z55: 0 | AA55: 0 | AB55: 0 | AC55: 0 | AD55: 0 | AE55: 0 | AF55: 46265
A56: 1002 | B56: Laldiyara | C56: 10020032 | D56: Gomukh Diyarapipariya | E56: MPG | F56: Direct | G56: 1183.6 | H56: 52971.93 | I56: 0 | J56: 0 | K56: 0 | L56: 0 | M56: 0 | N56: 0 | O56: 0 | Q56: 19. 31-06 Aug | S56: -0.02709737 | T56: 23 | U56: 0 | V56: 0 | W56: 0 | Y56: 0 | Z56: 0 | AA56: 0 | AB56: 0 | AC56: 0 | AD56: 0 | AE56: 0 | AF56: 46265
A57: 1002 | B57: Laldiyara | C57: 10020034 | D57: TAJPUR | E57: MPG | F57: Direct | G57: 713.8 | H57: 32603.07 | I57: 0 | J57: 6136 | K57: 0 | L57: 0 | M57: 1178 | N57: Release1 | O57: -1 | P57: CF OS > 15 Day's | Q57: 19. 31-06 Aug | S57: 0.036164999 | T57: 25 | U57: 15212.4 | V57: 6136 | W57: 9076.4 | Y57: 0 | Z57: 0 | AA57: 0 | AB57: 0 | AC57: 0 | AD57: 0 | AE57: 0 | AF57: 46265
A58: 1002 | B58: Laldiyara | C58: 10020035 | D58: PATHUA | E58: MPG | F58: Direct | G58: 2250.3 | H58: 97557.44 | I58: 0 | J58: 0 | K58: 0 | L58: 0 | M58: 0 | N58: 0 | O58: 0 | Q58: 19. 31-06 Aug | S58: -0.0080449015 | T58: 8 | U58: 0 | V58: 0 | W58: 0 | Y58: 0 | Z58: 0 | AA58: 0 | AB58: 0 | AC58: 0 | AD58: 0 | AE58: 0 | AF58: 46265
A59: 1002 | B59: Laldiyara | C59: 10020038 | D59: LODIYA | E59: MPG | F59: Direct | G59: 542.5 | H59: 21893.63 | I59: 0 | J59: 0 | K59: 0 | L59: 0 | M59: 241 | N59: 0 | O59: 0 | Q59: 19. 31-06 Aug | S59: 0.011040654 | T59: 11 | U59: 0 | V59: 0 | W59: 0 | Y59: 0 | Z59: 0 | AA59: 0 | AB59: 0 | AC59: 0 | AD59: 0 | AE59: 0 | AF59: 46265
A60: 1002 | B60: Laldiyara | C60: 10020041 | D60: ADARSH LAXMIPUR-3 | E60: MPG | F60: Direct | G60: 148 | H60: 7963.6 | I60: 0 | J60: 0 | K60: 500 | L60: 0 | M60: 0 | N60: 0 | O60: 0 | Q60: 19. 31-06 Aug | S60: -0.28194284 | T60: 6 | U60: 0 | V60: 0 | W60: 0 | Y60: 500 | Z60: 0 | AA60: 0 | AB60: 500 | AC60: 500 | AD60: 0 | AE60: 0 | AF60: 46265
A61: 1002 | B61: Laldiyara | C61: 10020042 | D61: BHANPUR | E61: MPG | F61: Direct | G61: 531.7 | H61: 20245.05 | I61: 0 | J61: 0 | K61: 0 | L61: 0 | M61: 564 | N61: 0 | O61: 0 | Q61: 19. 31-06 Aug | S61: 0.027880889 | T61: 1 | U61: 0 | V61: 0 | W61: 0 | Y61: 0 | Z61: 0 | AA61: 0 | AB61: 0 | AC61: 0 | AD61: 0 | AE61: 0 | AF61: 46265
A62: 1002 | B62: Laldiyara | C62: 10020043 | D62: Karari Pipariya 2 | E62: MPG | F62: Direct | G62: 909.6 | H62: 40156.54 | I62: 0 | J62: 0 | K62: 0 | L62: 0 | M62: 0 | N62: 0 | O62: 0 | Q62: 19. 31-06 Aug | S62: -0.0073818611 | T62: 10 | U62: 0 | V62: 0 | W62: 0 | Y62: 0 | Z62: 0 | AA62: 0 | AB62: 0 | AC62: 0 | AD62: 0 | AE62: 0 | AF62: 46265
A63: 1002 | B63: Laldiyara | C63: 10020044 | D63: DIYARA PIPARIYA-THANA | E63: MPG | F63: Direct | G63: 1241.4 | H63: 57312.32 | I63: 0 | J63: 0 | K63: 0 | L63: 0 | M63: 267 | N63: 0 | O63: 1 | Q63: 19. 31-06 Aug | S63: 0.0046489132 | T63: 23 | U63: 0 | V63: 0 | W63: 0 | Y63: 0 | Z63: 0 | AA63: 0 | AB63: 0 | AC63: 0 | AD63: 0 | AE63: 0 | AF63: 46265
A64: 1002 | B64: Laldiyara | C64: 10020047 | D64: SRI RAM SINGH(VLC) | E64: VLC | F64: Indirect | G64: 2826.5 | H64: 121761.59 | I64: 0 | J64: 0 | K64: 0 | L64: 0 | M64: 0 | N64: 0 | O64: 0 | Q64: 19. 31-06 Aug | S64: 0 | T64: 0 | U64: 0 | V64: 0 | W64: 0 | Y64: 0 | Z64: 0 | AA64: 0 | AB64: 0 | AC64: 0 | AD64: 0 | AE64: 0 | AF64: 46265
A65: 1002 | B65: Laldiyara | C65: 10020050 | D65: GADHTOLA | E65: MPG | F65: Direct | G65: 1004 | H65: 47844.73 | I65: 0 | J65: 0 | K65: 0 | L65: 0 | M65: 0 | N65: 0 | O65: 0 | Q65: 19. 31-06 Aug | S65: -0.0011165284 | T65: 11 | U65: 0 | V65: 0 | W65: 0 | Y65: 0 | Z65: 0 | AA65: 0 | AB65: 0 | AC65: 0 | AD65: 0 | AE65: 0 | AF65: 46265
A66: 1002 | B66: Laldiyara | C66: 10020052 | D66: Chetan Tola - Ravi | E66: VLC | F66: Indirect | G66: 71 | H66: 3246.83 | I66: 0 | J66: 0 | K66: 0 | L66: 0 | M66: 0 | N66: 0 | O66: 0 | Q66: 19. 31-06 Aug | S66: 0 | T66: 0 | U66: 0 | V66: 0 | W66: 0 | Y66: 0 | Z66: 0 | AA66: 0 | AB66: 0 | AC66: 0 | AD66: 0 | AE66: 0 | AF66: 46265
A67: 1002 | B67: Laldiyara | C67: 10020054 | D67: Diyara-Pipariya-Utri - Chandan | E67: VLC | F67: Indirect | G67: 1386.9 | H67: 60040.18 | I67: 0 | J67: 0 | K67: 0 | L67: 0 | M67: 0 | N67: 0 | O67: 0 | Q67: 19. 31-06 Aug | S67: 0 | T67: 0 | U67: 0 | V67: 0 | W67: 0 | Y67: 0 | Z67: 0 | AA67: 0 | AB67: 0 | AC67: 0 | AD67: 0 | AE67: 0 | AF67: 46265
A68: 1002 | B68: Laldiyara | C68: 10020056 | D68: Chetan Tola-Dakshin - Hari Om | E68: VLC | F68: Indirect | G68: 57.6 | H68: 3157.06 | I68: 0 | J68: 0 | K68: 0 | L68: 0 | M68: 0 | N68: 0 | O68: 0 | Q68: 19. 31-06 Aug | S68: 0 | T68: 0 | U68: 0 | V68: 0 | W68: 0 | Y68: 0 | Z68: 0 | AA68: 0 | AB68: 0 | AC68: 0 | AD68: 0 | AE68: 0 | AF68: 46265
A69: 1002 | B69: Laldiyara | C69: 10020057 | D69: KANHARPUR-2 | E69: MPG | F69: Direct | G69: 2556.4 | H69: 118658.61 | I69: 0 | J69: 0 | K69: 0 | L69: 0 | M69: 0 | N69: 0 | O69: 0 | Q69: 19. 31-06 Aug | S69: -0.019053737 | T69: 12 | U69: 0 | V69: 0 | W69: 0 | Y69: 0 | Z69: 0 | AA69: 0 | AB69: 0 | AC69: 0 | AD69: 0 | AE69: 0 | AF69: 46265
... A71: 1002 | B71: Laldiyara | C71: 10020059 | D71: GANGA-SARAI | E71: MPG | F71: Direct | G71: 699.1 | H71: 30215.03 | I71: 0 | J71: 0 | K71: 0 | L71: 0 | M71: 53 | N71: 0 | O71: 2 | Q71: 19. 31-06 Aug | S71: 0.0017150405 | T71: 10 | U71: 0 | V71: 0 | W71: 0 | Y71: 0 | Z71: 0 | AA71: 0 | AB71: 0 | AC71: 0 | AD71: 0 | AE71: 0 | AF71: 46265
A72: 1002 | B72: Laldiyara | C72: 10020062 | D72: GOVIND-BIGHA | E72: MPG | F72: Direct | G72: 246.1 | H72: 9799.49 | I72: 0 | J72: 0 | K72: 0 | L72: 0 | M72: -52 | N72: Release2 | O72: -52 | P72: Letter not received | Q72: 19. 31-06 Aug | S72: -0.051478189 | T72: 12 | U72: 0 | V72: 0 | W72: 0 | Y72: 0 | Z72: 0 | AA72: 0 | AB72: 0 | AC72: 0 | AD72: 0 | AE72: -52 | AF72: 46265
A73: 1002 | B73: Laldiyara | C73: 10020063 | D73: MALPUR | E73: MPG | F73: Direct | G73: 1022.1 | H73: 47535.37 | I73: 0 | J73: 0 | K73: 0 | L73: 0 | M73: 0 | N73: 0 | O73: 0 | Q73: 19. 31-06 Aug | S73: -0.053424639 | T73: 11 | U73: 0 | V73: 0 | W73: 0 | Y73: 0 | Z73: 0 | AA73: 0 | AB73: 0 | AC73: 0 | AD73: 0 | AE73: 0 | AF73: 46265
A74: 1002 | B74: Laldiyara | C74: 10020064 | D74: Gomukh Hasanpur | E74: VLC | F74: Indirect | G74: 94.6 | H74: 3794.41 | I74: 0 | J74: 0 | K74: 0 | L74: 0 | M74: 0 | N74: 0 | O74: 0 | Q74: 19. 31-06 Aug | S74: 0 | T74: 0 | U74: 0 | V74: 0 | W74: 0 | Y74: 0 | Z74: 0 | AA74: 0 | AB74: 0 | AC74: 0 | AD74: 0 | AE74: 0 | AF74: 46265
A75: 1002 | B75: Laldiyara | C75: 10020068 | D75: SABIKPUR | E75: MPG | F75: Direct | G75: 1413.1 | H75: 61875.92 | I75: 0 | J75: 0 | K75: 0 | L75: 0 | M75: 0 | N75: 0 | O75: 0 | Q75: 19. 31-06 Aug | S75: -0.090344354 | T75: 36 | U75: 0 | V75: 0 | W75: 0 | Y75: 0 | Z75: 0 | AA75: 0 | AB75: 0 | AC75: 0 | AD75: 0 | AE75: 0 | AF75: 46265
A76: 1002 | B76: Laldiyara | C76: 10020069 | D76: CHETAN-TOLA-KHUTHA | E76: MPG | F76: Direct | G76: 253.1 | H76: 11559.16 | I76: 0 | J76: 0 | K76: 500 | L76: 0 | M76: 0 | N76: 0 | O76: 0 | Q76: 19. 31-06 Aug | S76: -0.045277512 | T76: 2 | U76: 0 | V76: 0 | W76: 0 | Y76: 500 | Z76: 0 | AA76: 0 | AB76: 500 | AC76: 500 | AD76: 0 | AE76: 0 | AF76: 46265
A77: 1002 | B77: Laldiyara | C77: 10020070 | D77: LAXMIPUR | E77: MPG | F77: Direct | G77: 649 | H77: 26942.27 | I77: 0 | J77: 0 | K77: 0 | L77: 0 | M77: -1585 | N77: Release2 | O77: -1585 | P77: Letter not received | Q77: 19. 31-06 Aug | S77: -0.098695841 | T77: 10 | U77: 0 | V77: 0 | W77: 0 | Y77: 0 | Z77: 0 | AA77: 0 | AB77: 0 | AC77: 0 | AD77: 0 | AE77: -1585 | AF77: 46265
A78: 1002 | B78: Laldiyara | C78: 10020073 | D78: REHUA RK | E78: VLC | F78: Indirect | G78: 785 | H78: 31437.78 | I78: 0 | J78: 0 | K78: 0 | L78: 0 | M78: 0 | N78: 0 | O78: 0 | Q78: 19. 31-06 Aug | S78: 0 | T78: 0 | U78: 0 | V78: 0 | W78: 0 | Y78: 0 | Z78: 0 | AA78: 0 | AB78: 0 | AC78: 0 | AD78: 0 | AE78: 0 | AF78: 46265
A79: 1002 | B79: Laldiyara | C79: 10020075 | D79: RAMNAGAR | E79: MPG | F79: Direct | G79: 269.1 | H79: 12609.63 | I79: 0 | J79: 0 | K79: 0 | L79: 0 | M79: -32 | N79: Release2 | O79: -32 | P79: Letter not received | Q79: 19. 31-06 Aug | S79: -0.036641836 | T79: 7 | U79: 0 | V79: 0 | W79: 0 | Y79: 0 | Z79: 0 | AA79: 0 | AB79: 0 | AC79: 0 | AD79: 0 | AE79: -32 | AF79: 46265
A80: 1002 | B80: Laldiyara | C80: 10020077 | D80: BANSIPUR | E80: MPG | F80: Direct | G80: 166.3 | H80: 8286.81 | I80: 0 | J80: 0 | K80: 500 | L80: 0 | M80: 7 | N80: 0 | O80: 0 | Q80: 19. 31-06 Aug | S80: 0.0007964464 | T80: 1 | U80: 0 | V80: 0 | W80: 0 | Y80: 500 | Z80: 0 | AA80: 0 | AB80: 500 | AC80: 500 | AD80: 0 | AE80: 0 | AF80: 46265
A81: 1002 | B81: Laldiyara | C81: 10020078 | D81: GODIH | E81: MPG | F81: Direct | G81: 364.6 | H81: 15833.58 | I81: 0 | J81: 0 | K81: 0 | L81: 0 | M81: 0 | N81: 0 | O81: 0 | Q81: 19. 31-06 Aug | S81: -0.16875337 | T81: 4 | U81: 0 | V81: 0 | W81: 0 | Y81: 0 | Z81: 0 | AA81: 0 | AB81: 0 | AC81: 0 | AD81: 0 | AE81: 0 | AF81: 46265
A82: 1002 | B82: Laldiyara | C82: 10020081 | D82: G WOLIPUR | E82: MPG | F82: Indirect | G82: 1713.6 | H82: 72480.93 | I82: 0 | J82: 0 | K82: 0 | L82: 0 | M82: 0 | N82: 0 | O82: 0 | Q82: 19. 31-06 Aug | S82: 0 | T82: 0 | U82: 0 | V82: 0 | W82: 0 | Y82: 0 | Z82: 0 | AA82: 0 | AB82: 0 | AC82: 0 | AD82: 0 | AE82: 0 | AF82: 46265
A83: 1002 | B83: Laldiyara | C83: 10020082 | D83: REHUA 3 | E83: MPG | F83: Indirect | G83: 1592.1 | H83: 69583.92 | I83: 0 | J83: 0 | K83: 0 | L83: 0 | M83: 0 | N83: 0 | O83: 0 | Q83: 19. 31-06 Aug | S83: 0 | T83: 0 | U83: 0 | V83: 0 | W83: 0 | Y83: 0 | Z83: 0 | AA83: 0 | AB83: 0 | AC83: 0 | AD83: 0 | AE83: 0 | AF83: 46265
A84: 1002 | B84: Laldiyara | C84: 10020083 | D84: BICHWAY | E84: MPG | F84: Direct | G84: 298.9 | H84: 12389.39 | I84: 0 | J84: 0 | K84: 0 | L84: 0 | M84: 0 | N84: 0 | O84: 0 | Q84: 19. 31-06 Aug | S84: -0.047785242 | T84: 2 | U84: 0 | V84: 0 | W84: 0 | Y84: 0 | Z84: 0 | AA84: 0 | AB84: 0 | AC84: 0 | AD84: 0 | AE84: 0 | AF84: 46265
A85: 1002 | B85: Laldiyara | C85: 10020084 | D85: MANOHARPUR | E85: MPG | F85: Direct | G85: 545.9 | H85: 22313.66 | I85: 0 | J85: 0 | K85: 0 | L85: 0 | M85: 845 | N85: 0 | O85: 0 | Q85: 19. 31-06 Aug | S85: 0.037839153 | T85: 25 | U85: 0 | V85: 0 | W85: 0 | Y85: 0 | Z85: 0 | AA85: 0 | AB85: 0 | AC85: 0 | AD85: 0 | AE85: 0 | AF85: 46265
A86: 1002 | B86: Laldiyara | C86: 10020087 | D86: HIRDANBIGHA | E86: MPG | F86: Direct | G86: 723.4 | H86: 29899.54 | I86: 0 | J86: 0 | K86: 0 | L86: 0 | M86: 0 | N86: 0 | O86: 0 | Q86: 19. 31-06 Aug | S86: -0.0041940445 | T86: 3 | U86: 0 | V86: 0 | W86: 0 | Y86: 0 | Z86: 0 | AA86: 0 | AB86: 0 | AC86: 0 | AD86: 0 | AE86: 0 | AF86: 46265
A87: 1002 | B87: Laldiyara | C87: 10020088 | D87: KHUTAHA DIH C | E87: MPG | F87: Direct | G87: 301.7 | H87: 11617.55 | I87: 0 | J87: 0 | K87: 0 | L87: 0 | M87: 0 | N87: 0 | O87: 0 | Q87: 19. 31-06 Aug | S87: -0.062205026 | T87: 2 | U87: 0 | V87: 0 | W87: 0 | Y87: 0 | Z87: 0 | AA87: 0 | AB87: 0 | AC87: 0 | AD87: 0 | AE87: 0 | AF87: 46265
A88: 1002 | B88: Laldiyara | C88: 10020089 | D88: Gomukh SARAIBIGHA | E88: VLC | F88: Indirect | G88: 394.5 | H88: 15999.47 | I88: 0 | J88: 0 | K88: 0 | L88: 0 | M88: 0 | N88: 0 | O88: 0 | Q88: 19. 31-06 Aug | S88: 0 | T88: 0 | U88: 0 | V88: 0 | W88: 0 | Y88: 0 | Z88: 0 | AA88: 0 | AB88: 0 | AC88: 0 | AD88: 0 | AE88: 0 | AF88: 46265
A89: 1003 | B89: Asarganj | C89: 10030002 | D89: MOHANPUR | E89: VLC | F89: Indirect | G89: 549.1 | H89: 22589.94 | I89: 0 | J89: 0 | K89: 0 | L89: 0 | M89: 0 | N89: 0 | O89: 0 | Q89: 19. 31-06 Aug | S89: 0 | T89: 0 | U89: 0 | V89: 0 | W89: 0 | Y89: 0 | Z89: 0 | AA89: 0 | AB89: 0 | AC89: 0 | AD89: 0 | AE89: 0 | AF89: 46265
A90: 1003 | B90: Asarganj | C90: 10030003 | D90: CHATMADIH | E90: MPG | F90: Direct | G90: 1671.7 | H90: 81410.49 | I90: 0 | J90: 0 | K90: 0 | L90: 0 | M90: 1142 | N90: 0 | O90: -1 | Q90: 19. 31-06 Aug | S90: 0.014051383 | T90: 67 | U90: 0 | V90: 0 | W90: 0 | Y90: 0 | Z90: 0 | AA90: 0 | AB90: 0 | AC90: 0 | AD90: 0 | AE90: 0 | AF90: 46265
A91: 1003 | B91: Asarganj | C91: 10030007 | D91: SIYADIH | E91: VLC | F91: Indirect | G91: 740.55 | H91: 22379.89 | I91: 0 | J91: 0 | K91: 0 | L91: 0 | M91: 0 | N91: 0 | O91: 0 | Q91: 19. 31-06 Aug | S91: 0 | T91: 0 | U91: 0 | V91: 0 | W91: 0 | Y91: 0 | Z91: 0 | AA91: 0 | AB91: 0 | AC91: 0 | AD91: 0 | AE91: 0 | AF91: 46265
... A104: 1003 | B104: Asarganj | C104: 10030025 | D104: SAJUA-1 | E104: MPG | F104: Direct | G104: 494.95 | H104: 20738.28 | I104: 0 | J104: 0 | K104: 0 | L104: 0 | M104: 0 | N104: 0 | O104: 0 | Q104: 19. 31-06 Aug | S104: -0.035332728 | T104: 6 | U104: 0 | V104: 0 | W104: 0 | Y104: 0 | Z104: 0 | AA104: 0 | AB104: 0 | AC104: 0 | AD104: 0 | AE104: 0 | AF104: 46265
A105: 1003 | B105: Asarganj | C105: 10030026 | D105: SAJUA-2 | E105: MPG | F105: Direct | G105: 400.4 | H105: 16050.79 | I105: 0 | J105: 0 | K105: 0 | L105: 0 | M105: -3351 | N105: Release2 | O105: -3351 | P105: Letter not received | Q105: 19. 31-06 Aug | S105: -0.20889564 | T105: 31 | U105: 0 | V105: 0 | W105: 0 | Y105: 0 | Z105: 0 | AA105: 0 | AB105: 0 | AC105: 0 | AD105: 0 | AE105: -3351 | AF105: 46265
A106: 1003 | B106: Asarganj | C106: 10030027 | D106: CHORGAUN | E106: MPG | F106: Direct | G106: 799.25 | H106: 31058.65 | I106: 0 | J106: 0 | K106: 0 | L106: 0 | M106: 237 | N106: 0 | O106: 2 | Q106: 19. 31-06 Aug | S106: 0.0075846825 | T106: 39 | U106: 0 | V106: 0 | W106: 0 | Y106: 0 | Z106: 0 | AA106: 0 | AB106: 0 | AC106: 0 | AD106: 0 | AE106: 0 | AF106: 46265
A107: 1003 | B107: Asarganj | C107: 10030028 | D107: PADARATHPUR | E107: MPG | F107: Direct | G107: 999.65 | H107: 40958.84 | I107: 0 | J107: 0 | K107: 0 | L107: 0 | M107: 0 | N107: 0 | O107: 0 | Q107: 19. 31-06 Aug | S107: -0.010597224 | T107: 32 | U107: 0 | V107: 0 | W107: 0 | Y107: 0 | Z107: 0 | AA107: 0 | AB107: 0 | AC107: 0 | AD107: 0 | AE107: 0 | AF107: 46265
A108: 1003 | B108: Asarganj | C108: 10030030 | D108: MACHIDIH | E108: MPG | F108: Direct | G108: 53.05 | H108: 2526.24 | I108: 0 | J108: 0 | K108: 0 | L108: 0 | M108: 86 | N108: 0 | O108: 0 | Q108: 19. 31-06 Aug | S108: 0.034074356 | T108: 1 | U108: 0 | V108: 0 | W108: 0 | Y108: 0 | Z108: 0 | AA108: 0 | AB108: 0 | AC108: 0 | AD108: 0 | AE108: 0 | AF108: 46265
A109: 1003 | B109: Asarganj | C109: 10030031 | D109: BADARKHA | E109: MPG | F109: Direct | G109: 691.05 | H109: 26145.66 | I109: 0 | J109: 0 | K109: 0 | L109: 0 | M109: 0 | N109: 0 | O109: 0 | Q109: 19. 31-06 Aug | S109: -0.0036885663 | T109: 22 | U109: 0 | V109: 0 | W109: 0 | Y109: 0 | Z109: 0 | AA109: 0 | AB109: 0 | AC109: 0 | AD109: 0 | AE109: 0 | AF109: 46265
A110: 1003 | B110: Asarganj | C110: 10030032 | D110: MAHDMADPUR | E110: MPG | F110: Direct | G110: 892.85 | H110: 31380 | I110: 0 | J110: 0 | K110: 0 | L110: 0 | M110: 0 | N110: 0 | O110: 0 | Q110: 19. 31-06 Aug | S110: -0.018569471 | T110: 16 | U110: 0 | V110: 0 | W110: 0 | Y110: 0 | Z110: 0 | AA110: 0 | AB110: 0 | AC110: 0 | AD110: 0 | AE110: 0 | AF110: 46265
A111: 1003 | B111: Asarganj | C111: 10030034 | D111: MUSKIPUR | E111: MPG | F111: Direct | G111: 1112.8 | H111: 48251.21 | I111: 0 | J111: 0 | K111: 0 | L111: 0 | M111: -267 | N111: Release2 | O111: -267 | P111: Letter not received | Q111: 19. 31-06 Aug | S111: -0.018231253 | T111: 35 | U111: 0 | V111: 0 | W111: 0 | Y111: 0 | Z111: 0 | AA111: 0 | AB111: 0 | AC111: 0 | AD111: 0 | AE111: -267 | AF111: 46265
A112: 1003 | B112: Asarganj | C112: 10030035 | D112: NAYAGAUN | E112: MPG | F112: Direct | G112: 483.2 | H112: 20036.7 | I112: 0 | J112: 0 | K112: 0 | L112: 0 | M112: 67 | N112: 0 | O112: 0 | Q112: 19. 31-06 Aug | S112: 0.0033463594 | T112: 7 | U112: 0 | V112: 0 | W112: 0 | Y112: 0 | Z112: 0 | AA112: 0 | AB112: 0 | AC112: 0 | AD112: 0 | AE112: 0 | AF112: 46265
A113: 1003 | B113: Asarganj | C113: 10030037 | D113: LAUNA | E113: MPG | F113: Direct | G113: 1362.25 | H113: 52367.65 | I113: 0 | J113: 16500 | K113: 0 | L113: 0 | M113: 0 | N113: Release1 | O113: 0 | P113: CF OS > 15 Day's | Q113: 19. 31-06 Aug | S113: -0.010318202 | T113: 16 | U113: 16500 | V113: 16500 | W113: 0 | Y113: 0 | Z113: 0 | AA113: 0 | AB113: 0 | AC113: 0 | AD113: 0 | AE113: 0 | AF113: 46265
A114: 1003 | B114: Asarganj | C114: 10030038 | D114: DULHAR | E114: MPG | F114: Direct | G114: 649.35 | H114: 27977.34 | I114: 0 | J114: 0 | K114: 0 | L114: 0 | M114: 0 | N114: 0 | O114: 0 | Q114: 19. 31-06 Aug | S114: -0.10953007 | T114: 21 | U114: 0 | V114: 0 | W114: 0 | Y114: 0 | Z114: 0 | AA114: 0 | AB114: 0 | AC114: 0 | AD114: 0 | AE114: 0 | AF114: 46265
A115: 1003 | B115: Asarganj | C115: 10030040 | D115: Ghorpithiya - Vikas | E115: VLC | F115: Indirect | G115: 387.65 | H115: 17462.92 | I115: 0 | J115: 0 | K115: 0 | L115: 0 | M115: 0 | N115: 0 | O115: 0 | Q115: 19. 31-06 Aug | S115: 0 | T115: 0 | U115: 0 | V115: 0 | W115: 0 | Y115: 0 | Z115: 0 | AA115: 0 | AB115: 0 | AC115: 0 | AD115: 0 | AE115: 0 | AF115: 46265
A116: 1003 | B116: Asarganj | C116: 10030041 | D116: Akbarnagar - Rakhi | E116: VLC | F116: Indirect | G116: 1166.6 | H116: 47040.26 | I116: 0 | J116: 0 | K116: 0 | L116: 0 | M116: 0 | N116: 0 | O116: 0 | Q116: 19. 31-06 Aug | S116: 0 | T116: 0 | U116: 0 | V116: 0 | W116: 0 | Y116: 0 | Z116: 0 | AA116: 0 | AB116: 0 | AC116: 0 | AD116: 0 | AE116: 0 | AF116: 46265
A117: 1003 | B117: Asarganj | C117: 10030042 | D117: Maheshi - Chamcham | E117: VLC | F117: Indirect | G117: 503.6 | H117: 20006.97 | I117: 0 | J117: 0 | K117: 0 | L117: 0 | M117: 0 | N117: 0 | O117: 0 | Q117: 19. 31-06 Aug | S117: 0 | T117: 0 | U117: 0 | V117: 0 | W117: 0 | Y117: 0 | Z117: 0 | AA117: 0 | AB117: 0 | AC117: 0 | AD117: 0 | AE117: 0 | AF117: 46265
A118: 1003 | B118: Asarganj | C118: 10030043 | D118: Ghorpithiya - Dheeraj | E118: VLC | F118: Indirect | G118: 8342.5 | H118: 344542.83 | I118: 0 | J118: 0 | K118: 0 | L118: 0 | M118: 0 | N118: 0 | O118: 0 | Q118: 19. 31-06 Aug | S118: 0 | T118: 0 | U118: 0 | V118: 0 | W118: 0 | Y118: 0 | Z118: 0 | AA118: 0 | AB118: 0 | AC118: 0 | AD118: 0 | AE118: 0 | AF118: 46265
A119: 1003 | B119: Asarganj | C119: 10030044 | D119: Asarganj Chhotki Tola - Akash | E119: VLC | F119: Indirect | G119: 8823.5 | H119: 363695.48 | I119: 0 | J119: 0 | K119: 0 | L119: 0 | M119: 0 | N119: 0 | O119: 0 | Q119: 19. 31-06 Aug | S119: 0 | T119: 0 | U119: 0 | V119: 0 | W119: 0 | Y119: 0 | Z119: 0 | AA119: 0 | AB119: 0 | AC119: 0 | AD119: 0 | AE119: 0 | AF119: 46265
A120: 1003 | B120: Asarganj | C120: 10030045 | D120: Manikpur - Golu | E120: VLC | F120: Indirect | G120: 796 | H120: 31624.75 | I120: 0 | J120: 0 | K120: 0 | L120: 0 | M120: 0 | N120: 0 | O120: 0 | Q120: 19. 31-06 Aug | S120: 0 | T120: 0 | U120: 0 | V120: 0 | W120: 0 | Y120: 0 | Z120: 0 | AA120: 0 | AB120: 0 | AC120: 0 | AD120: 0 | AE120: 0 | AF120: 46265
A121: 1003 | B121: Asarganj | C121: 10030046 | D121: Rangaon - Jayram | E121: VLC | F121: Indirect | G121: 503.6 | H121: 20006.97 | I121: 0 | J121: 0 | K121: 0 | L121: 0 | M121: 0 | N121: 0 | O121: 0 | Q121: 19. 31-06 Aug | S121: 0 | T121: 0 | U121: 0 | V121: 0 | W121: 0 | Y121: 0 | Z121: 0 | AA121: 0 | AB121: 0 | AC121: 0 | AD121: 0 | AE121: 0 | AF121: 46265
A122: 1003 | B122: Asarganj | C122: 10030047 | D122: Karso - Aparajita | E122: VLC | F122: Indirect | G122: 503.6 | H122: 20006.97 | I122: 0 | J122: 0 | K122: 0 | L122: 0 | M122: 0 | N122: 0 | O122: 0 | Q122: 19. 31-06 Aug | S122: 0 | T122: 0 | U122: 0 | V122: 0 | W122: 0 | Y122: 0 | Z122: 0 | AA122: 0 | AB122: 0 | AC122: 0 | AD122: 0 | AE122: 0 | AF122: 46265
A123: 1003 | B123: Asarganj | C123: 10030048 | D123: Unchagaon - Niraj | E123: VLC | F123: Indirect | G123: 503.6 | H123: 20006.97 | I123: 0 | J123: 0 | K123: 0 | L123: 0 | M123: 0 | N123: 0 | O123: 0 | Q123: 19. 31-06 Aug | S123: 0 | T123: 0 | U123: 0 | V123: 0 | W123: 0 | Y123: 0 | Z123: 0 | AA123: 0 | AB123: 0 | AC123: 0 | AD123: 0 | AE123: 0 | AF123: 46265
A124: 1003 | B124: Asarganj | C124: 10030050 | D124: PAIN | E124: MPG | F124: Direct | G124: 524.55 | H124: 18860 | I124: 0 | J124: 0 | K124: 0 | L124: 0 | M124: 0 | N124: 0 | O124: 0 | Q124: 19. 31-06 Aug | S124: -0.12571474 | T124: 11 | U124: 0 | V124: 0 | W124: 0 | Y124: 0 | Z124: 0 | AA124: 0 | AB124: 0 | AC124: 0 | AD124: 0 | AE124: 0 | AF124: 46265
...
