Workbook

Sheet Sheet2
D3: Values
A4: ref_code | B4: name | C4: Type | D4: Sum of qty | E4: Sum of amount
A5: 10010013 | B5: Gomukh Kumbhi | C5: MPG | D5: 142.8 | E5: 5463.94 | H5: =_xlfn.XLOOKUP(A5,Sheet1!D:D,Sheet1!A:A) -> Majhaul | I5: =_xlfn.XLOOKUP(H5,'[1]MCC-BMC'!$D:$D,'[1]MCC-BMC'!$C:$C) -> 1001
A6: 10010017 | B6: Gomukh Amba | C6: MPG | D6: 17.35 | E6: 602.49 | H6: =_xlfn.XLOOKUP(A6,Sheet1!D:D,Sheet1!A:A) -> Teghra | I6: =_xlfn.XLOOKUP(H6,'[1]MCC-BMC'!$D:$D,'[1]MCC-BMC'!$C:$C) -> 1008
A7: 10010019 | B7: Gomukh Jagdar | C7: MPG | D7: 330.6 | E7: 12783.8 | H7: =_xlfn.XLOOKUP(A7,Sheet1!D:D,Sheet1!A:A) -> Majhaul | I7: =_xlfn.XLOOKUP(H7,'[1]MCC-BMC'!$D:$D,'[1]MCC-BMC'!$C:$C) -> 1001
A8: 10010038 | B8: Gomukh Goriyari | C8: MPG | D8: 328.6 | E8: 12828.68 | H8: =_xlfn.XLOOKUP(A8,Sheet1!D:D,Sheet1!A:A) -> Hasanpur | I8: =_xlfn.XLOOKUP(H8,'[1]MCC-BMC'!$D:$D,'[1]MCC-BMC'!$C:$C) -> 1058
A9: 10010044 | B9: Gomukh Kanausi | C9: MPG | D9: 135.7 | E9: 5187.3 | H9: =_xlfn.XLOOKUP(A9,Sheet1!D:D,Sheet1!A:A) -> Hasanpur | I9: =_xlfn.XLOOKUP(H9,'[1]MCC-BMC'!$D:$D,'[1]MCC-BMC'!$C:$C) -> 1058
A10: 10010049 | B10: Birpur-2 - Pankaj | C10: vlc | D10: 1282.1 | E10: 44428.76 | H10: =_xlfn.XLOOKUP(A10,Sheet1!D:D,Sheet1!A:A) -> Majhaul | I10: =_xlfn.XLOOKUP(H10,'[1]MCC-BMC'!$D:$D,'[1]MCC-BMC'!$C:$C) -> 1001
A11: 10010050 | B11: Ekamba - Ashutosh | C11: vlc | D11: 289.2 | E11: 10794.96 | H11: =_xlfn.XLOOKUP(A11,Sheet1!D:D,Sheet1!A:A) -> Hasanpur | I11: =_xlfn.XLOOKUP(H11,'[1]MCC-BMC'!$D:$D,'[1]MCC-BMC'!$C:$C) -> 1058
A12: 10010051 | B12: Gomukh Dunahi | C12: MPG | D12: 359.7 | E12: 13122.55 | H12: =_xlfn.XLOOKUP(A12,Sheet1!D:D,Sheet1!A:A) -> Hasanpur | I12: =_xlfn.XLOOKUP(H12,'[1]MCC-BMC'!$D:$D,'[1]MCC-BMC'!$C:$C) -> 1058
A13: 10010055 | B13: GOMUKH BIRPUR PASCHIM | C13: MPG | D13: 38.7 | E13: 1600.6 | H13: =_xlfn.XLOOKUP(A13,Sheet1!D:D,Sheet1!A:A) -> Majhaul | I13: =_xlfn.XLOOKUP(H13,'[1]MCC-BMC'!$D:$D,'[1]MCC-BMC'!$C:$C) -> 1001
A14: 10010056 | B14: Gomukh Harigiridham | C14: MPG | D14: 642.8 | E14: 22247.31 | H14: =_xlfn.XLOOKUP(A14,Sheet1!D:D,Sheet1!A:A) -> Hasanpur | I14: =_xlfn.XLOOKUP(H14,'[1]MCC-BMC'!$D:$D,'[1]MCC-BMC'!$C:$C) -> 1058
A15: 10010057 | B15: Manish Dairy | C15: vlc | D15: 4492 | E15: 159441.59 | H15: =_xlfn.XLOOKUP(A15,Sheet1!D:D,Sheet1!A:A) -> Majhaul | I15: =_xlfn.XLOOKUP(H15,'[1]MCC-BMC'!$D:$D,'[1]MCC-BMC'!$C:$C) -> 1001
A16: 10010076 | B16: Gomukh Bhith-02 | C16: MPG | D16: 275.9 | E16: 12048.95 | H16: =_xlfn.XLOOKUP(A16,Sheet1!D:D,Sheet1!A:A) -> Majhaul | I16: =_xlfn.XLOOKUP(H16,'[1]MCC-BMC'!$D:$D,'[1]MCC-BMC'!$C:$C) -> 1001
... A958: 10650010 | B958: Sakh Mohan | C958: vlc | D958: 40.6 | E958: 1356.85 | H958: =_xlfn.XLOOKUP(A958,Sheet1!D:D,Sheet1!A:A) -> Bachhwara BMC | I958: =_xlfn.XLOOKUP(H958,'[1]MCC-BMC'!$D:$D,'[1]MCC-BMC'!$C:$C) -> 1065
A959: Grand Total | D959: 333659.53 | E959: 12989594

Sheet Sheet3
D3: Values
A4: ref_code | B4: name | C4: Type | D4: Sum of qty | E4: Sum of amount
A5: 10010013 | B5: Gomukh Kumbhi | C5: MPG | D5: 142.8 | E5: 5463.94
A6: 10010017 | B6: Gomukh Amba | C6: MPG | D6: 17.35 | E6: 602.49
A7: 10010019 | B7: Gomukh Jagdar | C7: MPG | D7: 330.6 | E7: 12783.8
A8: 10010038 | B8: Gomukh Goriyari | C8: MPG | D8: 328.6 | E8: 12828.68
A9: 10010044 | B9: Gomukh Kanausi | C9: MPG | D9: 135.7 | E9: 5187.3
A10: 10010049 | B10: Birpur-2 - Pankaj | C10: vlc | D10: 1282.1 | E10: 44428.76
A11: 10010050 | B11: Ekamba - Ashutosh | C11: vlc | D11: 289.2 | E11: 10794.96
A12: 10010051 | B12: Gomukh Dunahi | C12: MPG | D12: 359.7 | E12: 13122.55
A13: 10010055 | B13: GOMUKH BIRPUR PASCHIM | C13: MPG | D13: 38.7 | E13: 1600.6
A14: 10010056 | B14: Gomukh Harigiridham | C14: MPG | D14: 642.8 | E14: 22247.31
A15: 10010057 | B15: Manish Dairy | C15: vlc | D15: 4492 | E15: 159441.59
A16: 10010076 | B16: Gomukh Bhith-02 | C16: MPG | D16: 275.9 | E16: 12048.95
... A958: 10650010 | B958: Sakh Mohan | C958: vlc | D958: 40.6 | E958: 1356.85
A959: Grand Total | D959: 333659.53 | E959: 12989594

Sheet Sheet1
A1: bmc_name | B1: route_code | C1: route_name | D1: ref_code | E1: name | F1: collection_date | G1: Shift | H1: Type | I1: animal_type_name | J1: qty | K1: fat | L1: snf | M1: rate | N1: amount | O1: qlty_auto
A2: Majhaul | B2: 100103 | C2: Birpur | D2: 10010082 | E2: Gomukh Sharmatola Sahuri | F2: 46113 | G2: Morning | H2: MPG | I2: Cow | J2: 97.6 | K2: 3.8 | L2: 7.9 | M2: 34.86 | N2: 3402.34 | O2: A
A3: Majhaul | B3: 100103 | C3: Birpur | D3: 10010116 | E3: Mohanpur- Mukesh Kumar | F3: 46113 | G3: Morning | H3: vlc | I3: Cow | J3: 78.7 | K3: 4.4 | L3: 8.4 | M3: 39.6 | N3: 3116.52 | O3: A
A4: Majhaul | B4: 100103 | C4: Birpur | D4: 10010076 | E4: Gomukh Bhith-02 | F4: 46113 | G4: Morning | H4: MPG | I4: Mix | J4: 66.2 | K4: 5.9 | L4: 8.7 | M4: 46.33 | N4: 3067.05 | O4: A
A5: Majhaul | B5: 100103 | C5: Birpur | D5: 10010019 | E5: Gomukh Jagdar | F5: 46113 | G5: Morning | H5: MPG | I5: Cow | J5: 83.3 | K5: 4.6 | L5: 8.7 | M5: 40.66 | N5: 3386.98 | O5: A
A6: Majhaul | B6: 100103 | C6: Birpur | D6: 10010109 | E6: Parra- Nagendra Kumar | F6: 46113 | G6: Morning | H6: vlc | I6: Cow | J6: 20.5 | K6: 3.8 | L6: 8 | M6: 36.17 | N6: 741.49 | O6: A
A7: Majhaul | B7: 100103 | C7: Birpur | D7: 10010108 | E7: Gomukh Pirauna | F7: 46113 | G7: Morning | H7: MPG | I7: Cow | J7: 13 | K7: 4.2 | L7: 8.4 | M7: 38.81 | N7: 504.53 | O7: A
A8: Majhaul | B8: 100103 | C8: Birpur | D8: 10010055 | E8: GOMUKH BIRPUR PASCHIM | F8: 46113 | G8: Morning | H8: MPG | I8: Mix | J8: 8.5 | K8: 5.2 | L8: 8.2 | M8: 42.24 | N8: 359.04 | O8: A
A9: Majhaul | B9: 100103 | C9: Birpur | D9: 10010145 | E9: Gomukh Mohanpur | F9: 46113 | G9: Morning | H9: MPG | I9: Mix | J9: 9.6 | K9: 6.1 | L9: 8.8 | M9: 46.88 | N9: 450.05 | O9: A
A10: Majhaul | B10: 100103 | C10: Birpur | D10: 10010144 | E10: Gomukh Rajakpur | F10: 46113 | G10: Morning | H10: MPG | I10: Cow | J10: 4.4 | K10: 3.9 | L10: 7.9 | M10: 35.26 | N10: 155.14 | O10: A
A11: Majhaul | B11: 100103 | C11: Birpur | D11: 10010146 | E11: Gomukh Chakka | F11: 46113 | G11: Morning | H11: MPG | I11: Cow | J11: 8.8 | K11: 4.3 | L11: 8.4 | M11: 39.21 | N11: 345.05 | O11: A
A12: Majhaul | B12: 100103 | C12: Birpur | D12: 10010143 | E12: Gomukh Akaha | F12: 46113 | G12: Morning | H12: MPG | I12: Cow | J12: 8.1 | K12: 4.1 | L12: 8.3 | M12: 38.15 | N12: 309.02 | O12: A
A13: Majhaul | B13: 100102 | C13: Paroria | D13: 10010084 | E13: Sangat- Sanjeev Kumar | F13: 46113 | G13: Morning | H13: vlc | I13: Cow | J13: 14.4 | K13: 4.2 | L13: 8.1 | M13: 38.02 | N13: 547.49 | O13: A
... A2447: MAHADAT PUR 2 | B2447: 103601 | C2447: RMC | D2447: 10360001 | E2447: MAHADAT PUR 2 | F2447: 46114 | G2447: Evening | H2447: RMC | I2447: Cow | J2447: 165.5 | K2447: 4 | L2447: 8.2 | M2447: 37.25 | N2447: 6165.35 | O2447: A
A2448: Dumraon | D2448: 10510002 | E2448: Diyaman | F2448: 46113 | G2448: Morning | H2448: MPG | I2448: Cow | J2448: 143.7 | K2448: 4.3 | L2448: 8.3 | M2448: 38.94 | N2448: 5595.68 | O2448: A
A2449: Dumraon | D2449: 10510004 | E2449: HENHA | F2449: 46113 | G2449: Morning | H2449: MPG | I2449: Cow | J2449: 222 | K2449: 4.1 | L2449: 8 | M2449: 37.36 | N2449: 8293.92 | O2449: A
A2450: Dumraon | D2450: 10510001 | E2450: ARAK | F2450: 46113 | G2450: Morning | H2450: MPG | I2450: Cow | J2450: 187.6 | K2450: 3.9 | L2450: 8.3 | M2450: 37.36 | N2450: 7008.74 | O2450: A
A2451: Dumraon | D2451: 10510004 | E2451: HENHA | F2451: 46113 | G2451: Evening | H2451: MPG | I2451: Cow | J2451: 149.6 | K2451: 4 | L2451: 8.2 | M2451: 37.49 | N2451: 5608.5 | O2451: A
A2452: Dumraon | D2452: 10510002 | E2452: Diyaman | F2452: 46113 | G2452: Evening | H2452: MPG | I2452: Cow | J2452: 97.2 | K2452: 4.4 | L2452: 8.3 | M2452: 39.34 | N2452: 3823.85 | O2452: A
A2453: Dumraon | D2453: 10510001 | E2453: ARAK | F2453: 46113 | G2453: Evening | H2453: MPG | I2453: Cow | J2453: 129.1 | K2453: 4 | L2453: 8.2 | M2453: 37.49 | N2453: 4839.96 | O2453: A
A2454: Dumraon | D2454: 10510002 | E2454: Diyaman | F2454: 46114 | G2454: Morning | H2454: MPG | I2454: Cow | J2454: 127.6 | K2454: 4.4 | L2454: 8.3 | M2454: 39.34 | N2454: 5019.78 | O2454: A
A2455: Dumraon | D2455: 10510004 | E2455: HENHA | F2455: 46114 | G2455: Morning | H2455: MPG | I2455: Cow | J2455: 221 | K2455: 4.1 | L2455: 8.1 | M2455: 37.62 | N2455: 8314.02 | O2455: A
A2456: Dumraon | D2456: 10510001 | E2456: ARAK | F2456: 46114 | G2456: Morning | H2456: MPG | I2456: Cow | J2456: 163 | K2456: 4 | L2456: 8 | M2456: 36.96 | N2456: 6024.48 | O2456: A
A2457: Dumraon | D2457: 10510004 | E2457: HENHA | F2457: 46114 | G2457: Evening | H2457: MPG | I2457: Cow | J2457: 138 | K2457: 3.9 | L2457: 8.1 | M2457: 36.83 | N2457: 5082.54 | O2457: A
A2458: Dumraon | D2458: 10510002 | E2458: Diyaman | F2458: 46114 | G2458: Evening | H2458: MPG | I2458: Cow | J2458: 100 | K2458: 4.4 | L2458: 8.2 | M2458: 39.07 | N2458: 3907 | O2458: A
A2459: Dumraon | D2459: 10510001 | E2459: ARAK | F2459: 46114 | G2459: Evening | H2459: MPG | I2459: Cow | J2459: 134.1 | K2459: 4 | L2459: 8.1 | M2459: 37.23 | N2459: 4992.54 | O2459: A
A2460: 3P Network | D2460: 10520003 | E2460: Nova Bihar Dairy | F2460: 46113 | G2460: Morning | H2460: vlc | I2460: Mix | J2460: 10699 | K2460: 5.2 | L2460: 8.5 | M2460: 43.03 | N2460: 460377.97 | O2460: M
A2461: 3P Network | B2461: 105201 | C2461: 3p | D2461: 10520005 | E2461: Rakesh Dairy | F2461: 46113 | G2461: Morning | H2461: vlc | I2461: Cow | J2461: 2252 | K2461: 3.3 | L2461: 8.1 | M2461: 34.45 | N2461: 77581.4 | O2461: M
A2462: 3P Network | D2462: 10520003 | E2462: Nova Bihar Dairy | F2462: 46113 | G2462: Evening | H2462: vlc | I2462: Mix | J2462: 8291 | K2462: 5.2 | L2462: 8.3 | M2462: 42.51 | N2462: 352450.41 | O2462: M
A2463: 3P Network | B2463: 105201 | C2463: 3p | D2463: 10520005 | E2463: Rakesh Dairy | F2463: 46113 | G2463: Evening | H2463: vlc | I2463: Cow | J2463: 2748 | K2463: 3.7 | L2463: 8.2 | M2463: 36.3 | N2463: 99752.4 | O2463: M
A2464: 3P Network | B2464: 105201 | C2464: 3p | D2464: 10520005 | E2464: Rakesh Dairy | F2464: 46114 | G2464: Morning | H2464: vlc | I2464: Cow | J2464: 2359 | K2464: 3.6 | L2464: 8.3 | M2464: 36.17 | N2464: 85325.03 | O2464: M
A2465: Kalyanpur | B2465: 105301 | C2465: Hattha | D2465: 10530013 | E2465: Gomukh Kalyanpur 2 | F2465: 46113 | G2465: Morning | H2465: vlc | I2465: Mix | J2465: 14.6 | K2465: 6.5 | L2465: 9 | M2465: 50.51 | N2465: 737.45 | O2465: A
A2466: Kalyanpur | B2466: 105301 | C2466: Hattha | D2466: 10530013 | E2466: Gomukh Kalyanpur 2 | F2466: 46113 | G2466: Morning | H2466: vlc | I2466: Mix | J2466: 18.05 | K2466: 5.2 | L2466: 8.2 | M2466: 42.24 | N2466: 762.43 | O2466: A
A2467: Kalyanpur | B2467: 105301 | C2467: Hattha | D2467: 10530060 | E2467: Gomukh Ranitola | F2467: 46113 | G2467: Morning | H2467: vlc | I2467: Mix | J2467: 18.45 | K2467: 7.8 | L2467: 9 | M2467: 60.61 | N2467: 1118.25 | O2467: A
A2468: Kalyanpur | B2468: 105301 | C2468: Hattha | D2468: 10530060 | E2468: Gomukh Ranitola | F2468: 46113 | G2468: Morning | H2468: vlc | I2468: Cow | J2468: 28.95 | K2468: 3.7 | L2468: 8 | M2468: 35.77 | N2468: 1035.54 | O2468: A
A2469: Kalyanpur | B2469: 105301 | C2469: Hattha | D2469: 10530029 | E2469: Gomukh Belsandi East | F2469: 46113 | G2469: Morning | H2469: vlc | I2469: Cow | J2469: 80.1 | K2469: 3.4 | L2469: 8.1 | M2469: 34.85 | N2469: 2791.49 | O2469: A
A2470: Kalyanpur | B2470: 105301 | C2470: Hattha | D2470: 10530029 | E2470: Gomukh Belsandi East | F2470: 46113 | G2470: Morning | H2470: vlc | I2470: Mix | J2470: 49.55 | K2470: 6.5 | L2470: 9 | M2470: 50.51 | N2470: 2502.77 | O2470: A
A2471: Kalyanpur | B2471: 105301 | C2471: Hattha | D2471: 10530063 | E2471: GOMUKH Singhiya Ward 11 | F2471: 46113 | G2471: Morning | H2471: vlc | I2471: Mix | J2471: 36.65 | K2471: 6.8 | L2471: 8.6 | M2471: 51.74 | N2471: 1896.27 | O2471: A
A2472: Kalyanpur | B2472: 105301 | C2472: Hattha | D2472: 10530063 | E2472: GOMUKH Singhiya Ward 11 | F2472: 46113 | G2472: Morning | H2472: vlc | I2472: Cow | J2472: 17.3 | K2472: 4.3 | L2472: 8 | M2472: 38.15 | N2472: 660 | O2472: A
A2473: Kalyanpur | B2473: 105301 | C2473: Hattha | D2473: 10530072 | E2473: KAMARGAMA | F2473: 46113 | G2473: Morning | H2473: vlc | I2473: Mix | J2473: 51.7 | K2473: 7.8 | L2473: 9 | M2473: 60.61 | N2473: 3133.54 | O2473: A
A2474: Kalyanpur | B2474: 105301 | C2474: Hattha | D2474: 10530079 | E2474: Jitwariya W-11 | F2474: 46113 | G2474: Morning | H2474: vlc | I2474: Mix | J2474: 32.85 | K2474: 5.1 | L2474: 8.4 | M2474: 42.37 | N2474: 1391.85 | O2474: A
... A3186: Chautham | B3186: 105601 | C3186: Chautham | D3186: 10070056 | E3186: Gomukh Nauranga | F3186: 46113 | G3186: Morning | H3186: vlc | I3186: Mix | J3186: 38.72 | K3186: 5.5 | L3186: 8.2 | M3186: 39.1 | N3186: 1513.95 | O3186: A
A3187: Chautham | D3187: 10560001 | E3187: Gomukh Chautham(Mithun Kumar VLC) | F3187: 46113 | G3187: Morning | H3187: vlc | I3187: Cow | J3187: 331.66 | K3187: 4 | L3187: 8.1 | M3187: 37.23 | N3187: 12347.7 | O3187: A
A3188: Chautham | B3188: 105601 | C3188: Chautham | D3188: 10070053 | E3188: Gomukh Saraiya | F3188: 46113 | G3188: Morning | H3188: vlc | I3188: Cow | J3188: 39 | K3188: 3.6 | L3188: 8.2 | M3188: 35.91 | N3188: 1400.49 | O3188: A
A3189: Chautham | B3189: 105601 | C3189: Chautham | D3189: 10070060 | E3189: Gomukh Pakrail Shirnia VLC | F3189: 46113 | G3189: Morning | H3189: vlc | I3189: Mix | J3189: 16.92 | K3189: 5.6 | L3189: 8.4 | M3189: 44.35 | N3189: 750.4 | O3189: A
A3190: Chautham | B3190: 105601 | C3190: Chautham | D3190: 10070064 | E3190: Gomukh Tila Tol | F3190: 46113 | G3190: Morning | H3190: MPG | I3190: Cow | J3190: 103.78 | K3190: 4.1 | L3190: 8.9 | M3190: 38.68 | N3190: 4014.21 | O3190: A
A3191: Chautham | B3191: 105601 | C3191: Chautham | D3191: 10560031 | E3191: Gomukh Nirpur Keshv Nagar | F3191: 46113 | G3191: Morning | H3191: MPG | I3191: Cow | J3191: 35.08 | K3191: 3.4 | L3191: 8.4 | M3191: 35.64 | N3191: 1250.25 | O3191: A
A3192: Chautham | B3192: 105601 | C3192: Chautham | D3192: 10560027 | E3192: Gomukh Purani Hrdia | F3192: 46113 | G3192: Morning | H3192: MPG | I3192: Mix | J3192: 39.58 | K3192: 5 | L3192: 8.4 | M3192: 41.98 | N3192: 1661.57 | O3192: A
A3193: Chautham | B3193: 105601 | C3193: Chautham | D3193: 10070039 | E3193: Gomukh Malpa Uttari | F3193: 46113 | G3193: Morning | H3193: vlc | I3193: Cow | J3193: 15.86 | K3193: 4.4 | L3193: 8.5 | M3193: 39.87 | N3193: 632.34 | O3193: A
A3194: Chautham | B3194: 105601 | C3194: Chautham | D3194: 10070008 | E3194: Gomukh ID Pipra | F3194: 46113 | G3194: Morning | H3194: vlc | I3194: Mix | J3194: 44.78 | K3194: 5.7 | L3194: 8.9 | M3194: 45.81 | N3194: 2051.37 | O3194: A
A3195: Chautham | B3195: 105601 | C3195: Chautham | D3195: 10070046 | E3195: Telouch | F3195: 46113 | G3195: Morning | H3195: MPG | I3195: Cow | J3195: 174.92 | K3195: 4.5 | L3195: 8.5 | M3195: 40.26 | N3195: 7042.28 | O3195: A
A3196: Chautham | B3196: 105601 | C3196: Chautham | D3196: 10560034 | E3196: Gomukh Nawadai Vlc | F3196: 46113 | G3196: Morning | H3196: vlc | I3196: Cow | J3196: 39.62 | K3196: 4.1 | L3196: 8.4 | M3196: 38.41 | N3196: 1521.8 | O3196: A
A3197: Chautham | B3197: 105601 | C3197: Chautham | D3197: 10070059 | E3197: Gomukh Pakrail Vijay Nagar VLC | F3197: 46113 | G3197: Morning | H3197: vlc | I3197: Cow | J3197: 117.52 | K3197: 3.9 | L3197: 8.3 | M3197: 37.36 | N3197: 4390.55 | O3197: A
A3198: Chautham | B3198: 105601 | C3198: Chautham | D3198: 10560006 | E3198: Gomukh Baltara | F3198: 46113 | G3198: Morning | H3198: MPG | I3198: Mix | J3198: 6.84 | K3198: 5.8 | L3198: 8.9 | M3198: 46.2 | N3198: 316.01 | O3198: A
A3199: Chautham | B3199: 105601 | C3199: Chautham | D3199: 10560026 | E3199: Gomukh Azad Nagar | F3199: 46113 | G3199: Morning | H3199: MPG | I3199: Cow | J3199: 77.96 | K3199: 4.1 | L3199: 8.5 | M3199: 38.68 | N3199: 3015.49 | O3199: A
... A3220: Chautham | B3220: 105601 | C3220: Chautham | D3220: 10070046 | E3220: Telouch | F3220: 46113 | G3220: Evening | H3220: MPG | I3220: Cow | J3220: 251.84 | K3220: 4 | L3220: 8.1 | M3220: 37.23 | N3220: 9376 | O3220: A
A3221: Chautham | D3221: 10560001 | E3221: Gomukh Chautham(Mithun Kumar VLC) | F3221: 46113 | G3221: Evening | H3221: vlc | I3221: Cow | J3221: 371.14 | K3221: 4.3 | L3221: 8 | M3221: 38.15 | N3221: 14158.99 | O3221: A
A3222: Chautham | B3222: 105601 | C3222: Chautham | D3222: 10070039 | E3222: Gomukh Malpa Uttari | F3222: 46113 | G3222: Evening | H3222: vlc | I3222: Cow | J3222: 28.62 | K3222: 4.3 | L3222: 8.1 | M3222: 38.41 | N3222: 1099.29 | O3222: A
A3223: Chautham | B3223: 105601 | C3223: Chautham | D3223: 10070004 | E3223: Gomukh ID Pakrail | F3223: 46113 | G3223: Evening | H3223: vlc | I3223: Cow | J3223: 78.16 | K3223: 3.8 | L3223: 8.2 | M3223: 36.7 | N3223: 2868.47 | O3223: A
A3224: Chautham | B3224: 105601 | C3224: Chautham | D3224: 10070059 | E3224: Gomukh Pakrail Vijay Nagar VLC | F3224: 46113 | G3224: Evening | H3224: vlc | I3224: Cow | J3224: 143.02 | K3224: 3.8 | L3224: 8.1 | M3224: 36.43 | N3224: 5210.22 | O3224: A
A3225: Chautham | B3225: 105601 | C3225: Chautham | D3225: 10560016 | E3225: Gomukh Pachout | F3225: 46113 | G3225: Evening | H3225: MPG | I3225: Cow | J3225: 78.36 | K3225: 4.4 | L3225: 7.9 | M3225: 37.24 | N3225: 2918.13 | O3225: A
A3226: Chautham | B3226: 105601 | C3226: Chautham | D3226: 10560026 | E3226: Gomukh Azad Nagar | F3226: 46113 | G3226: Evening | H3226: MPG | I3226: Cow | J3226: 72.14 | K3226: 4.3 | L3226: 8.3 | M3226: 38.94 | N3226: 2809.13 | O3226: A
A3227: Chautham | B3227: 105601 | C3227: Chautham | D3227: 10560032 | E3227: Gomukh Pansalwa Wad-10 Vlc | F3227: 46113 | G3227: Evening | H3227: vlc | I3227: Cow | J3227: 97.8 | K3227: 2.9 | L3227: 7.4 | M3227: 27.11 | N3227: 2651.36 | O3227: A
A3228: Chautham | B3228: 105601 | C3228: Chautham | D3228: 10560002 | E3228: Gomukh Pansalwa | F3228: 46113 | G3228: Evening | H3228: vlc | I3228: Cow | J3228: 41.36 | K3228: 3.8 | L3228: 8.1 | M3228: 36.43 | N3228: 1506.74 | O3228: A
A3229: Chautham | B3229: 105601 | C3229: Chautham | D3229: 10560019 | E3229: Gomukh Pansalba Ward No 05 | F3229: 46113 | G3229: Evening | H3229: MPG | I3229: Cow | J3229: 111.14 | K3229: 3.8 | L3229: 8 | M3229: 36.17 | N3229: 4019.93 | O3229: A
A3230: Chautham | B3230: 105601 | C3230: Chautham | D3230: 10560017 | E3230: Gomukh Telihar | F3230: 46113 | G3230: Evening | H3230: MPG | I3230: Cow | J3230: 104.26 | K3230: 4.5 | L3230: 8.2 | M3230: 39.47 | N3230: 4115.14 | O3230: A
A3231: Chautham | B3231: 105601 | C3231: Chautham | D3231: 10560022 | E3231: Gomukh Paharpur Jilebya | F3231: 46113 | G3231: Evening | H3231: MPG | I3231: Mix | J3231: 137.72 | K3231: 5 | L3231: 8.6 | M3231: 42.24 | N3231: 5817.29 | O3231: A
A3232: Chautham | B3232: 105601 | C3232: Chautham | D3232: 10560012 | E3232: Gomukh Kharawa | F3232: 46113 | G3232: Evening | H3232: MPG | I3232: Cow | J3232: 52.48 | K3232: 4.1 | L3232: 8.3 | M3232: 38.15 | N3232: 2002.11 | O3232: A
A3233: Chautham | B3233: 105601 | C3233: Chautham | D3233: 10560005 | E3233: Gomukh Yadav Tol Kanauli | F3233: 46113 | G3233: Evening | H3233: MPG | I3233: Cow | J3233: 140.4 | K3233: 4.6 | L3233: 8 | M3233: 39.34 | N3233: 5523.34 | O3233: A
... A3239: Chautham | B3239: 105601 | C3239: Chautham | D3239: 10070008 | E3239: Gomukh ID Pipra | F3239: 46114 | G3239: Morning | H3239: vlc | I3239: Cow | J3239: 195.16 | K3239: 4.5 | L3239: 8 | M3239: 38.94 | N3239: 7599.53 | O3239: A
A3240: Chautham | D3240: 10560001 | E3240: Gomukh Chautham(Mithun Kumar VLC) | F3240: 46114 | G3240: Morning | H3240: vlc | I3240: Cow | J3240: 252.8 | K3240: 4.2 | L3240: 8.1 | M3240: 38.02 | N3240: 9611.46 | O3240: A
A3241: Chautham | B3241: 105601 | C3241: Chautham | D3241: 10070064 | E3241: Gomukh Tila Tol | F3241: 46114 | G3241: Morning | H3241: MPG | I3241: Cow | J3241: 100.6 | K3241: 4 | L3241: 8.1 | M3241: 37.23 | N3241: 3745.34 | O3241: A
A3242: Chautham | B3242: 105601 | C3242: Chautham | D3242: 10560004 | E3242: Gomukh Nawada | F3242: 46114 | G3242: Morning | H3242: MPG | I3242: Cow | J3242: 57.74 | K3242: 3.4 | L3242: 8.1 | M3242: 34.85 | N3242: 2012.24 | O3242: A
A3243: Chautham | B3243: 105601 | C3243: Chautham | D3243: 10560031 | E3243: Gomukh Nirpur Keshv Nagar | F3243: 46114 | G3243: Morning | H3243: MPG | I3243: Cow | J3243: 39.92 | K3243: 3.6 | L3243: 8 | M3243: 35.38 | N3243: 1412.37 | O3243: A
A3244: Chautham | B3244: 105601 | C3244: Chautham | D3244: 10560027 | E3244: Gomukh Purani Hrdia | F3244: 46114 | G3244: Morning | H3244: MPG | I3244: Cow | J3244: 31.54 | K3244: 4.5 | L3244: 8.2 | M3244: 39.47 | N3244: 1244.88 | O3244: A
A3245: Chautham | B3245: 105601 | C3245: Chautham | D3245: 10070058 | E3245: Gomukh Malpa Dhutauli VLC | F3245: 46114 | G3245: Morning | H3245: vlc | I3245: Cow | J3245: 4.22 | K3245: 3.1 | L3245: 7.6 | M3245: 28.33 | N3245: 119.55 | O3245: A
A3246: Chautham | B3246: 105601 | C3246: Chautham | D3246: 10560007 | E3246: Gomukh Hardia | F3246: 46114 | G3246: Morning | H3246: MPG | I3246: Mix | J3246: 9.4 | K3246: 6 | L3246: 8.7 | M3246: 45.84 | N3246: 430.9 | O3246: A
A3247: Chautham | B3247: 105601 | C3247: Chautham | D3247: 10070039 | E3247: Gomukh Malpa Uttari | F3247: 46114 | G3247: Morning | H3247: vlc | I3247: Cow | J3247: 20.5 | K3247: 4 | L3247: 7.6 | M3247: 31.89 | N3247: 653.75 | O3247: A
A3248: Chautham | B3248: 105601 | C3248: Chautham | D3248: 10560015 | E3248: Gomukh Patel Nagar | F3248: 46114 | G3248: Morning | H3248: vlc | I3248: Cow | J3248: 31.56 | K3248: 4 | L3248: 7.9 | M3248: 35.65 | N3248: 1125.11 | O3248: A
A3249: Chautham | B3249: 105601 | C3249: Chautham | D3249: 10560026 | E3249: Gomukh Azad Nagar | F3249: 46114 | G3249: Morning | H3249: MPG | I3249: Cow | J3249: 76.58 | K3249: 4.2 | L3249: 8.3 | M3249: 38.55 | N3249: 2952.16 | O3249: A
A3250: Chautham | B3250: 105601 | C3250: Chautham | D3250: 10560034 | E3250: Gomukh Nawadai Vlc | F3250: 46114 | G3250: Morning | H3250: vlc | I3250: Cow | J3250: 4.84 | K3250: 3.4 | L3250: 7.7 | M3250: 32.78 | N3250: 158.66 | O3250: A
A3251: Chautham | B3251: 105601 | C3251: Chautham | D3251: 10560016 | E3251: Gomukh Pachout | F3251: 46114 | G3251: Morning | H3251: MPG | I3251: Cow | J3251: 81.44 | K3251: 4 | L3251: 7.9 | M3251: 35.65 | N3251: 2903.34 | O3251: A
A3252: Chautham | B3252: 105601 | C3252: Chautham | D3252: 10560019 | E3252: Gomukh Pansalba Ward No 05 | F3252: 46114 | G3252: Morning | H3252: MPG | I3252: Cow | J3252: 79.14 | K3252: 3.8 | L3252: 8.1 | M3252: 36.43 | N3252: 2883.07 | O3252: A
... A3274: Chautham | B3274: 105601 | C3274: Chautham | D3274: 10560031 | E3274: Gomukh Nirpur Keshv Nagar | F3274: 46114 | G3274: Evening | H3274: MPG | I3274: Cow | J3274: 36.56 | K3274: 3.3 | L3274: 8.2 | M3274: 34.72 | N3274: 1269.36 | O3274: A
A3275: Chautham | D3275: 10560001 | E3275: Gomukh Chautham(Mithun Kumar VLC) | F3275: 46114 | G3275: Evening | H3275: vlc | I3275: Cow | J3275: 590.02 | K3275: 4.3 | L3275: 8.1 | M3275: 38.41 | N3275: 22662.67 | O3275: A
A3276: Chautham | B3276: 105601 | C3276: Chautham | D3276: 10560007 | E3276: Gomukh Hardia | F3276: 46114 | G3276: Evening | H3276: MPG | I3276: Mix | J3276: 15.82 | K3276: 5.8 | L3276: 8.6 | M3276: 45.67 | N3276: 722.5 | O3276: A
A3277: Chautham | B3277: 105601 | C3277: Chautham | D3277: 10560027 | E3277: Gomukh Purani Hrdia | F3277: 46114 | G3277: Evening | H3277: MPG | I3277: Cow | J3277: 43.7 | K3277: 4.6 | L3277: 8.2 | M3277: 39.87 | N3277: 1742.32 | O3277: A
A3278: Chautham | B3278: 105601 | C3278: Chautham | D3278: 10070039 | E3278: Gomukh Malpa Uttari | F3278: 46114 | G3278: Evening | H3278: vlc | I3278: Cow | J3278: 32.04 | K3278: 3.6 | L3278: 7.7 | M3278: 33.57 | N3278: 1075.58 | O3278: A
A3279: Chautham | B3279: 105601 | C3279: Chautham | D3279: 10560004 | E3279: Gomukh Nawada | F3279: 46114 | G3279: Evening | H3279: MPG | I3279: Cow | J3279: 68.48 | K3279: 3.7 | L3279: 8.1 | M3279: 36.04 | N3279: 2468.02 | O3279: A
A3280: Chautham | B3280: 105601 | C3280: Chautham | D3280: 10070058 | E3280: Gomukh Malpa Dhutauli VLC | F3280: 46114 | G3280: Evening | H3280: vlc | I3280: Cow | J3280: 11.78 | K3280: 3.3 | L3280: 8.1 | M3280: 34.45 | N3280: 405.82 | O3280: A
A3281: Chautham | B3281: 105601 | C3281: Chautham | D3281: 10070059 | E3281: Gomukh Pakrail Vijay Nagar VLC | F3281: 46114 | G3281: Evening | H3281: vlc | I3281: Cow | J3281: 148.28 | K3281: 3.7 | L3281: 8.1 | M3281: 36.04 | N3281: 5344.01 | O3281: A
A3282: Chautham | B3282: 105601 | C3282: Chautham | D3282: 10560016 | E3282: Gomukh Pachout | F3282: 46114 | G3282: Evening | H3282: MPG | I3282: Cow | J3282: 80.54 | K3282: 4.3 | L3282: 7.7 | M3282: 36.34 | N3282: 2926.82 | O3282: A
A3283: Chautham | B3283: 105601 | C3283: Chautham | D3283: 10560026 | E3283: Gomukh Azad Nagar | F3283: 46114 | G3283: Evening | H3283: MPG | I3283: Cow | J3283: 77.12 | K3283: 4.1 | L3283: 8 | M3283: 37.36 | N3283: 2881.2 | O3283: A
A3284: Chautham | B3284: 105601 | C3284: Chautham | D3284: 10560032 | E3284: Gomukh Pansalwa Wad-10 Vlc | F3284: 46114 | G3284: Evening | H3284: vlc | I3284: Cow | J3284: 145.48 | K3284: 3.4 | L3284: 7.4 | M3284: 29.09 | N3284: 4232.01 | O3284: A
A3285: Chautham | B3285: 105601 | C3285: Chautham | D3285: 10560002 | E3285: Gomukh Pansalwa | F3285: 46114 | G3285: Evening | H3285: vlc | I3285: Cow | J3285: 40.82 | K3285: 3.5 | L3285: 7.9 | M3285: 33.67 | N3285: 1374.41 | O3285: A
A3286: Chautham | B3286: 105601 | C3286: Chautham | D3286: 10560017 | E3286: Gomukh Telihar | F3286: 46114 | G3286: Evening | H3286: MPG | I3286: Cow | J3286: 103.6 | K3286: 4 | L3286: 8 | M3286: 36.96 | N3286: 3829.06 | O3286: A
A3287: Chautham | B3287: 105601 | C3287: Chautham | D3287: 10560005 | E3287: Gomukh Yadav Tol Kanauli | F3287: 46114 | G3287: Evening | H3287: MPG | I3287: Cow | J3287: 165.08 | K3287: 4.6 | L3287: 8 | M3287: 39.34 | N3287: 6494.25 | O3287: A
... A4026: Bachhwara BMC | B4026: 106501 | C4026: Bachhwara | D4026: 10080112 | E4026: Samsa | F4026: 46114 | G4026: Evening | H4026: vlc | I4026: Cow | J4026: 107.6 | K4026: 4.1 | L4026: 8.4 | M4026: 38.41 | N4026: 4132.92 | O4026: A
