Workbook
Name Account_Details: #REF!
Name Amount: #REF!
Name CF_Recovery: #REF!
Name Code: #REF!
Name FAT_Range: #REF!
Name Net_Amount: #REF!
Name Other_Ded: #REF!
Name Rate_Chart_Kaimur: #REF!
Name Sample_Milk: #REF!
Name SNF_Range: #REF!
Name Vol_L: #REF!

Sheet MPG Payment
A2: BMC Code | B2: MCC Name | C2: Code | D2: Old Code | E2: MPG NAME | F2: Type | G2: Farmer Payment | H2: BMC Volume | I2: BMC Amount | J2: Payable | K2: Vet Deduction | L2: CF Deduction | M2: Other | N2: Advance | O2: Payable to MPG | P2: Hold Amount | Q2: Final Payment | R2: Stop Payment | S2: Hold Reason | T2: Cycle | V2: Sahayak Comm @ 1.75% | W2: Retain Comm @ 0.25% | X2: Payable Commission | Y2: Other Deduction | Z2: Net payable | AB2: beneficiary_name | AC2: bank_account_no | AD2: IFSC | AE2: u | AF2: am | AG2: Diff | AI2: BMC Volume | AJ2: BMC Amount
A3: 1062 | B3: Ramgarh | C3: 10620002 | D3: =VLOOKUP(C3,DSC_Master!$C$1:D101,2,0) -> 64592 | E3: =VLOOKUP(C3,DSC_Master!$C$1:$K$200,4,0) -> UDHAPURA DSK | F3: MPG | G3: Indirect | H3: 587 | I3: 22783.939 | J3: =I3 -> 22783.939 | M3: 0 | O3: =J3-SUM(K3:N3) -> 22783.939 | P3: =IF(R3="Yes",O3,0) -> 0 | Q3: =O3-P3 -> 22783.939 | R3: 0 | T3: {=SUBSTITUTE(SUBSTITUTE(MID(CELL("filename"),FIND("[",CELL("filename"))+1,FIND("]",CELL("filename"))-FIND("[",CELL("filename"))-1),"Farmer Payment-",""),".xlsb","")} -> Ramgarh Kaimur_Farmer Payment_22-28 May-diff.xlsx | V3: =I3*1.75% -> 398.71893 | W3: =I3*0.25% -> 56.959846 | X3: =V3-W3 -> 341.75908 | Y3: 0 | Z3: =X3-Y3 -> 341.75908 | AB3: =VLOOKUP(C3,DSC_Master!$C$1:$K$200,9,0) -> BAL GOPAL YADAV | AC3: =VLOOKUP(C3,DSC_Master!$C$1:$J$201,8,0) -> 37483995547 | AD3: =VLOOKUP(C3,DSC_Master!$C$1:$J$201,7,0) -> SBIN0000076 | AF3: 22382.97 | AG3: =Q3-AF3 -> 400.96859 | AI3: 587 | AJ3: 22382.14 | AK3: =AI3-H3 -> 0 | AL3: =AJ3-I3 -> -401.79817
A4: 1062 | B4: Ramgarh | C4: 10620004 | D4: =VLOOKUP(C4,DSC_Master!$C$1:D102,2,0) -> 64600 | E4: =VLOOKUP(C4,DSC_Master!$C$1:$K$200,4,0) -> BHAMBHHOR DSK | F4: MPG | G4: Indirect | H4: 407 | I4: 16386.236 | J4: =I4 -> 16386.236 | M4: 0 | O4: =J4-SUM(K4:N4) -> 16386.236 | P4: =IF(R4="Yes",O4,0) -> 0 | Q4: =O4-P4 -> 16386.236 | R4: 0 | T4: {=SUBSTITUTE(SUBSTITUTE(MID(CELL("filename"),FIND("[",CELL("filename"))+1,FIND("]",CELL("filename"))-FIND("[",CELL("filename"))-1),"Farmer Payment-",""),".xlsb","")} -> Ramgarh Kaimur_Farmer Payment_22-28 May-diff.xlsx | V4: =I4*1.75% -> 286.75914 | W4: =I4*0.25% -> 40.965591 | X4: =V4-W4 -> 245.79355 | Y4: 0 | Z4: =X4-Y4 -> 245.79355 | AB4: =VLOOKUP(C4,DSC_Master!$C$1:$K$200,9,0) -> DEEPAK KUMAR YADAV | AC4: =VLOOKUP(C4,DSC_Master!$C$1:$J$201,8,0) -> 924010010956816 | AD4: =VLOOKUP(C4,DSC_Master!$C$1:$J$201,7,0) -> UTIB0001632 | AF4: 16284.49 | AG4: =Q4-AF4 -> 101.74644 | AI4: 407 | AJ4: 16284.313 | AK4: =AI4-H4 -> 0 | AL4: =AJ4-I4 -> -101.92321
A5: 1062 | B5: Ramgarh | C5: 10620005 | D5: =VLOOKUP(C5,DSC_Master!$C$1:D103,2,0) -> 64505 | E5: =VLOOKUP(C5,DSC_Master!$C$1:$K$200,4,0) -> MAHUWARIYA DSK | F5: MPG | G5: Indirect | H5: 656 | I5: 38144.526 | J5: =I5 -> 38144.526 | M5: 0 | O5: =J5-SUM(K5:N5) -> 38144.526 | P5: =IF(R5="Yes",O5,0) -> 0 | Q5: =O5-P5 -> 38144.526 | R5: 0 | T5: {=SUBSTITUTE(SUBSTITUTE(MID(CELL("filename"),FIND("[",CELL("filename"))+1,FIND("]",CELL("filename"))-FIND("[",CELL("filename"))-1),"Farmer Payment-",""),".xlsb","")} -> Ramgarh Kaimur_Farmer Payment_22-28 May-diff.xlsx | V5: =I5*1.75% -> 667.5292 | W5: =I5*0.25% -> 95.361314 | X5: =V5-W5 -> 572.16789 | Y5: 0 | Z5: =X5-Y5 -> 572.16789 | AB5: =VLOOKUP(C5,DSC_Master!$C$1:$K$200,9,0) -> DINESH KUMAR | AC5: =VLOOKUP(C5,DSC_Master!$C$1:$J$201,8,0) -> 20315506501 | AD5: =VLOOKUP(C5,DSC_Master!$C$1:$J$201,7,0) -> SBIN0014328 | AF5: 37918.21 | AG5: =Q5-AF5 -> 226.3158 | AI5: 656 | AJ5: 37917.537 | AK5: =AI5-H5 -> 0 | AL5: =AJ5-I5 -> -226.9884
A6: 1062 | B6: Ramgarh | C6: 10620009 | D6: =VLOOKUP(C6,DSC_Master!$C$1:D104,2,0) -> 64571 | E6: =VLOOKUP(C6,DSC_Master!$C$1:$K$200,4,0) -> JAVRI DSK | F6: MPG | G6: Indirect | H6: 815 | I6: 39288.109 | J6: =I6 -> 39288.109 | M6: 0 | O6: =J6-SUM(K6:N6) -> 39288.109 | P6: =IF(R6="Yes",O6,0) -> 0 | Q6: =O6-P6 -> 39288.109 | R6: 0 | T6: {=SUBSTITUTE(SUBSTITUTE(MID(CELL("filename"),FIND("[",CELL("filename"))+1,FIND("]",CELL("filename"))-FIND("[",CELL("filename"))-1),"Farmer Payment-",""),".xlsb","")} -> Ramgarh Kaimur_Farmer Payment_22-28 May-diff.xlsx | V6: =I6*1.75% -> 687.54191 | W6: =I6*0.25% -> 98.220273 | X6: =V6-W6 -> 589.32164 | Y6: 0 | Z6: =X6-Y6 -> 589.32164 | AB6: =VLOOKUP(C6,DSC_Master!$C$1:$K$200,9,0) -> KANHAIYA YADAV | AC6: =VLOOKUP(C6,DSC_Master!$C$1:$J$201,8,0) -> 42108869535 | AD6: =VLOOKUP(C6,DSC_Master!$C$1:$J$201,7,0) -> SBIN0014328 | AF6: 39006.01 | AG6: =Q6-AF6 -> 282.09937 | AI6: 815 | AJ6: 39005.273 | AK6: =AI6-H6 -> 0 | AL6: =AJ6-I6 -> -282.83632
A7: 1062 | B7: Ramgarh | C7: 10620010 | D7: =VLOOKUP(C7,DSC_Master!$C$1:D105,2,0) -> 64508 | E7: =VLOOKUP(C7,DSC_Master!$C$1:$K$200,4,0) -> LARMA DSK | F7: MPG | G7: Indirect | H7: 523 | I7: 28162.815 | J7: =I7 -> 28162.815 | M7: 0 | O7: =J7-SUM(K7:N7) -> 28162.815 | P7: =IF(R7="Yes",O7,0) -> 0 | Q7: =O7-P7 -> 28162.815 | R7: 0 | T7: {=SUBSTITUTE(SUBSTITUTE(MID(CELL("filename"),FIND("[",CELL("filename"))+1,FIND("]",CELL("filename"))-FIND("[",CELL("filename"))-1),"Farmer Payment-",""),".xlsb","")} -> Ramgarh Kaimur_Farmer Payment_22-28 May-diff.xlsx | V7: =I7*1.75% -> 492.84926 | W7: =I7*0.25% -> 70.407037 | X7: =V7-W7 -> 422.44222 | Y7: 0 | Z7: =X7-Y7 -> 422.44222 | AB7: =VLOOKUP(C7,DSC_Master!$C$1:$K$200,9,0) -> KHUSHABU YADAV | AC7: =VLOOKUP(C7,DSC_Master!$C$1:$J$201,8,0) -> 2367000100137224 | AD7: =VLOOKUP(C7,DSC_Master!$C$1:$J$201,7,0) -> PUNB0236700 | AF7: 27976.38 | AG7: =Q7-AF7 -> 186.43491 | AI7: 523 | AJ7: 27975.378 | AK7: =AI7-H7 -> 0 | AL7: =AJ7-I7 -> -187.43737
A8: 1062 | B8: Ramgarh | C8: 10620011 | D8: =VLOOKUP(C8,DSC_Master!$C$1:D106,2,0) -> 64556 | E8: =VLOOKUP(C8,DSC_Master!$C$1:$K$200,4,0) -> KABILASPUR DSK | F8: MPG | G8: Indirect | H8: 472 | I8: 27552.206 | J8: =I8 -> 27552.206 | M8: 0 | O8: =J8-SUM(K8:N8) -> 27552.206 | P8: =IF(R8="Yes",O8,0) -> 0 | Q8: =O8-P8 -> 27552.206 | R8: 0 | T8: {=SUBSTITUTE(SUBSTITUTE(MID(CELL("filename"),FIND("[",CELL("filename"))+1,FIND("]",CELL("filename"))-FIND("[",CELL("filename"))-1),"Farmer Payment-",""),".xlsb","")} -> Ramgarh Kaimur_Farmer Payment_22-28 May-diff.xlsx | V8: =I8*1.75% -> 482.16361 | W8: =I8*0.25% -> 68.880516 | X8: =V8-W8 -> 413.2831 | Y8: 0 | Z8: =X8-Y8 -> 413.2831 | AB8: =VLOOKUP(C8,DSC_Master!$C$1:$K$200,9,0) -> MALTI DEVI | AC8: =VLOOKUP(C8,DSC_Master!$C$1:$J$201,8,0) -> 2374002100002492 | AD8: =VLOOKUP(C8,DSC_Master!$C$1:$J$201,7,0) -> PUNB0237400 | AF8: 27487.54 | AG8: =Q8-AF8 -> 64.666473 | AI8: 472 | AJ8: 27486.992 | AK8: =AI8-H8 -> 0 | AL8: =AJ8-I8 -> -65.213988
A9: 1062 | B9: Ramgarh | C9: 10620012 | D9: =VLOOKUP(C9,DSC_Master!$C$1:D107,2,0) -> 64515 | E9: =VLOOKUP(C9,DSC_Master!$C$1:$K$200,4,0) -> DHARHARA DSK | F9: MPG | G9: Indirect | H9: 919 | I9: 44244.896 | J9: =I9 -> 44244.896 | M9: 0 | O9: =J9-SUM(K9:N9) -> 44244.896 | P9: =IF(R9="Yes",O9,0) -> 0 | Q9: =O9-P9 -> 44244.896 | R9: 0 | T9: {=SUBSTITUTE(SUBSTITUTE(MID(CELL("filename"),FIND("[",CELL("filename"))+1,FIND("]",CELL("filename"))-FIND("[",CELL("filename"))-1),"Farmer Payment-",""),".xlsb","")} -> Ramgarh Kaimur_Farmer Payment_22-28 May-diff.xlsx | V9: =I9*1.75% -> 774.28569 | W9: =I9*0.25% -> 110.61224 | X9: =V9-W9 -> 663.67345 | Y9: 0 | Z9: =X9-Y9 -> 663.67345 | AB9: =VLOOKUP(C9,DSC_Master!$C$1:$K$200,9,0) -> SHREE NIWAS YADAV | AC9: =VLOOKUP(C9,DSC_Master!$C$1:$J$201,8,0) -> 37905177514 | AD9: =VLOOKUP(C9,DSC_Master!$C$1:$J$201,7,0) -> SBIN0006137 | AF9: 44012.33 | AG9: =Q9-AF9 -> 232.5664 | AI9: 919 | AJ9: 44011.804 | AK9: =AI9-H9 -> 0 | AL9: =AJ9-I9 -> -233.0929
A10: 1062 | B10: Ramgarh | C10: 10620013 | D10: =VLOOKUP(C10,DSC_Master!$C$1:D108,2,0) -> 64523 | E10: =VLOOKUP(C10,DSC_Master!$C$1:$K$200,4,0) -> KHADSARA DSK | F10: MPG | G10: Indirect | H10: 276 | I10: 15437.831 | J10: =I10 -> 15437.831 | M10: 0 | O10: =J10-SUM(K10:N10) -> 15437.831 | P10: =IF(R10="Yes",O10,0) -> 0 | Q10: =O10-P10 -> 15437.831 | R10: 0 | T10: {=SUBSTITUTE(SUBSTITUTE(MID(CELL("filename"),FIND("[",CELL("filename"))+1,FIND("]",CELL("filename"))-FIND("[",CELL("filename"))-1),"Farmer Payment-",""),".xlsb","")} -> Ramgarh Kaimur_Farmer Payment_22-28 May-diff.xlsx | V10: =I10*1.75% -> 270.16205 | W10: =I10*0.25% -> 38.594578 | X10: =V10-W10 -> 231.56747 | Y10: 0 | Z10: =X10-Y10 -> 231.56747 | AB10: =VLOOKUP(C10,DSC_Master!$C$1:$K$200,9,0) -> SONU KUMAR | AC10: =VLOOKUP(C10,DSC_Master!$C$1:$J$201,8,0) -> 20421372063 | AD10: =VLOOKUP(C10,DSC_Master!$C$1:$J$201,7,0) -> SBIN0014328 | AF10: 15356.86 | AG10: =Q10-AF10 -> 80.971311 | AI10: 276 | AJ10: 15357.868 | AK10: =AI10-H10 -> 0 | AL10: =AJ10-I10 -> -79.963311
A11: 1062 | B11: Ramgarh | C11: 10620014 | D11: =VLOOKUP(C11,DSC_Master!$C$1:D109,2,0) -> 60628 | E11: =VLOOKUP(C11,DSC_Master!$C$1:$K$200,4,0) -> BAIJNATH DSK | F11: MPG | G11: Indirect | H11: 410 | I11: 18398.607 | J11: =I11 -> 18398.607 | M11: 0 | O11: =J11-SUM(K11:N11) -> 18398.607 | P11: =IF(R11="Yes",O11,0) -> 0 | Q11: =O11-P11 -> 18398.607 | R11: 0 | T11: {=SUBSTITUTE(SUBSTITUTE(MID(CELL("filename"),FIND("[",CELL("filename"))+1,FIND("]",CELL("filename"))-FIND("[",CELL("filename"))-1),"Farmer Payment-",""),".xlsb","")} -> Ramgarh Kaimur_Farmer Payment_22-28 May-diff.xlsx | V11: =I11*1.75% -> 321.97563 | W11: =I11*0.25% -> 45.996518 | X11: =V11-W11 -> 275.97911 | Y11: 0 | Z11: =X11-Y11 -> 275.97911 | AB11: =VLOOKUP(C11,DSC_Master!$C$1:$K$200,9,0) -> PARASH SINGH | AC11: =VLOOKUP(C11,DSC_Master!$C$1:$J$201,8,0) -> 2784000100175715 | AD11: =VLOOKUP(C11,DSC_Master!$C$1:$J$201,7,0) -> PUNB0278400 | AF11: 18162.4 | AG11: =Q11-AF11 -> 236.20723 | AI11: 410 | AJ11: 18162.105 | AK11: =AI11-H11 -> 0 | AL11: =AJ11-I11 -> -236.50178
A12: 1062 | B12: Ramgarh | C12: 10620015 | D12: =VLOOKUP(C12,DSC_Master!$C$1:D110,2,0) -> 64537 | E12: =VLOOKUP(C12,DSC_Master!$C$1:$K$200,4,0) -> KASTHARI DSK | F12: MPG | G12: Indirect | H12: 626 | I12: 27445.259 | J12: =I12 -> 27445.259 | M12: 0 | O12: =J12-SUM(K12:N12) -> 27445.259 | P12: =IF(R12="Yes",O12,0) -> 0 | Q12: =O12-P12 -> 27445.259 | R12: 0 | T12: {=SUBSTITUTE(SUBSTITUTE(MID(CELL("filename"),FIND("[",CELL("filename"))+1,FIND("]",CELL("filename"))-FIND("[",CELL("filename"))-1),"Farmer Payment-",""),".xlsb","")} -> Ramgarh Kaimur_Farmer Payment_22-28 May-diff.xlsx | V12: =I12*1.75% -> 480.29204 | W12: =I12*0.25% -> 68.613148 | X12: =V12-W12 -> 411.67889 | Y12: 0 | Z12: =X12-Y12 -> 411.67889 | AB12: =VLOOKUP(C12,DSC_Master!$C$1:$K$200,9,0) -> PAWAN KUMAR SINGH | AC12: =VLOOKUP(C12,DSC_Master!$C$1:$J$201,8,0) -> 2374001500005364 | AD12: =VLOOKUP(C12,DSC_Master!$C$1:$J$201,7,0) -> PUNB0237400 | AF12: 27091.78 | AG12: =Q12-AF12 -> 353.47934 | AI12: 626 | AJ12: 27090.825 | AK12: =AI12-H12 -> 0 | AL12: =AJ12-I12 -> -354.43467
A13: 1062 | B13: Ramgarh | C13: 10620016 | D13: =VLOOKUP(C13,DSC_Master!$C$1:D111,2,0) -> 64522 | E13: =VLOOKUP(C13,DSC_Master!$C$1:$K$200,4,0) -> MADANPURA DSK | F13: MPG | G13: Indirect | H13: 258 | I13: 13245.18 | J13: =I13 -> 13245.18 | M13: 0 | O13: =J13-SUM(K13:N13) -> 13245.18 | P13: =IF(R13="Yes",O13,0) -> 0 | Q13: =O13-P13 -> 13245.18 | R13: 0 | T13: {=SUBSTITUTE(SUBSTITUTE(MID(CELL("filename"),FIND("[",CELL("filename"))+1,FIND("]",CELL("filename"))-FIND("[",CELL("filename"))-1),"Farmer Payment-",""),".xlsb","")} -> Ramgarh Kaimur_Farmer Payment_22-28 May-diff.xlsx | V13: =I13*1.75% -> 231.79065 | W13: =I13*0.25% -> 33.11295 | X13: =V13-W13 -> 198.6777 | Y13: 0 | Z13: =X13-Y13 -> 198.6777 | AB13: =VLOOKUP(C13,DSC_Master!$C$1:$K$200,9,0) -> RAM CHARAN RAI | AC13: =VLOOKUP(C13,DSC_Master!$C$1:$J$201,8,0) -> 2374000100165377 | AD13: =VLOOKUP(C13,DSC_Master!$C$1:$J$201,7,0) -> PUNB0237400 | AF13: 13156.58 | AG13: =Q13-AF13 -> 88.599925 | AI13: 258 | AJ13: 13156.452 | AK13: =AI13-H13 -> 0 | AL13: =AJ13-I13 -> -88.727467
A14: 1062 | B14: Ramgarh | C14: 10620017 | D14: =VLOOKUP(C14,DSC_Master!$C$1:D112,2,0) -> 64555 | E14: =VLOOKUP(C14,DSC_Master!$C$1:$K$200,4,0) -> DEHWALIYA DSK | F14: MPG | G14: Indirect | H14: 255 | I14: 8733.7569 | J14: =I14 -> 8733.7569 | M14: 0 | O14: =J14-SUM(K14:N14) -> 8733.7569 | P14: =IF(R14="Yes",O14,0) -> 0 | Q14: =O14-P14 -> 8733.7569 | R14: 0 | T14: {=SUBSTITUTE(SUBSTITUTE(MID(CELL("filename"),FIND("[",CELL("filename"))+1,FIND("]",CELL("filename"))-FIND("[",CELL("filename"))-1),"Farmer Payment-",""),".xlsb","")} -> Ramgarh Kaimur_Farmer Payment_22-28 May-diff.xlsx | V14: =I14*1.75% -> 152.84075 | W14: =I14*0.25% -> 21.834392 | X14: =V14-W14 -> 131.00635 | Y14: 0 | Z14: =X14-Y14 -> 131.00635 | AB14: =VLOOKUP(C14,DSC_Master!$C$1:$K$200,9,0) -> SATENDRA YADAV | AC14: =VLOOKUP(C14,DSC_Master!$C$1:$J$201,8,0) -> 14462413000951 | AD14: =VLOOKUP(C14,DSC_Master!$C$1:$J$201,7,0) -> PUNB0269600 | AF14: 8532.27 | AG14: =Q14-AF14 -> 201.48691 | AI14: 255 | AJ14: 8532.3536 | AK14: =AI14-H14 -> 0 | AL14: =AJ14-I14 -> -201.40334
... A52: 1062 | B52: Ramgarh | C52: 10620072 | D52: =VLOOKUP(C52,DSC_Master!$C$1:D150,2,0) -> 60526 | E52: =VLOOKUP(C52,DSC_Master!$C$1:$K$200,4,0) -> CHANDESH DSK | F52: MPG | G52: Indirect | H52: 71 | I52: 3400.4469 | J52: =I52 -> 3400.4469 | M52: 0 | O52: =J52-SUM(K52:N52) -> 3400.4469 | P52: =IF(R52="Yes",O52,0) -> 0 | Q52: =O52-P52 -> 3400.4469 | R52: 0 | T52: {=SUBSTITUTE(SUBSTITUTE(MID(CELL("filename"),FIND("[",CELL("filename"))+1,FIND("]",CELL("filename"))-FIND("[",CELL("filename"))-1),"Farmer Payment-",""),".xlsb","")} -> Ramgarh Kaimur_Farmer Payment_22-28 May-diff.xlsx | V52: =I52*1.75% -> 59.507821 | W52: =I52*0.25% -> 8.5011173 | X52: =V52-W52 -> 51.006704 | Y52: 0 | Z52: =X52-Y52 -> 51.006704 | AB52: =VLOOKUP(C52,DSC_Master!$C$1:$K$200,9,0) -> RAVISHANKAR RAI | AC52: =VLOOKUP(C52,DSC_Master!$C$1:$J$201,8,0) -> 20348864069 | AD52: =VLOOKUP(C52,DSC_Master!$C$1:$J$201,7,0) -> SBIN0017163 | AF52: 3385.82 | AG52: =Q52-AF52 -> 14.626934 | AI52: 71 | AJ52: 3385.7465 | AK52: =AI52-H52 -> 0 | AL52: =AJ52-I52 -> -14.700462
A53: 1062 | B53: Ramgarh | C53: 10620075 | D53: =VLOOKUP(C53,DSC_Master!$C$1:D151,2,0) -> 64542 | E53: =VLOOKUP(C53,DSC_Master!$C$1:$K$200,4,0) -> KUCHHALA DSK | F53: MPG | G53: Indirect | H53: 369 | I53: 21650.035 | J53: =I53 -> 21650.035 | M53: 0 | O53: =J53-SUM(K53:N53) -> 21650.035 | P53: =IF(R53="Yes",O53,0) -> 0 | Q53: =O53-P53 -> 21650.035 | R53: Release1 | T53: {=SUBSTITUTE(SUBSTITUTE(MID(CELL("filename"),FIND("[",CELL("filename"))+1,FIND("]",CELL("filename"))-FIND("[",CELL("filename"))-1),"Farmer Payment-",""),".xlsb","")} -> Ramgarh Kaimur_Farmer Payment_22-28 May-diff.xlsx | V53: =I53*1.75% -> 378.8756 | W53: =I53*0.25% -> 54.125086 | X53: =V53-W53 -> 324.75052 | Y53: 0 | Z53: =X53-Y53 -> 324.75052 | AB53: =VLOOKUP(C53,DSC_Master!$C$1:$K$200,9,0) -> SUNITA DEVI | AC53: =VLOOKUP(C53,DSC_Master!$C$1:$J$201,8,0) -> 579410110012870 | AD53: =VLOOKUP(C53,DSC_Master!$C$1:$J$201,7,0) -> BKID0005794 | AF53: 21442.07 | AG53: =Q53-AF53 -> 207.96451 | AI53: 369 | AJ53: 21441.036 | AK53: =AI53-H53 -> 0 | AL53: =AJ53-I53 -> -208.99807
A54: 1062 | B54: Ramgarh | C54: 10620076 | D54: =VLOOKUP(C54,DSC_Master!$C$1:D152,2,0) -> 60604 | E54: =VLOOKUP(C54,DSC_Master!$C$1:$K$200,4,0) -> SANISARAI DSK | F54: MPG | G54: Indirect | H54: 223 | I54: 8833.5614 | J54: =I54 -> 8833.5614 | M54: 0 | O54: =J54-SUM(K54:N54) -> 8833.5614 | P54: =IF(R54="Yes",O54,0) -> 0 | Q54: =O54-P54 -> 8833.5614 | R54: 0 | T54: {=SUBSTITUTE(SUBSTITUTE(MID(CELL("filename"),FIND("[",CELL("filename"))+1,FIND("]",CELL("filename"))-FIND("[",CELL("filename"))-1),"Farmer Payment-",""),".xlsb","")} -> Ramgarh Kaimur_Farmer Payment_22-28 May-diff.xlsx | V54: =I54*1.75% -> 154.58732 | W54: =I54*0.25% -> 22.083903 | X54: =V54-W54 -> 132.50342 | Y54: 0 | Z54: =X54-Y54 -> 132.50342 | AB54: =VLOOKUP(C54,DSC_Master!$C$1:$K$200,9,0) -> SURESH SINGH | AC54: =VLOOKUP(C54,DSC_Master!$C$1:$J$201,8,0) -> 2784001700140817 | AD54: =VLOOKUP(C54,DSC_Master!$C$1:$J$201,7,0) -> PUNB0278400 | AF54: 8735.9 | AG54: =Q54-AF54 -> 97.661354 | AI54: 223 | AJ54: 8735.4746 | AK54: =AI54-H54 -> 0 | AL54: =AJ54-I54 -> -98.086712
A55: 1062 | B55: Ramgarh | C55: 10620077 | D55: =VLOOKUP(C55,DSC_Master!$C$1:D153,2,0) -> 60627 | E55: =VLOOKUP(C55,DSC_Master!$C$1:$K$200,4,0) -> KHANATI DSK | F55: MPG | G55: Indirect | H55: 475 | I55: 20711.476 | J55: =I55 -> 20711.476 | M55: 0 | O55: =J55-SUM(K55:N55) -> 20711.476 | P55: =IF(R55="Yes",O55,0) -> 0 | Q55: =O55-P55 -> 20711.476 | R55: 0 | T55: {=SUBSTITUTE(SUBSTITUTE(MID(CELL("filename"),FIND("[",CELL("filename"))+1,FIND("]",CELL("filename"))-FIND("[",CELL("filename"))-1),"Farmer Payment-",""),".xlsb","")} -> Ramgarh Kaimur_Farmer Payment_22-28 May-diff.xlsx | V55: =I55*1.75% -> 362.45082 | W55: =I55*0.25% -> 51.778689 | X55: =V55-W55 -> 310.67214 | Y55: 0 | Z55: =X55-Y55 -> 310.67214 | AB55: =VLOOKUP(C55,DSC_Master!$C$1:$K$200,9,0) -> SUSHIL YADAV | AC55: =VLOOKUP(C55,DSC_Master!$C$1:$J$201,8,0) -> 2784001700136197 | AD55: =VLOOKUP(C55,DSC_Master!$C$1:$J$201,7,0) -> PUNB0278400 | AF55: 20530.41 | AG55: =Q55-AF55 -> 181.06567 | AI55: 475 | AJ55: 20544.612 | AK55: =AI55-H55 -> 0 | AL55: =AJ55-I55 -> -166.86399
A56: 1062 | B56: Ramgarh | C56: 10620099 | D56: =VLOOKUP(C56,DSC_Master!$C$1:D154,2,0) -> 64504 | E56: =VLOOKUP(C56,DSC_Master!$C$1:$K$200,4,0) -> NONAR DSK | F56: MPG | G56: Indirect | H56: 420 | I56: 14860.16 | J56: =I56 -> 14860.16 | M56: 0 | O56: =J56-SUM(K56:N56) -> 14860.16 | P56: =IF(R56="Yes",O56,0) -> 0 | Q56: =O56-P56 -> 14860.16 | R56: 0 | T56: {=SUBSTITUTE(SUBSTITUTE(MID(CELL("filename"),FIND("[",CELL("filename"))+1,FIND("]",CELL("filename"))-FIND("[",CELL("filename"))-1),"Farmer Payment-",""),".xlsb","")} -> Ramgarh Kaimur_Farmer Payment_22-28 May-diff.xlsx | V56: =I56*1.75% -> 260.05279 | W56: =I56*0.25% -> 37.150399 | X56: =V56-W56 -> 222.90239 | Y56: 0 | Z56: =X56-Y56 -> 222.90239 | AB56: =VLOOKUP(C56,DSC_Master!$C$1:$K$200,9,0) -> SURESH KHARWAR | AC56: =VLOOKUP(C56,DSC_Master!$C$1:$J$201,8,0) -> 2784000100286464 | AD56: =VLOOKUP(C56,DSC_Master!$C$1:$J$201,7,0) -> PUNB0278400 | AF56: 14469.29 | AG56: =Q56-AF56 -> 390.86961 | AI56: 420 | AJ56: 14469.232 | AK56: =AI56-H56 -> 0 | AL56: =AJ56-I56 -> -390.92723
A57: 1062 | B57: Ramgarh | C57: 10620100 | D57: =VLOOKUP(C57,DSC_Master!$C$1:D155,2,0) -> 60646 | E57: =VLOOKUP(C57,DSC_Master!$C$1:$K$200,4,0) -> RAMGARH DSK | F57: MPG | G57: Indirect | H57: 953 | I57: 50325.604 | J57: =I57 -> 50325.604 | M57: 0 | O57: =J57-SUM(K57:N57) -> 50325.604 | P57: =IF(R57="Yes",O57,0) -> 0 | Q57: =O57-P57 -> 50325.604 | R57: 0 | T57: {=SUBSTITUTE(SUBSTITUTE(MID(CELL("filename"),FIND("[",CELL("filename"))+1,FIND("]",CELL("filename"))-FIND("[",CELL("filename"))-1),"Farmer Payment-",""),".xlsb","")} -> Ramgarh Kaimur_Farmer Payment_22-28 May-diff.xlsx | V57: =I57*1.75% -> 880.69807 | W57: =I57*0.25% -> 125.81401 | X57: =V57-W57 -> 754.88406 | Y57: 0 | Z57: =X57-Y57 -> 754.88406 | AB57: =VLOOKUP(C57,DSC_Master!$C$1:$K$200,9,0) -> SHRI SHYAM DAIRY CO | AC57: =VLOOKUP(C57,DSC_Master!$C$1:$J$201,8,0) -> 579420110000403 | AD57: =VLOOKUP(C57,DSC_Master!$C$1:$J$201,7,0) -> BKID0005794 | AF57: 50326.39 | AG57: =Q57-AF57 -> -0.78616 | AI57: 953 | AJ57: 50325.604 | AK57: =AI57-H57 -> 0 | AL57: =AJ57-I57 -> 0
A58: 1062 | B58: Ramgarh | C58: 10620101 | D58: =VLOOKUP(C58,DSC_Master!$C$1:D156,2,0) -> 20101 | E58: =VLOOKUP(C58,DSC_Master!$C$1:$K$200,4,0) -> JABURNA DSK | F58: MPG | G58: Indirect | H58: 144 | I58: 6640.168 | J58: =I58 -> 6640.168 | M58: 0 | O58: =J58-SUM(K58:N58) -> 6640.168 | P58: =IF(R58="Yes",O58,0) -> 0 | Q58: =O58-P58 -> 6640.168 | R58: 0 | T58: {=SUBSTITUTE(SUBSTITUTE(MID(CELL("filename"),FIND("[",CELL("filename"))+1,FIND("]",CELL("filename"))-FIND("[",CELL("filename"))-1),"Farmer Payment-",""),".xlsb","")} -> Ramgarh Kaimur_Farmer Payment_22-28 May-diff.xlsx | V58: =I58*1.75% -> 116.20294 | W58: =I58*0.25% -> 16.60042 | X58: =V58-W58 -> 99.602521 | Y58: 0 | Z58: =X58-Y58 -> 99.602521 | AB58: =VLOOKUP(C58,DSC_Master!$C$1:$K$200,9,0) -> MD IMRAN KHAN | AC58: =VLOOKUP(C58,DSC_Master!$C$1:$J$201,8,0) -> 43620100017275 | AD58: =VLOOKUP(C58,DSC_Master!$C$1:$J$201,7,0) -> BARB0DILDAR | AF58: 6602.31 | AG58: =Q58-AF58 -> 37.858047 | AI58: 144 | AJ58: 6602.241 | AK58: =AI58-H58 -> 0 | AL58: =AJ58-I58 -> -37.927046
A59: 1062 | B59: Ramgarh | C59: 10620102 | D59: =VLOOKUP(C59,DSC_Master!$C$1:D157,2,0) -> 20102 | E59: =VLOOKUP(C59,DSC_Master!$C$1:$K$200,4,0) -> KALANI DSK | F59: MPG | G59: Indirect | H59: 695 | I59: 31418.174 | J59: =I59 -> 31418.174 | M59: 0 | O59: =J59-SUM(K59:N59) -> 31418.174 | P59: =IF(R59="Yes",O59,0) -> 0 | Q59: =O59-P59 -> 31418.174 | R59: 0 | T59: {=SUBSTITUTE(SUBSTITUTE(MID(CELL("filename"),FIND("[",CELL("filename"))+1,FIND("]",CELL("filename"))-FIND("[",CELL("filename"))-1),"Farmer Payment-",""),".xlsb","")} -> Ramgarh Kaimur_Farmer Payment_22-28 May-diff.xlsx | V59: =I59*1.75% -> 549.81805 | W59: =I59*0.25% -> 78.545436 | X59: =V59-W59 -> 471.27261 | Y59: 0 | Z59: =X59-Y59 -> 471.27261 | AB59: =VLOOKUP(C59,DSC_Master!$C$1:$K$200,9,0) -> MAYA KUMARI | AC59: =VLOOKUP(C59,DSC_Master!$C$1:$J$201,8,0) -> 461110110010454 | AD59: =VLOOKUP(C59,DSC_Master!$C$1:$J$201,7,0) -> BKID0004611 | AF59: 31256.72 | AG59: =Q59-AF59 -> 161.45423 | AI59: 695 | AJ59: 31285.744 | AK59: =AI59-H59 -> 0 | AL59: =AJ59-I59 -> -132.4302
A60: 1062 | B60: Ramgarh | C60: 10620104 | D60: =VLOOKUP(C60,DSC_Master!$C$1:D158,2,0) -> 20104 | E60: =VLOOKUP(C60,DSC_Master!$C$1:$K$200,4,0) -> PANAPUR - PURVY DSK | F60: MPG | G60: Indirect | H60: 299 | I60: 10729.41 | J60: =I60 -> 10729.41 | M60: 0 | O60: =J60-SUM(K60:N60) -> 10729.41 | P60: =IF(R60="Yes",O60,0) -> 0 | Q60: =O60-P60 -> 10729.41 | R60: 0 | T60: {=SUBSTITUTE(SUBSTITUTE(MID(CELL("filename"),FIND("[",CELL("filename"))+1,FIND("]",CELL("filename"))-FIND("[",CELL("filename"))-1),"Farmer Payment-",""),".xlsb","")} -> Ramgarh Kaimur_Farmer Payment_22-28 May-diff.xlsx | V60: =I60*1.75% -> 187.76468 | W60: =I60*0.25% -> 26.823526 | X60: =V60-W60 -> 160.94115 | Y60: 0 | Z60: =X60-Y60 -> 160.94115 | AB60: =VLOOKUP(C60,DSC_Master!$C$1:$K$200,9,0) -> NEERAJ KUMAR | AC60: =VLOOKUP(C60,DSC_Master!$C$1:$J$201,8,0) -> 20200123940927 | AD60: =VLOOKUP(C60,DSC_Master!$C$1:$J$201,7,0) -> BDBL0001544 | AF60: 10555.2 | AG60: =Q60-AF60 -> 174.21033 | AI60: 299 | AJ60: 10554.979 | AK60: =AI60-H60 -> 0 | AL60: =AJ60-I60 -> -174.43121
A61: 1062 | B61: Ramgarh | C61: 10620106 | D61: =VLOOKUP(C61,DSC_Master!$C$1:D156,2,0) -> 20106 | E61: =VLOOKUP(C61,DSC_Master!$C$1:$K$200,4,0) -> MACHHANHATA DSK | F61: MPG | G61: Indirect | H61: 307 | I61: 12288.853 | J61: =I61 -> 12288.853 | M61: 0 | O61: =J61-SUM(K61:N61) -> 12288.853 | P61: =IF(R61="Yes",O61,0) -> 0 | Q61: =O61-P61 -> 12288.853 | R61: 0 | T61: {=SUBSTITUTE(SUBSTITUTE(MID(CELL("filename"),FIND("[",CELL("filename"))+1,FIND("]",CELL("filename"))-FIND("[",CELL("filename"))-1),"Farmer Payment-",""),".xlsb","")} -> Ramgarh Kaimur_Farmer Payment_22-28 May-diff.xlsx | V61: =I61*1.75% -> 215.05493 | W61: =I61*0.25% -> 30.722132 | X61: =V61-W61 -> 184.33279 | Y61: 0 | Z61: =X61-Y61 -> 184.33279 | AB61: =VLOOKUP(C61,DSC_Master!$C$1:$K$200,9,0) -> PARASNATH SINGH | AC61: =VLOOKUP(C61,DSC_Master!$C$1:$J$201,8,0) -> 924010067199253 | AD61: =VLOOKUP(C61,DSC_Master!$C$1:$J$201,7,0) -> UTIB0005542 | AF61: 12036.92 | AG61: =Q61-AF61 -> 251.93287 | AI61: 307 | AJ61: 12037.21 | AK61: =AI61-H61 -> 0 | AL61: =AJ61-I61 -> -251.64332
A62: 1062 | B62: Ramgarh | C62: 10620107 | D62: =VLOOKUP(C62,DSC_Master!$C$1:D157,2,0) -> 20107 | E62: =VLOOKUP(C62,DSC_Master!$C$1:$K$200,4,0) -> DANDAWAS DSK | F62: MPG | G62: Indirect | H62: 121 | I62: 5040.538 | J62: =I62 -> 5040.538 | M62: 0 | O62: =J62-SUM(K62:N62) -> 5040.538 | P62: =IF(R62="Yes",O62,0) -> 0 | Q62: =O62-P62 -> 5040.538 | R62: 0 | T62: {=SUBSTITUTE(SUBSTITUTE(MID(CELL("filename"),FIND("[",CELL("filename"))+1,FIND("]",CELL("filename"))-FIND("[",CELL("filename"))-1),"Farmer Payment-",""),".xlsb","")} -> Ramgarh Kaimur_Farmer Payment_22-28 May-diff.xlsx | V62: =I62*1.75% -> 88.209416 | W62: =I62*0.25% -> 12.601345 | X62: =V62-W62 -> 75.608071 | Y62: 0 | Z62: =X62-Y62 -> 75.608071 | AB62: =VLOOKUP(C62,DSC_Master!$C$1:$K$200,9,0) -> DHANANJAY SINGH | AC62: =VLOOKUP(C62,DSC_Master!$C$1:$J$201,8,0) -> 110291410255 | AD62: =VLOOKUP(C62,DSC_Master!$C$1:$J$201,7,0) -> CNRB0007689 | AF62: 4945.18 | AG62: =Q62-AF62 -> 95.358039 | AI62: 121 | AJ62: 4945.0134 | AK62: =AI62-H62 -> 0 | AL62: =AJ62-I62 -> -95.52459
A63: 1062 | B63: Ramgarh | C63: 10620109 | D63: =VLOOKUP(C63,DSC_Master!$C$1:D158,2,0) -> 20109 | E63: =VLOOKUP(C63,DSC_Master!$C$1:$K$200,4,0) -> YUVRAJPUR DSK | F63: MPG | G63: Indirect | H63: 16140 | I63: 721551.03 | J63: =I63 -> 721551.03 | M63: 0 | O63: =J63-SUM(K63:N63) -> 721551.03 | P63: =IF(R63="Yes",O63,0) -> 0 | Q63: =O63-P63 -> 721551.03 | R63: 0 | T63: {=SUBSTITUTE(SUBSTITUTE(MID(CELL("filename"),FIND("[",CELL("filename"))+1,FIND("]",CELL("filename"))-FIND("[",CELL("filename"))-1),"Farmer Payment-",""),".xlsb","")} -> Ramgarh Kaimur_Farmer Payment_22-28 May-diff.xlsx | V63: =I63*1.75% -> 12627.143 | W63: =I63*0.25% -> 1803.8776 | X63: =V63-W63 -> 10823.265 | Y63: 0 | Z63: =X63-Y63 -> 10823.265 | AB63: =VLOOKUP(C63,DSC_Master!$C$1:$K$200,9,0) -> PRIYANKA PANDEY | AC63: =VLOOKUP(C63,DSC_Master!$C$1:$J$201,8,0) -> 0662001500012630 | AD63: =VLOOKUP(C63,DSC_Master!$C$1:$J$201,7,0) -> PUNB0066200 | AF63: 622454.8 | AG63: =Q63-AF63 -> 99096.225 | AI63: 14010 | AJ63: 622419.65 | AK63: =AI63-H63 -> -2130 | AL63: =AJ63-I63 -> -99131.38
A64: 1062 | B64: Ramgarh | C64: 10620111 | D64: =VLOOKUP(C64,DSC_Master!$C$1:D159,2,0) -> 20111 | E64: =VLOOKUP(C64,DSC_Master!$C$1:$K$200,4,0) -> SUHWAL | F64: MPG | G64: Indirect | H64: 1500 | I64: 56365.63 | J64: =I64 -> 56365.63 | M64: 0 | O64: =J64-SUM(K64:N64) -> 56365.63 | P64: =IF(R64="Yes",O64,0) -> 0 | Q64: =O64-P64 -> 56365.63 | R64: 0 | T64: {=SUBSTITUTE(SUBSTITUTE(MID(CELL("filename"),FIND("[",CELL("filename"))+1,FIND("]",CELL("filename"))-FIND("[",CELL("filename"))-1),"Farmer Payment-",""),".xlsb","")} -> Ramgarh Kaimur_Farmer Payment_22-28 May-diff.xlsx | V64: =I64*1.75% -> 986.39853 | W64: =I64*0.25% -> 140.91408 | X64: =V64-W64 -> 845.48445 | Y64: 0 | Z64: =X64-Y64 -> 845.48445 | AB64: =VLOOKUP(C64,DSC_Master!$C$1:$K$200,9,0) -> PRIYA PANDEY | AC64: =VLOOKUP(C64,DSC_Master!$C$1:$J$201,8,0) -> 43605915887 | AD64: =VLOOKUP(C64,DSC_Master!$C$1:$J$201,7,0) -> SBIN0003683 | AF64: 56370 | AG64: =Q64-AF64 -> -4.3698 | AI64: 1500 | AJ64: 56365.63 | AK64: =AI64-H64 -> 0 | AL64: =AJ64-I64 -> 0
A65: 1062 | B65: Ramgarh | C65: 10620112 | D65: =VLOOKUP(C65,DSC_Master!$C$1:D160,2,0) -> 20112 | E65: =VLOOKUP(C65,DSC_Master!$C$1:$K$200,4,0) -> PARSATHUA DSK | F65: MPG | G65: Indirect | H65: 115 | I65: 4660.5018 | J65: =I65 -> 4660.5018 | M65: 0 | O65: =J65-SUM(K65:N65) -> 4660.5018 | P65: =IF(R65="Yes",O65,0) -> 0 | Q65: =O65-P65 -> 4660.5018 | R65: 0 | T65: {=SUBSTITUTE(SUBSTITUTE(MID(CELL("filename"),FIND("[",CELL("filename"))+1,FIND("]",CELL("filename"))-FIND("[",CELL("filename"))-1),"Farmer Payment-",""),".xlsb","")} -> Ramgarh Kaimur_Farmer Payment_22-28 May-diff.xlsx | V65: =I65*1.75% -> 81.558782 | W65: =I65*0.25% -> 11.651255 | X65: =V65-W65 -> 69.907527 | Y65: 0 | Z65: =X65-Y65 -> 69.907527 | AB65: =VLOOKUP(C65,DSC_Master!$C$1:$K$200,9,0) -> ANJU DEVI | AC65: =VLOOKUP(C65,DSC_Master!$C$1:$J$201,8,0) -> 50100615862671 | AD65: =VLOOKUP(C65,DSC_Master!$C$1:$J$201,7,0) -> HDFC0002625 | AF65: 4570.57 | AG65: =Q65-AF65 -> 89.931822 | AI65: 115 | AJ65: 4570.5212 | AK65: =AI65-H65 -> 0 | AL65: =AJ65-I65 -> -89.980638
A66: 1062 | B66: Ramgarh | C66: 10620115 | D66: =VLOOKUP(C66,DSC_Master!$C$1:D161,2,0) -> 20115 | E66: =VLOOKUP(C66,DSC_Master!$C$1:$K$200,4,0) -> BADAKI KULHARIA DSK | F66: MPG | G66: Indirect | H66: 550 | I66: 20766.752 | J66: =I66 -> 20766.752 | M66: 0 | O66: =J66-SUM(K66:N66) -> 20766.752 | P66: =IF(R66="Yes",O66,0) -> 0 | Q66: =O66-P66 -> 20766.752 | R66: 0 | T66: {=SUBSTITUTE(SUBSTITUTE(MID(CELL("filename"),FIND("[",CELL("filename"))+1,FIND("]",CELL("filename"))-FIND("[",CELL("filename"))-1),"Farmer Payment-",""),".xlsb","")} -> Ramgarh Kaimur_Farmer Payment_22-28 May-diff.xlsx | V66: =I66*1.75% -> 363.41817 | W66: =I66*0.25% -> 51.916881 | X66: =V66-W66 -> 311.50129 | Y66: 0 | Z66: =X66-Y66 -> 311.50129 | AB66: =VLOOKUP(C66,DSC_Master!$C$1:$K$200,9,0) -> AJAY KUMAR SINGH | AC66: =VLOOKUP(C66,DSC_Master!$C$1:$J$201,8,0) -> 41684045867 | AD66: =VLOOKUP(C66,DSC_Master!$C$1:$J$201,7,0) -> SBIN0017163 | AF66: 20304.56 | AG66: =Q66-AF66 -> 462.19247 | AI66: 550 | AJ66: 20308.841 | AK66: =AI66-H66 -> 0 | AL66: =AJ66-I66 -> -457.91144
A67: 1062 | B67: Ramgarh | C67: 10620116 | D67: =VLOOKUP(C67,DSC_Master!$C$1:D162,2,0) -> 20116 | E67: =VLOOKUP(C67,DSC_Master!$C$1:$K$200,4,0) -> ARANG DSK | F67: MPG | G67: Indirect | H67: 5220 | I67: 223484.81 | J67: =I67 -> 223484.81 | M67: 0 | O67: =J67-SUM(K67:N67) -> 223484.81 | P67: =IF(R67="Yes",O67,0) -> 0 | Q67: =O67-P67 -> 223484.81 | R67: 0 | T67: {=SUBSTITUTE(SUBSTITUTE(MID(CELL("filename"),FIND("[",CELL("filename"))+1,FIND("]",CELL("filename"))-FIND("[",CELL("filename"))-1),"Farmer Payment-",""),".xlsb","")} -> Ramgarh Kaimur_Farmer Payment_22-28 May-diff.xlsx | V67: =I67*1.75% -> 3910.9841 | W67: =I67*0.25% -> 558.71202 | X67: =V67-W67 -> 3352.2721 | Y67: 0 | Z67: =X67-Y67 -> 3352.2721 | AB67: =VLOOKUP(C67,DSC_Master!$C$1:$K$200,9,0) -> BIRENDRA KUMAR | AC67: =VLOOKUP(C67,DSC_Master!$C$1:$J$201,8,0) -> 579120110000273 | AD67: =VLOOKUP(C67,DSC_Master!$C$1:$J$201,7,0) -> BKID0005791 | AF67: 115474.4 | AG67: =Q67-AF67 -> 108010.41 | AI67: 2840 | AJ67: 115466.23 | AK67: =AI67-H67 -> -2380 | AL67: =AJ67-I67 -> -108018.58
A68: 1062 | B68: Ramgarh | C68: 10620119 | D68: =VLOOKUP(C68,DSC_Master!$C$1:D163,2,0) -> 20119 | E68: =VLOOKUP(C68,DSC_Master!$C$1:$K$200,4,0) -> KURRA NEW DSK | F68: MPG | G68: Indirect | H68: 6050 | I68: 265541.67 | J68: =I68 -> 265541.67 | M68: 0 | O68: =J68-SUM(K68:N68) -> 265541.67 | P68: =IF(R68="Yes",O68,0) -> 0 | Q68: =O68-P68 -> 265541.67 | R68: 0 | T68: {=SUBSTITUTE(SUBSTITUTE(MID(CELL("filename"),FIND("[",CELL("filename"))+1,FIND("]",CELL("filename"))-FIND("[",CELL("filename"))-1),"Farmer Payment-",""),".xlsb","")} -> Ramgarh Kaimur_Farmer Payment_22-28 May-diff.xlsx | V68: =I68*1.75% -> 4646.9792 | W68: =I68*0.25% -> 663.85417 | X68: =V68-W68 -> 3983.125 | Y68: 0 | Z68: =X68-Y68 -> 3983.125 | AB68: =VLOOKUP(C68,DSC_Master!$C$1:$K$200,9,0) -> DIVYANSHI DAIRY MILK | AC68: =VLOOKUP(C68,DSC_Master!$C$1:$J$201,8,0) -> 8136244333 | AD68: =VLOOKUP(C68,DSC_Master!$C$1:$J$201,7,0) -> IDIB000M430 | AF68: 257289.2 | AG68: =Q68-AF68 -> 8252.4665 | AI68: 6050 | AJ68: 258684.43 | AK68: =AI68-H68 -> 0 | AL68: =AJ68-I68 -> -6857.2389
A69: 1062 | B69: Ramgarh | C69: 10620120 | D69: =VLOOKUP(C69,DSC_Master!$C$1:D163,2,0) -> 20120 | E69: =VLOOKUP(C69,DSC_Master!$C$1:$K$200,4,0) -> TIYARA DSK | F69: MPG | G69: Indirect | H69: 242 | I69: 12911.8 | J69: =I69 -> 12911.8 | M69: 0 | O69: =J69-SUM(K69:N69) -> 12911.8 | P69: =IF(R69="Yes",O69,0) -> 0 | Q69: =O69-P69 -> 12911.8 | R69: 0 | T69: {=SUBSTITUTE(SUBSTITUTE(MID(CELL("filename"),FIND("[",CELL("filename"))+1,FIND("]",CELL("filename"))-FIND("[",CELL("filename"))-1),"Farmer Payment-",""),".xlsb","")} -> Ramgarh Kaimur_Farmer Payment_22-28 May-diff.xlsx | V69: =I69*1.75% -> 225.9565 | W69: =I69*0.25% -> 32.279501 | X69: =V69-W69 -> 193.677 | Y69: 0 | Z69: =X69-Y69 -> 193.677 | AB69: =VLOOKUP(C69,DSC_Master!$C$1:$K$200,9,0) -> NIRMAL SINGH | AC69: =VLOOKUP(C69,DSC_Master!$C$1:$J$201,8,0) -> 2784000100110417 | AD69: =VLOOKUP(C69,DSC_Master!$C$1:$J$201,7,0) -> PUNB0278400 | AF69: 12867.18 | AG69: =Q69-AF69 -> 44.620213 | AI69: 242 | AJ69: 12866.859 | AK69: =AI69-H69 -> 0 | AL69: =AJ69-I69 -> -44.941228
A70: 1062 | B70: Ramgarh | C70: 10620121 | D70: =VLOOKUP(C70,DSC_Master!$C$1:D164,2,0) -> 20121 | E70: =VLOOKUP(C70,DSC_Master!$C$1:$K$200,4,0) -> DUMDUMA DSK | F70: MPG | G70: Indirect | H70: 1136 | I70: 45855.072 | J70: =I70 -> 45855.072 | M70: 0 | O70: =J70-SUM(K70:N70) -> 45855.072 | P70: =IF(R70="Yes",O70,0) -> 0 | Q70: =O70-P70 -> 45855.072 | R70: 0 | T70: {=SUBSTITUTE(SUBSTITUTE(MID(CELL("filename"),FIND("[",CELL("filename"))+1,FIND("]",CELL("filename"))-FIND("[",CELL("filename"))-1),"Farmer Payment-",""),".xlsb","")} -> Ramgarh Kaimur_Farmer Payment_22-28 May-diff.xlsx | V70: =I70*1.75% -> 802.46375 | W70: =I70*0.25% -> 114.63768 | X70: =V70-W70 -> 687.82608 | Y70: 0 | Z70: =X70-Y70 -> 687.82608 | AB70: =VLOOKUP(C70,DSC_Master!$C$1:$K$200,9,0) -> CHANDRA MANI RAI | AC70: =VLOOKUP(C70,DSC_Master!$C$1:$J$201,8,0) -> 625310110008012 | AD70: =VLOOKUP(C70,DSC_Master!$C$1:$J$201,7,0) -> BKID0006253 | AF70: 45122.77 | AG70: =Q70-AF70 -> 732.30171 | AI70: 1136 | AJ70: 45122.108 | AK70: =AI70-H70 -> 0 | AL70: =AJ70-I70 -> -732.96389
A71: 1062 | B71: Ramgarh | C71: 10620122 | D71: =VLOOKUP(C71,DSC_Master!$C$1:D165,2,0) -> 20122 | E71: =VLOOKUP(C71,DSC_Master!$C$1:$K$200,4,0) -> NOUAN DSK | F71: MPG | G71: Indirect | H71: 124 | I71: 4183.1339 | J71: =I71 -> 4183.1339 | M71: 0 | O71: =J71-SUM(K71:N71) -> 4183.1339 | P71: =IF(R71="Yes",O71,0) -> 0 | Q71: =O71-P71 -> 4183.1339 | R71: 0 | T71: {=SUBSTITUTE(SUBSTITUTE(MID(CELL("filename"),FIND("[",CELL("filename"))+1,FIND("]",CELL("filename"))-FIND("[",CELL("filename"))-1),"Farmer Payment-",""),".xlsb","")} -> Ramgarh Kaimur_Farmer Payment_22-28 May-diff.xlsx | V71: =I71*1.75% -> 73.204842 | W71: =I71*0.25% -> 10.457835 | X71: =V71-W71 -> 62.747008 | Y71: 0 | Z71: =X71-Y71 -> 62.747008 | AB71: =VLOOKUP(C71,DSC_Master!$C$1:$K$200,9,0) -> JAISHANKAR JAISWAL | AC71: =VLOOKUP(C71,DSC_Master!$C$1:$J$201,8,0) -> 461110110007555 | AD71: =VLOOKUP(C71,DSC_Master!$C$1:$J$201,7,0) -> BKID0004611 | AF71: 4092 | AG71: =Q71-AF71 -> 91.133856 | AI71: 124 | AJ71: 4092.1309 | AK71: =AI71-H71 -> 0 | AL71: =AJ71-I71 -> -91.002912
A72: 1062 | B72: Ramgarh | C72: 10620123 | D72: =VLOOKUP(C72,DSC_Master!$C$1:D166,2,0) -> 20123 | E72: =VLOOKUP(C72,DSC_Master!$C$1:$K$200,4,0) -> SAKRAULI DSK | F72: MPG | G72: Indirect | H72: 177 | I72: 6577.9162 | J72: =I72 -> 6577.9162 | M72: 0 | O72: =J72-SUM(K72:N72) -> 6577.9162 | P72: =IF(R72="Yes",O72,0) -> 0 | Q72: =O72-P72 -> 6577.9162 | R72: 0 | T72: {=SUBSTITUTE(SUBSTITUTE(MID(CELL("filename"),FIND("[",CELL("filename"))+1,FIND("]",CELL("filename"))-FIND("[",CELL("filename"))-1),"Farmer Payment-",""),".xlsb","")} -> Ramgarh Kaimur_Farmer Payment_22-28 May-diff.xlsx | V72: =I72*1.75% -> 115.11353 | W72: =I72*0.25% -> 16.44479 | X72: =V72-W72 -> 98.668742 | Y72: 0 | Z72: =X72-Y72 -> 98.668742 | AB72: =VLOOKUP(C72,DSC_Master!$C$1:$K$200,9,0) -> BECHU PASSI | AC72: =VLOOKUP(C72,DSC_Master!$C$1:$J$201,8,0) -> 2696000100200761 | AD72: =VLOOKUP(C72,DSC_Master!$C$1:$J$201,7,0) -> PUNB0269600 | AF72: 0 | AG72: =Q72-AF72 -> 6577.9162 | AI72: 177 | AJ72: 6426.8728 | AK72: =AI72-H72 -> 0 | AL72: =AJ72-I72 -> -151.04339
F73: Total: | G73: =COUNTA(G3:G72) -> 70 | H73: =SUBTOTAL(109,H3:H72) -> 105725 | I73: =SUBTOTAL(109,I3:I72) -> 4429919.6 | J73: =SUBTOTAL(109,J3:J72) -> 4429919.6 | K73: =SUBTOTAL(109,K3:K72) -> 0 | L73: =SUBTOTAL(109,L3:L72) -> 0 | M73: =SUBTOTAL(109,M3:M72) -> 0 | N73: =SUBTOTAL(109,N3:N72) -> 0 | O73: =SUBTOTAL(109,O3:O72) -> 4429919.6 | ... Q73: =SUBTOTAL(109,Q3:Q72) -> 4429919.6 | R73: =COUNTIF(R2:R72,"Yes") -> 0 | V73: =SUM(V3:V72) -> 77523.593 | W73: =SUM(W3:W72) -> 11074.799 | X73: =SUM(X3:X72) -> 66448.794 | Y73: =SUM(Y3:Y72) -> 0 | Z73: =SUM(Z3:Z72) -> 66448.794 | AF73: =SUM(AF3:AF72) -> 3874849.8 | AG73: =SUM(AG3:AG72) -> 555069.79 | AI73: =SUBTOTAL(109,AI3:AI72) -> 93955 | AJ73: =SUBTOTAL(109,AJ3:AJ72) -> 3886202.1 | AK73: =AI73-H73 -> -11770 | AL73: =AJ73-I73 -> -543717.49
E75: Particulars | F75: Value
E76: No of MPGs | F76: =G73 -> 70
E77: BMC Volume | F77: =H73 -> 105725
E78: BMC Receipt Amount | F78: =I73 -> 4429919.6
E79: Payable Amount (Min) | F79: =J73 -> 4429919.6
E80: Vet Deduction | F80: =-K73 -> 0
E81: CF Deduction | F81: =-L73 -> 0
E82: Other | F82: =-M73 -> 0
E83: Advance | F83: =-N73 -> 0
E84: Payable to MPG | F84: =SUM(F79:F83) -> 4429919.6
E85: Hold Amount | F85: =P73 -> 0
E86: Final Payment | F86: =F84-F85 -> 4429919.6 | G86: =F86-Q73 -> 0
E88: Total Commission @ 1.75% | F88: =Data!S2 -> 77523.593
E89: Retain Commission @ 0.25% | F89: =F78*0.25% -> 11074.799
E90: Payable Commission @ 1.50% | F90: =F88-F89 -> 66448.794
E92: Overhead @ 3.75/Kg | F92: =F77*3.75 -> 396468.75
E93: TS Losses | F93: ='TS Loss Gain'!AS27 -> 55366.887
E94: Net Overhead Payable | F94: =F92-F93 -> 341101.86

Sheet Sheet1
A1: union_code | B1: bmc_code | C1: dcs_code | D1: society_code_ex | E1: dcs_short_name | F1: Mobile No | G1: ifsc | H1: bank_account_no | I1: beneficiary_name | J1: Balance Payable/Recoverable | K1: Remarks | L1: Recovery in 06-12 Feb | M1: Balance
A2: 001 | B2: 1062 | C2: 10620001 | D2: 64540 | E2: KARARI DSK | F2: 9934591684 | G2: HDFC0002625 | H2: 50100615862020 | I2: AKHILESH PANDEY | J2: 23.246194 | K2: Recovery from cycle | L2: =VLOOKUP(C2,'MPG Payment'!$C$3:$N$72,12,0) -> #N/A | M2: =J2-L2 -> #N/A
A3: 001 | B3: 1062 | C3: 10620012 | D3: 64515 | E3: DHARHARA DSK | F3: 7783847657 | G3: SBIN0006137 | H3: 37905177514 | I3: SHREE NIWAS YADAV | J3: 354.68346 | K3: Recovery from cycle | L3: =VLOOKUP(C3,'MPG Payment'!$C$3:$N$72,12,0) -> 0 | M3: =J3-L3 -> 354.68346
A4: 001 | B4: 1062 | C4: 10620015 | D4: 64537 | E4: KASTHARI DSK | F4: 9905909472 | G4: PUNB0237400 | H4: 2374001500005364 | I4: PAWAN KUMAR SINGH | J4: 13702.66 | K4: Recovery from cycle | L4: =VLOOKUP(C4,'MPG Payment'!$C$3:$N$72,12,0) -> 0 | M4: =J4-L4 -> 13702.66
A5: 001 | B5: 1062 | C5: 10620018 | D5: 64591 | E5: LURPURWA DSK | F5: 8002591740 | G5: UBIN0560308 | H5: 603002010018335 | I5: SAVARU SINGH | J5: 19750.367 | K5: Recovery from cycle | L5: =VLOOKUP(C5,'MPG Payment'!$C$3:$N$72,12,0) -> #N/A | M5: =J5-L5 -> #N/A
A6: 001 | B6: 1062 | C6: 10620020 | D6: 64552 | E6: KRAPALPUR DSK | F6: 7739708957 | G6: PUNB0237400 | H6: 2374000100170476 | I6: VIJAY NARAYAN SINGH | J6: 27305.976 | K6: Recovery from cycle | L6: =VLOOKUP(C6,'MPG Payment'!$C$3:$N$72,12,0) -> 0 | M6: =J6-L6 -> 27305.976
A7: 001 | B7: 1062 | C7: 10620022 | D7: 64545 | E7: SURYAPURA DSK | F7: 9199217582 | G7: BKID0004611 | H7: 461110110009490 | I7: AJAY KUMAR SINGH | J7: 3356.0228 | K7: Recovery from cycle | L7: =VLOOKUP(C7,'MPG Payment'!$C$3:$N$72,12,0) -> #N/A | M7: =J7-L7 -> #N/A
A8: 001 | B8: 1062 | C8: 10620024 | D8: 60610 | E8: KARIRAM DSK | F8: 9199729020 | G8: PUNB0600800 | H8: 6008001700141624 | I8: BHARAT SINGH | J8: 3070.7935 | K8: Recovery from cycle | L8: =VLOOKUP(C8,'MPG Payment'!$C$3:$N$72,12,0) -> 0 | M8: =J8-L8 -> 3070.7935
A9: 001 | B9: 1062 | C9: 10620026 | D9: 64528 | E9: TARITHA DSK | F9: 9135981264 | G9: BKID0004611 | H9: 461118210002964 | I9: MANOJ KUMAR SINGH | J9: 3272.5795 | K9: Recovery from cycle | L9: =VLOOKUP(C9,'MPG Payment'!$C$3:$N$72,12,0) -> 0 | M9: =J9-L9 -> 3272.5795
A10: 001 | B10: 1062 | C10: 10620034 | D10: 64509 | E10: CHHOTKI KULHARIYA | F10: 7250947683 | G10: HDFC0002625 | H10: 50100492904593 | I10: ABHIMANYU KUMAR SINGH | J10: 4658.6176 | K10: Recovery from cycle | L10: =VLOOKUP(C10,'MPG Payment'!$C$3:$N$72,12,0) -> 0 | M10: =J10-L10 -> 4658.6176
A11: 001 | B11: 1062 | C11: 10620061 | D11: 60605 | E11: BADORA DSK | F11: 9170623981 | G11: SBIN0011251 | H11: 40819491150 | I11: SUMAN DEVI | J11: 46684.153 | K11: Recovery from cycle | L11: =VLOOKUP(C11,'MPG Payment'!$C$3:$N$72,12,0) -> 0 | M11: =J11-L11 -> 46684.153
A12: 001 | B12: 1062 | C12: 10620062 | D12: 64590 | E12: CHATRA DSK | F12: 9934761888 | G12: SBIN0002964 | H12: 39981585891 | I12: USHA DEVI | J12: 22196.225 | K12: Recovery from cycle | L12: =VLOOKUP(C12,'MPG Payment'!$C$3:$N$72,12,0) -> 0 | M12: =J12-L12 -> 22196.225
A13: 001 | B13: 1062 | C13: 10620065 | D13: 64589 | E13: NIPURAN DSK | F13: 7763028752 | G13: PUNB0237400 | H13: 2374000100181126 | I13: NITESH KUMAR YADAV | J13: 4097.9232 | K13: Recovery from cycle | L13: =VLOOKUP(C13,'MPG Payment'!$C$3:$N$72,12,0) -> #N/A | M13: =J13-L13 -> #N/A
... A17: 001 | B17: 1062 | C17: 10620094 | D17: 64572 | E17: MATHURADERA DSK | F17: 7061423987 | G17: PUNB0154700 | H17: 1547000100166038 | I17: SURENDRA YADAV | J17: 9307.5261 | K17: Recovery from cycle | L17: =VLOOKUP(C17,'MPG Payment'!$C$3:$N$72,12,0) -> #N/A | M17: =J17-L17 -> #N/A
J18: =SUM(J2:J17) -> 172704.2 | L18: =SUM(L2:L17) -> #N/A | M18: =J18-L18 -> #N/A

Sheet TS Loss Gain
B1: Ramgarh Bmc | AP1: 436.77 | AQ1: 291.18
B2: Date | C2: Shift | D2: OB | I2: Milk from MPG in Kg | M2: Transfer from other BMC/RMC | R2: Total Milk Receipt in Kg | U2: Tanker Dispatch Details | AC2: Plant Receipt | AH2: CB | AM2: Loss/(Gain)
D3: Qty KG | E3: Fat% | F3: Snf% | G3: FAT Kg | H3: SNF Kg | I3: Qty Kg | J3: Qty Kg | K3: Fat% | L3: Snf% | M3: From | N3: Tanker No | O3: Qty Kg | P3: Fat% | Q3: Snf% | R3: Qty Kg | S3: FAT Kg | T3: SNF Kg | U3: Tanker | V3: Challan | W3: To | X3: Qty KG | Y3: Fat% | Z3: Snf% | AA3: FAT Kg | AB3: SNF Kg | AC3: Qty KG | AD3: Fat% | AE3: Snf% | AF3: FAT Kg | AG3: SNF Kg | AH3: Qty KG | AI3: Fat% | AJ3: Snf% | AK3: FAT Kg | AL3: SNF Kg | AM3: Qty KG | AN3: FAT Kg | AO3: SNF Kg | AP3: TS Loss% | AQ3: Amount
B4: 46054 | C4: M | D4: 0 | E4: 0 | F4: 0 | G4: =+D4*E4% -> 0 | H4: =+D4*F4% -> 0 | I4: 20910 | J4: 20910 | K4: 5.3178001 | L4: 8.3824582 | R4: =O4+J4 -> 20910 | S4: =(J4*K4%)+(O4*P4%) -> 1111.952 | T4: =(J4*L4%)+(O4*Q4%) -> 1752.772 | U4: 5280 | V4: KMR 01 | W4: Hajipur | X4: 14940 | Y4: 5.3 | Z4: 8.3 | AA4: =X4*Y4% -> 791.82 | AB4: =X4*Z4% -> 1240.02 | AC4: 14940 | AD4: 5.3 | AE4: 8.3 | AF4: =AC4*AD4% -> 791.82 | AG4: =AC4*AE4% -> 1240.02 | AH4: 5970 | AI4: 5.36 | AJ4: 8.59 | AK4: =AH4*AI4% -> 319.992 | AL4: =AH4*AJ4% -> 512.823 | AM4: =+D4+R4-AC4-AH4 -> 0 | AN4: =+G4+S4-AF4-AK4 -> 0.14 | AO4: =+H4+T4-AG4-AL4 -> -0.071 | AP4: =(AN4+AO4)/(S4+T4) -> 2.408609e-05 | AQ4: =($AP$1*AN4+$AQ$1*AO4) -> 40.47402 | AR4: =(D4+J4+O4)-(X4+AH4) -> 0
B5: =+B4 -> 46054 | C5: E | D5: 5970 | E5: 5.36 | F5: 8.59 | G5: =+D5*E5% -> 319.992 | H5: =+D5*F5% -> 512.823 | I5: 8469 | J5: 8469 | K5: 5.4522376 | L5: 8.5376077 | R5: =O5+J5 -> 8469 | S5: =(J5*K5%)+(O5*P5%) -> 461.75 | T5: =(J5*L5%)+(O5*Q5%) -> 723.05 | U5: 0 | V5: 0 | W5: 0 | X5: 0 | Y5: 0 | Z5: 0 | AA5: =X5*Y5% -> 0 | AB5: =X5*Z5% -> 0 | AF5: =AC5*AD5% -> 0 | AG5: =AC5*AE5% -> 0 | AH5: 14459 | AI5: 5.41 | AJ5: 8.55 | AK5: =AH5*AI5% -> 782.2319 | AL5: =AH5*AJ5% -> 1236.2445 | AM5: =+D5+R5-AC5-AH5 -> -20 | AN5: =+G5+S5-AF5-AK5 -> -0.4899 | AO5: =+H5+T5-AG5-AL5 -> -0.3715 | AP5: =(AN5+AO5)/(S5+T5) -> -0.00072704254 | AQ5: =($AP$1*AN5+$AQ$1*AO5) -> -322.14699 | AR5: =(D5+J5+O5)-(X5+AH5) -> -20
B6: =+B4+1 -> 46055 | C6: M | D6: 14459 | E6: 5.41 | F6: 8.55 | G6: =+D6*E6% -> 782.2319 | H6: =+D6*F6% -> 1236.2445 | I6: 8285 | J6: 8285 | K6: 5.5487628 | L6: 8.6249849 | R6: =O6+J6 -> 8285 | S6: =(J6*K6%)+(O6*P6%) -> 459.715 | T6: =(J6*L6%)+(O6*Q6%) -> 714.58 | U6: 5280 | V6: KMR 02 | W6: Hajipur | X6: 18830 | Y6: 5.35 | Z6: 8.6 | AA6: =X6*Y6% -> 1007.405 | AB6: =X6*Z6% -> 1619.38 | AC6: 18760 | AD6: 5.35 | AE6: 8.41 | AF6: =AC6*AD6% -> 1003.66 | AG6: =AC6*AE6% -> 1577.716 | AH6: 3934 | AI6: 5.45 | AJ6: 8.57 | AK6: =AH6*AI6% -> 214.403 | AL6: =AH6*AJ6% -> 337.1438 | AM6: =+D6+R6-AC6-AH6 -> 50 | AN6: =+G6+S6-AF6-AK6 -> 23.8839 | AO6: =+H6+T6-AG6-AL6 -> 35.9647 | AP6: =(AN6+AO6)/(S6+T6) -> 0.050965558 | AQ6: =($AP$1*AN6+$AQ$1*AO6) -> 20903.972 | AR6: =(D6+J6+O6)-(X6+AH6) -> -20
B7: =+B5+1 -> 46055 | C7: E | D7: 3934 | E7: 5.45 | F7: 8.57 | G7: =+D7*E7% -> 214.403 | H7: =+D7*F7% -> 337.1438 | I7: 5624 | J7: 5624 | K7: 5.5403983 | L7: 8.4842105 | R7: =O7+J7 -> 5624 | S7: =(J7*K7%)+(O7*P7%) -> 311.592 | T7: =(J7*L7%)+(O7*Q7%) -> 477.152 | U7: 0 | V7: 0 | W7: 0 | X7: 0 | Y7: 0 | Z7: 0 | AA7: =X7*Y7% -> 0 | AB7: =X7*Z7% -> 0 | AF7: =AC7*AD7% -> 0 | AG7: =AC7*AE7% -> 0 | AH7: 9558 | AI7: 5.5 | AJ7: 8.52 | AK7: =AH7*AI7% -> 525.69 | AL7: =AH7*AJ7% -> 814.3416 | AM7: =+D7+R7-AC7-AH7 -> 0 | AN7: =+G7+S7-AF7-AK7 -> 0.305 | AO7: =+H7+T7-AG7-AL7 -> -0.0458 | AP7: =(AN7+AO7)/(S7+T7) -> 0.00032862374 | AQ7: =($AP$1*AN7+$AQ$1*AO7) -> 119.87881 | AR7: =(D7+J7+O7)-(X7+AH7) -> 0
B8: =+B6+1 -> 46056 | C8: M | D8: 9558 | E8: 5.5 | F8: 8.52 | G8: =+D8*E8% -> 525.69 | H8: =+D8*F8% -> 814.3416 | I8: 6861 | J8: 6861 | K8: 5.5343827 | L8: 8.596808 | R8: =O8+J8 -> 6861 | S8: =(J8*K8%)+(O8*P8%) -> 379.714 | T8: =(J8*L8%)+(O8*Q8%) -> 589.827 | U8: 00 | V8: 0 | W8: 0 | X8: 0 | Y8: 0 | Z8: 0 | AA8: =X8*Y8% -> 0 | AB8: =X8*Z8% -> 0 | AF8: =AC8*AD8% -> 0 | AG8: =AC8*AE8% -> 0 | AH8: 16429 | AI8: 5.51 | AJ8: 8.55 | AK8: =AH8*AI8% -> 905.2379 | AL8: =AH8*AJ8% -> 1404.6795 | AM8: =+D8+R8-AC8-AH8 -> -10 | AN8: =+G8+S8-AF8-AK8 -> 0.1661 | AO8: =+H8+T8-AG8-AL8 -> -0.5109 | AP8: =(AN8+AO8)/(S8+T8) -> -0.0003556322 | AQ8: =($AP$1*AN8+$AQ$1*AO8) -> -76.216365 | AR8: =(D8+J8+O8)-(X8+AH8) -> -10
B9: =+B7+1 -> 46056 | C9: E | D9: 16429 | E9: 5.51 | F9: 8.55 | G9: =+D9*E9% -> 905.2379 | H9: =+D9*F9% -> 1404.6795 | I9: 7190 | J9: 7190 | K9: 5.3776078 | L9: 8.5348679 | R9: =O9+J9 -> 7190 | S9: =(J9*K9%)+(O9*P9%) -> 386.65 | T9: =(J9*L9%)+(O9*Q9%) -> 613.657 | U9: 5280 | V9: KMR 03 | W9: Hajipur | X9: 18800 | Y9: 5.2 | Z9: 8.2 | AA9: =X9*Y9% -> 977.6 | AB9: =X9*Z9% -> 1541.6 | AC9: 18780 | AD9: 5.15 | AE9: 8.12 | AF9: =AC9*AD9% -> 967.17 | AG9: =AC9*AE9% -> 1524.936 | AH9: 4829 | AI9: 5.47 | AJ9: 8.54 | AK9: =AH9*AI9% -> 264.1463 | AL9: =AH9*AJ9% -> 412.3966 | AM9: =+D9+R9-AC9-AH9 -> 10 | AN9: =+G9+S9-AF9-AK9 -> 60.5716 | AO9: =+H9+T9-AG9-AL9 -> 81.0039 | AP9: =(AN9+AO9)/(S9+T9) -> 0.14153205 | AQ9: =($AP$1*AN9+$AQ$1*AO9) -> 50042.573 | AR9: =(D9+J9+O9)-(X9+AH9) -> -10
B10: =+B8+1 -> 46057 | C10: M | D10: 4829 | E10: 5.47 | F10: 8.54 | G10: =+D10*E10% -> 264.1463 | H10: =+D10*F10% -> 412.3966 | I10: 4601 | J10: 4601 | K10: 5.3553141 | L10: 8.6052597 | R10: =O10+J10 -> 4601 | S10: =(J10*K10%)+(O10*P10%) -> 246.398 | T10: =(J10*L10%)+(O10*Q10%) -> 395.928 | U10: 0 | V10: 0 | W10: 0 | X10: 0 | Y10: 0 | Z10: 0 | AA10: =X10*Y10% -> 0 | AB10: =X10*Z10% -> 0 | AF10: =AC10*AD10% -> 0 | AG10: =AC10*AE10% -> 0 | AH10: 9440 | AI10: 5.39 | AJ10: 8.53 | AK10: =AH10*AI10% -> 508.816 | AL10: =AH10*AJ10% -> 805.232 | AM10: =+D10+R10-AC10-AH10 -> -10 | AN10: =+G10+S10-AF10-AK10 -> 1.7283 | AO10: =+H10+T10-AG10-AL10 -> 3.0926 | AP10: =(AN10+AO10)/(S10+T10) -> 0.0075053789 | AQ10: =($AP$1*AN10+$AQ$1*AO10) -> 1655.3729 | AR10: =(D10+J10+O10)-(X10+AH10) -> -10
B11: =+B9+1 -> 46057 | C11: E | D11: 9440 | E11: 5.39 | F11: 8.53 | G11: =+D11*E11% -> 508.816 | H11: =+D11*F11% -> 805.232 | I11: 4919 | J11: 4919 | K11: 5.3969913 | L11: 8.4898353 | R11: =O11+J11 -> 4919 | S11: =(J11*K11%)+(O11*P11%) -> 265.478 | T11: =(J11*L11%)+(O11*Q11%) -> 417.615 | U11: 0 | V11: 0 | W11: 0 | X11: 0 | Y11: 0 | Z11: 0 | AA11: =X11*Y11% -> 0 | AB11: =X11*Z11% -> 0 | AF11: =AC11*AD11% -> 0 | AG11: =AC11*AE11% -> 0 | AH11: 14379 | AI11: 5.38 | AJ11: 8.5 | AK11: =AH11*AI11% -> 773.5902 | AL11: =AH11*AJ11% -> 1222.215 | AM11: =+D11+R11-AC11-AH11 -> -20 | AN11: =+G11+S11-AF11-AK11 -> 0.7038 | AO11: =+H11+T11-AG11-AL11 -> 0.632 | AP11: =(AN11+AO11)/(S11+T11) -> 0.001955517 | AQ11: =($AP$1*AN11+$AQ$1*AO11) -> 491.42449 | AR11: =(D11+J11+O11)-(X11+AH11) -> -20
B12: =+B10+1 -> 46058 | C12: M | D12: 14379 | E12: 5.38 | F12: 8.5 | G12: =+D12*E12% -> 773.5902 | H12: =+D12*F12% -> 1222.215 | I12: 5240 | J12: 5240 | K12: 5.6366794 | L12: 8.6313168 | R12: =O12+J12 -> 5240 | S12: =(J12*K12%)+(O12*P12%) -> 295.362 | T12: =(J12*L12%)+(O12*Q12%) -> 452.281 | U12: 5280 | V12: KMR 04 | W12: Hajipur | X12: 18780 | Y12: 5.55 | Z12: 8.65 | AA12: =X12*Y12% -> 1042.29 | AB12: =X12*Z12% -> 1624.47 | AC12: 18840 | AD12: 5.55 | AE12: 8.52 | AF12: =AC12*AD12% -> 1045.62 | AG12: =AC12*AE12% -> 1605.168 | AH12: 879 | AI12: 5.44 | AJ12: 8.52 | AK12: =AH12*AI12% -> 47.8176 | AL12: =AH12*AJ12% -> 74.8908 | AM12: =+D12+R12-AC12-AH12 -> -100 | AN12: =+G12+S12-AF12-AK12 -> -24.4854 | AO12: =+H12+T12-AG12-AL12 -> -5.5628 | AP12: =(AN12+AO12)/(S12+T12) -> -0.040190572 | AQ12: =($AP$1*AN12+$AQ$1*AO12) -> -12314.264 | AR12: =(D12+J12+O12)-(X12+AH12) -> -40
B13: =+B11+1 -> 46058 | C13: E | D13: 879 | E13: 5.44 | F13: 8.52 | G13: =+D13*E13% -> 47.8176 | H13: =+D13*F13% -> 74.8908 | I13: 5430 | J13: 5430 | K13: 5.1667956 | L13: 8.5652855 | R13: =O13+J13 -> 5430 | S13: =(J13*K13%)+(O13*P13%) -> 280.557 | T13: =(J13*L13%)+(O13*Q13%) -> 465.095 | U13: 0 | V13: 0 | W13: 0 | X13: 0 | Y13: 0 | Z13: 0 | AA13: =X13*Y13% -> 0 | AB13: =X13*Z13% -> 0 | AF13: =AC13*AD13% -> 0 | AG13: =AC13*AE13% -> 0 | AH13: 6319 | AI13: 5.2 | AJ13: 8.55 | AK13: =AH13*AI13% -> 328.588 | AL13: =AH13*AJ13% -> 540.2745 | AM13: =+D13+R13-AC13-AH13 -> -10 | AN13: =+G13+S13-AF13-AK13 -> -0.2134 | AO13: =+H13+T13-AG13-AL13 -> -0.2887 | AP13: =(AN13+AO13)/(S13+T13) -> -0.00067337042 | AQ13: =($AP$1*AN13+$AQ$1*AO13) -> -177.27038 | AR13: =(D13+J13+O13)-(X13+AH13) -> -10 | AS13: =SUM(AQ4:AQ13) -> 60363.798
B14: =+B12+1 -> 46059 | C14: M | D14: 6319 | E14: 5.2 | F14: 8.55 | G14: =+D14*E14% -> 328.588 | H14: =+D14*F14% -> 540.2745 | I14: 5637 | J14: 5637 | K14: 5.5152386 | L14: 8.6147064 | R14: =O14+J14 -> 5637 | S14: =(J14*K14%)+(O14*P14%) -> 310.894 | T14: =(J14*L14%)+(O14*Q14%) -> 485.611 | U14: 0 | V14: 0 | W14: 0 | X14: 0 | Y14: 0 | Z14: 0 | AA14: =X14*Y14% -> 0 | AB14: =X14*Z14% -> 0 | AF14: =AC14*AD14% -> 0 | AG14: =AC14*AE14% -> 0 | AH14: 11966 | AI14: 5.35 | AJ14: 8.57 | AK14: =AH14*AI14% -> 640.181 | AL14: =AH14*AJ14% -> 1025.4862 | AM14: =+D14+R14-AC14-AH14 -> -10 | AN14: =+G14+S14-AF14-AK14 -> -0.699 | AO14: =+H14+T14-AG14-AL14 -> 0.3993 | AP14: =(AN14+AO14)/(S14+T14) -> -0.00037626882 | AQ14: =($AP$1*AN14+$AQ$1*AO14) -> -189.03406 | AR14: =(D14+J14+O14)-(X14+AH14) -> -10
B15: =+B13+1 -> 46059 | C15: E | D15: 11966 | E15: 5.35 | F15: 8.57 | G15: =+D15*E15% -> 640.181 | H15: =+D15*F15% -> 1025.4862 | I15: 4761 | J15: 4761 | K15: 5.4387314 | L15: 8.5452636 | R15: =O15+J15 -> 4761 | S15: =(J15*K15%)+(O15*P15%) -> 258.938 | T15: =(J15*L15%)+(O15*Q15%) -> 406.84 | U15: 0 | V15: 0 | W15: 0 | X15: 0 | Y15: 0 | Z15: 0 | AA15: =X15*Y15% -> 0 | AB15: =X15*Z15% -> 0 | AF15: =AC15*AD15% -> 0 | AG15: =AC15*AE15% -> 0 | AH15: 16737 | AI15: 5.37 | AJ15: 8.56 | AK15: =AH15*AI15% -> 898.7769 | AL15: =AH15*AJ15% -> 1432.6872 | AM15: =+D15+R15-AC15-AH15 -> -10 | AN15: =+G15+S15-AF15-AK15 -> 0.3421 | AO15: =+H15+T15-AG15-AL15 -> -0.361 | AP15: =(AN15+AO15)/(S15+T15) -> -2.8387841e-05 | AQ15: =($AP$1*AN15+$AQ$1*AO15) -> 44.303037 | AR15: =(D15+J15+O15)-(X15+AH15) -> -10
B16: =+B14+1 -> 46060 | C16: M | D16: 16737 | E16: 5.37 | F16: 8.56 | G16: =+D16*E16% -> 898.7769 | H16: =+D16*F16% -> 1432.6872 | I16: 7868 | J16: 7868 | K16: 5.2064692 | L16: 8.4920564 | R16: =O16+J16 -> 7868 | S16: =(J16*K16%)+(O16*P16%) -> 409.645 | T16: =(J16*L16%)+(O16*Q16%) -> 668.155 | U16: 0 | V16: 0 | W16: 0 | X16: 0 | Y16: 0 | Z16: 0 | AA16: =X16*Y16% -> 0 | AB16: =X16*Z16% -> 0 | AF16: =AC16*AD16% -> 0 | AG16: =AC16*AE16% -> 0 | AH16: 24615 | AI16: 5.32 | AJ16: 8.53 | AK16: =AH16*AI16% -> 1309.518 | AL16: =AH16*AJ16% -> 2099.6595 | AM16: =+D16+R16-AC16-AH16 -> -10 | AN16: =+G16+S16-AF16-AK16 -> -1.0961 | AO16: =+H16+T16-AG16-AL16 -> 1.1827 | AP16: =(AN16+AO16)/(S16+T16) -> 8.0348859e-05 | AQ16: =($AP$1*AN16+$AQ$1*AO16) -> -134.36501 | AR16: =(D16+J16+O16)-(X16+AH16) -> -10
B17: =+B15+1 -> 46060 | C17: E | D17: 24615 | E17: 5.32 | F17: 8.53 | G17: =+D17*E17% -> 1309.518 | H17: =+D17*F17% -> 2099.6595 | I17: 6349 | J17: 6349 | K17: 5.4990392 | L17: 8.6212947 | R17: =O17+J17 -> 6349 | S17: =(J17*K17%)+(O17*P17%) -> 349.134 | T17: =(J17*L17%)+(O17*Q17%) -> 547.366 | U17: 00 | V17: 0 | W17: 0 | X17: 0 | Y17: 0 | Z17: 0 | AA17: =X17*Y17% -> 0 | AB17: =X17*Z17% -> 0 | AF17: =AC17*AD17% -> 0 | AG17: =AC17*AE17% -> 0 | AH17: 30974 | AI17: 5.35 | AJ17: 8.55 | AK17: =AH17*AI17% -> 1657.109 | AL17: =AH17*AJ17% -> 2648.277 | AM17: =+D17+R17-AC17-AH17 -> -10 | AN17: =+G17+S17-AF17-AK17 -> 1.543 | AO17: =+H17+T17-AG17-AL17 -> -1.2515 | AP17: =(AN17+AO17)/(S17+T17) -> 0.00032515337 | AQ17: =($AP$1*AN17+$AQ$1*AO17) -> 309.52434 | AR17: =(D17+J17+O17)-(X17+AH17) -> -10
B18: =+B16+1 -> 46061 | C18: M | D18: 30974 | E18: 5.35 | F18: 8.55 | G18: =+D18*E18% -> 1657.109 | H18: =+D18*F18% -> 2648.277 | I18: 6100 | J18: 6100 | K18: 5.5326393 | L18: 8.5830984 | R18: =O18+J18 -> 6100 | S18: =(J18*K18%)+(O18*P18%) -> 337.491 | T18: =(J18*L18%)+(O18*Q18%) -> 523.569 | U18: 5280 | V18: 82005 | W18: Hajipur | X18: 18750 | Y18: 5.55 | Z18: 8.65 | AA18: =X18*Y18% -> 1040.625 | AB18: =X18*Z18% -> 1621.875 | AC18: 18760 | AD18: 5.35 | AE18: 8.35 | AF18: =AC18*AD18% -> 1003.66 | AG18: =AC18*AE18% -> 1566.46 | AH18: 18334 | AI18: 5.38 | AJ18: 8.55 | AK18: =AH18*AI18% -> 986.3692 | AL18: =AH18*AJ18% -> 1567.557 | AM18: =+D18+R18-AC18-AH18 -> -20 | AN18: =+G18+S18-AF18-AK18 -> 4.5708 | AO18: =+H18+T18-AG18-AL18 -> 37.829 | AP18: =(AN18+AO18)/(S18+T18) -> 0.0492414 | AQ18: =($AP$1*AN18+$AQ$1*AO18) -> 13011.437 | AR18: =(D18+J18+O18)-(X18+AH18) -> -10
B19: =+B17+1 -> 46061 | C19: E | D19: 18334 | E19: 5.38 | F19: 8.55 | G19: =+D19*E19% -> 986.3692 | H19: =+D19*F19% -> 1567.557 | I19: 7022 | J19: 7022 | K19: 5.3281401 | L19: 8.495685 | R19: =O19+J19 -> 7022 | S19: =(J19*K19%)+(O19*P19%) -> 374.142 | T19: =(J19*L19%)+(O19*Q19%) -> 596.567 | U19: 0 | V19: 0 | W19: 0 | X19: 0 | Y19: 0 | Z19: 0 | AA19: =X19*Y19% -> 0 | AB19: =X19*Z19% -> 0 | AF19: =AC19*AD19% -> 0 | AG19: =AC19*AE19% -> 0 | AH19: 25366 | AI19: 5.36 | AJ19: 8.53 | AK19: =AH19*AI19% -> 1359.6176 | AL19: =AH19*AJ19% -> 2163.7198 | AM19: =+D19+R19-AC19-AH19 -> -10 | AN19: =+G19+S19-AF19-AK19 -> 0.8936 | AO19: =+H19+T19-AG19-AL19 -> 0.4042 | AP19: =(AN19+AO19)/(S19+T19) -> 0.0013369609 | AQ19: =($AP$1*AN19+$AQ$1*AO19) -> 507.99263 | AR19: =(D19+J19+O19)-(X19+AH19) -> -10
B20: =+B18+1 -> 46062 | C20: M | D20: 25366 | E20: 5.36 | F20: 8.53 | G20: =+D20*E20% -> 1359.6176 | H20: =+D20*F20% -> 2163.7198 | I20: 6305 | J20: 6305 | K20: 5.2935289 | L20: 8.5433783 | R20: =O20+J20 -> 6305 | S20: =(J20*K20%)+(O20*P20%) -> 333.757 | T20: =(J20*L20%)+(O20*Q20%) -> 538.66 | U20: 5280 | V20: 82007 | W20: Hajipur | X20: 18790 | Y20: 5.15 | Z20: 8.19 | AA20: =X20*Y20% -> 967.685 | AB20: =X20*Z20% -> 1538.901 | AC20: 18690 | AD20: 5.35 | AE20: 8.48 | AF20: =AC20*AD20% -> 999.915 | AG20: =AC20*AE20% -> 1584.912 | AH20: 12891 | AI20: 5.35 | AJ20: 8.53 | AK20: =AH20*AI20% -> 689.6685 | AL20: =AH20*AJ20% -> 1099.6023 | AM20: =+D20+R20-AC20-AH20 -> 90 | AN20: =+G20+S20-AF20-AK20 -> 3.7911 | AO20: =+H20+T20-AG20-AL20 -> 17.8655 | AP20: =(AN20+AO20)/(S20+T20) -> 0.02482368 | AQ20: =($AP$1*AN20+$AQ$1*AO20) -> 6857.915 | AR20: =(D20+J20+O20)-(X20+AH20) -> -10
B21: =+B19+1 -> 46062 | C21: E | D21: 12891 | E21: 5.35 | F21: 8.53 | G21: =+D21*E21% -> 689.6685 | H21: =+D21*F21% -> 1099.6023 | I21: 7560 | J21: 7560 | K21: 5.4646693 | L21: 8.557791 | R21: =O21+J21 -> 7560 | S21: =(J21*K21%)+(O21*P21%) -> 413.129 | T21: =(J21*L21%)+(O21*Q21%) -> 646.969 | U21: 0 | V21: 0 | W21: 0 | X21: 0 | Y21: 0 | Z21: 0 | AA21: =X21*Y21% -> 0 | AB21: =X21*Z21% -> 0 | AF21: =AC21*AD21% -> 0 | AG21: =AC21*AE21% -> 0 | AH21: 20461 | AI21: 5.39 | AJ21: 8.54 | AK21: =AH21*AI21% -> 1102.8479 | AL21: =AH21*AJ21% -> 1747.3694 | AM21: =+D21+R21-AC21-AH21 -> -10 | AN21: =+G21+S21-AF21-AK21 -> -0.0504 | AO21: =+H21+T21-AG21-AL21 -> -0.7981 | AP21: =(AN21+AO21)/(S21+T21) -> -0.0008003977 | AQ21: =($AP$1*AN21+$AQ$1*AO21) -> -254.40397 | AR21: =(D21+J21+O21)-(X21+AH21) -> -10
B22: =+B20+1 -> 46063 | C22: M | D22: 20461 | E22: 5.39 | F22: 8.54 | G22: =+D22*E22% -> 1102.8479 | H22: =+D22*F22% -> 1747.3694 | I22: 6363 | J22: 6363 | K22: 5.4041961 | L22: 8.5608047 | R22: =O22+J22 -> 6363 | S22: =(J22*K22%)+(O22*P22%) -> 343.869 | T22: =(J22*L22%)+(O22*Q22%) -> 544.724 | U22: 5280 | V22: 82008 | W22: Hajipur | X22: 18790 | Y22: 5.35 | Z22: 8.48 | AA22: =X22*Y22% -> 1005.265 | AB22: =X22*Z22% -> 1593.392 | AC22: 18710 | AD22: 5.25 | AE22: 8.33 | AF22: =AC22*AD22% -> 982.275 | AG22: =AC22*AE22% -> 1558.543 | AH22: 8044 | AI22: 5.39 | AJ22: 8.54 | AK22: =AH22*AI22% -> 433.5716 | AL22: =AH22*AJ22% -> 686.9576 | AM22: =+D22+R22-AC22-AH22 -> 70 | AN22: =+G22+S22-AF22-AK22 -> 30.8703 | AO22: =+H22+T22-AG22-AL22 -> 46.5928 | AP22: =(AN22+AO22)/(S22+T22) -> 0.087175006 | AQ22: =($AP$1*AN22+$AQ$1*AO22) -> 27050.112 | AR22: =(D22+J22+O22)-(X22+AH22) -> -10
B23: =+B21+1 -> 46063 | C23: E | D23: 8044 | E23: 5.39 | F23: 8.54 | G23: =+D23*E23% -> 433.5716 | H23: =+D23*F23% -> 686.9576 | I23: 6735 | J23: 6735 | K23: 5.4001336 | L23: 8.46049 | R23: =O23+J23 -> 6735 | S23: =(J23*K23%)+(O23*P23%) -> 363.699 | T23: =(J23*L23%)+(O23*Q23%) -> 569.814 | U23: 0 | V23: 0 | W23: 0 | X23: 0 | Y23: 0 | Z23: 0 | AA23: =X23*Y23% -> 0 | AB23: =X23*Z23% -> 0 | AF23: =AC23*AD23% -> 0 | AG23: =AC23*AE23% -> 0 | AH23: 14789 | AI23: 5.39 | AJ23: 8.5 | AK23: =AH23*AI23% -> 797.1271 | AL23: =AH23*AJ23% -> 1257.065 | AM23: =+D23+R23-AC23-AH23 -> -10 | AN23: =+G23+S23-AF23-AK23 -> 0.1435 | AO23: =+H23+T23-AG23-AL23 -> -0.2934 | AP23: =(AN23+AO23)/(S23+T23) -> -0.00016057623 | AQ23: =($AP$1*AN23+$AQ$1*AO23) -> -22.755717 | AR23: =(D23+J23+O23)-(X23+AH23) -> -10
B24: =+B22+1 -> 46064 | C24: M | D24: 14789 | E24: 5.39 | F24: 8.5 | G24: =+D24*E24% -> 797.1271 | H24: =+D24*F24% -> 1257.065 | I24: 5703 | J24: 5703 | K24: 5.3567245 | L24: 8.5889181 | R24: =O24+J24 -> 5703 | S24: =(J24*K24%)+(O24*P24%) -> 305.494 | T24: =(J24*L24%)+(O24*Q24%) -> 489.826 | U24: 0 | V24: 0 | W24: 0 | X24: 0 | Y24: 0 | Z24: 0 | AA24: =X24*Y24% -> 0 | AB24: =X24*Z24% -> 0 | AF24: =AC24*AD24% -> 0 | AG24: =AC24*AE24% -> 0 | AH24: 20502 | AI24: 5.38 | AJ24: 8.52 | AK24: =AH24*AI24% -> 1103.0076 | AL24: =AH24*AJ24% -> 1746.7704 | AM24: =+D24+R24-AC24-AH24 -> -10 | AN24: =+G24+S24-AF24-AK24 -> -0.3865 | AO24: =+H24+T24-AG24-AL24 -> 0.1206 | AP24: =(AN24+AO24)/(S24+T24) -> -0.00033433084 | AQ24: =($AP$1*AN24+$AQ$1*AO24) -> -133.6953 | AR24: =(D24+J24+O24)-(X24+AH24) -> -10
B25: =+B23+1 -> 46064 | C25: E | D25: 20502 | E25: 5.38 | F25: 8.52 | G25: =+D25*E25% -> 1103.0076 | H25: =+D25*F25% -> 1746.7704 | I25: 7060 | J25: 7060 | K25: 5.3508782 | L25: 8.5414306 | R25: =O25+J25 -> 7060 | S25: =(J25*K25%)+(O25*P25%) -> 377.772 | T25: =(J25*L25%)+(O25*Q25%) -> 603.025 | U25: 5280 | V25: 82009 | W25: Hajipur | X25: 18500 | Y25: 5.45 | Z25: 8.63 | AA25: =X25*Y25% -> 1008.25 | AB25: =X25*Z25% -> 1596.55 | AC25: 18540 | AD25: 5.4 | AE25: 8.43 | AF25: =AC25*AD25% -> 1001.16 | AG25: =AC25*AE25% -> 1562.922 | AH25: 9072 | AI25: 5.37 | AJ25: 8.52 | AK25: =AH25*AI25% -> 487.1664 | AL25: =AH25*AJ25% -> 772.9344 | AM25: =+D25+R25-AC25-AH25 -> -50 | AN25: =+G25+S25-AF25-AK25 -> -7.5468 | AO25: =+H25+T25-AG25-AL25 -> 13.939 | AP25: =(AN25+AO25)/(S25+T25) -> 0.0065173527 | AQ25: =($AP$1*AN25+$AQ$1*AO25) -> 762.54218 | AR25: =(D25+J25+O25)-(X25+AH25) -> -10
B26: =+B24+1 -> 46065 | C26: M | D26: 9072 | E26: 5.37 | F26: 8.52 | G26: =+D26*E26% -> 487.1664 | H26: =+D26*F26% -> 772.9344 | I26: 5669 | J26: 5669 | K26: 5.4099312 | L26: 8.5826601 | R26: =O26+J26 -> 5669 | S26: =(J26*K26%)+(O26*P26%) -> 306.689 | T26: =(J26*L26%)+(O26*Q26%) -> 486.551 | U26: 0 | V26: 0 | W26: 0 | X26: 0 | Y26: 0 | Z26: 0 | AA26: =X26*Y26% -> 0 | AB26: =X26*Z26% -> 0 | AF26: =AC26*AD26% -> 0 | AG26: =AC26*AE26% -> 0 | AH26: 14751 | AI26: 5.38 | AJ26: 8.54 | AK26: =AH26*AI26% -> 793.6038 | AL26: =AH26*AJ26% -> 1259.7354 | AM26: =+D26+R26-AC26-AH26 -> -10 | AN26: =+G26+S26-AF26-AK26 -> 0.2516 | AO26: =+H26+T26-AG26-AL26 -> -0.25 | AP26: =(AN26+AO26)/(S26+T26) -> 2.017044e-06 | AQ26: =($AP$1*AN26+$AQ$1*AO26) -> 37.096332 | AR26: =(D26+J26+O26)-(X26+AH26) -> -10
B27: =+B25+1 -> 46065 | C27: E | D27: 14751 | E27: 5.38 | F27: 8.54 | G27: =+D27*E27% -> 793.6038 | H27: =+D27*F27% -> 1259.7354 | I27: 6898 | J27: 6898 | K27: 5.133546 | L27: 8.4471731 | R27: =O27+J27 -> 6898 | S27: =(J27*K27%)+(O27*P27%) -> 354.112 | T27: =(J27*L27%)+(O27*Q27%) -> 582.686 | U27: 5280 | V27: 82010 | W27: Hajipur | X27: 18700 | Y27: 5.35 | Z27: 8.54 | AA27: =X27*Y27% -> 1000.45 | AB27: =X27*Z27% -> 1596.98 | AC27: 18730 | AD27: 5.3 | AE27: 8.34 | AF27: =AC27*AD27% -> 992.69 | AG27: =AC27*AE27% -> 1562.082 | AH27: 2959 | AI27: 5.3 | AJ27: 8.51 | AK27: =AH27*AI27% -> 156.827 | AL27: =AH27*AJ27% -> 251.8109 | AM27: =+D27+R27-AC27-AH27 -> -40 | AN27: =+G27+S27-AF27-AK27 -> -1.8012 | AO27: =+H27+T27-AG27-AL27 -> 28.5285 | AP27: =(AN27+AO27)/(S27+T27) -> 0.028530484 | AQ27: =($AP$1*AN27+$AQ$1*AO27) -> 7520.2185 | AR27: =(D27+J27+O27)-(X27+AH27) -> -10 | AS27: =SUM(AQ14:AQ27) -> 55366.887
B28: =+B26+1 -> 46066 | C28: M | G28: =+D28*E28% -> 0 | H28: =+D28*F28% -> 0 | J28: =I28 -> 0 | R28: =O28+J28 -> 0 | S28: =(J28*K28%)+(O28*P28%) -> 0 | T28: =(J28*L28%)+(O28*Q28%) -> 0 | AA28: =X28*Y28% -> 0 | AB28: =X28*Z28% -> 0 | AF28: =AC28*AD28% -> 0 | AG28: =AC28*AE28% -> 0 | AK28: =AH28*AI28% -> 0 | AL28: =AH28*AJ28% -> 0 | AM28: =+D28+R28-AC28-AH28 -> 0 | AN28: =+G28+S28-AF28-AK28 -> 0 | AO28: =+H28+T28-AG28-AL28 -> 0 | AP28: =(AN28+AO28)/(S28+T28) -> #DIV/0! | AQ28: =($AP$1*AN28+$AQ$1*AO28) -> 0 | AR28: =(D28+J28+O28)-(X28+AH28) -> 0
B29: =+B27+1 -> 46066 | C29: E | G29: =+D29*E29% -> 0 | H29: =+D29*F29% -> 0 | J29: =I29 -> 0 | R29: =O29+J29 -> 0 | S29: =(J29*K29%)+(O29*P29%) -> 0 | T29: =(J29*L29%)+(O29*Q29%) -> 0 | AA29: =X29*Y29% -> 0 | AB29: =X29*Z29% -> 0 | AF29: =AC29*AD29% -> 0 | AG29: =AC29*AE29% -> 0 | AK29: =AH29*AI29% -> 0 | AL29: =AH29*AJ29% -> 0 | AM29: =+D29+R29-AC29-AH29 -> 0 | AN29: =+G29+S29-AF29-AK29 -> 0 | AO29: =+H29+T29-AG29-AL29 -> 0 | AP29: =(AN29+AO29)/(S29+T29) -> #DIV/0! | AQ29: =($AP$1*AN29+$AQ$1*AO29) -> 0 | AR29: =(D29+J29+O29)-(X29+AH29) -> 0
B30: =+B28+1 -> 46067 | C30: M | G30: =+D30*E30% -> 0 | H30: =+D30*F30% -> 0 | J30: =I30 -> 0 | R30: =O30+J30 -> 0 | S30: =(J30*K30%)+(O30*P30%) -> 0 | T30: =(J30*L30%)+(O30*Q30%) -> 0 | AA30: =X30*Y30% -> 0 | AB30: =X30*Z30% -> 0 | AF30: =AC30*AD30% -> 0 | AG30: =AC30*AE30% -> 0 | AK30: =AH30*AI30% -> 0 | AL30: =AH30*AJ30% -> 0 | AM30: =+D30+R30-AC30-AH30 -> 0 | AN30: =+G30+S30-AF30-AK30 -> 0 | AO30: =+H30+T30-AG30-AL30 -> 0 | AP30: =(AN30+AO30)/(S30+T30) -> #DIV/0! | AQ30: =($AP$1*AN30+$AQ$1*AO30) -> 0 | AR30: =(D30+J30+O30)-(X30+AH30) -> 0
B31: =+B29+1 -> 46067 | C31: E | G31: =+D31*E31% -> 0 | H31: =+D31*F31% -> 0 | J31: =I31 -> 0 | R31: =O31+J31 -> 0 | S31: =(J31*K31%)+(O31*P31%) -> 0 | T31: =(J31*L31%)+(O31*Q31%) -> 0 | AA31: =X31*Y31% -> 0 | AB31: =X31*Z31% -> 0 | AF31: =AC31*AD31% -> 0 | AG31: =AC31*AE31% -> 0 | AK31: =AH31*AI31% -> 0 | AL31: =AH31*AJ31% -> 0 | AM31: =+D31+R31-AC31-AH31 -> 0 | AN31: =+G31+S31-AF31-AK31 -> 0 | AO31: =+H31+T31-AG31-AL31 -> 0 | AP31: =(AN31+AO31)/(S31+T31) -> #DIV/0! | AQ31: =($AP$1*AN31+$AQ$1*AO31) -> 0 | AR31: =(D31+J31+O31)-(X31+AH31) -> 0
B32: =+B30+1 -> 46068 | C32: M | G32: =+D32*E32% -> 0 | H32: =+D32*F32% -> 0 | J32: =I32 -> 0 | R32: =O32+J32 -> 0 | S32: =(J32*K32%)+(O32*P32%) -> 0 | T32: =(J32*L32%)+(O32*Q32%) -> 0 | AA32: =X32*Y32% -> 0 | AB32: =X32*Z32% -> 0 | AF32: =AC32*AD32% -> 0 | AG32: =AC32*AE32% -> 0 | AK32: =AH32*AI32% -> 0 | AL32: =AH32*AJ32% -> 0 | AM32: =+D32+R32-AC32-AH32 -> 0 | AN32: =+G32+S32-AF32-AK32 -> 0 | AO32: =+H32+T32-AG32-AL32 -> 0 | AP32: =(AN32+AO32)/(S32+T32) -> #DIV/0! | AQ32: =($AP$1*AN32+$AQ$1*AO32) -> 0 | AR32: =(D32+J32+O32)-(X32+AH32) -> 0
B33: =+B31+1 -> 46068 | C33: E | G33: =+D33*E33% -> 0 | H33: =+D33*F33% -> 0 | J33: =I33 -> 0 | R33: =O33+J33 -> 0 | S33: =(J33*K33%)+(O33*P33%) -> 0 | T33: =(J33*L33%)+(O33*Q33%) -> 0 | AA33: =X33*Y33% -> 0 | AB33: =X33*Z33% -> 0 | AF33: =AC33*AD33% -> 0 | AG33: =AC33*AE33% -> 0 | AK33: =AH33*AI33% -> 0 | AL33: =AH33*AJ33% -> 0 | AM33: =+D33+R33-AC33-AH33 -> 0 | AN33: =+G33+S33-AF33-AK33 -> 0 | AO33: =+H33+T33-AG33-AL33 -> 0 | AP33: =(AN33+AO33)/(S33+T33) -> #DIV/0! | AQ33: =($AP$1*AN33+$AQ$1*AO33) -> 0 | AR33: =(D33+J33+O33)-(X33+AH33) -> 0
B34: =+B32+1 -> 46069 | C34: M | G34: =+D34*E34% -> 0 | H34: =+D34*F34% -> 0 | J34: =I34 -> 0 | R34: =O34+J34 -> 0 | S34: =(J34*K34%)+(O34*P34%) -> 0 | T34: =(J34*L34%)+(O34*Q34%) -> 0 | AA34: =X34*Y34% -> 0 | AB34: =X34*Z34% -> 0 | AF34: =AC34*AD34% -> 0 | AG34: =AC34*AE34% -> 0 | AK34: =AH34*AI34% -> 0 | AL34: =AH34*AJ34% -> 0 | AM34: =+D34+R34-AC34-AH34 -> 0 | AN34: =+G34+S34-AF34-AK34 -> 0 | AO34: =+H34+T34-AG34-AL34 -> 0 | AP34: =(AN34+AO34)/(S34+T34) -> #DIV/0! | AQ34: =($AP$1*AN34+$AQ$1*AO34) -> 0 | AR34: =(D34+J34+O34)-(X34+AH34) -> 0
B35: =+B33+1 -> 46069 | C35: E | G35: =+D35*E35% -> 0 | H35: =+D35*F35% -> 0 | J35: =I35 -> 0 | R35: =O35+J35 -> 0 | S35: =(J35*K35%)+(O35*P35%) -> 0 | T35: =(J35*L35%)+(O35*Q35%) -> 0 | AA35: =X35*Y35% -> 0 | AB35: =X35*Z35% -> 0 | AF35: =AC35*AD35% -> 0 | AG35: =AC35*AE35% -> 0 | AK35: =AH35*AI35% -> 0 | AL35: =AH35*AJ35% -> 0 | AM35: =+D35+R35-AC35-AH35 -> 0 | AN35: =+G35+S35-AF35-AK35 -> 0 | AO35: =+H35+T35-AG35-AL35 -> 0 | AP35: =(AN35+AO35)/(S35+T35) -> #DIV/0! | AQ35: =($AP$1*AN35+$AQ$1*AO35) -> 0 | AR35: =(D35+J35+O35)-(X35+AH35) -> 0
B36: =+B34+1 -> 46070 | C36: M | G36: =+D36*E36% -> 0 | H36: =+D36*F36% -> 0 | J36: =I36 -> 0 | R36: =O36+J36 -> 0 | S36: =(J36*K36%)+(O36*P36%) -> 0 | T36: =(J36*L36%)+(O36*Q36%) -> 0 | AA36: =X36*Y36% -> 0 | AB36: =X36*Z36% -> 0 | AF36: =AC36*AD36% -> 0 | AG36: =AC36*AE36% -> 0 | AK36: =AH36*AI36% -> 0 | AL36: =AH36*AJ36% -> 0 | AM36: =+D36+R36-AC36-AH36 -> 0 | AN36: =+G36+S36-AF36-AK36 -> 0 | AO36: =+H36+T36-AG36-AL36 -> 0 | AP36: =(AN36+AO36)/(S36+T36) -> #DIV/0! | AQ36: =($AP$1*AN36+$AQ$1*AO36) -> 0 | AR36: =(D36+J36+O36)-(X36+AH36) -> 0
B37: =+B35+1 -> 46070 | C37: E | G37: =+D37*E37% -> 0 | H37: =+D37*F37% -> 0 | J37: =I37 -> 0 | R37: =O37+J37 -> 0 | S37: =(J37*K37%)+(O37*P37%) -> 0 | T37: =(J37*L37%)+(O37*Q37%) -> 0 | AA37: =X37*Y37% -> 0 | AB37: =X37*Z37% -> 0 | AF37: =AC37*AD37% -> 0 | AG37: =AC37*AE37% -> 0 | AK37: =AH37*AI37% -> 0 | AL37: =AH37*AJ37% -> 0 | AM37: =+D37+R37-AC37-AH37 -> 0 | AN37: =+G37+S37-AF37-AK37 -> 0 | AO37: =+H37+T37-AG37-AL37 -> 0 | AP37: =(AN37+AO37)/(S37+T37) -> #DIV/0! | AQ37: =($AP$1*AN37+$AQ$1*AO37) -> 0 | AR37: =(D37+J37+O37)-(X37+AH37) -> 0
B38: =+B36+1 -> 46071 | C38: M | G38: =+D38*E38% -> 0 | H38: =+D38*F38% -> 0 | J38: =I38 -> 0 | R38: =O38+J38 -> 0 | S38: =(J38*K38%)+(O38*P38%) -> 0 | T38: =(J38*L38%)+(O38*Q38%) -> 0 | AA38: =X38*Y38% -> 0 | AB38: =X38*Z38% -> 0 | AF38: =AC38*AD38% -> 0 | AG38: =AC38*AE38% -> 0 | AK38: =AH38*AI38% -> 0 | AL38: =AH38*AJ38% -> 0 | AM38: =+D38+R38-AC38-AH38 -> 0 | AN38: =+G38+S38-AF38-AK38 -> 0 | AO38: =+H38+T38-AG38-AL38 -> 0 | AP38: =(AN38+AO38)/(S38+T38) -> #DIV/0! | AQ38: =($AP$1*AN38+$AQ$1*AO38) -> 0 | AR38: =(D38+J38+O38)-(X38+AH38) -> 0
B39: =+B37+1 -> 46071 | C39: E | G39: =+D39*E39% -> 0 | H39: =+D39*F39% -> 0 | J39: =I39 -> 0 | R39: =O39+J39 -> 0 | S39: =(J39*K39%)+(O39*P39%) -> 0 | T39: =(J39*L39%)+(O39*Q39%) -> 0 | AA39: =X39*Y39% -> 0 | AB39: =X39*Z39% -> 0 | AF39: =AC39*AD39% -> 0 | AG39: =AC39*AE39% -> 0 | AK39: =AH39*AI39% -> 0 | AL39: =AH39*AJ39% -> 0 | AM39: =+D39+R39-AC39-AH39 -> 0 | AN39: =+G39+S39-AF39-AK39 -> 0 | AO39: =+H39+T39-AG39-AL39 -> 0 | AP39: =(AN39+AO39)/(S39+T39) -> #DIV/0! | AQ39: =($AP$1*AN39+$AQ$1*AO39) -> 0 | AR39: =(D39+J39+O39)-(X39+AH39) -> 0
... B65: =+B63+1 -> 46084 | C65: E | G65: =+D65*E65% -> 0 | H65: =+D65*F65% -> 0 | J65: =I65 -> 0 | R65: =O65+J65 -> 0 | S65: =(J65*K65%)+(O65*P65%) -> 0 | T65: =(J65*L65%)+(O65*Q65%) -> 0 | AA65: =X65*Y65% -> 0 | AB65: =X65*Z65% -> 0 | AF65: =AC65*AD65% -> 0 | AG65: =AC65*AE65% -> 0 | AK65: =AH65*AI65% -> 0 | AL65: =AH65*AJ65% -> 0 | AM65: =+D65+R65-AC65-AH65 -> 0 | AN65: =+G65+S65-AF65-AK65 -> 0 | AO65: =+H65+T65-AG65-AL65 -> 0 | AP65: =(AN65+AO65)/(S65+T65) -> #DIV/0! | AQ65: =($AP$1*AN65+$AQ$1*AO65) -> 0 | AR65: =(D65+J65+O65)-(X65+AH65) -> 0
J66: =SUM(J4:J65) -> 167559 | K66: =SUMPRODUCT(J4:J65,K4:K65)/J66 -> 5.393881 | L66: =SUMPRODUCT(J4:J65,L4:L65)/J66 -> 8.5297239 | O66: =SUM(O15:O65) -> 0 | AC66: =SUM(AC6:AC65) -> 149810 | AM66: =-SUM(AM4:AM65) -> 150 | AN66: =-SUM(AN4:AN65) -> -93.136 | AO66: =-SUM(AO4:AO65) -> -257.7501 | AQ66: =-SUM(AQ4:AQ65) -> -115730.68
J67: =J66 -> 167559 | K67: =J67*K66% -> 9037.933 | L67: =J67*L66% -> 14292.32
V68: 4340
V69: 5500

Sheet DSC_Master
A1: union_code | B1: bmc_code | C1: dcs_code | D1: society_code_ex | E1: society_name | F1: dcs_short_name | G1: address | H1: Mobile No | I1: ifsc | J1: bank_account_no | K1: beneficiary_name | L1: route | S1: Row Labels | T1: No of Society | U1: Sum of Balance Payable/Recoverable
A2: 001 | B2: 1062 | C2: 10620001 | D2: 64540 | E2: AKHILESH PANDEY | F2: KARARI DSK | G2: KARARI ,KAIMUR,MOANIA,BIHAR , 821105 | H2: 9934591684 | I2: HDFC0002625 | J2: 50100615862020 | K2: AKHILESH PANDEY | L2: 106201 | S2: 0 | T2: 10 | U2: 0
A3: 001 | B3: 1062 | C3: 10620002 | D3: 64592 | E3: BAL GOPAL YADAV | F3: UDHAPURA DSK | G3: UDHAPURA ,KAIMUR,MOANIA,BIHAR , 821105 | H3: 8924850648 | I3: SBIN0000076 | J3: 37483995547 | K3: BAL GOPAL YADAV | L3: 106201 | S3: Excess payment | T3: 3 | U3: -247810.4
A4: 001 | B4: 1062 | C4: 10620003 | D4: 64520 | E4: BANSI DHAR SINGH | F4: BICHHIYA DSK | G4: BICHHIYA ,KAIMUR,MOANIA,BIHAR , 821105 | H4: 7352968008 | I4: PUNB0237400 | J4: 2374000100106055 | K4: BANSI DHAR SINGH | L4: 106201 | S4: No Pouring | T4: 13 | U4: -205623.89
A5: 001 | B5: 1062 | C5: 10620004 | D5: 64600 | E5: DEEPAK KUMAR YADAV | F5: BHAMBHHOR DSK | G5: BHAMBHHOR ,KAIMUR,MOANIA,BIHAR , 821109 | H5: 6303590024 | I5: UTIB0001632 | J5: 924010010956816 | K5: DEEPAK KUMAR YADAV | L5: 106201 | S5: Recovery from cycle | T5: 16 | U5: -172704.2
A6: 001 | B6: 1062 | C6: 10620005 | D6: 64505 | E6: DINESH KUMAR | F6: MAHUWARIYA DSK | G6: MAHUWARIYA ,KAIMUR,MOANIA,BIHAR , 821105 | H6: 8603752849 | I6: SBIN0014328 | J6: 20315506501 | K6: DINESH KUMAR | L6: 106201 | S6: Payable to MPG | T6: 58 | U6: 2175338.7
A7: 001 | B7: 1062 | C7: 10620006 | D7: 64601 | E7: JAY PRAKASH PANDEY | F7: SIRIYAUA DSK | G7: SIRIYAUA ,KAIMUR,MOANIA,BIHAR , 821110 | H7: 7077788223 | I7: PUNB0278400 | J7: 2784000100290227 | K7: JAY PRAKASH PANDEY | L7: 106201 | S7: Grand Total | T7: 100 | U7: 1549200.3
A8: 001 | B8: 1062 | C8: 10620007 | D8: 64546 | E8: UDEY PRATAP DUBEY | F8: KURRA DSK | G8: KURRA ,KAIMUR,MOANIA,BIHAR , 821109 | H8: 9113390853 | I8: BKID0004619 | J8: 461918210002275 | K8: UDAY PRATAP DUBEY | L8: 106201
A9: 001 | B9: 1062 | C9: 10620008 | D9: 64544 | E9: KAMLESH SINGH | F9: ASHUDHA DSK | G9: ASHUDHA ,KAIMUR,MOANIA,BIHAR , 821110 | H9: 6200554595 | I9: BDBL0001544 | J9: 20100077569381 | K9: KAMLESH SINGH | L9: 106201
A10: 001 | B10: 1062 | C10: 10620009 | D10: 64571 | E10: KANHAIYA YADAV | F10: JAVRI DSK | G10: JAVRI ,KAIMUR,MOANIA,BIHAR , 821105 | H10: 7004978468 | I10: SBIN0014328 | J10: 42108869535 | K10: KANHAIYA YADAV | L10: 106201
A11: 001 | B11: 1062 | C11: 10620010 | D11: 64508 | E11: KHUSHABU YADAV | F11: LARMA DSK | G11: LARMA ,KAIMUR,MOANIA,BIHAR , 821105 | H11: 9065296057 | I11: PUNB0236700 | J11: 2367000100137224 | K11: KHUSHABU YADAV | L11: 106201
A12: 001 | B12: 1062 | C12: 10620011 | D12: 64556 | E12: MALTI DEVI | F12: KABILASPUR DSK | G12: KABILASPUR ,KAIMUR,MOANIA,BIHAR , 821105 | H12: 6200620118 | I12: PUNB0237400 | J12: 2374002100002492 | K12: MALTI DEVI | L12: 106201
A13: 001 | B13: 1062 | C13: 10620012 | D13: 64515 | E13: MR SHREE NIWAS YADAV | F13: DHARHARA DSK | G13: DHARARA ,KAIMUR,MOANIA,BIHAR , 821105 | H13: 7783847657 | I13: SBIN0006137 | J13: 37905177514 | K13: SHREE NIWAS YADAV | L13: 106201
A14: 001 | B14: 1062 | C14: 10620013 | D14: 64523 | E14: Mr SONU KUMAR | F14: KHADSARA DSK | G14: KHARSARA ,KAIMUR,MOANIA,BIHAR , 821105 | H14: 8757865353 | I14: SBIN0014328 | J14: 20421372063 | K14: SONU KUMAR | L14: 106201
A15: 001 | B15: 1062 | C15: 10620014 | D15: 60628 | E15: PARASH SINGH | F15: BAIJNATH DSK | G15: BAIJNATH ,KAIMUR,MOANIA,BIHAR , 821110 | H15: 9905772355 | I15: PUNB0278400 | J15: 2784000100175715 | K15: PARASH SINGH | L15: 106201
A16: 001 | B16: 1062 | C16: 10620015 | D16: 64537 | E16: PAWAN KUMAR SINGH | F16: KASTHARI DSK | G16: KASTHARI ,KAIMUR,MOANIA,BIHAR , 821105 | H16: 9905909472 | I16: PUNB0237400 | J16: 2374001500005364 | K16: PAWAN KUMAR SINGH | L16: 106201
A17: 001 | B17: 1062 | C17: 10620016 | D17: 64522 | E17: RAM CHARAN RAI | F17: MADANPURA DSK | G17: MADANPURA ,KAIMUR,MOANIA,BIHAR , 821105 | H17: 9065026841 | I17: PUNB0237400 | J17: 2374000100165377 | K17: RAM CHARAN RAI | L17: 106201
A18: 001 | B18: 1062 | C18: 10620017 | D18: 64555 | E18: SATENDRA YADAV | F18: DEHWALIYA DSK | G18: DEHVALYA ,KAIMUR,MOANIA,BIHAR , 821105 | H18: 9625596113 | I18: PUNB0269600 | J18: 14462413000951 | K18: SATENDRA YADAV | L18: 106201
A19: 001 | B19: 1062 | C19: 10620018 | D19: 64591 | E19: SAVARU SINGH | F19: LURPURWA DSK | G19: LURPURWA ,KAIMUR,MOANIA,BIHAR , 821109 | H19: 8002591740 | I19: UBIN0560308 | J19: 603002010018335 | K19: SAVARU SINGH | L19: 106201
... A99: 001 | B99: 1062 | C99: 10620098 | D99: 64579 | E99: VIKASH RAI | F99: RAJAPUR DSK | G99: RAJPUR ,BUXER,DUMRAWN,BIHAR , 802131 | H99: 9831104177 | I99: KARB0000294 | J99: 2942500100123701 | K99: VIKASH RAI | L99: 106201
A100: 001 | B100: 1062 | C100: 10620099 | D100: 64504 | E100: SURESH KHARWAR | F100: NONAR DSK | H100: 6203275422 | I100: PUNB0278400 | J100: 2784000100286464 | K100: SURESH KHARWAR | L100: 106201
A101: 001 | B101: 1062 | C101: 10620100 | D101: 60646 | E101: SHRI SHYAM DAIRY CO | F101: RAMGARH DSK | H101: 9408033456 | I101: BKID0005794 | J101: 579420110000403 | K101: SHRI SHYAM DAIRY CO | L101: 106201
A102: 001 | B102: 1062 | C102: 10620101 | D102: 20101 | E102: MD IMRAN KHAN | F102: JABURNA DSK | I102: BARB0DILDAR | J102: 43620100017275 | K102: MD IMRAN KHAN | L102: 106201
A103: 001 | B103: 1062 | C103: 10620102 | D103: 20102 | E103: MAYA KUMARI | F103: KALANI DSK | I103: BKID0004611 | J103: 461110110010454 | K103: MAYA KUMARI | L103: 106201
A104: 001 | B104: 1062 | C104: 10620111 | D104: 20111 | E104: PRIYA PANDEY | F104: SUHWAL | I104: SBIN0003683 | J104: 43605915887 | K104: PRIYA PANDEY | L104: 106201
A105: 001 | B105: 1062 | C105: 10620109 | D105: 20109 | E105: YUVRAJPUR DSK | F105: YUVRAJPUR DSK | I105: PUNB0066200 | J105: 0662001500012630 | K105: PRIYANKA PANDEY | L105: 106201
A106: 001 | B106: 1062 | C106: 10620110 | D106: 20110 | E106: KARIMUDDINPUR DSK | F106: KARIMUDDINPUR DSK | I106: SBIN0006143 | J106: 31624326901 | K106: ANAND KUMAR PANDEY | L106: 106201
A107: 001 | B107: 1062 | C107: 10620114 | D107: 20114 | E107: NIRAJ KUMAR | F107: SARAI DSK | I107: BKID0004603 | J107: 460310110010827 | K107: NIRAJ KUMAR | L107: 106201
A108: 001 | B108: 1062 | C108: 10620115 | D108: 20115 | E108: AJAY KUMAR SINGH | F108: BADAKI KULHARIA DSK | I108: SBIN0017163 | J108: 41684045867 | K108: AJAY KUMAR SINGH | L108: 106201
A109: 001 | B109: 1062 | C109: 10620113 | D109: 20113 | E109: LAKSHMAN KUMAR GUPTA | F109: AHINAURA DSK | I109: SBIN0015728 | J109: 42095590960 | K109: LAKSHMAN KUMAR GUPTA | L109: 106201
A110: 001 | B110: 1062 | C110: 10620112 | D110: 20112 | E110: PARSATHUA DSK | F110: PARSATHUA DSK | I110: HDFC0002625 | J110: 50100615862671 | K110: ANJU DEVI | L110: 106201
A111: 001 | B111: 1062 | C111: 10620104 | D111: 20104 | E111: NEERAJ KUMAR | F111: PANAPUR - PURVY DSK | H111: 8709578336 | I111: BDBL0001544 | J111: 20200123940927 | K111: NEERAJ KUMAR | L111: 106201
A112: 001 | B112: 1062 | C112: 10620106 | D112: 20106 | E112: PARASNATH SINGH | F112: MACHHANHATA DSK | H112: 9934804000 | I112: UTIB0005542 | J112: 924010067199253 | K112: PARASNATH SINGH | L112: 106201
A113: 001 | B113: 1062 | C113: 10620116 | D113: 20116 | E113: BIRENDRA KUMAR | F113: ARANG DSK | H113: 8651969252 | I113: BKID0005791 | J113: 579120110000273 | K113: BIRENDRA KUMAR | L113: 106201
A114: 001 | B114: 1062 | C114: 10620117 | D114: 20117 | E114: DEEPAK SINGH | F114: MANSURPUR DSK | H114: 6204632860 | I114: SBIN0014328 | J114: 43993182069 | K114: DEEPAK SINGH | L114: 106201
A115: 001 | B115: 1062 | C115: 10620119 | D115: 20119 | E115: DIVYANSHI DAIRY MILK | F115: KURRA NEW DSK | H115: 9113390853 | I115: IDIB000M430 | J115: 8136244333 | K115: DIVYANSHI DAIRY MILK | L115: 106201
A116: 001 | B116: 1062 | C116: 10620120 | D116: 20120 | E116: NIRMAL SINGH | F116: TIYARA DSK | H116: 9693008919 | I116: PUNB0278400 | J116: 2784000100110417 | K116: NIRMAL SINGH | L116: 106201
A117: 001 | B117: 1062 | C117: 10620107 | D117: 20107 | E117: DHANANJAY SINGH | F117: DANDAWAS DSK | H117: 7258987113 | I117: CNRB0007689 | J117: 110291410255 | K117: DHANANJAY SINGH | L117: 106201
A118: 001 | B118: 1062 | C118: 10620121 | D118: 20121 | E118: CHANDRA MANI RAI | F118: DUMDUMA DSK | H118: 8919953307 | I118: BKID0006253 | J118: 625310110008012 | K118: CHANDRA MANI RAI | L118: 106201
A119: 001 | B119: 1062 | C119: 10620122 | D119: 20122 | E119: JAISHANKAR JAISWAL | F119: NOUAN DSK | H119: 9973772302 | I119: BKID0004611 | J119: 461110110007555 | K119: JAISHANKAR JAISWAL | L119: 106201
A120: 001 | B120: 1062 | C120: 10620123 | D120: 20123 | E120: BECHU PASSI | F120: SAKRAULI DSK | H120: 9572267883 | I120: PUNB0269600 | J120: 2696000100200761 | K120: BECHU PASSI | L120: 106201

Sheet Rate_Chart
A1: FAT+SNF | B1: 7.4 | C1: 7.5 | D1: 7.6 | E1: 7.7 | F1: 7.8 | G1: 7.9 | H1: 8 | I1: 8.1 | J1: 8.2 | K1: 8.3 | L1: 8.4 | M1: 8.5 | N1: 8.6 | O1: 8.7 | P1: 8.8 | Q1: 8.9 | R1: 9 | S1: 9.1 | T1: 9.2 | U1: 9.3 | V1: 9.4 | W1: 9.5 | X1: 9.6 | Y1: 9.7 | Z1: 9.8 | AA1: 9.9 | AB1: 10 | AC1: 10.1 | AD1: 10.2 | AE1: 10.3 | AF1: 10.4 | AG1: 10.5 | AH1: 10.6 | AI1: 10.7 | AJ1: 10.8 | AK1: 10.9
A2: 2.5 | B2: 0 | C2: 0 | D2: 0 | E2: 0 | F2: 0 | G2: 0 | H2: 32.666112 | I2: 32.944126 | J2: 33.22214 | K2: 33.500154 | L2: 33.778168 | M2: 34.056182 | N2: 34.056182 | O2: 34.056182 | P2: 34.056182 | Q2: 34.056182 | R2: 34.056182 | S2: 34.056182 | T2: 34.056182 | U2: 34.056182 | V2: 34.056182 | W2: 34.056182 | X2: 34.056182 | Y2: 34.056182 | Z2: 34.056182 | AA2: 34.056182 | AB2: 34.056182 | AC2: 34.056182 | AD2: 34.056182 | AE2: 34.056182 | AF2: 34.056182 | AG2: 34.056182 | AH2: 34.056182 | AI2: 34.056182 | AJ2: 34.056182 | AK2: 34.056182
A3: 2.6 | B3: 0 | C3: 0 | D3: 0 | E3: 0 | F3: 0 | G3: 0 | H3: 33.083112 | I3: 33.361126 | J3: 33.63914 | K3: 33.917154 | L3: 34.195168 | M3: 34.473182 | N3: 34.473182 | O3: 34.473182 | P3: 34.473182 | Q3: 34.473182 | R3: 34.473182 | S3: 34.473182 | T3: 34.473182 | U3: 34.473182 | V3: 34.473182 | W3: 34.473182 | X3: 34.473182 | Y3: 34.473182 | Z3: 34.473182 | AA3: 34.473182 | AB3: 34.473182 | AC3: 34.473182 | AD3: 34.473182 | AE3: 34.473182 | AF3: 34.473182 | AG3: 34.473182 | AH3: 34.473182 | AI3: 34.473182 | AJ3: 34.473182 | AK3: 34.473182
A4: 2.7 | B4: 0 | C4: 0 | D4: 0 | E4: 0 | F4: 0 | G4: 0 | H4: 33.500112 | I4: 33.778126 | J4: 34.05614 | K4: 34.334154 | L4: 34.612168 | M4: 34.890182 | N4: 34.890182 | O4: 34.890182 | P4: 34.890182 | Q4: 34.890182 | R4: 34.890182 | S4: 34.890182 | T4: 34.890182 | U4: 34.890182 | V4: 34.890182 | W4: 34.890182 | X4: 34.890182 | Y4: 34.890182 | Z4: 34.890182 | AA4: 34.890182 | AB4: 34.890182 | AC4: 34.890182 | AD4: 34.890182 | AE4: 34.890182 | AF4: 34.890182 | AG4: 34.890182 | AH4: 34.890182 | AI4: 34.890182 | AJ4: 34.890182 | AK4: 34.890182
A5: 2.8 | B5: 0 | C5: 0 | D5: 0 | E5: 0 | F5: 0 | G5: 0 | H5: 33.917112 | I5: 34.195126 | J5: 34.47314 | K5: 34.751154 | L5: 35.029168 | M5: 35.307181 | N5: 35.307181 | O5: 35.307181 | P5: 35.307181 | Q5: 35.307181 | R5: 35.307181 | S5: 35.307181 | T5: 35.307181 | U5: 35.307181 | V5: 35.307181 | W5: 35.307181 | X5: 35.307181 | Y5: 35.307181 | Z5: 35.307181 | AA5: 35.307181 | AB5: 35.307181 | AC5: 35.307181 | AD5: 35.307181 | AE5: 35.307181 | AF5: 35.307181 | AG5: 35.307181 | AH5: 35.307181 | AI5: 35.307181 | AJ5: 35.307181 | AK5: 35.307181
A6: 2.9 | B6: 0 | C6: 0 | D6: 0 | E6: 0 | F6: 0 | G6: 0 | H6: 34.334112 | I6: 34.612126 | J6: 34.89014 | K6: 35.168154 | L6: 35.446168 | M6: 35.724182 | N6: 35.724182 | O6: 35.724182 | P6: 35.724182 | Q6: 35.724182 | R6: 35.724182 | S6: 35.724182 | T6: 35.724182 | U6: 35.724182 | V6: 35.724182 | W6: 35.724182 | X6: 35.724182 | Y6: 35.724182 | Z6: 35.724182 | AA6: 35.724182 | AB6: 35.724182 | AC6: 35.724182 | AD6: 35.724182 | AE6: 35.724182 | AF6: 35.724182 | AG6: 35.724182 | AH6: 35.724182 | AI6: 35.724182 | AJ6: 35.724182 | AK6: 35.724182
A7: 3 | B7: 0 | C7: 0 | D7: 0 | E7: 0 | F7: 0 | G7: 0 | H7: 34.751112 | I7: 35.029126 | J7: 35.30714 | K7: 35.585154 | L7: 35.863168 | M7: 36.141182 | N7: 36.141182 | O7: 36.141182 | P7: 36.141182 | Q7: 36.141182 | R7: 36.141182 | S7: 36.141182 | T7: 36.141182 | U7: 36.141182 | V7: 36.141182 | W7: 36.141182 | X7: 36.141182 | Y7: 36.141182 | Z7: 36.141182 | AA7: 36.141182 | AB7: 36.141182 | AC7: 36.141182 | AD7: 36.141182 | AE7: 36.141182 | AF7: 36.141182 | AG7: 36.141182 | AH7: 36.141182 | AI7: 36.141182 | AJ7: 36.141182 | AK7: 36.141182
A8: 3.1 | B8: 0 | C8: 0 | D8: 0 | E8: 0 | F8: 0 | G8: 0 | H8: 35.168112 | I8: 35.446126 | J8: 35.72414 | K8: 36.002154 | L8: 36.280168 | M8: 36.558182 | N8: 36.558182 | O8: 36.558182 | P8: 36.558182 | Q8: 36.558182 | R8: 36.558182 | S8: 36.558182 | T8: 36.558182 | U8: 36.558182 | V8: 36.558182 | W8: 36.558182 | X8: 36.558182 | Y8: 36.558182 | Z8: 36.558182 | AA8: 36.558182 | AB8: 36.558182 | AC8: 36.558182 | AD8: 36.558182 | AE8: 36.558182 | AF8: 36.558182 | AG8: 36.558182 | AH8: 36.558182 | AI8: 36.558182 | AJ8: 36.558182 | AK8: 36.558182
A9: 3.2 | B9: 0 | C9: 0 | D9: 0 | E9: 0 | F9: 0 | G9: 0 | H9: 35.585112 | I9: 35.863126 | J9: 36.14114 | K9: 36.419154 | L9: 36.697168 | M9: 36.975182 | N9: 36.975182 | O9: 36.975182 | P9: 36.975182 | Q9: 36.975182 | R9: 36.975182 | S9: 36.975182 | T9: 36.975182 | U9: 36.975182 | V9: 36.975182 | W9: 36.975182 | X9: 36.975182 | Y9: 36.975182 | Z9: 36.975182 | AA9: 36.975182 | AB9: 36.975182 | AC9: 36.975182 | AD9: 36.975182 | AE9: 36.975182 | AF9: 36.975182 | AG9: 36.975182 | AH9: 36.975182 | AI9: 36.975182 | AJ9: 36.975182 | AK9: 36.975182
A10: 3.3 | B10: 0 | C10: 0 | D10: 0 | E10: 0 | F10: 0 | G10: 0 | H10: 36.002112 | I10: 36.280126 | J10: 36.55814 | K10: 36.836154 | L10: 37.114168 | M10: 37.392182 | N10: 37.392182 | O10: 37.392182 | P10: 37.392182 | Q10: 37.392182 | R10: 37.392182 | S10: 37.392182 | T10: 37.392182 | U10: 37.392182 | V10: 37.392182 | W10: 37.392182 | X10: 37.392182 | Y10: 37.392182 | Z10: 37.392182 | AA10: 37.392182 | AB10: 37.392182 | AC10: 37.392182 | AD10: 37.392182 | AE10: 37.392182 | AF10: 37.392182 | AG10: 37.392182 | AH10: 37.392182 | AI10: 37.392182 | AJ10: 37.392182 | AK10: 37.392182
A11: 3.4 | B11: 0 | C11: 0 | D11: 0 | E11: 0 | F11: 0 | G11: 0 | H11: 36.419112 | I11: 36.697126 | J11: 36.97514 | K11: 37.253154 | L11: 37.531168 | M11: 37.809182 | N11: 37.809182 | O11: 37.809182 | P11: 37.809182 | Q11: 37.809182 | R11: 37.809182 | S11: 37.809182 | T11: 37.809182 | U11: 37.809182 | V11: 37.809182 | W11: 37.809182 | X11: 37.809182 | Y11: 37.809182 | Z11: 37.809182 | AA11: 37.809182 | AB11: 37.809182 | AC11: 37.809182 | AD11: 37.809182 | AE11: 37.809182 | AF11: 37.809182 | AG11: 37.809182 | AH11: 37.809182 | AI11: 37.809182 | AJ11: 37.809182 | AK11: 37.809182
A12: 3.5 | B12: 0 | C12: 0 | D12: 0 | E12: 0 | F12: 0 | G12: 0 | H12: 36.836112 | I12: 37.114126 | J12: 37.39214 | K12: 37.670154 | L12: 37.948168 | M12: 38.226182 | N12: 38.226182 | O12: 38.226182 | P12: 38.226182 | Q12: 38.226182 | R12: 38.226182 | S12: 38.226182 | T12: 38.226182 | U12: 38.226182 | V12: 38.226182 | W12: 38.226182 | X12: 38.226182 | Y12: 38.226182 | Z12: 38.226182 | AA12: 38.226182 | AB12: 38.226182 | AC12: 38.226182 | AD12: 38.226182 | AE12: 38.226182 | AF12: 38.226182 | AG12: 38.226182 | AH12: 38.226182 | AI12: 38.226182 | AJ12: 38.226182 | AK12: 38.226182
A13: 3.6 | B13: 0 | C13: 0 | D13: 0 | E13: 0 | F13: 0 | G13: 0 | H13: 37.253112 | I13: 37.531126 | J13: 37.80914 | K13: 38.087154 | L13: 38.365168 | M13: 38.643182 | N13: 38.643182 | O13: 38.643182 | P13: 38.643182 | Q13: 38.643182 | R13: 38.643182 | S13: 38.643182 | T13: 38.643182 | U13: 38.643182 | V13: 38.643182 | W13: 38.643182 | X13: 38.643182 | Y13: 38.643182 | Z13: 38.643182 | AA13: 38.643182 | AB13: 38.643182 | AC13: 38.643182 | AD13: 38.643182 | AE13: 38.643182 | AF13: 38.643182 | AG13: 38.643182 | AH13: 38.643182 | AI13: 38.643182 | AJ13: 38.643182 | AK13: 38.643182
... A41: 6.4 | B41: 0 | C41: 0 | D41: 0 | E41: 0 | F41: 0 | G41: 0 | H41: 0 | I41: 0 | J41: 0 | K41: 0 | L41: 51.8368 | M41: 51.8368 | N41: 52.3712 | O41: 52.3712 | P41: 52.9056 | Q41: 52.9056 | R41: 53.44 | S41: 53.44 | T41: 53.44 | U41: 53.44 | V41: 53.44 | W41: 53.44 | X41: 53.44 | Y41: 53.44 | Z41: 53.44 | AA41: 53.44 | AB41: 53.44 | AC41: 53.44 | AD41: 53.44 | AE41: 53.44 | AF41: 53.44 | AG41: 53.44 | AH41: 53.44 | AI41: 53.44 | AJ41: 53.44 | AK41: 53.44
A42: 6.5 | B42: 0 | C42: 0 | D42: 0 | E42: 0 | F42: 0 | G42: 0 | H42: 0 | I42: 0 | J42: 0 | K42: 0 | L42: 52.64675 | M42: 52.64675 | N42: 53.1895 | O42: 53.1895 | P42: 53.73225 | Q42: 53.73225 | R42: 54.275 | S42: 54.275 | T42: 54.275 | U42: 54.275 | V42: 54.275 | W42: 54.275 | X42: 54.275 | Y42: 54.275 | Z42: 54.275 | AA42: 54.275 | AB42: 54.275 | AC42: 54.275 | AD42: 54.275 | AE42: 54.275 | AF42: 54.275 | AG42: 54.275 | AH42: 54.275 | AI42: 54.275 | AJ42: 54.275 | AK42: 54.275 | AL42: =AK42/6.5% -> 835 | AM42: =AK42*1.02% -> 0.553605
A43: 6.6 | B43: 0 | C43: 0 | D43: 0 | E43: 0 | F43: 0 | G43: 0 | H43: 0 | I43: 0 | J43: 0 | K43: 0 | L43: 53.4567 | M43: 53.4567 | N43: 54.0078 | O43: 54.0078 | P43: 54.5589 | Q43: 54.5589 | R43: 55.11 | S43: 55.11 | T43: 55.11 | U43: 55.11 | V43: 55.11 | W43: 55.11 | X43: 55.11 | Y43: 55.11 | Z43: 55.11 | AA43: 55.11 | AB43: 55.11 | AC43: 55.11 | AD43: 55.11 | AE43: 55.11 | AF43: 55.11 | AG43: 55.11 | AH43: 55.11 | AI43: 55.11 | AJ43: 55.11 | AK43: 55.11 | AL43: =AK42*2.25% -> 1.2211875 | AM43: =AL43+AK42 -> 55.496187
A44: 6.7 | B44: 0 | C44: 0 | D44: 0 | E44: 0 | F44: 0 | G44: 0 | H44: 0 | I44: 0 | J44: 0 | K44: 0 | L44: 54.26665 | M44: 54.26665 | N44: 54.8261 | O44: 54.8261 | P44: 55.38555 | Q44: 55.38555 | R44: 55.945 | S44: 55.945 | T44: 55.945 | U44: 55.945 | V44: 55.945 | W44: 55.945 | X44: 55.945 | Y44: 55.945 | Z44: 55.945 | AA44: 55.945 | AB44: 55.945 | AC44: 55.945 | AD44: 55.945 | AE44: 55.945 | AF44: 55.945 | AG44: 55.945 | AH44: 55.945 | AI44: 55.945 | AJ44: 55.945 | AK44: 55.945
A45: 6.8 | B45: 0 | C45: 0 | D45: 0 | E45: 0 | F45: 0 | G45: 0 | H45: 0 | I45: 0 | J45: 0 | K45: 0 | L45: 55.0766 | M45: 55.0766 | N45: 55.6444 | O45: 55.6444 | P45: 56.2122 | Q45: 56.2122 | R45: 56.78 | S45: 56.78 | T45: 56.78 | U45: 56.78 | V45: 56.78 | W45: 56.78 | X45: 56.78 | Y45: 56.78 | Z45: 56.78 | AA45: 56.78 | AB45: 56.78 | AC45: 56.78 | AD45: 56.78 | AE45: 56.78 | AF45: 56.78 | AG45: 56.78 | AH45: 56.78 | AI45: 56.78 | AJ45: 56.78 | AK45: 56.78
A46: 6.9 | B46: 0 | C46: 0 | D46: 0 | E46: 0 | F46: 0 | G46: 0 | H46: 0 | I46: 0 | J46: 0 | K46: 0 | L46: 55.88655 | M46: 55.88655 | N46: 56.4627 | O46: 56.4627 | P46: 57.03885 | Q46: 57.03885 | R46: 57.615 | S46: 57.615 | T46: 57.615 | U46: 57.615 | V46: 57.615 | W46: 57.615 | X46: 57.615 | Y46: 57.615 | Z46: 57.615 | AA46: 57.615 | AB46: 57.615 | AC46: 57.615 | AD46: 57.615 | AE46: 57.615 | AF46: 57.615 | AG46: 57.615 | AH46: 57.615 | AI46: 57.615 | AJ46: 57.615 | AK46: 57.615
A47: 7 | B47: 0 | C47: 0 | D47: 0 | E47: 0 | F47: 0 | G47: 0 | H47: 0 | I47: 0 | J47: 0 | K47: 0 | L47: 56.6965 | M47: 56.6965 | N47: 57.281 | O47: 57.281 | P47: 57.8655 | Q47: 57.8655 | R47: 58.45 | S47: 58.45 | T47: 58.45 | U47: 58.45 | V47: 58.45 | W47: 58.45 | X47: 58.45 | Y47: 58.45 | Z47: 58.45 | AA47: 58.45 | AB47: 58.45 | AC47: 58.45 | AD47: 58.45 | AE47: 58.45 | AF47: 58.45 | AG47: 58.45 | AH47: 58.45 | AI47: 58.45 | AJ47: 58.45 | AK47: 58.45
A48: 7.1 | B48: 0 | C48: 0 | D48: 0 | E48: 0 | F48: 0 | G48: 0 | H48: 0 | I48: 0 | J48: 0 | K48: 0 | L48: 57.50645 | M48: 57.50645 | N48: 58.0993 | O48: 58.0993 | P48: 58.69215 | Q48: 58.69215 | R48: 59.285 | S48: 59.285 | T48: 59.285 | U48: 59.285 | V48: 59.285 | W48: 59.285 | X48: 59.285 | Y48: 59.285 | Z48: 59.285 | AA48: 59.285 | AB48: 59.285 | AC48: 59.285 | AD48: 59.285 | AE48: 59.285 | AF48: 59.285 | AG48: 59.285 | AH48: 59.285 | AI48: 59.285 | AJ48: 59.285 | AK48: 59.285
A49: 7.2 | B49: 0 | C49: 0 | D49: 0 | E49: 0 | F49: 0 | G49: 0 | H49: 0 | I49: 0 | J49: 0 | K49: 0 | L49: 58.3164 | M49: 58.3164 | N49: 58.9176 | O49: 58.9176 | P49: 59.5188 | Q49: 59.5188 | R49: 60.12 | S49: 60.12 | T49: 60.12 | U49: 60.12 | V49: 60.12 | W49: 60.12 | X49: 60.12 | Y49: 60.12 | Z49: 60.12 | AA49: 60.12 | AB49: 60.12 | AC49: 60.12 | AD49: 60.12 | AE49: 60.12 | AF49: 60.12 | AG49: 60.12 | AH49: 60.12 | AI49: 60.12 | AJ49: 60.12 | AK49: 60.12
A50: 7.3 | B50: 0 | C50: 0 | D50: 0 | E50: 0 | F50: 0 | G50: 0 | H50: 0 | I50: 0 | J50: 0 | K50: 0 | L50: 59.12635 | M50: 59.12635 | N50: 59.7359 | O50: 59.7359 | P50: 60.34545 | Q50: 60.34545 | R50: 60.955 | S50: 60.955 | T50: 60.955 | U50: 60.955 | V50: 60.955 | W50: 60.955 | X50: 60.955 | Y50: 60.955 | Z50: 60.955 | AA50: 60.955 | AB50: 60.955 | AC50: 60.955 | AD50: 60.955 | AE50: 60.955 | AF50: 60.955 | AG50: 60.955 | AH50: 60.955 | AI50: 60.955 | AJ50: 60.955 | AK50: 60.955
A51: 7.4 | B51: 0 | C51: 0 | D51: 0 | E51: 0 | F51: 0 | G51: 0 | H51: 0 | I51: 0 | J51: 0 | K51: 0 | L51: 59.9363 | M51: 59.9363 | N51: 60.5542 | O51: 60.5542 | P51: 61.1721 | Q51: 61.1721 | R51: 61.79 | S51: 61.79 | T51: 61.79 | U51: 61.79 | V51: 61.79 | W51: 61.79 | X51: 61.79 | Y51: 61.79 | Z51: 61.79 | AA51: 61.79 | AB51: 61.79 | AC51: 61.79 | AD51: 61.79 | AE51: 61.79 | AF51: 61.79 | AG51: 61.79 | AH51: 61.79 | AI51: 61.79 | AJ51: 61.79 | AK51: 61.79
A52: 7.5 | B52: 0 | C52: 0 | D52: 0 | E52: 0 | F52: 0 | G52: 0 | H52: 0 | I52: 0 | J52: 0 | K52: 0 | L52: 60.74625 | M52: 60.74625 | N52: 61.3725 | O52: 61.3725 | P52: 61.99875 | Q52: 61.99875 | R52: 62.625 | S52: 62.625 | T52: 62.625 | U52: 62.625 | V52: 62.625 | W52: 62.625 | X52: 62.625 | Y52: 62.625 | Z52: 62.625 | AA52: 62.625 | AB52: 62.625 | AC52: 62.625 | AD52: 62.625 | AE52: 62.625 | AF52: 62.625 | AG52: 62.625 | AH52: 62.625 | AI52: 62.625 | AJ52: 62.625 | AK52: 62.625
A53: 7.6 | B53: 0 | C53: 0 | D53: 0 | E53: 0 | F53: 0 | G53: 0 | H53: 0 | I53: 0 | J53: 0 | K53: 0 | L53: 61.5562 | M53: 61.5562 | N53: 62.1908 | O53: 62.1908 | P53: 62.8254 | Q53: 62.8254 | R53: 63.46 | S53: 63.46 | T53: 63.46 | U53: 63.46 | V53: 63.46 | W53: 63.46 | X53: 63.46 | Y53: 63.46 | Z53: 63.46 | AA53: 63.46 | AB53: 63.46 | AC53: 63.46 | AD53: 63.46 | AE53: 63.46 | AF53: 63.46 | AG53: 63.46 | AH53: 63.46 | AI53: 63.46 | AJ53: 63.46 | AK53: 63.46
A54: 7.7 | B54: 0 | C54: 0 | D54: 0 | E54: 0 | F54: 0 | G54: 0 | H54: 0 | I54: 0 | J54: 0 | K54: 0 | L54: 62.36615 | M54: 62.36615 | N54: 63.0091 | O54: 63.0091 | P54: 63.65205 | Q54: 63.65205 | R54: 64.295 | S54: 64.295 | T54: 64.295 | U54: 64.295 | V54: 64.295 | W54: 64.295 | X54: 64.295 | Y54: 64.295 | Z54: 64.295 | AA54: 64.295 | AB54: 64.295 | AC54: 64.295 | AD54: 64.295 | AE54: 64.295 | AF54: 64.295 | AG54: 64.295 | AH54: 64.295 | AI54: 64.295 | AJ54: 64.295 | AK54: 64.295
A55: 7.8 | B55: 0 | C55: 0 | D55: 0 | E55: 0 | F55: 0 | G55: 0 | H55: 0 | I55: 0 | J55: 0 | K55: 0 | L55: 63.1761 | M55: 63.1761 | N55: 63.8274 | O55: 63.8274 | P55: 64.4787 | Q55: 64.4787 | R55: 65.13 | S55: 65.13 | T55: 65.13 | U55: 65.13 | V55: 65.13 | W55: 65.13 | X55: 65.13 | Y55: 65.13 | Z55: 65.13 | AA55: 65.13 | AB55: 65.13 | AC55: 65.13 | AD55: 65.13 | AE55: 65.13 | AF55: 65.13 | AG55: 65.13 | AH55: 65.13 | AI55: 65.13 | AJ55: 65.13 | AK55: 65.13
... A127: 15 | B127: 0 | C127: 0 | D127: 0 | E127: 0 | F127: 0 | G127: 0 | H127: 0 | I127: 0 | J127: 0 | K127: 0 | L127: 80.995 | M127: 80.995 | N127: 81.83 | O127: 81.83 | P127: 82.665 | Q127: 82.665 | R127: 83.5 | S127: 83.5 | T127: 83.5 | U127: 83.5 | V127: 83.5 | W127: 83.5 | X127: 83.5 | Y127: 83.5 | Z127: 83.5 | AA127: 83.5 | AB127: 83.5 | AC127: 83.5 | AD127: 83.5 | AE127: 83.5 | AF127: 83.5 | AG127: 83.5 | AH127: 83.5 | AI127: 83.5 | AJ127: 83.5 | AK127: 83.5

Sheet Data
M1: =M2/4%/5 -> 24360.74 | R1: =Q2*4%+R2*8.5% -> 40.006944 | S1: =S2/J2 -> 0.73325697 | T1: =T2/J2 -> 3.75 | U1: =X1-R1 -> 4.2855492 | X1: =W2*4%+X2*8.5% -> 44.292494 | AJ1: =AJ2+X1 -> 45.572759 | AK1: =AJ1-R1 -> 5.5658143
J2: =SUM(J4:J99353) -> 105725 | K2: =M2/J2*100 -> 4.6083216 | L2: =N2/J2*100 -> 8.270184 | M2: =SUM(M4:M99353) -> 4872.148 | N2: =SUM(N4:N99353) -> 8743.652 | O2: =P2/J2 -> 41.900398 | P2: =SUM(P4:P99353) -> 4429919.6 | Q2: =SUMPRODUCT(Q4:Q99353,M4:M99353)/M2 -> 415.24805 | R2: =SUMPRODUCT(R4:R99353,N4:N99353)/N2 -> 275.25909 | S2: =SUM(S4:S99353) -> 77523.593 | T2: =SUM(T4:T99353) -> 396468.75 | U2: =SUM(U4:U99353) -> 4903912 | V2: =U2/J2 -> 46.383655 | W2: =SUMPRODUCT(W4:W99353,M4:M99353)/M2 -> 459.01496 | X2: =SUMPRODUCT(X4:X99353,N4:N99353)/N2 -> 305.08112 | Z2: 18500 | AB2: 500 | AC2: 49.6 | AD2: =AB2*AC2 -> 24800 | AE2: =AD2/Z2 -> 1.3405405 | AH2: =AE2/(K2%+L2%*2/3) -> 13.244122 | AI2: =AH2*2/3 -> 8.8294145 | AJ2: =AH2*4%+AI2*8.5% -> 1.2802651
A3: ID | B3: Dump Date | C3: Shift | D3: BMC | E3: Route | F3: MPP | G3: Old Code | H3: Dcs Code | I3: Milk Type | J3: Weight | K3: Fat | L3: Snf | M3: Kg fat | N3: Kg snf | O3: Rate/Kg | P3: Amount | Q3: FAT Rate | R3: SNF Rate | S3: Comm @ 1.75% | T3: OH @ 3.75/kg | U3: Total Cost | V3: Cost/Kg | W3: FAT Rate | X3: SNF Rate | Z3: Diff | AE3: Values | AK3: Values
A4: =CONCATENATE(H4,I4,B5,C4) -> 10620101B22/05/2026M | B4: 22/05/2026 | C4: M | D4: [1062] RAMGADH | E4: [8405] RAMGADH | F4: [20101] JABURNA DSK | G4: =MID(F4,2,5) -> 20101 | H4: 10620101 | I4: B | J4: 19 | K4: 8.5 | L4: 9 | M4: =K4*J4/100 -> 1.615 | N4: =L4*J4/100 -> 1.71 | O4: 70.975 | P4: =O4*J4 -> 1348.525 | Q4: =O4/(K4%+L4%*2/3) -> 489.48276 | R4: =Q4*2/3 -> 326.32184 | S4: =P4*1.75% -> 23.599188 | T4: =J4*3.75 -> 71.25 | U4: =S4+T4+P4 -> 1443.3742 | V4: =U4/J4 -> 75.967062 | W4: =V4/(K4%+L4%*2/3) -> 523.91078 | X4: =W4*2/3 -> 349.27385 | AB4: Dcs Code | AC4: Old Code | AD4: MPP | AE4: Sum of Weight | AF4: Sum of Amount | AI4: Dump Date | AJ4: Shift | AK4: Sum of Weight | AL4: Sum of Kg fat | AM4: Sum of Kg snf
A5: =CONCATENATE(H5,I5,B6,C5) -> 10620101C23/05/2026M | B5: 22/05/2026 | C5: M | D5: [1062] RAMGADH | E5: [8405] RAMGADH | F5: [20101] JABURNA DSK | G5: =MID(F5,2,5) -> 20101 | H5: 10620101 | I5: C | J5: 14 | K5: 3.1 | L5: 8 | M5: =K5*J5/100 -> 0.434 | N5: =L5*J5/100 -> 1.12 | O5: 33.397056 | P5: =O5*J5 -> 467.55878 | Q5: =O5/(K5%+L5%*2/3) -> 396.01252 | R5: =Q5*2/3 -> 264.00835 | S5: =P5*1.75% -> 8.1822787 | T5: =J5*3.75 -> 52.5 | U5: =S5+T5+P5 -> 528.24106 | V5: =U5/J5 -> 37.731504 | W5: =V5/(K5%+L5%*2/3) -> 447.40914 | X5: =W5*2/3 -> 298.27276 | AB5: 10620051 | AC5: 64543 | AD5: [64543] SUHWAL DSK | AE5: 41405 | AF5: 1578792 | AI5: 01/04/2026 | AJ5: M | AK5: 6416 | AL5: 336.314 | AM5: 543.612 | AO5: 5970 | AP5: 320.132 | AQ5: 512.752 | AR5: =AK5-AO5 -> 446 | AS5: =AL5-AP5 -> 16.182 | AT5: =AM5-AQ5 -> 30.86
A6: =CONCATENATE(H6,I6,B7,C6) -> 10620101C24/05/2026M | B6: 23/05/2026 | C6: M | D6: [1062] RAMGADH | E6: [8405] RAMGADH | F6: [20101] JABURNA DSK | G6: =MID(F6,2,5) -> 20101 | H6: 10620101 | I6: C | J6: 27 | K6: 4.9 | L6: 8.2 | M6: =K6*J6/100 -> 1.323 | N6: =L6*J6/100 -> 2.214 | O6: 41.053082 | P6: =O6*J6 -> 1108.4332 | Q6: =O6/(K6%+L6%*2/3) -> 396.01044 | R6: =Q6*2/3 -> 264.00696 | S6: =P6*1.75% -> 19.397581 | T6: =J6*3.75 -> 101.25 | U6: =S6+T6+P6 -> 1229.0808 | V6: =U6/J6 -> 45.521511 | W6: =V6/(K6%+L6%*2/3) -> 439.11426 | X6: =W6*2/3 -> 292.74284 | AB6: 10620109 | AC6: 20109 | AD6: [20109] YUVRAJPUR DSK | AE6: 16140 | AF6: 721551.03 | AJ6: E | AK6: 4892 | AL6: 238.458 | AM6: 413.049 | AO6: 8469 | AP6: 461.75 | AQ6: 723.05 | AR6: =AK6-AO6 -> -3577 | AS6: =AL6-AP6 -> -223.292 | AT6: =AM6-AQ6 -> -310.001
A7: =CONCATENATE(H7,I7,B8,C7) -> 10620101B24/05/2026M | B7: 24/05/2026 | C7: M | D7: [1062] RAMGADH | E7: [8405] RAMGADH | F7: [20101] JABURNA DSK | G7: =MID(F7,2,5) -> 20101 | H7: 10620101 | I7: B | J7: 20 | K7: 6.3 | L7: 8.8 | M7: =K7*J7/100 -> 1.26 | N7: =L7*J7/100 -> 1.76 | O7: 52.07895 | P7: =O7*J7 -> 1041.579 | Q7: =O7/(K7%+L7%*2/3) -> 428.04616 | R7: =Q7*2/3 -> 285.36411 | S7: =P7*1.75% -> 18.227633 | T7: =J7*3.75 -> 75 | U7: =S7+T7+P7 -> 1134.8066 | V7: =U7/J7 -> 56.740332 | W7: =V7/(K7%+L7%*2/3) -> 466.35889 | X7: =W7*2/3 -> 310.90593 | AB7: 10620116 | AC7: 20116 | AD7: [20116] ARANG DSK | AE7: 5220 | AF7: 223484.81 | AI7: 02/04/2026 | AJ7: M | AK7: 7476 | AL7: 366.978 | AM7: 623.456 | AO7: 8285 | AP7: 459.715 | AQ7: 714.58 | AR7: =AK7-AO7 -> -809 | AS7: =AL7-AP7 -> -92.737 | AT7: =AM7-AQ7 -> -91.124
A8: =CONCATENATE(H8,I8,B9,C8) -> 10620101C25/05/2026E | B8: 24/05/2026 | C8: E | D8: [1062] RAMGADH | E8: [8405] RAMGADH | F8: [20101] JABURNA DSK | G8: =MID(F8,2,5) -> 20101 | H8: 10620101 | I8: C | J8: 12 | K8: 3.8 | L8: 8.2 | M8: =K8*J8/100 -> 0.456 | N8: =L8*J8/100 -> 0.984 | O8: 36.697082 | P8: =O8*J8 -> 440.36499 | Q8: =O8/(K8%+L8%*2/3) -> 396.01168 | R8: =Q8*2/3 -> 264.00779 | S8: =P8*1.75% -> 7.7063873 | T8: =J8*3.75 -> 45 | U8: =S8+T8+P8 -> 493.07138 | V8: =U8/J8 -> 41.089281 | W8: =V8/(K8%+L8%*2/3) -> 443.40951 | X8: =W8*2/3 -> 295.60634 | AB8: Grand Total | AE8: 62765 | AF8: 2523827.8 | AJ8: E | AK8: 13740 | AL8: 701.553 | AM8: 1172.33 | AO8: 5624 | AP8: 311.592 | AQ8: 477.152 | AR8: =AK8-AO8 -> 8116 | AS8: =AL8-AP8 -> 389.961 | AT8: =AM8-AQ8 -> 695.178
A9: =CONCATENATE(H9,I9,B10,C9) -> 10620101B25/05/2026M | B9: 25/05/2026 | C9: M | D9: [1062] RAMGADH | E9: [8405] RAMGADH | F9: [20101] JABURNA DSK | G9: =MID(F9,2,5) -> 20101 | H9: 10620101 | I9: B | J9: 16 | K9: 6.2 | L9: 8.8 | M9: =K9*J9/100 -> 0.992 | N9: =L9*J9/100 -> 1.408 | O9: 51.2523 | P9: =O9*J9 -> 820.0368 | Q9: =O9/(K9%+L9%*2/3) -> 424.74282 | R9: =Q9*2/3 -> 283.16188 | S9: =P9*1.75% -> 14.350644 | T9: =J9*3.75 -> 60 | U9: =S9+T9+P9 -> 894.38744 | V9: =U9/J9 -> 55.899215 | W9: =V9/(K9%+L9%*2/3) -> 463.25317 | X9: =W9*2/3 -> 308.83544 | AI9: (blank) | AJ9: (blank) | AO9: 6861 | AP9: 379.714 | AQ9: 589.827 | AR9: =AK9-AO9 -> -6861 | AS9: =AL9-AP9 -> -379.714 | AT9: =AM9-AQ9 -> -589.827
A10: =CONCATENATE(H10,I10,B11,C10) -> 10620101C26/05/2026E | B10: 25/05/2026 | C10: E | D10: [1062] RAMGADH | E10: [8405] RAMGADH | F10: [20101] JABURNA DSK | G10: =MID(F10,2,5) -> 20101 | H10: 10620101 | I10: C | J10: 18 | K10: 3.8 | L10: 8.2 | M10: =K10*J10/100 -> 0.684 | N10: =L10*J10/100 -> 1.476 | O10: 36.697082 | P10: =O10*J10 -> 660.54748 | Q10: =O10/(K10%+L10%*2/3) -> 396.01168 | R10: =Q10*2/3 -> 264.00779 | S10: =P10*1.75% -> 11.559581 | T10: =J10*3.75 -> 67.5 | U10: =S10+T10+P10 -> 739.60706 | V10: =U10/J10 -> 41.089281 | W10: =V10/(K10%+L10%*2/3) -> 443.40951 | X10: =W10*2/3 -> 295.60634 | AI10: Grand Total | AK10: 32524 | AL10: 1643.303 | AM10: 2752.447 | AO10: 7190 | AP10: 386.65 | AQ10: 613.657 | AR10: =AK10-AO10 -> 25334 | AS10: =AL10-AP10 -> 1256.653 | AT10: =AM10-AQ10 -> 2138.79
A11: =CONCATENATE(H11,I11,B12,C11) -> 10620101C22/05/2026M | B11: 26/05/2026 | C11: M | D11: [1062] RAMGADH | E11: [8405] RAMGADH | F11: [20101] JABURNA DSK | G11: =MID(F11,2,5) -> 20101 | H11: 10620101 | I11: C | J11: 18 | K11: 4.5 | L11: 8.3 | M11: =K11*J11/100 -> 0.81 | N11: =L11*J11/100 -> 1.494 | O11: =INDEX(Rate_Chart!$A$1:$AK$127,MATCH(Data!K11,Rate_Chart!$A$1:$A$127,0),MATCH(Data!L11,Rate_Chart!$A$1:$AK$1,0)) -> 41.840154 | P11: =O11*J11 -> 753.12277 | Q11: =O11/(K11%+L11%*2/3) -> 417.0115 | R11: =Q11*2/3 -> 278.00767 | S11: =P11*1.75% -> 13.179648 | T11: =J11*3.75 -> 67.5 | U11: =S11+T11+P11 -> 833.80242 | V11: =U11/J11 -> 46.322356 | W11: =V11/(K11%+L11%*2/3) -> 461.68462 | X11: =W11*2/3 -> 307.78974 | AO11: 4601 | AP11: 246.398 | AQ11: 395.928 | AR11: =AK11-AO11 -> -4601 | AS11: =AL11-AP11 -> -246.398 | AT11: =AM11-AQ11 -> -395.928
A12: =CONCATENATE(H12,I12,B13,C12) -> 10620102B22/05/2026M | B12: 22/05/2026 | C12: M | D12: [1062] RAMGADH | E12: [8404] CHANDESH | F12: [20102] KALANI DSK | G12: =MID(F12,2,5) -> 20102 | H12: 10620102 | I12: B | J12: 36 | K12: 6.3 | L12: 8.8 | M12: =K12*J12/100 -> 2.268 | N12: =L12*J12/100 -> 3.168 | O12: 52.07895 | P12: =O12*J12 -> 1874.8422 | Q12: =O12/(K12%+L12%*2/3) -> 428.04616 | R12: =Q12*2/3 -> 285.36411 | S12: =P12*1.75% -> 32.809739 | T12: =J12*3.75 -> 135 | U12: =S12+T12+P12 -> 2042.6519 | V12: =U12/J12 -> 56.740332 | W12: =V12/(K12%+L12%*2/3) -> 466.35889 | X12: =W12*2/3 -> 310.90593 | AO12: 4919 | AP12: 265.478 | AQ12: 417.615 | AR12: =AK12-AO12 -> -4919 | AS12: =AL12-AP12 -> -265.478 | AT12: =AM12-AQ12 -> -417.615
A13: =CONCATENATE(H13,I13,B14,C13) -> 10620102B23/05/2026E | B13: 22/05/2026 | C13: E | D13: [1062] RAMGADH | E13: [8404] CHANDESH | F13: [20102] KALANI DSK | G13: =MID(F13,2,5) -> 20102 | H13: 10620102 | I13: B | J13: 42 | K13: 5.7 | L13: 8.6 | M13: =K13*J13/100 -> 2.394 | N13: =L13*J13/100 -> 3.612 | O13: 46.6431 | P13: =O13*J13 -> 1959.0102 | Q13: =O13/(K13%+L13%*2/3) -> 407.95714 | R13: =Q13*2/3 -> 271.97143 | S13: =P13*1.75% -> 34.282679 | T13: =J13*3.75 -> 157.5 | U13: =S13+T13+P13 -> 2150.7929 | V13: =U13/J13 -> 51.209354 | W13: =V13/(K13%+L13%*2/3) -> 447.89523 | X13: =W13*2/3 -> 298.59682 | AO13: 5240 | AP13: 295.362 | AQ13: 452.281 | AR13: =AK13-AO13 -> -5240 | AS13: =AL13-AP13 -> -295.362 | AT13: =AM13-AQ13 -> -452.281
A14: =CONCATENATE(H14,I14,B15,C14) -> 10620102B23/05/2026M | B14: 23/05/2026 | C14: M | D14: [1062] RAMGADH | E14: [8404] CHANDESH | F14: [20102] KALANI DSK | G14: =MID(F14,2,5) -> 20102 | H14: 10620102 | I14: B | J14: 18 | K14: 6.9 | L14: 8.8 | M14: =K14*J14/100 -> 1.242 | N14: =L14*J14/100 -> 1.584 | O14: 57.03885 | P14: =O14*J14 -> 1026.6993 | Q14: =O14/(K14%+L14%*2/3) -> 446.7795 | R14: =Q14*2/3 -> 297.853 | S14: =P14*1.75% -> 17.967238 | T14: =J14*3.75 -> 67.5 | U14: =S14+T14+P14 -> 1112.1665 | V14: =U14/J14 -> 61.78703 | W14: =V14/(K14%+L14%*2/3) -> 483.97151 | X14: =W14*2/3 -> 322.64768 | AO14: 5430 | AP14: 280.557 | AQ14: 465.095
A15: =CONCATENATE(H15,I15,B16,C15) -> 10620102B23/05/2026E | B15: 23/05/2026 | C15: E | D15: [1062] RAMGADH | E15: [8404] CHANDESH | F15: [20102] KALANI DSK | G15: =MID(F15,2,5) -> 20102 | H15: 10620102 | I15: B | J15: 37 | K15: 6.4 | L15: 8.8 | M15: =K15*J15/100 -> 2.368 | N15: =L15*J15/100 -> 3.256 | O15: 52.9056 | P15: =O15*J15 -> 1957.5072 | Q15: =O15/(K15%+L15%*2/3) -> 431.29565 | R15: =Q15*2/3 -> 287.53043 | S15: =P15*1.75% -> 34.256376 | T15: =J15*3.75 -> 138.75 | U15: =S15+T15+P15 -> 2130.5136 | V15: =U15/J15 -> 57.581448 | W15: =V15/(K15%+L15%*2/3) -> 469.41398 | X15: =W15*2/3 -> 312.94265
A16: =CONCATENATE(H16,I16,B17,C16) -> 10620102C24/05/2026E | B16: 23/05/2026 | C16: E | D16: [1062] RAMGADH | E16: [8404] CHANDESH | F16: [20102] KALANI DSK | G16: =MID(F16,2,5) -> 20102 | H16: 10620102 | I16: C | J16: 62 | K16: 3 | L16: 8 | M16: =K16*J16/100 -> 1.86 | N16: =L16*J16/100 -> 4.96 | O16: 33.001056 | P16: =O16*J16 -> 2046.0655 | Q16: =O16/(K16%+L16%*2/3) -> 396.01267 | R16: =Q16*2/3 -> 264.00845 | S16: =P16*1.75% -> 35.806146 | T16: =J16*3.75 -> 232.5 | U16: =S16+T16+P16 -> 2314.3716 | V16: =U16/J16 -> 37.328574 | W16: =V16/(K16%+L16%*2/3) -> 447.94289 | X16: =W16*2/3 -> 298.6286
A17: =CONCATENATE(H17,I17,B18,C17) -> 10620102B24/05/2026M | B17: 24/05/2026 | C17: M | D17: [1062] RAMGADH | E17: [8404] CHANDESH | F17: [20102] KALANI DSK | G17: =MID(F17,2,5) -> 20102 | H17: 10620102 | I17: B | J17: 23 | K17: 6.7 | L17: 8.8 | M17: =K17*J17/100 -> 1.541 | N17: =L17*J17/100 -> 2.024 | O17: 55.38555 | P17: =O17*J17 -> 1273.8677 | Q17: =O17/(K17%+L17%*2/3) -> 440.73382 | R17: =Q17*2/3 -> 293.82255 | S17: =P17*1.75% -> 22.292684 | T17: =J17*3.75 -> 86.25 | U17: =S17+T17+P17 -> 1382.4103 | V17: =U17/J17 -> 60.104797 | W17: =V17/(K17%+L17%*2/3) -> 478.28751 | X17: =W17*2/3 -> 318.85834
A18: =CONCATENATE(H18,I18,B19,C18) -> 10620102B24/05/2026E | B18: 24/05/2026 | C18: E | D18: [1062] RAMGADH | E18: [8404] CHANDESH | F18: [20102] KALANI DSK | G18: =MID(F18,2,5) -> 20102 | H18: 10620102 | I18: B | J18: 25 | K18: 5.9 | L18: 8.8 | M18: =K18*J18/100 -> 1.475 | N18: =L18*J18/100 -> 2.2 | O18: 48.77235 | P18: =O18*J18 -> 1219.3088 | Q18: =O18/(K18%+L18%*2/3) -> 414.49589 | R18: =Q18*2/3 -> 276.33059 | S18: =P18*1.75% -> 21.337903 | T18: =J18*3.75 -> 93.75 | U18: =S18+T18+P18 -> 1334.3967 | V18: =U18/J18 -> 53.375866 | W18: =V18/(K18%+L18%*2/3) -> 453.61926 | X18: =W18*2/3 -> 302.41284
A19: =CONCATENATE(H19,I19,B20,C19) -> 10620102C25/05/2026E | B19: 24/05/2026 | C19: E | D19: [1062] RAMGADH | E19: [8404] CHANDESH | F19: [20102] KALANI DSK | G19: =MID(F19,2,5) -> 20102 | H19: 10620102 | I19: C | J19: 27 | K19: 4 | L19: 8 | M19: =K19*J19/100 -> 1.08 | N19: =L19*J19/100 -> 2.16 | O19: 36.961056 | P19: =O19*J19 -> 997.94851 | Q19: =O19/(K19%+L19%*2/3) -> 396.01131 | R19: =Q19*2/3 -> 264.00754 | S19: =P19*1.75% -> 17.464099 | T19: =J19*3.75 -> 101.25 | U19: =S19+T19+P19 -> 1116.6626 | V19: =U19/J19 -> 41.357874 | W19: =V19/(K19%+L19%*2/3) -> 443.12008 | X19: =W19*2/3 -> 295.41339
A20: =CONCATENATE(H20,I20,B21,C20) -> 10620102B25/05/2026M | B20: 25/05/2026 | C20: M | D20: [1062] RAMGADH | E20: [8404] CHANDESH | F20: [20102] KALANI DSK | G20: =MID(F20,2,5) -> 20102 | H20: 10620102 | I20: B | J20: 34 | K20: 6.2 | L20: 8.4 | M20: =K20*J20/100 -> 2.108 | N20: =L20*J20/100 -> 2.856 | O20: 50.2169 | P20: =O20*J20 -> 1707.3746 | Q20: =O20/(K20%+L20%*2/3) -> 425.56695 | R20: =Q20*2/3 -> 283.7113 | S20: =P20*1.75% -> 29.879056 | T20: =J20*3.75 -> 127.5 | U20: =S20+T20+P20 -> 1864.7537 | V20: =U20/J20 -> 54.845696 | W20: =V20/(K20%+L20%*2/3) -> 464.79403 | X20: =W20*2/3 -> 309.86269
A21: =CONCATENATE(H21,I21,B22,C21) -> 10620102C25/05/2026M | B21: 25/05/2026 | C21: M | D21: [1062] RAMGADH | E21: [8404] CHANDESH | F21: [20102] KALANI DSK | G21: =MID(F21,2,5) -> 20102 | H21: 10620102 | I21: C | J21: 23 | K21: 3 | L21: 8 | M21: =K21*J21/100 -> 0.69 | N21: =L21*J21/100 -> 1.84 | O21: 33.001056 | P21: =O21*J21 -> 759.02429 | Q21: =O21/(K21%+L21%*2/3) -> 396.01267 | R21: =Q21*2/3 -> 264.00845 | S21: =P21*1.75% -> 13.282925 | T21: =J21*3.75 -> 86.25 | U21: =S21+T21+P21 -> 858.55721 | V21: =U21/J21 -> 37.328574 | W21: =V21/(K21%+L21%*2/3) -> 447.94289 | X21: =W21*2/3 -> 298.6286
A22: =CONCATENATE(H22,I22,B23,C22) -> 10620102B25/05/2026E | B22: 25/05/2026 | C22: E | D22: [1062] RAMGADH | E22: [8404] CHANDESH | F22: [20102] KALANI DSK | G22: =MID(F22,2,5) -> 20102 | H22: 10620102 | I22: B | J22: 40 | K22: 6.2 | L22: 8.8 | M22: =K22*J22/100 -> 2.48 | N22: =L22*J22/100 -> 3.52 | O22: 51.2523 | P22: =O22*J22 -> 2050.092 | Q22: =O22/(K22%+L22%*2/3) -> 424.74282 | R22: =Q22*2/3 -> 283.16188 | S22: =P22*1.75% -> 35.87661 | T22: =J22*3.75 -> 150 | U22: =S22+T22+P22 -> 2235.9686 | V22: =U22/J22 -> 55.899215 | W22: =V22/(K22%+L22%*2/3) -> 463.25317 | X22: =W22*2/3 -> 308.83544
A23: =CONCATENATE(H23,I23,B24,C23) -> 10620102C26/05/2026E | B23: 25/05/2026 | C23: E | D23: [1062] RAMGADH | E23: [8404] CHANDESH | F23: [20102] KALANI DSK | G23: =MID(F23,2,5) -> 20102 | H23: 10620102 | I23: C | J23: 63 | K23: 3.2 | L23: 8.1 | M23: =K23*J23/100 -> 2.016 | N23: =L23*J23/100 -> 5.103 | O23: 34.057069 | P23: =O23*J23 -> 2145.5954 | Q23: =O23/(K23%+L23%*2/3) -> 396.01243 | R23: =Q23*2/3 -> 264.00829 | S23: =P23*1.75% -> 37.547919 | T23: =J23*3.75 -> 236.25 | U23: =S23+T23+P23 -> 2419.3933 | V23: =U23/J23 -> 38.403068 | W23: =V23/(K23%+L23%*2/3) -> 446.5473 | X23: =W23*2/3 -> 297.6982
A24: =CONCATENATE(H24,I24,B25,C24) -> 10620102B26/05/2026M | B24: 26/05/2026 | C24: M | D24: [1062] RAMGADH | E24: [8404] CHANDESH | F24: [20102] KALANI DSK | G24: =MID(F24,2,5) -> 20102 | H24: 10620102 | I24: B | J24: 37 | K24: 6.2 | L24: 8.8 | M24: =K24*J24/100 -> 2.294 | N24: =L24*J24/100 -> 3.256 | O24: =INDEX(Rate_Chart!$A$1:$AK$127,MATCH(Data!K24,Rate_Chart!$A$1:$A$127,0),MATCH(Data!L24,Rate_Chart!$A$1:$AK$1,0)) -> 51.2523 | P24: =O24*J24 -> 1896.3351 | Q24: =O24/(K24%+L24%*2/3) -> 424.74282 | R24: =Q24*2/3 -> 283.16188 | S24: =P24*1.75% -> 33.185864 | T24: =J24*3.75 -> 138.75 | U24: =S24+T24+P24 -> 2068.271 | V24: =U24/J24 -> 55.899215 | W24: =V24/(K24%+L24%*2/3) -> 463.25317 | X24: =W24*2/3 -> 308.83544
A25: =CONCATENATE(H25,I25,B26,C25) -> 10620102B26/05/2026E | B25: 26/05/2026 | C25: E | D25: [1062] RAMGADH | E25: [8404] CHANDESH | F25: [20102] KALANI DSK | G25: =MID(F25,2,5) -> 20102 | H25: 10620102 | I25: B | J25: 38 | K25: 6 | L25: 9 | M25: =K25*J25/100 -> 2.28 | N25: =L25*J25/100 -> 3.42 | O25: =INDEX(Rate_Chart!$A$1:$AK$127,MATCH(Data!K25,Rate_Chart!$A$1:$A$127,0),MATCH(Data!L25,Rate_Chart!$A$1:$AK$1,0)) -> 50.1 | P25: =O25*J25 -> 1903.8 | Q25: =O25/(K25%+L25%*2/3) -> 417.5 | R25: =Q25*2/3 -> 278.33333 | S25: =P25*1.75% -> 33.3165 | T25: =J25*3.75 -> 142.5 | U25: =S25+T25+P25 -> 2079.6165 | V25: =U25/J25 -> 54.72675 | W25: =V25/(K25%+L25%*2/3) -> 456.05625 | X25: =W25*2/3 -> 304.0375
A26: =CONCATENATE(H26,I26,B27,C26) -> 10620102C27/05/2026E | B26: 26/05/2026 | C26: E | D26: [1062] RAMGADH | E26: [8404] CHANDESH | F26: [20102] KALANI DSK | G26: =MID(F26,2,5) -> 20102 | H26: 10620102 | I26: C | J26: 14 | K26: 3.4 | L26: 8 | M26: =K26*J26/100 -> 0.476 | N26: =L26*J26/100 -> 1.12 | O26: =INDEX(Rate_Chart!$A$1:$AK$127,MATCH(Data!K26,Rate_Chart!$A$1:$A$127,0),MATCH(Data!L26,Rate_Chart!$A$1:$AK$1,0)) -> 36.419112 | P26: =O26*J26 -> 509.86757 | Q26: =O26/(K26%+L26%*2/3) -> 417.01273 | R26: =Q26*2/3 -> 278.00849 | S26: =P26*1.75% -> 8.9226824 | T26: =J26*3.75 -> 52.5 | U26: =S26+T26+P26 -> 571.29025 | V26: =U26/J26 -> 40.806446 | W26: =V26/(K26%+L26%*2/3) -> 467.24939 | X26: =W26*2/3 -> 311.49959
A27: =CONCATENATE(H27,I27,B28,C27) -> 10620102B27/05/2026M | B27: 27/05/2026 | C27: M | D27: [1062] RAMGADH | E27: [8404] CHANDESH | F27: [20102] KALANI DSK | G27: =MID(F27,2,5) -> 20102 | H27: 10620102 | I27: B | J27: 33 | K27: 6.7 | L27: 9 | M27: =K27*J27/100 -> 2.211 | N27: =L27*J27/100 -> 2.97 | O27: =INDEX(Rate_Chart!$A$1:$AK$127,MATCH(Data!K27,Rate_Chart!$A$1:$A$127,0),MATCH(Data!L27,Rate_Chart!$A$1:$AK$1,0)) -> 55.945 | P27: =O27*J27 -> 1846.185 | Q27: =O27/(K27%+L27%*2/3) -> 440.51181 | R27: =Q27*2/3 -> 293.67454 | S27: =P27*1.75% -> 32.308238 | T27: =J27*3.75 -> 123.75 | U27: =S27+T27+P27 -> 2002.2432 | V27: =U27/J27 -> 60.674037 | W27: =V27/(K27%+L27%*2/3) -> 477.74833 | X27: =W27*2/3 -> 318.49888
A28: =CONCATENATE(H28,I28,B29,C28) -> 10620102B28/05/2026E | B28: 27/05/2026 | C28: E | D28: [1062] RAMGADH | E28: [8404] CHANDESH | F28: [20102] KALANI DSK | G28: =MID(F28,2,5) -> 20102 | H28: 10620102 | I28: B | J28: 26 | K28: 6.6 | L28: 9 | M28: =K28*J28/100 -> 1.716 | N28: =L28*J28/100 -> 2.34 | O28: =INDEX(Rate_Chart!$A$1:$AK$127,MATCH(Data!K28,Rate_Chart!$A$1:$A$127,0),MATCH(Data!L28,Rate_Chart!$A$1:$AK$1,0)) -> 55.11 | P28: =O28*J28 -> 1432.86 | Q28: =O28/(K28%+L28%*2/3) -> 437.38095 | R28: =Q28*2/3 -> 291.5873 | S28: =P28*1.75% -> 25.07505 | T28: =J28*3.75 -> 97.5 | U28: =S28+T28+P28 -> 1555.435 | V28: =U28/J28 -> 59.824425 | W28: =V28/(K28%+L28%*2/3) -> 474.79702 | X28: =W28*2/3 -> 316.53135
A29: =CONCATENATE(H29,I29,B30,C29) -> 10620102B28/05/2026M | B29: 28/05/2026 | C29: M | D29: [1062] RAMGADH | E29: [8404] CHANDESH | F29: [20102] KALANI DSK | G29: =MID(F29,2,5) -> 20102 | H29: 10620102 | I29: B | J29: 21 | K29: 5.9 | L29: 8.6 | M29: =K29*J29/100 -> 1.239 | N29: =L29*J29/100 -> 1.806 | O29: =INDEX(Rate_Chart!$A$1:$AK$127,MATCH(Data!K29,Rate_Chart!$A$1:$A$127,0),MATCH(Data!L29,Rate_Chart!$A$1:$AK$1,0)) -> 48.2797 | P29: =O29*J29 -> 1013.8737 | Q29: =O29/(K29%+L29%*2/3) -> 415.01175 | R29: =Q29*2/3 -> 276.6745 | S29: =P29*1.75% -> 17.74279 | T29: =J29*3.75 -> 78.75 | U29: =S29+T29+P29 -> 1110.3665 | V29: =U29/J29 -> 52.874595 | W29: =V29/(K29%+L29%*2/3) -> 454.50941 | X29: =W29*2/3 -> 303.00627
A30: =CONCATENATE(H30,I30,B31,C30) -> 10620102B28/05/2026E | B30: 28/05/2026 | C30: E | D30: [1062] RAMGADH | E30: [8404] CHANDESH | F30: [20102] KALANI DSK | G30: =MID(F30,2,5) -> 20102 | H30: 10620102 | I30: B | J30: 35 | K30: 5.8 | L30: 8.8 | M30: =K30*J30/100 -> 2.03 | N30: =L30*J30/100 -> 3.08 | O30: =INDEX(Rate_Chart!$A$1:$AK$127,MATCH(Data!K30,Rate_Chart!$A$1:$A$127,0),MATCH(Data!L30,Rate_Chart!$A$1:$AK$1,0)) -> 47.9457 | P30: =O30*J30 -> 1678.0995 | Q30: =O30/(K30%+L30%*2/3) -> 410.96314 | R30: =Q30*2/3 -> 273.97543 | S30: =P30*1.75% -> 29.366741 | T30: =J30*3.75 -> 131.25 | U30: =S30+T30+P30 -> 1838.7162 | V30: =U30/J30 -> 52.53475 | W30: =V30/(K30%+L30%*2/3) -> 450.29786 | X30: =W30*2/3 -> 300.19857
A31: =CONCATENATE(H31,I31,B32,C31) -> 10620102C22/05/2026E | B31: 28/05/2026 | C31: E | D31: [1062] RAMGADH | E31: [8404] CHANDESH | F31: [20102] KALANI DSK | G31: =MID(F31,2,5) -> 20102 | H31: 10620102 | I31: C | J31: 61 | K31: 3 | L31: 8 | M31: =K31*J31/100 -> 1.83 | N31: =L31*J31/100 -> 4.88 | O31: =INDEX(Rate_Chart!$A$1:$AK$127,MATCH(Data!K31,Rate_Chart!$A$1:$A$127,0),MATCH(Data!L31,Rate_Chart!$A$1:$AK$1,0)) -> 34.751112 | P31: =O31*J31 -> 2119.8178 | Q31: =O31/(K31%+L31%*2/3) -> 417.01334 | R31: =Q31*2/3 -> 278.0089 | S31: =P31*1.75% -> 37.096812 | T31: =J31*3.75 -> 228.75 | U31: =S31+T31+P31 -> 2385.6646 | V31: =U31/J31 -> 39.109256 | W31: =V31/(K31%+L31%*2/3) -> 469.31108 | X31: =W31*2/3 -> 312.87405
A32: =CONCATENATE(H32,I32,B33,C32) -> 10620104B22/05/2026M | B32: 22/05/2026 | C32: M | D32: [1062] RAMGADH | E32: [8403] MOHANIA | F32: [20104] PANAPUR - PURVY DSK | G32: =MID(F32,2,5) -> 20104 | H32: 10620104 | I32: B | J32: 8 | K32: 6.4 | L32: 8.4 | M32: =K32*J32/100 -> 0.512 | N32: =L32*J32/100 -> 0.672 | O32: 51.8368 | P32: =O32*J32 -> 414.6944 | Q32: =O32/(K32%+L32%*2/3) -> 431.97333 | R32: =Q32*2/3 -> 287.98222 | S32: =P32*1.75% -> 7.257152 | T32: =J32*3.75 -> 30 | U32: =S32+T32+P32 -> 451.95155 | V32: =U32/J32 -> 56.493944 | W32: =V32/(K32%+L32%*2/3) -> 470.78287 | X32: =W32*2/3 -> 313.85524
A33: =CONCATENATE(H33,I33,B34,C33) -> 10620104C22/05/2026M | B33: 22/05/2026 | C33: M | D33: [1062] RAMGADH | E33: [8403] MOHANIA | F33: [20104] PANAPUR - PURVY DSK | G33: =MID(F33,2,5) -> 20104 | H33: 10620104 | I33: C | J33: 25 | K33: 3.3 | L33: 8 | M33: =K33*J33/100 -> 0.825 | N33: =L33*J33/100 -> 2 | O33: 34.189056 | P33: =O33*J33 -> 854.7264 | Q33: =O33/(K33%+L33%*2/3) -> 396.01223 | R33: =Q33*2/3 -> 264.00815 | S33: =P33*1.75% -> 14.957712 | T33: =J33*3.75 -> 93.75 | U33: =S33+T33+P33 -> 963.43411 | V33: =U33/J33 -> 38.537364 | W33: =V33/(K33%+L33%*2/3) -> 446.37874 | X33: =W33*2/3 -> 297.58583
A34: =CONCATENATE(H34,I34,B35,C34) -> 10620104C23/05/2026E | B34: 22/05/2026 | C34: E | D34: [1062] RAMGADH | E34: [8403] MOHANIA | F34: [20104] PANAPUR - PURVY DSK | G34: =MID(F34,2,5) -> 20104 | H34: 10620104 | I34: C | J34: 24 | K34: 3.6 | L34: 8 | M34: =K34*J34/100 -> 0.864 | N34: =L34*J34/100 -> 1.92 | O34: 35.377056 | P34: =O34*J34 -> 849.04934 | Q34: =O34/(K34%+L34%*2/3) -> 396.01182 | R34: =Q34*2/3 -> 264.00788 | S34: =P34*1.75% -> 14.858364 | T34: =J34*3.75 -> 90 | U34: =S34+T34+P34 -> 953.90771 | V34: =U34/J34 -> 39.746154 | W34: =V34/(K34%+L34%*2/3) -> 444.91964 | X34: =W34*2/3 -> 296.61309
A35: =CONCATENATE(H35,I35,B36,C35) -> 10620104C23/05/2026M | B35: 23/05/2026 | C35: M | D35: [1062] RAMGADH | E35: [8403] MOHANIA | F35: [20104] PANAPUR - PURVY DSK | G35: =MID(F35,2,5) -> 20104 | H35: 10620104 | I35: C | J35: 26 | K35: 3.6 | L35: 8 | M35: =K35*J35/100 -> 0.936 | N35: =L35*J35/100 -> 2.08 | O35: 35.377056 | P35: =O35*J35 -> 919.80346 | Q35: =O35/(K35%+L35%*2/3) -> 396.01182 | R35: =Q35*2/3 -> 264.00788 | S35: =P35*1.75% -> 16.09656 | T35: =J35*3.75 -> 97.5 | U35: =S35+T35+P35 -> 1033.4 | V35: =U35/J35 -> 39.746154 | W35: =V35/(K35%+L35%*2/3) -> 444.91964 | X35: =W35*2/3 -> 296.61309
A36: =CONCATENATE(H36,I36,B37,C36) -> 10620104C24/05/2026E | B36: 23/05/2026 | C36: E | D36: [1062] RAMGADH | E36: [8403] MOHANIA | F36: [20104] PANAPUR - PURVY DSK | G36: =MID(F36,2,5) -> 20104 | H36: 10620104 | I36: C | J36: 23 | K36: 3 | L36: 8 | M36: =K36*J36/100 -> 0.69 | N36: =L36*J36/100 -> 1.84 | O36: 33.001056 | P36: =O36*J36 -> 759.02429 | Q36: =O36/(K36%+L36%*2/3) -> 396.01267 | R36: =Q36*2/3 -> 264.00845 | S36: =P36*1.75% -> 13.282925 | T36: =J36*3.75 -> 86.25 | U36: =S36+T36+P36 -> 858.55721 | V36: =U36/J36 -> 37.328574 | W36: =V36/(K36%+L36%*2/3) -> 447.94289 | X36: =W36*2/3 -> 298.6286
A37: =CONCATENATE(H37,I37,B38,C37) -> 10620104C24/05/2026M | B37: 24/05/2026 | C37: M | D37: [1062] RAMGADH | E37: [8403] MOHANIA | F37: [20104] PANAPUR - PURVY DSK | G37: =MID(F37,2,5) -> 20104 | H37: 10620104 | I37: C | J37: 25 | K37: 3 | L37: 8 | M37: =K37*J37/100 -> 0.75 | N37: =L37*J37/100 -> 2 | O37: 33.001056 | P37: =O37*J37 -> 825.0264 | Q37: =O37/(K37%+L37%*2/3) -> 396.01267 | R37: =Q37*2/3 -> 264.00845 | S37: =P37*1.75% -> 14.437962 | T37: =J37*3.75 -> 93.75 | U37: =S37+T37+P37 -> 933.21436 | V37: =U37/J37 -> 37.328574 | W37: =V37/(K37%+L37%*2/3) -> 447.94289 | X37: =W37*2/3 -> 298.6286
A38: =CONCATENATE(H38,I38,B39,C38) -> 10620104C25/05/2026E | B38: 24/05/2026 | C38: E | D38: [1062] RAMGADH | E38: [8403] MOHANIA | F38: [20104] PANAPUR - PURVY DSK | G38: =MID(F38,2,5) -> 20104 | H38: 10620104 | I38: C | J38: 26 | K38: 3 | L38: 8 | M38: =K38*J38/100 -> 0.78 | N38: =L38*J38/100 -> 2.08 | O38: 33.001056 | P38: =O38*J38 -> 858.02746 | Q38: =O38/(K38%+L38%*2/3) -> 396.01267 | R38: =Q38*2/3 -> 264.00845 | S38: =P38*1.75% -> 15.01548 | T38: =J38*3.75 -> 97.5 | U38: =S38+T38+P38 -> 970.54294 | V38: =U38/J38 -> 37.328574 | W38: =V38/(K38%+L38%*2/3) -> 447.94289 | X38: =W38*2/3 -> 298.6286
A39: =CONCATENATE(H39,I39,B40,C39) -> 10620104C25/05/2026M | B39: 25/05/2026 | C39: M | D39: [1062] RAMGADH | E39: [8403] MOHANIA | F39: [20104] PANAPUR - PURVY DSK | G39: =MID(F39,2,5) -> 20104 | H39: 10620104 | I39: C | J39: 25 | K39: 3.6 | L39: 8 | M39: =K39*J39/100 -> 0.9 | N39: =L39*J39/100 -> 2 | O39: 35.377056 | P39: =O39*J39 -> 884.4264 | Q39: =O39/(K39%+L39%*2/3) -> 396.01182 | R39: =Q39*2/3 -> 264.00788 | S39: =P39*1.75% -> 15.477462 | T39: =J39*3.75 -> 93.75 | U39: =S39+T39+P39 -> 993.65386 | V39: =U39/J39 -> 39.746154 | W39: =V39/(K39%+L39%*2/3) -> 444.91964 | X39: =W39*2/3 -> 296.61309
A40: =CONCATENATE(H40,I40,B41,C40) -> 10620104C26/05/2026E | B40: 25/05/2026 | C40: E | D40: [1062] RAMGADH | E40: [8403] MOHANIA | F40: [20104] PANAPUR - PURVY DSK | G40: =MID(F40,2,5) -> 20104 | H40: 10620104 | I40: C | J40: 25 | K40: 3.7 | L40: 8.1 | M40: =K40*J40/100 -> 0.925 | N40: =L40*J40/100 -> 2.025 | O40: 36.037069 | P40: =O40*J40 -> 900.92673 | Q40: =O40/(K40%+L40%*2/3) -> 396.01175 | R40: =Q40*2/3 -> 264.00783 | S40: =P40*1.75% -> 15.766218 | T40: =J40*3.75 -> 93.75 | U40: =S40+T40+P40 -> 1010.4429 | V40: =U40/J40 -> 40.417718 | W40: =V40/(K40%+L40%*2/3) -> 444.15075 | X40: =W40*2/3 -> 296.1005
A41: =CONCATENATE(H41,I41,B42,C41) -> 10620104C26/05/2026M | B41: 26/05/2026 | C41: M | D41: [1062] RAMGADH | E41: [8403] MOHANIA | F41: [20104] PANAPUR - PURVY DSK | G41: =MID(F41,2,5) -> 20104 | H41: 10620104 | I41: C | J41: 24 | K41: 3.8 | L41: 8.1 | M41: =K41*J41/100 -> 0.912 | N41: =L41*J41/100 -> 1.944 | O41: =INDEX(Rate_Chart!$A$1:$AK$127,MATCH(Data!K41,Rate_Chart!$A$1:$A$127,0),MATCH(Data!L41,Rate_Chart!$A$1:$AK$1,0)) -> 38.365126 | P41: =O41*J41 -> 920.76302 | Q41: =O41/(K41%+L41%*2/3) -> 417.01224 | R41: =Q41*2/3 -> 278.00816 | S41: =P41*1.75% -> 16.113353 | T41: =J41*3.75 -> 90 | U41: =S41+T41+P41 -> 1026.8764 | V41: =U41/J41 -> 42.786516 | W41: =V41/(K41%+L41%*2/3) -> 465.07082 | X41: =W41*2/3 -> 310.04721
A42: =CONCATENATE(H42,I42,B43,C42) -> 10620104C27/05/2026E | B42: 26/05/2026 | C42: E | D42: [1062] RAMGADH | E42: [8403] MOHANIA | F42: [20104] PANAPUR - PURVY DSK | G42: =MID(F42,2,5) -> 20104 | H42: 10620104 | I42: C | J42: 23 | K42: 4 | L42: 8.1 | M42: =K42*J42/100 -> 0.92 | N42: =L42*J42/100 -> 1.863 | O42: =INDEX(Rate_Chart!$A$1:$AK$127,MATCH(Data!K42,Rate_Chart!$A$1:$A$127,0),MATCH(Data!L42,Rate_Chart!$A$1:$AK$1,0)) -> 39.199126 | P42: =O42*J42 -> 901.5799 | Q42: =O42/(K42%+L42%*2/3) -> 417.01198 | R42: =Q42*2/3 -> 278.00799 | S42: =P42*1.75% -> 15.777648 | T42: =J42*3.75 -> 86.25 | U42: =S42+T42+P42 -> 1003.6075 | V42: =U42/J42 -> 43.635111 | W42: =V42/(K42%+L42%*2/3) -> 464.2033 | X42: =W42*2/3 -> 309.46887
A43: =CONCATENATE(H43,I43,B44,C43) -> 10620104C28/05/2026E | B43: 27/05/2026 | C43: E | D43: [1062] RAMGADH | E43: [8403] MOHANIA | F43: [20104] PANAPUR - PURVY DSK | G43: =MID(F43,2,5) -> 20104 | H43: 10620104 | I43: C | J43: 18 | K43: 3.9 | L43: 8.2 | M43: =K43*J43/100 -> 0.702 | N43: =L43*J43/100 -> 1.476 | O43: =INDEX(Rate_Chart!$A$1:$AK$127,MATCH(Data!K43,Rate_Chart!$A$1:$A$127,0),MATCH(Data!L43,Rate_Chart!$A$1:$AK$1,0)) -> 39.06014 | P43: =O43*J43 -> 703.08252 | Q43: =O43/(K43%+L43%*2/3) -> 417.01217 | R43: =Q43*2/3 -> 278.00811 | S43: =P43*1.75% -> 12.303944 | T43: =J43*3.75 -> 67.5 | U43: =S43+T43+P43 -> 782.88646 | V43: =U43/J43 -> 43.493692 | W43: =V43/(K43%+L43%*2/3) -> 464.34547 | X43: =W43*2/3 -> 309.56365
A44: =CONCATENATE(H44,I44,B45,C44) -> 10620104C28/05/2026M | B44: 28/05/2026 | C44: M | D44: [1062] RAMGADH | E44: [8403] MOHANIA | F44: [20104] PANAPUR - PURVY DSK | G44: =MID(F44,2,5) -> 20104 | H44: 10620104 | I44: C | J44: 20 | K44: 3 | L44: 8 | M44: =K44*J44/100 -> 0.6 | N44: =L44*J44/100 -> 1.6 | O44: =INDEX(Rate_Chart!$A$1:$AK$127,MATCH(Data!K44,Rate_Chart!$A$1:$A$127,0),MATCH(Data!L44,Rate_Chart!$A$1:$AK$1,0)) -> 34.751112 | P44: =O44*J44 -> 695.02224 | Q44: =O44/(K44%+L44%*2/3) -> 417.01334 | R44: =Q44*2/3 -> 278.0089 | S44: =P44*1.75% -> 12.162889 | T44: =J44*3.75 -> 75 | U44: =S44+T44+P44 -> 782.18513 | V44: =U44/J44 -> 39.109256 | W44: =V44/(K44%+L44%*2/3) -> 469.31108 | X44: =W44*2/3 -> 312.87405
A45: =CONCATENATE(H45,I45,B46,C45) -> 10620104C22/05/2026E | B45: 28/05/2026 | C45: E | D45: [1062] RAMGADH | E45: [8403] MOHANIA | F45: [20104] PANAPUR - PURVY DSK | G45: =MID(F45,2,5) -> 20104 | H45: 10620104 | I45: C | J45: 7 | K45: 3 | L45: 8 | M45: =K45*J45/100 -> 0.21 | N45: =L45*J45/100 -> 0.56 | O45: =INDEX(Rate_Chart!$A$1:$AK$127,MATCH(Data!K45,Rate_Chart!$A$1:$A$127,0),MATCH(Data!L45,Rate_Chart!$A$1:$AK$1,0)) -> 34.751112 | P45: =O45*J45 -> 243.25778 | Q45: =O45/(K45%+L45%*2/3) -> 417.01334 | R45: =Q45*2/3 -> 278.0089 | S45: =P45*1.75% -> 4.2570112 | T45: =J45*3.75 -> 26.25 | U45: =S45+T45+P45 -> 273.7648 | V45: =U45/J45 -> 39.109256 | W45: =V45/(K45%+L45%*2/3) -> 469.31108 | X45: =W45*2/3 -> 312.87405
A46: =CONCATENATE(H46,I46,B47,C46) -> 10620106B22/05/2026M | B46: 22/05/2026 | C46: M | D46: [1062] RAMGADH | E46: [8403] MOHANIA | F46: [20106] MACHHANHATA DSK | G46: =MID(F46,2,5) -> 20106 | H46: 10620106 | I46: B | J46: 6 | K46: 7 | L46: 8.8 | M46: =K46*J46/100 -> 0.42 | N46: =L46*J46/100 -> 0.528 | O46: 57.8655 | P46: =O46*J46 -> 347.193 | Q46: =O46/(K46%+L46%*2/3) -> 449.73187 | R46: =Q46*2/3 -> 299.82124 | S46: =P46*1.75% -> 6.0758775 | T46: =J46*3.75 -> 22.5 | U46: =S46+T46+P46 -> 375.76888 | V46: =U46/J46 -> 62.628146 | W46: =V46/(K46%+L46%*2/3) -> 486.74725 | X46: =W46*2/3 -> 324.49817
A47: =CONCATENATE(H47,I47,B48,C47) -> 10620106C22/05/2026M | B47: 22/05/2026 | C47: M | D47: [1062] RAMGADH | E47: [8403] MOHANIA | F47: [20106] MACHHANHATA DSK | G47: =MID(F47,2,5) -> 20106 | H47: 10620106 | I47: C | J47: 16 | K47: 3.3 | L47: 8.1 | M47: =K47*J47/100 -> 0.528 | N47: =L47*J47/100 -> 1.296 | O47: 34.453069 | P47: =O47*J47 -> 551.24911 | Q47: =O47/(K47%+L47%*2/3) -> 396.01229 | R47: =Q47*2/3 -> 264.00819 | S47: =P47*1.75% -> 9.6468594 | T47: =J47*3.75 -> 60 | U47: =S47+T47+P47 -> 620.89597 | V47: =U47/J47 -> 38.805998 | W47: =V47/(K47%+L47%*2/3) -> 446.04595 | X47: =W47*2/3 -> 297.36397
A48: =CONCATENATE(H48,I48,B49,C48) -> 10620106C23/05/2026E | B48: 22/05/2026 | C48: E | D48: [1062] RAMGADH | E48: [8403] MOHANIA | F48: [20106] MACHHANHATA DSK | G48: =MID(F48,2,5) -> 20106 | H48: 10620106 | I48: C | J48: 27 | K48: 3.9 | L48: 8.2 | M48: =K48*J48/100 -> 1.053 | N48: =L48*J48/100 -> 2.214 | O48: 37.093082 | P48: =O48*J48 -> 1001.5132 | Q48: =O48/(K48%+L48%*2/3) -> 396.01156 | R48: =Q48*2/3 -> 264.0077 | S48: =P48*1.75% -> 17.526481 | T48: =J48*3.75 -> 101.25 | U48: =S48+T48+P48 -> 1120.2897 | V48: =U48/J48 -> 41.492211 | W48: =V48/(K48%+L48%*2/3) -> 442.97735 | X48: =W48*2/3 -> 295.31823
A49: =CONCATENATE(H49,I49,B50,C49) -> 10620106B23/05/2026M | B49: 23/05/2026 | C49: M | D49: [1062] RAMGADH | E49: [8403] MOHANIA | F49: [20106] MACHHANHATA DSK | G49: =MID(F49,2,5) -> 20106 | H49: 10620106 | I49: B | J49: 7 | K49: 7.1 | L49: 8.8 | M49: =K49*J49/100 -> 0.497 | N49: =L49*J49/100 -> 0.616 | O49: 58.69215 | P49: =O49*J49 -> 410.84505 | Q49: =O49/(K49%+L49%*2/3) -> 452.63869 | R49: =Q49*2/3 -> 301.75913 | S49: =P49*1.75% -> 7.1897884 | T49: =J49*3.75 -> 26.25 | U49: =S49+T49+P49 -> 444.28484 | V49: =U49/J49 -> 63.469263 | W49: =V49/(K49%+L49%*2/3) -> 489.48017 | X49: =W49*2/3 -> 326.32012
A50: =CONCATENATE(H50,I50,B51,C50) -> 10620106C23/05/2026M | B50: 23/05/2026 | C50: M | D50: [1062] RAMGADH | E50: [8403] MOHANIA | F50: [20106] MACHHANHATA DSK | G50: =MID(F50,2,5) -> 20106 | H50: 10620106 | I50: C | J50: 17 | K50: 3.5 | L50: 8 | M50: =K50*J50/100 -> 0.595 | N50: =L50*J50/100 -> 1.36 | O50: 34.981056 | P50: =O50*J50 -> 594.67795 | Q50: =O50/(K50%+L50%*2/3) -> 396.01195 | R50: =Q50*2/3 -> 264.00797 | S50: =P50*1.75% -> 10.406864 | T50: =J50*3.75 -> 63.75 | U50: =S50+T50+P50 -> 668.83482 | V50: =U50/J50 -> 39.343224 | W50: =V50/(K50%+L50%*2/3) -> 445.39499 | X50: =W50*2/3 -> 296.93
A51: =CONCATENATE(H51,I51,B52,C51) -> 10620106C24/05/2026E | B51: 23/05/2026 | C51: E | D51: [1062] RAMGADH | E51: [8403] MOHANIA | F51: [20106] MACHHANHATA DSK | G51: =MID(F51,2,5) -> 20106 | H51: 10620106 | I51: C | J51: 21 | K51: 3.7 | L51: 8.2 | M51: =K51*J51/100 -> 0.777 | N51: =L51*J51/100 -> 1.722 | O51: 36.301082 | P51: =O51*J51 -> 762.32273 | Q51: =O51/(K51%+L51%*2/3) -> 396.01181 | R51: =Q51*2/3 -> 264.00787 | S51: =P51*1.75% -> 13.340648 | T51: =J51*3.75 -> 78.75 | U51: =S51+T51+P51 -> 854.41338 | V51: =U51/J51 -> 40.686351 | W51: =V51/(K51%+L51%*2/3) -> 443.85111 | X51: =W51*2/3 -> 295.90074
A52: =CONCATENATE(H52,I52,B53,C52) -> 10620106C24/05/2026M | B52: 24/05/2026 | C52: M | D52: [1062] RAMGADH | E52: [8403] MOHANIA | F52: [20106] MACHHANHATA DSK | G52: =MID(F52,2,5) -> 20106 | H52: 10620106 | I52: C | J52: 19 | K52: 4.6 | L52: 8.1 | M52: =K52*J52/100 -> 0.874 | N52: =L52*J52/100 -> 1.539 | O52: 39.601069 | P52: =O52*J52 -> 752.42031 | Q52: =O52/(K52%+L52%*2/3) -> 396.01069 | R52: =Q52*2/3 -> 264.00713 | S52: =P52*1.75% -> 13.167356 | T52: =J52*3.75 -> 71.25 | U52: =S52+T52+P52 -> 836.83767 | V52: =U52/J52 -> 44.044088 | W52: =V52/(K52%+L52%*2/3) -> 440.44088 | X52: =W52*2/3 -> 293.62725
A53: =CONCATENATE(H53,I53,B54,C53) -> 10620106C25/05/2026E | B53: 24/05/2026 | C53: E | D53: [1062] RAMGADH | E53: [8403] MOHANIA | F53: [20106] MACHHANHATA DSK | G53: =MID(F53,2,5) -> 20106 | H53: 10620106 | I53: C | J53: 21 | K53: 3.8 | L53: 8.3 | M53: =K53*J53/100 -> 0.798 | N53: =L53*J53/100 -> 1.743 | O53: 36.961096 | P53: =O53*J53 -> 776.18301 | Q53: =O53/(K53%+L53%*2/3) -> 396.01174 | R53: =Q53*2/3 -> 264.00783 | S53: =P53*1.75% -> 13.583203 | T53: =J53*3.75 -> 78.75 | U53: =S53+T53+P53 -> 868.51621 | V53: =U53/J53 -> 41.357915 | W53: =V53/(K53%+L53%*2/3) -> 443.12052 | X53: =W53*2/3 -> 295.41368
A54: =CONCATENATE(H54,I54,B55,C54) -> 10620106C25/05/2026M | B54: 25/05/2026 | C54: M | D54: [1062] RAMGADH | E54: [8403] MOHANIA | F54: [20106] MACHHANHATA DSK | G54: =MID(F54,2,5) -> 20106 | H54: 10620106 | I54: C | J54: 18 | K54: 4.8 | L54: 8.1 | M54: =K54*J54/100 -> 0.864 | N54: =L54*J54/100 -> 1.458 | O54: 40.393069 | P54: =O54*J54 -> 727.07525 | Q54: =O54/(K54%+L54%*2/3) -> 396.01048 | R54: =Q54*2/3 -> 264.00699 | S54: =P54*1.75% -> 12.723817 | T54: =J54*3.75 -> 67.5 | U54: =S54+T54+P54 -> 807.29906 | V54: =U54/J54 -> 44.849948 | W54: =V54/(K54%+L54%*2/3) -> 439.70537 | X54: =W54*2/3 -> 293.13691
A55: =CONCATENATE(H55,I55,B56,C55) -> 10620106C26/05/2026E | B55: 25/05/2026 | C55: E | D55: [1062] RAMGADH | E55: [8403] MOHANIA | F55: [20106] MACHHANHATA DSK | G55: =MID(F55,2,5) -> 20106 | H55: 10620106 | I55: C | J55: 22 | K55: 3.8 | L55: 8.2 | M55: =K55*J55/100 -> 0.836 | N55: =L55*J55/100 -> 1.804 | O55: 36.697082 | P55: =O55*J55 -> 807.33581 | Q55: =O55/(K55%+L55%*2/3) -> 396.01168 | R55: =Q55*2/3 -> 264.00779 | S55: =P55*1.75% -> 14.128377 | T55: =J55*3.75 -> 82.5 | U55: =S55+T55+P55 -> 903.96419 | V55: =U55/J55 -> 41.089281 | W55: =V55/(K55%+L55%*2/3) -> 443.40951 | X55: =W55*2/3 -> 295.60634
A56: =CONCATENATE(H56,I56,B57,C56) -> 10620106C26/05/2026M | B56: 26/05/2026 | C56: M | D56: [1062] RAMGADH | E56: [8403] MOHANIA | F56: [20106] MACHHANHATA DSK | G56: =MID(F56,2,5) -> 20106 | H56: 10620106 | I56: C | J56: 20 | K56: 4.5 | L56: 8.3 | M56: =K56*J56/100 -> 0.9 | N56: =L56*J56/100 -> 1.66 | O56: =INDEX(Rate_Chart!$A$1:$AK$127,MATCH(Data!K56,Rate_Chart!$A$1:$A$127,0),MATCH(Data!L56,Rate_Chart!$A$1:$AK$1,0)) -> 41.840154 | P56: =O56*J56 -> 836.80307 | Q56: =O56/(K56%+L56%*2/3) -> 417.0115 | R56: =Q56*2/3 -> 278.00767 | S56: =P56*1.75% -> 14.644054 | T56: =J56*3.75 -> 75 | U56: =S56+T56+P56 -> 926.44713 | V56: =U56/J56 -> 46.322356 | W56: =V56/(K56%+L56%*2/3) -> 461.68462 | X56: =W56*2/3 -> 307.78974
A57: =CONCATENATE(H57,I57,B58,C57) -> 10620106C27/05/2026E | B57: 26/05/2026 | C57: E | D57: [1062] RAMGADH | E57: [8403] MOHANIA | F57: [20106] MACHHANHATA DSK | G57: =MID(F57,2,5) -> 20106 | H57: 10620106 | I57: C | J57: 27 | K57: 4.1 | L57: 8.5 | M57: =K57*J57/100 -> 1.107 | N57: =L57*J57/100 -> 2.295 | O57: =INDEX(Rate_Chart!$A$1:$AK$127,MATCH(Data!K57,Rate_Chart!$A$1:$A$127,0),MATCH(Data!L57,Rate_Chart!$A$1:$AK$1,0)) -> 40.728182 | P57: =O57*J57 -> 1099.6609 | Q57: =O57/(K57%+L57%*2/3) -> 417.0121 | R57: =Q57*2/3 -> 278.00806 | S57: =P57*1.75% -> 19.244066 | T57: =J57*3.75 -> 101.25 | U57: =S57+T57+P57 -> 1220.155 | V57: =U57/J57 -> 45.190925 | W57: =V57/(K57%+L57%*2/3) -> 462.70571 | X57: =W57*2/3 -> 308.47048
A58: =CONCATENATE(H58,I58,B59,C58) -> 10620106C27/05/2026M | B58: 27/05/2026 | C58: M | D58: [1062] RAMGADH | E58: [8403] MOHANIA | F58: [20106] MACHHANHATA DSK | G58: =MID(F58,2,5) -> 20106 | H58: 10620106 | I58: C | J58: 19 | K58: 4.7 | L58: 8.5 | M58: =K58*J58/100 -> 0.893 | N58: =L58*J58/100 -> 1.615 | O58: =INDEX(Rate_Chart!$A$1:$AK$127,MATCH(Data!K58,Rate_Chart!$A$1:$A$127,0),MATCH(Data!L58,Rate_Chart!$A$1:$AK$1,0)) -> 43.230182 | P58: =O58*J58 -> 821.37345 | Q58: =O58/(K58%+L58%*2/3) -> 417.0114 | R58: =Q58*2/3 -> 278.0076 | S58: =P58*1.75% -> 14.374035 | T58: =J58*3.75 -> 71.25 | U58: =S58+T58+P58 -> 906.99748 | V58: =U58/J58 -> 47.73671 | W58: =V58/(K58%+L58%*2/3) -> 460.48273 | X58: =W58*2/3 -> 306.98849
A59: =CONCATENATE(H59,I59,B60,C59) -> 10620106C28/05/2026E | B59: 27/05/2026 | C59: E | D59: [1062] RAMGADH | E59: [8403] MOHANIA | F59: [20106] MACHHANHATA DSK | G59: =MID(F59,2,5) -> 20106 | H59: 10620106 | I59: C | J59: 23 | K59: 3.7 | L59: 8.5 | M59: =K59*J59/100 -> 0.851 | N59: =L59*J59/100 -> 1.955 | O59: =INDEX(Rate_Chart!$A$1:$AK$127,MATCH(Data!K59,Rate_Chart!$A$1:$A$127,0),MATCH(Data!L59,Rate_Chart!$A$1:$AK$1,0)) -> 39.060182 | P59: =O59*J59 -> 898.38417 | Q59: =O59/(K59%+L59%*2/3) -> 417.01261 | R59: =Q59*2/3 -> 278.00841 | S59: =P59*1.75% -> 15.721723 | T59: =J59*3.75 -> 86.25 | U59: =S59+T59+P59 -> 1000.3559 | V59: =U59/J59 -> 43.493735 | W59: =V59/(K59%+L59%*2/3) -> 464.34592 | X59: =W59*2/3 -> 309.56395
A60: =CONCATENATE(H60,I60,B61,C60) -> 10620106B28/05/2026M | B60: 28/05/2026 | C60: M | D60: [1062] RAMGADH | E60: [8403] MOHANIA | F60: [20106] MACHHANHATA DSK | G60: =MID(F60,2,5) -> 20106 | H60: 10620106 | I60: B | J60: 8 | K60: 8.4 | L60: 9 | M60: =K60*J60/100 -> 0.672 | N60: =L60*J60/100 -> 0.72 | O60: =INDEX(Rate_Chart!$A$1:$AK$127,MATCH(Data!K60,Rate_Chart!$A$1:$A$127,0),MATCH(Data!L60,Rate_Chart!$A$1:$AK$1,0)) -> 70.14 | P60: =O60*J60 -> 561.12 | Q60: =O60/(K60%+L60%*2/3) -> 487.08333 | R60: =Q60*2/3 -> 324.72222 | S60: =P60*1.75% -> 9.8196 | T60: =J60*3.75 -> 30 | U60: =S60+T60+P60 -> 600.9396 | V60: =U60/J60 -> 75.11745 | W60: =V60/(K60%+L60%*2/3) -> 521.64896 | X60: =W60*2/3 -> 347.76597
A61: =CONCATENATE(H61,I61,B62,C61) -> 10620106C28/05/2026M | B61: 28/05/2026 | C61: M | D61: [1062] RAMGADH | E61: [8403] MOHANIA | F61: [20106] MACHHANHATA DSK | G61: =MID(F61,2,5) -> 20106 | H61: 10620106 | I61: C | J61: 15 | K61: 3.2 | L61: 8.1 | M61: =K61*J61/100 -> 0.48 | N61: =L61*J61/100 -> 1.215 | O61: =INDEX(Rate_Chart!$A$1:$AK$127,MATCH(Data!K61,Rate_Chart!$A$1:$A$127,0),MATCH(Data!L61,Rate_Chart!$A$1:$AK$1,0)) -> 35.863126 | P61: =O61*J61 -> 537.94689 | Q61: =O61/(K61%+L61%*2/3) -> 417.01309 | R61: =Q61*2/3 -> 278.00873 | S61: =P61*1.75% -> 9.4140705 | T61: =J61*3.75 -> 56.25 | U61: =S61+T61+P61 -> 603.61096 | V61: =U61/J61 -> 40.240731 | W61: =V61/(K61%+L61%*2/3) -> 467.91547 | X61: =W61*2/3 -> 311.94365
A62: =CONCATENATE(H62,I62,B63,C62) -> 10620106C22/05/2026E | B62: 28/05/2026 | C62: E | D62: [1062] RAMGADH | E62: [8403] MOHANIA | F62: [20106] MACHHANHATA DSK | G62: =MID(F62,2,5) -> 20106 | H62: 10620106 | I62: C | J62: 21 | K62: 3.7 | L62: 8.2 | M62: =K62*J62/100 -> 0.777 | N62: =L62*J62/100 -> 1.722 | O62: =INDEX(Rate_Chart!$A$1:$AK$127,MATCH(Data!K62,Rate_Chart!$A$1:$A$127,0),MATCH(Data!L62,Rate_Chart!$A$1:$AK$1,0)) -> 38.22614 | P62: =O62*J62 -> 802.74894 | Q62: =O62/(K62%+L62%*2/3) -> 417.01243 | R62: =Q62*2/3 -> 278.00829 | S62: =P62*1.75% -> 14.048106 | T62: =J62*3.75 -> 78.75 | U62: =S62+T62+P62 -> 895.54704 | V62: =U62/J62 -> 42.645097 | W62: =V62/(K62%+L62%*2/3) -> 465.21924 | X62: =W62*2/3 -> 310.14616
A63: =CONCATENATE(H63,I63,B64,C63) -> 10620107C22/05/2026M | B63: 22/05/2026 | C63: M | D63: [1062] RAMGADH | E63: [8403] MOHANIA | F63: [20107] DANDAWAS DSK | G63: =MID(F63,2,5) -> 20107 | H63: 10620107 | I63: C | J63: 9 | K63: 4.7 | L63: 8.4 | M63: =K63*J63/100 -> 0.423 | N63: =L63*J63/100 -> 0.756 | O63: 40.789109 | P63: =O63*J63 -> 367.10198 | Q63: =O63/(K63%+L63%*2/3) -> 396.01077 | R63: =Q63*2/3 -> 264.00718 | S63: =P63*1.75% -> 6.4242846 | T63: =J63*3.75 -> 33.75 | U63: =S63+T63+P63 -> 407.27626 | V63: =U63/J63 -> 45.252918 | W63: =V63/(K63%+L63%*2/3) -> 439.34872 | X63: =W63*2/3 -> 292.89915
A64: =CONCATENATE(H64,I64,B65,C64) -> 10620107C23/05/2026E | B64: 22/05/2026 | C64: E | D64: [1062] RAMGADH | E64: [8403] MOHANIA | F64: [20107] DANDAWAS DSK | G64: =MID(F64,2,5) -> 20107 | H64: 10620107 | I64: C | J64: 9 | K64: 4.3 | L64: 8.2 | M64: =K64*J64/100 -> 0.387 | N64: =L64*J64/100 -> 0.738 | O64: 38.677082 | P64: =O64*J64 -> 348.09374 | Q64: =O64/(K64%+L64%*2/3) -> 396.01108 | R64: =Q64*2/3 -> 264.00739 | S64: =P64*1.75% -> 6.0916405 | T64: =J64*3.75 -> 33.75 | U64: =S64+T64+P64 -> 387.93538 | V64: =U64/J64 -> 43.103931 | W64: =V64/(K64%+L64%*2/3) -> 441.33718 | X64: =W64*2/3 -> 294.22479
A65: =CONCATENATE(H65,I65,B66,C65) -> 10620107C23/05/2026M | B65: 23/05/2026 | C65: M | D65: [1062] RAMGADH | E65: [8403] MOHANIA | F65: [20107] DANDAWAS DSK | G65: =MID(F65,2,5) -> 20107 | H65: 10620107 | I65: C | J65: 10 | K65: 4.5 | L65: 8.2 | M65: =K65*J65/100 -> 0.45 | N65: =L65*J65/100 -> 0.82 | O65: 39.469082 | P65: =O65*J65 -> 394.69082 | Q65: =O65/(K65%+L65%*2/3) -> 396.01086 | R65: =Q65*2/3 -> 264.00724 | S65: =P65*1.75% -> 6.9070894 | T65: =J65*3.75 -> 37.5 | U65: =S65+T65+P65 -> 439.09791 | V65: =U65/J65 -> 43.909791 | W65: =V65/(K65%+L65%*2/3) -> 440.56647 | X65: =W65*2/3 -> 293.71098
A66: =CONCATENATE(H66,I66,B67,C66) -> 10620107C24/05/2026E | B66: 23/05/2026 | C66: E | D66: [1062] RAMGADH | E66: [8403] MOHANIA | F66: [20107] DANDAWAS DSK | G66: =MID(F66,2,5) -> 20107 | H66: 10620107 | I66: C | J66: 9 | K66: 4.6 | L66: 8.2 | M66: =K66*J66/100 -> 0.414 | N66: =L66*J66/100 -> 0.738 | O66: 39.865082 | P66: =O66*J66 -> 358.78574 | Q66: =O66/(K66%+L66%*2/3) -> 396.01075 | R66: =Q66*2/3 -> 264.00717 | S66: =P66*1.75% -> 6.2787505 | T66: =J66*3.75 -> 33.75 | U66: =S66+T66+P66 -> 398.81449 | V66: =U66/J66 -> 44.312721 | W66: =V66/(K66%+L66%*2/3) -> 440.1926 | X66: =W66*2/3 -> 293.46173
A67: =CONCATENATE(H67,I67,B68,C67) -> 10620107C24/05/2026M | B67: 24/05/2026 | C67: M | D67: [1062] RAMGADH | E67: [8403] MOHANIA | F67: [20107] DANDAWAS DSK | G67: =MID(F67,2,5) -> 20107 | H67: 10620107 | I67: C | J67: 9 | K67: 5 | L67: 8.5 | M67: =K67*J67/100 -> 0.45 | N67: =L67*J67/100 -> 0.765 | O67: 42.241122 | P67: =O67*J67 -> 380.1701 | Q67: =O67/(K67%+L67%*2/3) -> 396.01052 | R67: =Q67*2/3 -> 264.00701 | S67: =P67*1.75% -> 6.6529767 | T67: =J67*3.75 -> 33.75 | U67: =S67+T67+P67 -> 420.57307 | V67: =U67/J67 -> 46.730342 | W67: =V67/(K67%+L67%*2/3) -> 438.09695 | X67: =W67*2/3 -> 292.06464
A68: =CONCATENATE(H68,I68,B69,C68) -> 10620107C25/05/2026E | B68: 24/05/2026 | C68: E | D68: [1062] RAMGADH | E68: [8403] MOHANIA | F68: [20107] DANDAWAS DSK | G68: =MID(F68,2,5) -> 20107 | H68: 10620107 | I68: C | J68: 9 | K68: 4.5 | L68: 8.2 | M68: =K68*J68/100 -> 0.405 | N68: =L68*J68/100 -> 0.738 | O68: 39.469082 | P68: =O68*J68 -> 355.22174 | Q68: =O68/(K68%+L68%*2/3) -> 396.01086 | R68: =Q68*2/3 -> 264.00724 | S68: =P68*1.75% -> 6.2163805 | T68: =J68*3.75 -> 33.75 | U68: =S68+T68+P68 -> 395.18812 | V68: =U68/J68 -> 43.909791 | W68: =V68/(K68%+L68%*2/3) -> 440.56647 | X68: =W68*2/3 -> 293.71098
A69: =CONCATENATE(H69,I69,B70,C69) -> 10620107C25/05/2026M | B69: 25/05/2026 | C69: M | D69: [1062] RAMGADH | E69: [8403] MOHANIA | F69: [20107] DANDAWAS DSK | G69: =MID(F69,2,5) -> 20107 | H69: 10620107 | I69: C | J69: 9 | K69: 4.8 | L69: 8.2 | M69: =K69*J69/100 -> 0.432 | N69: =L69*J69/100 -> 0.738 | O69: 40.657082 | P69: =O69*J69 -> 365.91374 | Q69: =O69/(K69%+L69%*2/3) -> 396.01054 | R69: =Q69*2/3 -> 264.00703 | S69: =P69*1.75% -> 6.4034905 | T69: =J69*3.75 -> 33.75 | U69: =S69+T69+P69 -> 406.06723 | V69: =U69/J69 -> 45.118581 | W69: =V69/(K69%+L69%*2/3) -> 439.4667 | X69: =W69*2/3 -> 292.9778
A70: =CONCATENATE(H70,I70,B71,C70) -> 10620107C26/05/2026E | B70: 25/05/2026 | C70: E | D70: [1062] RAMGADH | E70: [8403] MOHANIA | F70: [20107] DANDAWAS DSK | G70: =MID(F70,2,5) -> 20107 | H70: 10620107 | I70: C | J70: 9 | K70: 4.6 | L70: 8.2 | M70: =K70*J70/100 -> 0.414 | N70: =L70*J70/100 -> 0.738 | O70: 39.865082 | P70: =O70*J70 -> 358.78574 | Q70: =O70/(K70%+L70%*2/3) -> 396.01075 | R70: =Q70*2/3 -> 264.00717 | S70: =P70*1.75% -> 6.2787505 | T70: =J70*3.75 -> 33.75 | U70: =S70+T70+P70 -> 398.81449 | V70: =U70/J70 -> 44.312721 | W70: =V70/(K70%+L70%*2/3) -> 440.1926 | X70: =W70*2/3 -> 293.46173
A71: =CONCATENATE(H71,I71,B72,C71) -> 10620107C26/05/2026M | B71: 26/05/2026 | C71: M | D71: [1062] RAMGADH | E71: [8403] MOHANIA | F71: [20107] DANDAWAS DSK | G71: =MID(F71,2,5) -> 20107 | H71: 10620107 | I71: C | J71: 9 | K71: 4.8 | L71: 8.5 | M71: =K71*J71/100 -> 0.432 | N71: =L71*J71/100 -> 0.765 | O71: =INDEX(Rate_Chart!$A$1:$AK$127,MATCH(Data!K71,Rate_Chart!$A$1:$A$127,0),MATCH(Data!L71,Rate_Chart!$A$1:$AK$1,0)) -> 43.647182 | P71: =O71*J71 -> 392.82463 | Q71: =O71/(K71%+L71%*2/3) -> 417.01129 | R71: =Q71*2/3 -> 278.00753 | S71: =P71*1.75% -> 6.8744311 | T71: =J71*3.75 -> 33.75 | U71: =S71+T71+P71 -> 433.44906 | V71: =U71/J71 -> 48.161007 | W71: =V71/(K71%+L71%*2/3) -> 460.13701 | X71: =W71*2/3 -> 306.75801
A72: =CONCATENATE(H72,I72,B73,C72) -> 10620107C27/05/2026E | B72: 26/05/2026 | C72: E | D72: [1062] RAMGADH | E72: [8403] MOHANIA | F72: [20107] DANDAWAS DSK | G72: =MID(F72,2,5) -> 20107 | H72: 10620107 | I72: C | J72: 8 | K72: 5.1 | L72: 8.5 | M72: =K72*J72/100 -> 0.408 | N72: =L72*J72/100 -> 0.68 | O72: =INDEX(Rate_Chart!$A$1:$AK$127,MATCH(Data!K72,Rate_Chart!$A$1:$A$127,0),MATCH(Data!L72,Rate_Chart!$A$1:$AK$1,0)) -> 44.898182 | P72: =O72*J72 -> 359.18545 | Q72: =O72/(K72%+L72%*2/3) -> 417.01097 | R72: =Q72*2/3 -> 278.00732 | S72: =P72*1.75% -> 6.2857454 | T72: =J72*3.75 -> 30 | U72: =S72+T72+P72 -> 395.4712 | V72: =U72/J72 -> 49.4339 | W72: =V72/(K72%+L72%*2/3) -> 459.13839 | X72: =W72*2/3 -> 306.09226
A73: =CONCATENATE(H73,I73,B74,C73) -> 10620107C27/05/2026M | B73: 27/05/2026 | C73: M | D73: [1062] RAMGADH | E73: [8403] MOHANIA | F73: [20107] DANDAWAS DSK | G73: =MID(F73,2,5) -> 20107 | H73: 10620107 | I73: C | J73: 9 | K73: 4.8 | L73: 8.5 | M73: =K73*J73/100 -> 0.432 | N73: =L73*J73/100 -> 0.765 | O73: =INDEX(Rate_Chart!$A$1:$AK$127,MATCH(Data!K73,Rate_Chart!$A$1:$A$127,0),MATCH(Data!L73,Rate_Chart!$A$1:$AK$1,0)) -> 43.647182 | P73: =O73*J73 -> 392.82463 | Q73: =O73/(K73%+L73%*2/3) -> 417.01129 | R73: =Q73*2/3 -> 278.00753 | S73: =P73*1.75% -> 6.8744311 | T73: =J73*3.75 -> 33.75 | U73: =S73+T73+P73 -> 433.44906 | V73: =U73/J73 -> 48.161007 | W73: =V73/(K73%+L73%*2/3) -> 460.13701 | X73: =W73*2/3 -> 306.75801
A74: =CONCATENATE(H74,I74,B75,C74) -> 10620107C28/05/2026E | B74: 27/05/2026 | C74: E | D74: [1062] RAMGADH | E74: [8403] MOHANIA | F74: [20107] DANDAWAS DSK | G74: =MID(F74,2,5) -> 20107 | H74: 10620107 | I74: C | J74: 8 | K74: 5 | L74: 8.5 | M74: =K74*J74/100 -> 0.4 | N74: =L74*J74/100 -> 0.68 | O74: =INDEX(Rate_Chart!$A$1:$AK$127,MATCH(Data!K74,Rate_Chart!$A$1:$A$127,0),MATCH(Data!L74,Rate_Chart!$A$1:$AK$1,0)) -> 44.481182 | P74: =O74*J74 -> 355.84945 | Q74: =O74/(K74%+L74%*2/3) -> 417.01108 | R74: =Q74*2/3 -> 278.00738 | S74: =P74*1.75% -> 6.2273654 | T74: =J74*3.75 -> 30 | U74: =S74+T74+P74 -> 392.07682 | V74: =U74/J74 -> 49.009602 | W74: =V74/(K74%+L74%*2/3) -> 459.46502 | X74: =W74*2/3 -> 306.31001
A75: =CONCATENATE(H75,I75,B76,C75) -> 10620107B28/05/2026M | B75: 28/05/2026 | C75: M | D75: [1062] RAMGADH | E75: [8403] MOHANIA | F75: [20107] DANDAWAS DSK | G75: =MID(F75,2,5) -> 20107 | H75: 10620107 | I75: B | J75: 4 | K75: 6.5 | L75: 8.8 | M75: =K75*J75/100 -> 0.26 | N75: =L75*J75/100 -> 0.352 | O75: =INDEX(Rate_Chart!$A$1:$AK$127,MATCH(Data!K75,Rate_Chart!$A$1:$A$127,0),MATCH(Data!L75,Rate_Chart!$A$1:$AK$1,0)) -> 53.73225 | P75: =O75*J75 -> 214.929 | Q75: =O75/(K75%+L75%*2/3) -> 434.49259 | R75: =Q75*2/3 -> 289.66173 | S75: =P75*1.75% -> 3.7612575 | T75: =J75*3.75 -> 15 | U75: =S75+T75+P75 -> 233.69026 | V75: =U75/J75 -> 58.422564 | W75: =V75/(K75%+L75%*2/3) -> 472.41966 | X75: =W75*2/3 -> 314.94644
A76: =CONCATENATE(H76,I76,B77,C76) -> 10620107C23/05/2026E | B76: 28/05/2026 | C76: E | D76: [1062] RAMGADH | E76: [8403] MOHANIA | F76: [20107] DANDAWAS DSK | G76: =MID(F76,2,5) -> 20107 | H76: 10620107 | I76: C | J76: 10 | K76: 4.1 | L76: 8.1 | M76: =K76*J76/100 -> 0.41 | N76: =L76*J76/100 -> 0.81 | O76: =INDEX(Rate_Chart!$A$1:$AK$127,MATCH(Data!K76,Rate_Chart!$A$1:$A$127,0),MATCH(Data!L76,Rate_Chart!$A$1:$AK$1,0)) -> 39.616126 | P76: =O76*J76 -> 396.16126 | Q76: =O76/(K76%+L76%*2/3) -> 417.01185 | R76: =Q76*2/3 -> 278.0079 | S76: =P76*1.75% -> 6.932822 | T76: =J76*3.75 -> 37.5 | U76: =S76+T76+P76 -> 440.59408 | V76: =U76/J76 -> 44.059408 | W76: =V76/(K76%+L76%*2/3) -> 463.78324 | X76: =W76*2/3 -> 309.18883
A77: =CONCATENATE(H77,I77,B78,C77) -> 10620109B26/05/2026E | B77: 23/05/2026 | C77: E | D77: [1062] RAMGADH | E77: [8404] CHANDESH | F77: [20109] YUVRAJPUR DSK | G77: =MID(F77,2,5) -> 20109 | H77: 10620109 | I77: B | J77: 2000 | K77: 5.6 | L77: 8.4 | M77: =K77*J77/100 -> 112 | N77: =L77*J77/100 -> 168 | O77: 45.3572 | P77: =O77*J77 -> 90714.4 | Q77: =O77/(K77%+L77%*2/3) -> 404.975 | R77: =Q77*2/3 -> 269.98333 | S77: =P77*1.75% -> 1587.502 | T77: =J77*3.75 -> 7500 | U77: =S77+T77+P77 -> 99801.902 | V77: =U77/J77 -> 49.900951 | W77: =V77/(K77%+L77%*2/3) -> 445.54421 | X77: =W77*2/3 -> 297.02947
A78: =CONCATENATE(H78,I78,B79,C78) -> 10620109B26/05/2026M | B78: 26/05/2026 | C78: M | D78: [1062] RAMGADH | E78: [8404] CHANDESH | F78: [20109] YUVRAJPUR DSK | G78: =MID(F78,2,5) -> 20109 | H78: 10620109 | I78: B | J78: 2000 | K78: 5.6 | L78: 8.4 | M78: =K78*J78/100 -> 112 | N78: =L78*J78/100 -> 168 | O78: =INDEX(Rate_Chart!$A$1:$AK$127,MATCH(Data!K78,Rate_Chart!$A$1:$A$127,0),MATCH(Data!L78,Rate_Chart!$A$1:$AK$1,0)) -> 45.3572 | P78: =O78*J78 -> 90714.4 | Q78: =O78/(K78%+L78%*2/3) -> 404.975 | R78: =Q78*2/3 -> 269.98333 | S78: =P78*1.75% -> 1587.502 | T78: =J78*3.75 -> 7500 | U78: =S78+T78+P78 -> 99801.902 | V78: =U78/J78 -> 49.900951 | W78: =V78/(K78%+L78%*2/3) -> 445.54421 | X78: =W78*2/3 -> 297.02947
A79: =CONCATENATE(H79,I79,B80,C79) -> 10620109C26/05/2026M | B79: 26/05/2026 | C79: M | D79: [1062] RAMGADH | E79: [8404] CHANDESH | F79: [20109] YUVRAJPUR DSK | G79: =MID(F79,2,5) -> 20109 | H79: 10620109 | I79: C | J79: 200 | K79: 4 | L79: 8.5 | M79: =K79*J79/100 -> 8 | N79: =L79*J79/100 -> 17 | O79: =INDEX(Rate_Chart!$A$1:$AK$127,MATCH(Data!K79,Rate_Chart!$A$1:$A$127,0),MATCH(Data!L79,Rate_Chart!$A$1:$AK$1,0)) -> 40.311182 | P79: =O79*J79 -> 8062.2363 | Q79: =O79/(K79%+L79%*2/3) -> 417.01222 | R79: =Q79*2/3 -> 278.00815 | S79: =P79*1.75% -> 141.08914 | T79: =J79*3.75 -> 750 | U79: =S79+T79+P79 -> 8953.3254 | V79: =U79/J79 -> 44.766627 | W79: =V79/(K79%+L79%*2/3) -> 463.10304 | X79: =W79*2/3 -> 308.73536
A80: =CONCATENATE(H80,I80,B81,C80) -> 10620109B26/05/2026E | B80: 26/05/2026 | C80: E | D80: [1062] RAMGADH | E80: [8404] CHANDESH | F80: [20109] YUVRAJPUR DSK | G80: =MID(F80,2,5) -> 20109 | H80: 10620109 | I80: B | J80: 1000 | K80: 5.6 | L80: 8.4 | M80: =K80*J80/100 -> 56 | N80: =L80*J80/100 -> 84 | O80: =INDEX(Rate_Chart!$A$1:$AK$127,MATCH(Data!K80,Rate_Chart!$A$1:$A$127,0),MATCH(Data!L80,Rate_Chart!$A$1:$AK$1,0)) -> 45.3572 | P80: =O80*J80 -> 45357.2 | Q80: =O80/(K80%+L80%*2/3) -> 404.975 | R80: =Q80*2/3 -> 269.98333 | S80: =P80*1.75% -> 793.751 | T80: =J80*3.75 -> 3750 | U80: =S80+T80+P80 -> 49900.951 | V80: =U80/J80 -> 49.900951 | W80: =V80/(K80%+L80%*2/3) -> 445.54421 | X80: =W80*2/3 -> 297.02947
A81: =CONCATENATE(H81,I81,B82,C81) -> 10620109C27/05/2026E | B81: 26/05/2026 | C81: E | D81: [1062] RAMGADH | E81: [8404] CHANDESH | F81: [20109] YUVRAJPUR DSK | G81: =MID(F81,2,5) -> 20109 | H81: 10620109 | I81: C | J81: 200 | K81: 4 | L81: 8.2 | M81: =K81*J81/100 -> 8 | N81: =L81*J81/100 -> 16.4 | O81: =INDEX(Rate_Chart!$A$1:$AK$127,MATCH(Data!K81,Rate_Chart!$A$1:$A$127,0),MATCH(Data!L81,Rate_Chart!$A$1:$AK$1,0)) -> 39.47714 | P81: =O81*J81 -> 7895.428 | Q81: =O81/(K81%+L81%*2/3) -> 417.01204 | R81: =Q81*2/3 -> 278.00803 | S81: =P81*1.75% -> 138.16999 | T81: =J81*3.75 -> 750 | U81: =S81+T81+P81 -> 8783.5979 | V81: =U81/J81 -> 43.91799 | W81: =V81/(K81%+L81%*2/3) -> 463.92243 | X81: =W81*2/3 -> 309.28162
A82: =CONCATENATE(H82,I82,B83,C82) -> 10620109B27/05/2026E | B82: 27/05/2026 | C82: E | D82: [1062] RAMGADH | E82: [8404] CHANDESH | F82: [20109] YUVRAJPUR DSK | G82: =MID(F82,2,5) -> 20109 | H82: 10620109 | I82: B | J82: 4450 | K82: 5.6 | L82: 8.4 | M82: =K82*J82/100 -> 249.2 | N82: =L82*J82/100 -> 373.8 | O82: =INDEX(Rate_Chart!$A$1:$AK$127,MATCH(Data!K82,Rate_Chart!$A$1:$A$127,0),MATCH(Data!L82,Rate_Chart!$A$1:$AK$1,0)) -> 45.3572 | P82: =O82*J82 -> 201839.54 | Q82: =O82/(K82%+L82%*2/3) -> 404.975 | R82: =Q82*2/3 -> 269.98333 | S82: =P82*1.75% -> 3532.192 | T82: =J82*3.75 -> 16687.5 | U82: =S82+T82+P82 -> 222059.23 | V82: =U82/J82 -> 49.900951 | W82: =V82/(K82%+L82%*2/3) -> 445.54421 | X82: =W82*2/3 -> 297.02947
A83: =CONCATENATE(H83,I83,B84,C83) -> 10620109C28/05/2026E | B83: 27/05/2026 | C83: E | D83: [1062] RAMGADH | E83: [8404] CHANDESH | F83: [20109] YUVRAJPUR DSK | G83: =MID(F83,2,5) -> 20109 | H83: 10620109 | I83: C | J83: 530 | K83: 3.9 | L83: 8.1 | M83: =K83*J83/100 -> 20.67 | N83: =L83*J83/100 -> 42.93 | O83: =INDEX(Rate_Chart!$A$1:$AK$127,MATCH(Data!K83,Rate_Chart!$A$1:$A$127,0),MATCH(Data!L83,Rate_Chart!$A$1:$AK$1,0)) -> 38.782126 | P83: =O83*J83 -> 20554.527 | Q83: =O83/(K83%+L83%*2/3) -> 417.01211 | R83: =Q83*2/3 -> 278.00807 | S83: =P83*1.75% -> 359.70422 | T83: =J83*3.75 -> 1987.5 | U83: =S83+T83+P83 -> 22901.731 | V83: =U83/J83 -> 43.210813 | W83: =V83/(K83%+L83%*2/3) -> 464.6324 | X83: =W83*2/3 -> 309.75493
A84: =CONCATENATE(H84,I84,B85,C84) -> 10620109B28/05/2026M | B84: 28/05/2026 | C84: M | D84: [1062] RAMGADH | E84: [8404] CHANDESH | F84: [20109] YUVRAJPUR DSK | G84: =MID(F84,2,5) -> 20109 | H84: 10620109 | I84: B | J84: 2500 | K84: 5.6 | L84: 8.4 | M84: =K84*J84/100 -> 140 | N84: =L84*J84/100 -> 210 | O84: =INDEX(Rate_Chart!$A$1:$AK$127,MATCH(Data!K84,Rate_Chart!$A$1:$A$127,0),MATCH(Data!L84,Rate_Chart!$A$1:$AK$1,0)) -> 45.3572 | P84: =O84*J84 -> 113393 | Q84: =O84/(K84%+L84%*2/3) -> 404.975 | R84: =Q84*2/3 -> 269.98333 | S84: =P84*1.75% -> 1984.3775 | T84: =J84*3.75 -> 9375 | U84: =S84+T84+P84 -> 124752.38 | V84: =U84/J84 -> 49.900951 | W84: =V84/(K84%+L84%*2/3) -> 445.54421 | X84: =W84*2/3 -> 297.02947 | AB84: 10620075
A85: =CONCATENATE(H85,I85,B86,C85) -> 10620109C28/05/2026M | B85: 28/05/2026 | C85: M | D85: [1062] RAMGADH | E85: [8404] CHANDESH | F85: [20109] YUVRAJPUR DSK | G85: =MID(F85,2,5) -> 20109 | H85: 10620109 | I85: C | J85: 500 | K85: 4 | L85: 8.5 | M85: =K85*J85/100 -> 20 | N85: =L85*J85/100 -> 42.5 | O85: =INDEX(Rate_Chart!$A$1:$AK$127,MATCH(Data!K85,Rate_Chart!$A$1:$A$127,0),MATCH(Data!L85,Rate_Chart!$A$1:$AK$1,0)) -> 40.311182 | P85: =O85*J85 -> 20155.591 | Q85: =O85/(K85%+L85%*2/3) -> 417.01222 | R85: =Q85*2/3 -> 278.00815 | S85: =P85*1.75% -> 352.72284 | T85: =J85*3.75 -> 1875 | U85: =S85+T85+P85 -> 22383.314 | V85: =U85/J85 -> 44.766627 | W85: =V85/(K85%+L85%*2/3) -> 463.10304 | X85: =W85*2/3 -> 308.73536
A86: =CONCATENATE(H86,I86,B87,C86) -> 10620109B28/05/2026E | B86: 28/05/2026 | C86: E | D86: [1062] RAMGADH | E86: [8404] CHANDESH | F86: [20109] YUVRAJPUR DSK | G86: =MID(F86,2,5) -> 20109 | H86: 10620109 | I86: B | J86: 2300 | K86: 5.6 | L86: 8.4 | M86: =K86*J86/100 -> 128.8 | N86: =L86*J86/100 -> 193.2 | O86: =INDEX(Rate_Chart!$A$1:$AK$127,MATCH(Data!K86,Rate_Chart!$A$1:$A$127,0),MATCH(Data!L86,Rate_Chart!$A$1:$AK$1,0)) -> 45.3572 | P86: =O86*J86 -> 104321.56 | Q86: =O86/(K86%+L86%*2/3) -> 404.975 | R86: =Q86*2/3 -> 269.98333 | S86: =P86*1.75% -> 1825.6273 | T86: =J86*3.75 -> 8625 | U86: =S86+T86+P86 -> 114772.19 | V86: =U86/J86 -> 49.900951 | W86: =V86/(K86%+L86%*2/3) -> 445.54421 | X86: =W86*2/3 -> 297.02947
A87: =CONCATENATE(H87,I87,B88,C87) -> 10620109C23/05/2026E | B87: 28/05/2026 | C87: E | D87: [1062] RAMGADH | E87: [8404] CHANDESH | F87: [20109] YUVRAJPUR DSK | G87: =MID(F87,2,5) -> 20109 | H87: 10620109 | I87: C | J87: 460 | K87: 4 | L87: 8.5 | M87: =K87*J87/100 -> 18.4 | N87: =L87*J87/100 -> 39.1 | O87: =INDEX(Rate_Chart!$A$1:$AK$127,MATCH(Data!K87,Rate_Chart!$A$1:$A$127,0),MATCH(Data!L87,Rate_Chart!$A$1:$AK$1,0)) -> 40.311182 | P87: =O87*J87 -> 18543.143 | Q87: =O87/(K87%+L87%*2/3) -> 417.01222 | R87: =Q87*2/3 -> 278.00815 | S87: =P87*1.75% -> 324.50501 | T87: =J87*3.75 -> 1725 | U87: =S87+T87+P87 -> 20592.649 | V87: =U87/J87 -> 44.766627 | W87: =V87/(K87%+L87%*2/3) -> 463.10304 | X87: =W87*2/3 -> 308.73536
A88: =CONCATENATE(H88,I88,B89,C88) -> 10620111C24/05/2026E | B88: 23/05/2026 | C88: E | D88: [1062] RAMGADH | E88: [8405] RAMGADH | F88: [20111] SUHWAL | G88: =MID(F88,2,5) -> 20111 | H88: 10620111 | I88: C | J88: 1000 | K88: 4 | L88: 8.1 | M88: =K88*J88/100 -> 40 | N88: =L88*J88/100 -> 81 | O88: 37.225069 | P88: =O88*J88 -> 37225.069 | Q88: =O88/(K88%+L88%*2/3) -> 396.01137 | R88: =Q88*2/3 -> 264.00758 | S88: =P88*1.75% -> 651.43871 | T88: =J88*3.75 -> 3750 | U88: =S88+T88+P88 -> 41626.508 | V88: =U88/J88 -> 41.626508 | W88: =V88/(K88%+L88%*2/3) -> 442.83519 | X88: =W88*2/3 -> 295.22346
A89: =CONCATENATE(H89,I89,B90,C89) -> 10620111C22/05/2026M | B89: 24/05/2026 | C89: M | D89: [1062] RAMGADH | E89: [8405] RAMGADH | F89: [20111] SUHWAL | G89: =MID(F89,2,5) -> 20111 | H89: 10620111 | I89: C | J89: 500 | K89: 4 | L89: 8.5 | M89: =K89*J89/100 -> 20 | N89: =L89*J89/100 -> 42.5 | O89: 38.281122 | P89: =O89*J89 -> 19140.561 | Q89: =O89/(K89%+L89%*2/3) -> 396.01161 | R89: =Q89*2/3 -> 264.00774 | S89: =P89*1.75% -> 334.95982 | T89: =J89*3.75 -> 1875 | U89: =S89+T89+P89 -> 21350.521 | V89: =U89/J89 -> 42.701042 | W89: =V89/(K89%+L89%*2/3) -> 441.73491 | X89: =W89*2/3 -> 294.48994
A90: =CONCATENATE(H90,I90,B91,C90) -> 10620112B22/05/2026M | B90: 22/05/2026 | C90: M | D90: [1062] RAMGADH | E90: [8405] RAMGADH | F90: [20112] PARSATHUA DSK | G90: =MID(F90,2,5) -> 20112 | H90: 10620112 | I90: B | J90: 4 | K90: 5.9 | L90: 8.4 | M90: =K90*J90/100 -> 0.236 | N90: =L90*J90/100 -> 0.336 | O90: 47.78705 | P90: =O90*J90 -> 191.1482 | Q90: =O90/(K90%+L90%*2/3) -> 415.53957 | R90: =Q90*2/3 -> 277.02638 | S90: =P90*1.75% -> 3.3450935 | T90: =J90*3.75 -> 15 | U90: =S90+T90+P90 -> 209.49329 | V90: =U90/J90 -> 52.373323 | W90: =V90/(K90%+L90%*2/3) -> 455.4202 | X90: =W90*2/3 -> 303.61347
A91: =CONCATENATE(H91,I91,B92,C91) -> 10620112C23/05/2026E | B91: 22/05/2026 | C91: E | D91: [1062] RAMGADH | E91: [8405] RAMGADH | F91: [20112] PARSATHUA DSK | G91: =MID(F91,2,5) -> 20112 | H91: 10620112 | I91: C | J91: 12 | K91: 4.6 | L91: 8.1 | M91: =K91*J91/100 -> 0.552 | N91: =L91*J91/100 -> 0.972 | O91: 39.601069 | P91: =O91*J91 -> 475.21283 | Q91: =O91/(K91%+L91%*2/3) -> 396.01069 | R91: =Q91*2/3 -> 264.00713 | S91: =P91*1.75% -> 8.3162245 | T91: =J91*3.75 -> 45 | U91: =S91+T91+P91 -> 528.52905 | V91: =U91/J91 -> 44.044088 | W91: =V91/(K91%+L91%*2/3) -> 440.44088 | X91: =W91*2/3 -> 293.62725
A92: =CONCATENATE(H92,I92,B93,C92) -> 10620112C23/05/2026M | B92: 23/05/2026 | C92: M | D92: [1062] RAMGADH | E92: [8405] RAMGADH | F92: [20112] PARSATHUA DSK | G92: =MID(F92,2,5) -> 20112 | H92: 10620112 | I92: C | J92: 7 | K92: 5 | L92: 8.1 | M92: =K92*J92/100 -> 0.35 | N92: =L92*J92/100 -> 0.567 | O92: 41.185069 | P92: =O92*J92 -> 288.29548 | Q92: =O92/(K92%+L92%*2/3) -> 396.01028 | R92: =Q92*2/3 -> 264.00685 | S92: =P92*1.75% -> 5.045171 | T92: =J92*3.75 -> 26.25 | U92: =S92+T92+P92 -> 319.59066 | V92: =U92/J92 -> 45.655808 | W92: =V92/(K92%+L92%*2/3) -> 438.99815 | X92: =W92*2/3 -> 292.66544
A93: =CONCATENATE(H93,I93,B94,C93) -> 10620112C24/05/2026E | B93: 23/05/2026 | C93: E | D93: [1062] RAMGADH | E93: [8405] RAMGADH | F93: [20112] PARSATHUA DSK | G93: =MID(F93,2,5) -> 20112 | H93: 10620112 | I93: C | J93: 9 | K93: 3 | L93: 8 | M93: =K93*J93/100 -> 0.27 | N93: =L93*J93/100 -> 0.72 | O93: 33.001056 | P93: =O93*J93 -> 297.0095 | Q93: =O93/(K93%+L93%*2/3) -> 396.01267 | R93: =Q93*2/3 -> 264.00845 | S93: =P93*1.75% -> 5.1976663 | T93: =J93*3.75 -> 33.75 | U93: =S93+T93+P93 -> 335.95717 | V93: =U93/J93 -> 37.328574 | W93: =V93/(K93%+L93%*2/3) -> 447.94289 | X93: =W93*2/3 -> 298.6286
A94: =CONCATENATE(H94,I94,B95,C94) -> 10620112C24/05/2026M | B94: 24/05/2026 | C94: M | D94: [1062] RAMGADH | E94: [8405] RAMGADH | F94: [20112] PARSATHUA DSK | G94: =MID(F94,2,5) -> 20112 | H94: 10620112 | I94: C | J94: 10 | K94: 5.1 | L94: 8.1 | M94: =K94*J94/100 -> 0.51 | N94: =L94*J94/100 -> 0.81 | O94: 41.581069 | P94: =O94*J94 -> 415.81069 | Q94: =O94/(K94%+L94%*2/3) -> 396.01018 | R94: =Q94*2/3 -> 264.00679 | S94: =P94*1.75% -> 7.2766871 | T94: =J94*3.75 -> 37.5 | U94: =S94+T94+P94 -> 460.58738 | V94: =U94/J94 -> 46.058738 | W94: =V94/(K94%+L94%*2/3) -> 438.65465 | X94: =W94*2/3 -> 292.43643
A95: =CONCATENATE(H95,I95,B96,C95) -> 10620112C25/05/2026E | B95: 24/05/2026 | C95: E | D95: [1062] RAMGADH | E95: [8405] RAMGADH | F95: [20112] PARSATHUA DSK | G95: =MID(F95,2,5) -> 20112 | H95: 10620112 | I95: C | J95: 4 | K95: 3.3 | L95: 8 | M95: =K95*J95/100 -> 0.132 | N95: =L95*J95/100 -> 0.32 | O95: 34.189056 | P95: =O95*J95 -> 136.75622 | Q95: =O95/(K95%+L95%*2/3) -> 396.01223 | R95: =Q95*2/3 -> 264.00815 | S95: =P95*1.75% -> 2.3932339 | T95: =J95*3.75 -> 15 | U95: =S95+T95+P95 -> 154.14946 | V95: =U95/J95 -> 38.537364 | W95: =V95/(K95%+L95%*2/3) -> 446.37874 | X95: =W95*2/3 -> 297.58583
A96: =CONCATENATE(H96,I96,B97,C96) -> 10620112B25/05/2026M | B96: 25/05/2026 | C96: M | D96: [1062] RAMGADH | E96: [8405] RAMGADH | F96: [20112] PARSATHUA DSK | G96: =MID(F96,2,5) -> 20112 | H96: 10620112 | I96: B | J96: 7 | K96: 5.6 | L96: 8.4 | M96: =K96*J96/100 -> 0.392 | N96: =L96*J96/100 -> 0.588 | O96: 45.3572 | P96: =O96*J96 -> 317.5004 | Q96: =O96/(K96%+L96%*2/3) -> 404.975 | R96: =Q96*2/3 -> 269.98333 | S96: =P96*1.75% -> 5.556257 | T96: =J96*3.75 -> 26.25 | U96: =S96+T96+P96 -> 349.30666 | V96: =U96/J96 -> 49.900951 | W96: =V96/(K96%+L96%*2/3) -> 445.54421 | X96: =W96*2/3 -> 297.02947
A97: =CONCATENATE(H97,I97,B98,C97) -> 10620112C26/05/2026E | B97: 25/05/2026 | C97: E | D97: [1062] RAMGADH | E97: [8405] RAMGADH | F97: [20112] PARSATHUA DSK | G97: =MID(F97,2,5) -> 20112 | H97: 10620112 | I97: C | J97: 9 | K97: 4 | L97: 8.5 | M97: =K97*J97/100 -> 0.36 | N97: =L97*J97/100 -> 0.765 | O97: 38.281122 | P97: =O97*J97 -> 344.5301 | Q97: =O97/(K97%+L97%*2/3) -> 396.01161 | R97: =Q97*2/3 -> 264.00774 | S97: =P97*1.75% -> 6.0292767 | T97: =J97*3.75 -> 33.75 | U97: =S97+T97+P97 -> 384.30937 | V97: =U97/J97 -> 42.701042 | W97: =V97/(K97%+L97%*2/3) -> 441.73491 | X97: =W97*2/3 -> 294.48994
A98: =CONCATENATE(H98,I98,B99,C98) -> 10620112B26/05/2026M | B98: 26/05/2026 | C98: M | D98: [1062] RAMGADH | E98: [8405] RAMGADH | F98: [20112] PARSATHUA DSK | G98: =MID(F98,2,5) -> 20112 | H98: 10620112 | I98: B | J98: 8 | K98: 6.1 | L98: 9 | M98: =K98*J98/100 -> 0.488 | N98: =L98*J98/100 -> 0.72 | O98: =INDEX(Rate_Chart!$A$1:$AK$127,MATCH(Data!K98,Rate_Chart!$A$1:$A$127,0),MATCH(Data!L98,Rate_Chart!$A$1:$AK$1,0)) -> 50.935 | P98: =O98*J98 -> 407.48 | Q98: =O98/(K98%+L98%*2/3) -> 420.95041 | R98: =Q98*2/3 -> 280.63361 | S98: =P98*1.75% -> 7.1309 | T98: =J98*3.75 -> 30 | U98: =S98+T98+P98 -> 444.6109 | V98: =U98/J98 -> 55.576363 | W98: =V98/(K98%+L98%*2/3) -> 459.30878 | X98: =W98*2/3 -> 306.20585
A99: =CONCATENATE(H99,I99,B100,C99) -> 10620112C27/05/2026E | B99: 26/05/2026 | C99: E | D99: [1062] RAMGADH | E99: [8405] RAMGADH | F99: [20112] PARSATHUA DSK | G99: =MID(F99,2,5) -> 20112 | H99: 10620112 | I99: C | J99: 5 | K99: 3.2 | L99: 8.4 | M99: =K99*J99/100 -> 0.16 | N99: =L99*J99/100 -> 0.42 | O99: =INDEX(Rate_Chart!$A$1:$AK$127,MATCH(Data!K99,Rate_Chart!$A$1:$A$127,0),MATCH(Data!L99,Rate_Chart!$A$1:$AK$1,0)) -> 36.697168 | P99: =O99*J99 -> 183.48584 | Q99: =O99/(K99%+L99%*2/3) -> 417.01327 | R99: =Q99*2/3 -> 278.00885 | S99: =P99*1.75% -> 3.2110022 | T99: =J99*3.75 -> 18.75 | U99: =S99+T99+P99 -> 205.44684 | V99: =U99/J99 -> 41.089368 | W99: =V99/(K99%+L99%*2/3) -> 466.92464 | X99: =W99*2/3 -> 311.28309
A100: =CONCATENATE(H100,I100,B101,C100) -> 10620112C27/05/2026M | B100: 27/05/2026 | C100: M | D100: [1062] RAMGADH | E100: [8405] RAMGADH | F100: [20112] PARSATHUA DSK | G100: =MID(F100,2,5) -> 20112 | H100: 10620112 | I100: C | J100: 11 | K100: 4.8 | L100: 8.5 | M100: =K100*J100/100 -> 0.528 | N100: =L100*J100/100 -> 0.935 | O100: =INDEX(Rate_Chart!$A$1:$AK$127,MATCH(Data!K100,Rate_Chart!$A$1:$A$127,0),MATCH(Data!L100,Rate_Chart!$A$1:$AK$1,0)) -> 43.647182 | P100: =O100*J100 -> 480.119 | Q100: =O100/(K100%+L100%*2/3) -> 417.01129 | R100: =Q100*2/3 -> 278.00753 | S100: =P100*1.75% -> 8.4020824 | T100: =J100*3.75 -> 41.25 | U100: =S100+T100+P100 -> 529.77108 | V100: =U100/J100 -> 48.161007 | W100: =V100/(K100%+L100%*2/3) -> 460.13701 | X100: =W100*2/3 -> 306.75801
...
