Workbook

Sheet Sheet3
A1: State | B1: Bihar
A2: Recovery Remark | B2: REcovery
A4: Sum of Total
A5: VLCC_Code | B5: Total | E5: VLCC_Code | F5: Total
A6: 10010038 | B6: 413 | E6: 10010038 | F6: 413
A7: 10020005 | B7: 1062 | E7: 10020005 | F7: 1062
A8: 10020023 | B8: 413 | E8: 10020023 | F8: 413
A9: 10020025 | B9: 165.2 | E9: 10020025 | F9: 165.2
A10: 10020026 | B10: 973.5 | E10: 10020026 | F10: 973.5
A11: 10020029 | B11: 165.2 | E11: 10020029 | F11: 165.2
A12: 10020042 | B12: 2454.4 | E12: 10020042 | F12: 2454.4
A13: 10020059 | B13: 2454.4 | E13: 10020059 | F13: 2454.4
A14: 10030003 | B14: 2336.4 | E14: 10030003 | F14: 2336.4
A15: 10030034 | B15: 165.2 | E15: 10030034 | F15: 165.2
A16: 10030059 | B16: 99.12 | E16: 10030059 | F16: 99.12
A17: 10060026 | B17: 2454.4 | E17: 10060026 | F17: 2454.4
... A70: 10480001 | B70: 2454.4 | E70: 10480001 | F70: 2454.4
A71: Grand Total | B71: 81051.84 | E71: Grand Total | F71: 81051.84

Sheet Sheet1
A2: Complaint_Datetime | B2: Month | C2: State | D2: Type | E2: VLCC_Code | F2: MPG Start Dste | G2: Ageing | H2: VLCC_Name | I2: BMC Name | J2: Contact_Person | K2: Contact_Person_No | L2: machine | M2: serial_no | N2: Replace Parts | O2: SAP Code | P2: Invoice No | Q2: Invoice Date | R2: Rate | S2: Basic | T2: GST | U2: Total | V2: Recoverable | W2: Remarks2 | X2: Recovery Remark
A3: 31-01-2026 15:41:26 | B3: =TEXT(A3,"mmm-yy") -> Jan-26 | C3: Bihar | D3: MPG | E3: 10130115 | F3: 46053 | G3: =+A3-F3 -> 0.65377315 | H3: GOMUKH MISROLIYA | J3: vinay kumar | K3: 7082651043 | L3: EKOMILK ULTRA PRO ANALYSER | M3: 277509 | N3: Ekomilk Sieringe With Plunger | O3: RM00530 | P3: AR2526E4580 | Q3: 46099 | R3: 70 | S3: 70 | T3: 12.6 | U3: 82.6 | V3: Running | W3: Running | X3: Yes
A4: 31-01-2026 15:41:26 | B4: =TEXT(A4,"mmm-yy") -> Jan-26 | C4: Bihar | D4: MPG | E4: 10130115 | F4: 46053 | G4: =+A4-F4 -> 0.65377315 | H4: GOMUKH MISROLIYA | J4: vinay kumar | K4: 7082651043 | L4: EKOMILK ULTRA PRO ANALYSER | M4: 277509 | N4: Ekomilk Sieringe With Plunger | O4: RM00530 | P4: AR2526E4580 | Q4: 46099 | R4: 70 | S4: 70 | T4: 12.6 | U4: 82.6 | V4: Running | W4: Running | X4: Yes
A5: 29-01-2026 17:26:08 | B5: =TEXT(A5,"mmm-yy") -> Jan-26 | C5: Bihar | D5: BMC | E5: 1013 | F5: =IF(D5="MPG",_xlfn.XLOOKUP(E5,Sheet2!$A$2:$A$2104,Sheet2!$B$2:$B$2104,""),"") | H5: musrigharai store | I5: Musrigharari | J5: prakash | K5: 9608956246 | L5: WEIGHING SCALE 60 KG | M5: E-17127304 | N5: EWS Battery Backup SMPS (BBLC) | O5: RM00241 | P5: AR2526E4580 | Q5: 46099 | R5: 825 | S5: 825 | T5: 148.5 | U5: 973.5 | V5: NA | W5: NA | X5: Yes
A6: 29-01-2026 17:26:08 | B6: =TEXT(A6,"mmm-yy") -> Jan-26 | C6: Bihar | D6: BMC | E6: 1013 | F6: =IF(D6="MPG",_xlfn.XLOOKUP(E6,Sheet2!$A$2:$A$2104,Sheet2!$B$2:$B$2104,""),"") | H6: musrigharai store | I6: Musrigharari | J6: prakash | K6: 9608956246 | L6: WEIGHING SCALE 60 KG | M6: E-17127304 | N6: Connector 5 Pin Metal M/F | O6: RM00727 | P6: AR2526E4580 | Q6: 46099 | R6: 225 | S6: 225 | T6: 40.5 | U6: 265.5 | V6: NA | W6: NA | X6: Yes
A7: 29-01-2026 16:40:42 | B7: =TEXT(A7,"mmm-yy") -> Jan-26 | C7: Bihar | D7: BMC | E7: 1013 | F7: =IF(D7="MPG",_xlfn.XLOOKUP(E7,Sheet2!$A$2:$A$2104,Sheet2!$B$2:$B$2104,""),"") | H7: musrigharai store | I7: Musrigharari | J7: prakash | K7: 9608956246 | L7: Everest Smart Tab-based Android Terminal (Table-top) with Inbuilt Printer | M7: GTD-23060367 | N7: DPU DC To DC Converter 12V To 5V | O7: RM00493 | P7: AR2526E4580 | Q7: 46099 | R7: 780 | S7: 780 | T7: 140.4 | U7: 920.4 | V7: NA | W7: NA | X7: Yes
A8: 29-01-2026 16:40:42 | B8: =TEXT(A8,"mmm-yy") -> Jan-26 | C8: Bihar | D8: BMC | E8: 1013 | F8: =IF(D8="MPG",_xlfn.XLOOKUP(E8,Sheet2!$A$2:$A$2104,Sheet2!$B$2:$B$2104,""),"") | H8: musrigharai store | I8: Musrigharari | J8: prakash | K8: 9608956246 | L8: Everest Smart Tab-based Android Terminal (Table-top) with Inbuilt Printer | M8: GTD-23060367 | N8: Battery 3.7V/2600Mah | O8: RM00980 | P8: AR2526E4580 | Q8: 46099 | R8: 350 | S8: 350 | T8: 63 | U8: 413 | V8: NA | W8: NA | X8: Yes
A9: 27-01-2026 14:29:49 | B9: =TEXT(A9,"mmm-yy") -> Jan-26 | C9: Bihar | D9: MPG | E9: 10120094 | F9: =IF(D9="MPG",_xlfn.XLOOKUP(E9,Sheet2!$A$2:$A$2104,Sheet2!$B$2:$B$2104,""),"") -> 45666 | G9: =+A9-F9 -> 383.60404 | H9: Gomukh Bochaha | I9: DalsinghSarai | J9: sopander ray | K9: 9939074043 | L9: WEIGHING SCALE 60 KG | M9: GE-19122123 | N9: Connector 5 Pin Metal M/F | O9: RM00727 | P9: AR2526E4580 | Q9: 46099 | R9: 225 | S9: 225 | T9: 40.5 | U9: 265.5 | V9: Running | W9: Running | X9: REcovery
A10: 27-01-2026 15:47:34 | B10: =TEXT(A10,"mmm-yy") -> Jan-26 | C10: Jharkhand | D10: MPG | E10: 20020004 | F10: =IF(D10="MPG",_xlfn.XLOOKUP(E10,Sheet2!$A$2:$A$2104,Sheet2!$B$2:$B$2104,""),"") | H10: Pandra | J10: Ravi Gop | K10: 6206527757 | L10: Everest Smart Tab-based Android Terminal (Table-top) with Inbuilt Printer | M10: GTD-23060338 | N10: Battery 3.7V/2600Mah | O10: RM00980 | P10: AR2526E4579 | Q10: 46099 | R10: 350 | S10: 350 | T10: 63 | U10: 413 | V10: Running | W10: Running | X10: Yes
A11: 24-01-2026 16:09:31 | B11: =TEXT(A11,"mmm-yy") -> Jan-26 | C11: Jharkhand | D11: MPG | E11: 2001 | F11: =IF(D11="MPG",_xlfn.XLOOKUP(E11,Sheet2!$A$2:$A$2104,Sheet2!$B$2:$B$2104,""),"") | H11: Itki | J11: Amit Tiwari | K11: 8210761749 | L11: Everest Smart Tab-based Android Terminal (Table-top) with Inbuilt Printer | M11: GTD-23060345 | N11: Battery 3.7V/2600Mah | O11: RM00980 | P11: AR2526E4579 | Q11: 46099 | R11: 350 | S11: 350 | T11: 63 | U11: 413 | V11: Running | W11: Running | X11: Yes
A12: 21-01-2026 13:53:34 | B12: =TEXT(A12,"mmm-yy") -> Jan-26 | C12: Bihar | D12: MPG | E12: 1050 | F12: =IF(D12="MPG",_xlfn.XLOOKUP(E12,Sheet2!$A$2:$A$2104,Sheet2!$B$2:$B$2104,""),"") | H12: aure | J12: Raushan Kumar | K12: 8877986410 | L12: EKOMILK ULTRA PRO ANALYSER | M12: 362915 | N12: Fatscan Motor Pump Pipe | O12: SF00147 | P12: AR2526E4580 | Q12: 46099 | R12: 125 | S12: 125 | T12: 22.5 | U12: 147.5 | V12: Running | W12: Running | X12: Yes
A13: 21-01-2026 13:53:34 | B13: =TEXT(A13,"mmm-yy") -> Jan-26 | C13: Bihar | D13: MPG | E13: 1050 | F13: =IF(D13="MPG",_xlfn.XLOOKUP(E13,Sheet2!$A$2:$A$2104,Sheet2!$B$2:$B$2104,""),"") | H13: aure | J13: Raushan Kumar | K13: 8877986410 | L13: EKOMILK ULTRA PRO ANALYSER | M13: 362915 | N13: Fatscan Motor Pump Pipe | O13: SF00147 | P13: AR2526E4580 | Q13: 46099 | R13: 125 | S13: 125 | T13: 22.5 | U13: 147.5 | V13: Running | W13: Running | X13: Yes
A14: 19-01-2026 16:00:35 | B14: =TEXT(A14,"mmm-yy") -> Jan-26 | C14: Bihar | D14: MPG | E14: 10120022 | F14: =IF(D14="MPG",_xlfn.XLOOKUP(E14,Sheet2!$A$2:$A$2104,Sheet2!$B$2:$B$2104,""),"") -> 44184 | G14: =+A14-F14 -> 1857.6671 | H14: Jounapur | I14: DalsinghSarai | J14: Lalan singh | K14: 9973808926 | L14: EKOMILK ULTRA PRO ANALYSER | M14: 322529 | N14: Ekomilk Keyboard | O14: RM00512 | P14: AR2526E4580 | Q14: 46099 | R14: 770 | S14: 770 | T14: 138.6 | U14: 908.6 | V14: Running | W14: Running | X14: REcovery
A15: 19-01-2026 10:30:18 | B15: =TEXT(A15,"mmm-yy") -> Jan-26 | C15: Bihar | D15: MPG | E15: 10130001 | F15: =IF(D15="MPG",_xlfn.XLOOKUP(E15,Sheet2!$A$2:$A$2104,Sheet2!$B$2:$B$2104,""),"") -> 43622 | G15: =+A15-F15 -> 2419.4377 | H15: kishanpur | J15: surendu bhaskar | K15: 9504393173 | L15: WEIGHING SCALE 60 KG | M15: E-17116790 | N15: Keyboard For Weighing Scale (Repaired) | O15: SF00048 | P15: AR2526E4580 | Q15: 46099 | R15: 360 | S15: 360 | T15: 64.8 | U15: 424.8 | V15: Running | W15: Running | X15: REcovery
A16: 19-01-2026 15:55:34 | B16: =TEXT(A16,"mmm-yy") -> Jan-26 | C16: Bihar | D16: MPG | E16: 10030080 | F16: =IF(D16="MPG",_xlfn.XLOOKUP(E16,Sheet2!$A$2:$A$2104,Sheet2!$B$2:$B$2104,""),"") -> 45987 | G16: =+A16-F16 -> 54.663588 | H16: pahlampur | J16: bhavesh kumar | K16: 9546351286 | L16: STIRRER UNIT EV5600 | M16: GS-23104583 | N16: Stirrer Timer PCB | O16: RM00478 | P16: AR2526E4580 | Q16: 46099 | R16: 900 | S16: 900 | T16: 162 | U16: 1062 | V16: Running | W16: Running | X16: Yes
A17: 17-01-2026 14:32:26 | B17: =TEXT(A17,"mmm-yy") -> Jan-26 | C17: Bihar | D17: MPG | E17: 10060049 | F17: =IF(D17="MPG",_xlfn.XLOOKUP(E17,Sheet2!$A$2:$A$2104,Sheet2!$B$2:$B$2104,""),"") -> 45267 | G17: =+A17-F17 -> 772.60586 | H17: maliya | I17: Sonvarsha | J17: Ram bachan yadav | K17: 9693036091 | L17: EKOMILK ULTRA PRO ANALYSER | M17: SN/E00384723 | N17: Fatscan Sensor to Syringe Pipe | O17: SF00146 | P17: AR2526E4580 | Q17: 46099 | R17: 44 | S17: 44 | T17: 7.92 | U17: 51.92 | V17: Running | W17: Running | X17: REcovery
A18: 17-01-2026 14:32:26 | B18: =TEXT(A18,"mmm-yy") -> Jan-26 | C18: Bihar | D18: MPG | E18: 10060049 | F18: =IF(D18="MPG",_xlfn.XLOOKUP(E18,Sheet2!$A$2:$A$2104,Sheet2!$B$2:$B$2104,""),"") -> 45267 | G18: =+A18-F18 -> 772.60586 | H18: maliya | I18: Sonvarsha | J18: Ram bachan yadav | K18: 9693036091 | L18: EKOMILK ULTRA PRO ANALYSER | M18: SN/E00384723 | N18: Fatscan Sensor to Syringe Pipe | O18: SF00146 | P18: AR2526E4580 | Q18: 46099 | R18: 44 | S18: 44 | T18: 7.92 | U18: 51.92 | V18: Running | W18: Running | X18: REcovery
A19: 17-01-2026 14:01:41 | B19: =TEXT(A19,"mmm-yy") -> Jan-26 | C19: Bihar | D19: MPG | E19: 10130077 | F19: =IF(D19="MPG",_xlfn.XLOOKUP(E19,Sheet2!$A$2:$A$2104,Sheet2!$B$2:$B$2104,""),"") -> 45631 | G19: =+A19-F19 -> 408.5845 | H19: Gomukh Akaha | J19: chandan | K19: 9891852345 | L19: STIRRER UNIT EV5600 | M19: s-17095698 | N19: Stirrer Timer PCB | O19: RM00478 | P19: AR2526E4580 | Q19: 46099 | R19: 900 | S19: 900 | T19: 162 | U19: 1062 | V19: Running | W19: Running | X19: REcovery
A20: 16-01-2026 16:18:19 | B20: =TEXT(A20,"mmm-yy") -> Jan-26 | C20: Bihar | D20: MPG | E20: 10120029 | F20: =IF(D20="MPG",_xlfn.XLOOKUP(E20,Sheet2!$A$2:$A$2104,Sheet2!$B$2:$B$2104,""),"") -> 44729 | G20: =+A20-F20 -> 1309.6794 | H20: Ramanath pur | I20: DalsinghSarai | J20: Birjnandan thakur | K20: 9304265355 | L20: WEIGHING SCALE 60 KG | M20: GNE-22102070 | N20: Connector 5 Pin Metal M/F | O20: RM00727 | P20: AR2526E4580 | Q20: 46099 | R20: 225 | S20: 225 | T20: 40.5 | U20: 265.5 | V20: Running | W20: Running | X20: REcovery
A21: 13-01-2026 13:36:23 | B21: =TEXT(A21,"mmm-yy") -> Jan-26 | C21: Jharkhand | D21: MPG | E21: 20010017 | F21: =IF(D21="MPG",_xlfn.XLOOKUP(E21,Sheet2!$A$2:$A$2104,Sheet2!$B$2:$B$2104,""),"") | H21: Dighiya | J21: Sohel Ansari | K21: 8709453609 | L21: EKOMILK ULTRA PRO ANALYSER | M21: 390572 | N21: Ekomilk Sieringe With Plunger | O21: RM00530 | P21: AR2526E4579 | Q21: 46099 | R21: 70 | S21: 70 | T21: 12.6 | U21: 82.6 | V21: Running | W21: Running | X21: Yes
A22: 12-01-2026 16:50:04 | B22: =TEXT(A22,"mmm-yy") -> Jan-26 | C22: Bihar | D22: MPG | E22: 10120089 | F22: =IF(D22="MPG",_xlfn.XLOOKUP(E22,Sheet2!$A$2:$A$2104,Sheet2!$B$2:$B$2104,""),"") -> 45649 | G22: =+A22-F22 -> 385.70144 | H22: jhaura tabhak | I22: DalsinghSarai | J22: Adita Kumar | K22: 8340433254 | L22: EKOMILK ULTRA PRO ANALYSER | M22: 310512 | N22: Fatscan " Y " Pipe | O22: SF00145 | P22: AR2526E4580 | Q22: 46099 | R22: 84 | S22: 84 | T22: 15.12 | U22: 99.12 | V22: Running | W22: Running | X22: REcovery
A23: 12-01-2026 16:50:04 | B23: =TEXT(A23,"mmm-yy") -> Jan-26 | C23: Bihar | D23: MPG | E23: 10120089 | F23: =IF(D23="MPG",_xlfn.XLOOKUP(E23,Sheet2!$A$2:$A$2104,Sheet2!$B$2:$B$2104,""),"") -> 45649 | G23: =+A23-F23 -> 385.70144 | H23: jhaura tabhak | I23: DalsinghSarai | J23: Adita Kumar | K23: 8340433254 | L23: EKOMILK ULTRA PRO ANALYSER | M23: 310512 | N23: Ekomilk Air Bubble | O23: RM00509 | P23: AR2526E4580 | Q23: 46099 | R23: 62 | S23: 62 | T23: 11.16 | U23: 73.16 | V23: Running | W23: Running | X23: REcovery
A24: 12-01-2026 10:37:50 | B24: =TEXT(A24,"mmm-yy") -> Jan-26 | C24: Bihar | D24: MPG | E24: 10020026 | F24: =IF(D24="MPG",_xlfn.XLOOKUP(E24,Sheet2!$A$2:$A$2104,Sheet2!$B$2:$B$2104,""),"") -> 44866 | G24: =+A24-F24 -> 1168.4429 | H24: jakhaur | J24: Niraj Singh | K24: 6202734219 | L24: WEIGHING SCALE 60 KG | M24: E-17116788 | N24: EWS Battery Backup SMPS (BBLC) | O24: RM00241 | P24: AR2526E4580 | Q24: 46099 | R24: 825 | S24: 825 | T24: 148.5 | U24: 973.5 | V24: Running | W24: Running | X24: REcovery
A25: 07-01-2026 16:22:20 | B25: =TEXT(A25,"mmm-yy") -> Jan-26 | C25: Bihar | D25: MPG | E25: 10120001 | F25: =IF(D25="MPG",_xlfn.XLOOKUP(E25,Sheet2!$A$2:$A$2104,Sheet2!$B$2:$B$2104,""),"") -> 43622 | G25: =+A25-F25 -> 2407.6822 | H25: Subhanipur | J25: Anik kumar | K25: 7545865422 | L25: STIRRER UNIT EV5600 | M25: S-17106422 | N25: Stirrer Timer PCB | O25: RM00478 | P25: AR2526E4580 | Q25: 46099 | R25: 900 | S25: 900 | T25: 162 | U25: 1062 | V25: Running | W25: Running | X25: REcovery
A26: 07-01-2026 17:16:52 | B26: =TEXT(A26,"mmm-yy") -> Jan-26 | C26: Bihar | D26: BMC | E26: 005 | F26: =IF(D26="MPG",_xlfn.XLOOKUP(E26,Sheet2!$A$2:$A$2104,Sheet2!$B$2:$B$2104,""),"") | H26: BMC asarganj | J26: Dheeraj Kumar | K26: 6201859567 | L26: EKOMILK ULTRA PRO ANALYSER | M26: 183572 | N26: Ekomilk Transformer | O26: RM00508 | P26: AR2526E4580 | Q26: 46099 | R26: 2850 | S26: 2850 | T26: 513 | U26: 3363 | V26: NA | W26: NA | X26: Yes
A27: 07-01-2026 16:29:42 | B27: =TEXT(A27,"mmm-yy") -> Jan-26 | C27: Bihar | D27: MPG | E27: 10120121 | F27: =IF(D27="MPG",_xlfn.XLOOKUP(E27,Sheet2!$A$2:$A$2104,Sheet2!$B$2:$B$2104,""),"") -> 46029 | G27: =+A27-F27 -> 0.68729167 | H27: GOMUKH BANGHARA | I27: DalsinghSarai | J27: DHARAMVIR | K27: 9004074976 | L27: WEIGHING SCALE 60 KG | M27: e-17127306 | N27: EWS Battery Backup SMPS (BBLC) | O27: RM00241 | P27: AR2526E4580 | Q27: 46099 | R27: 825 | S27: 825 | T27: 148.5 | U27: 973.5 | V27: Running | W27: Running | X27: Yes
A28: 07-01-2026 21:25:50 | B28: =TEXT(A28,"mmm-yy") -> Jan-26 | C28: Bihar | D28: MPG | E28: 10110140 | F28: =IF(D28="MPG",_xlfn.XLOOKUP(E28,Sheet2!$A$2:$A$2104,Sheet2!$B$2:$B$2104,""),"") -> 45786 | G28: =+A28-F28 -> 243.89294 | H28: GAMHARIYA | J28: BHUSAN KUMAR | K28: 9570352603 | L28: EKOMILK ULTRA PRO ANALYSER | M28: 277504 | N28: Ekomilk Sieringe With Plunger | O28: RM00530 | P28: AR2526E4580 | Q28: 46099 | R28: 70 | S28: 70 | T28: 12.6 | U28: 82.6 | V28: Status not confirmed | W28: Status not confirmed
A29: 05-01-2026 17:13:45 | B29: =TEXT(A29,"mmm-yy") -> Jan-26 | C29: Bihar | D29: MPG | E29: 10030034 | F29: =IF(D29="MPG",_xlfn.XLOOKUP(E29,Sheet2!$A$2:$A$2104,Sheet2!$B$2:$B$2104,""),"") -> 45082 | G29: =+A29-F29 -> 945.71788 | H29: gomukh Muskipur | J29: Bablu yadav | K29: 7050069650 | L29: EKOMILK ULTRA PRO ANALYSER | M29: 388118 | N29: Ekomilk Sieringe With Plunger | O29: RM00530 | P29: AR2526E4580 | Q29: 46099 | R29: 70 | S29: 70 | T29: 12.6 | U29: 82.6 | V29: Running | W29: Running | X29: REcovery
A30: 05-01-2026 17:13:45 | B30: =TEXT(A30,"mmm-yy") -> Jan-26 | C30: Bihar | D30: MPG | E30: 10030034 | F30: =IF(D30="MPG",_xlfn.XLOOKUP(E30,Sheet2!$A$2:$A$2104,Sheet2!$B$2:$B$2104,""),"") -> 45082 | G30: =+A30-F30 -> 945.71788 | H30: gomukh Muskipur | J30: Bablu yadav | K30: 7050069650 | L30: EKOMILK ULTRA PRO ANALYSER | M30: 388118 | N30: Ekomilk Sieringe With Plunger | O30: RM00530 | P30: AR2526E4580 | Q30: 46099 | R30: 70 | S30: 70 | T30: 12.6 | U30: 82.6 | V30: Running | W30: Running | X30: REcovery
A31: 05-01-2026 16:00:45 | B31: =TEXT(A31,"mmm-yy") -> Jan-26 | C31: Bihar | D31: MPG | E31: 10120012 | F31: =IF(D31="MPG",_xlfn.XLOOKUP(E31,Sheet2!$A$2:$A$2104,Sheet2!$B$2:$B$2104,""),"") -> 43924 | G31: =+A31-F31 -> 2103.6672 | H31: Satogachi | I31: DalsinghSarai | J31: Mithun Kumar | K31: 8651295402 | L31: WEIGHING SCALE 60 KG | M31: E-17127228 | N31: Connector 5 Pin Metal M/F | O31: RM00727 | P31: AR2526E4580 | Q31: 46099 | R31: 225 | S31: 225 | T31: 40.5 | U31: 265.5 | V31: Running | W31: Running | X31: REcovery
A32: 05-01-2026 16:00:45 | B32: =TEXT(A32,"mmm-yy") -> Jan-26 | C32: Bihar | D32: MPG | E32: 10120012 | F32: =IF(D32="MPG",_xlfn.XLOOKUP(E32,Sheet2!$A$2:$A$2104,Sheet2!$B$2:$B$2104,""),"") -> 43924 | G32: =+A32-F32 -> 2103.6672 | H32: Satogachi | I32: DalsinghSarai | J32: Mithun Kumar | K32: 8651295402 | L32: WEIGHING SCALE 60 KG | M32: E-17127228 | N32: EWS Battery Backup SMPS (BBLC) | O32: RM00241 | P32: AR2526E4580 | Q32: 46099 | R32: 825 | S32: 825 | T32: 148.5 | U32: 973.5 | V32: Running | W32: Running | X32: REcovery
A33: 05-01-2026 16:05:54 | B33: =TEXT(A33,"mmm-yy") -> Jan-26 | C33: Jharkhand | D33: MPG | E33: 20020002 | F33: =IF(D33="MPG",_xlfn.XLOOKUP(E33,Sheet2!$A$2:$A$2104,Sheet2!$B$2:$B$2104,""),"") | H33: Jaadi | J33: shushila devi | K33: 7061476343 | L33: Everest Smart Tab-based Android Terminal (Table-top) with Inbuilt Printer | M33: GTD-23060341 | N33: Battery 3.7V/2600Mah | O33: RM00980 | P33: AR2526E4579 | Q33: 46099 | R33: 350 | S33: 350 | T33: 63 | U33: 413 | V33: Running | W33: Running | X33: Yes
A34: 05-01-2026 16:03:28 | B34: =TEXT(A34,"mmm-yy") -> Jan-26 | C34: Bihar | D34: MPG | E34: 10120114 | F34: =IF(D34="MPG",_xlfn.XLOOKUP(E34,Sheet2!$A$2:$A$2104,Sheet2!$B$2:$B$2104,""),"") -> 45939 | G34: =+A34-F34 -> 88.669074 | H34: GOMUKH PATHAKTOL | I34: DalsinghSarai | J34: chandan | K34: 9631389655 | L34: Everest Smart Tab-based Android Terminal (Table-top) with Inbuilt Printer | M34: GTD-23060369 | N34: DPU Thermal Printer EPM 207 | O34: RM00282 | P34: AR2526E4580 | Q34: 46099 | R34: 2800 | S34: 2800 | T34: 504 | U34: 3304 | V34: Running | W34: Running | X34: Yes
A35: 05-01-2026 16:10:29 | B35: =TEXT(A35,"mmm-yy") -> Jan-26 | C35: Bihar | D35: MPG | E35: 10120006 | F35: =IF(D35="MPG",_xlfn.XLOOKUP(E35,Sheet2!$A$2:$A$2104,Sheet2!$B$2:$B$2104,""),"") -> 43731 | G35: =+A35-F35 -> 2296.6739 | H35: Khajuri | I35: DalsinghSarai | J35: Anuj Kumar Singh | K35: 7033197978 | L35: WEIGHING SCALE 60 KG | M35: E-17127324 | N35: Keyboard For Weighing Scale (Repaired) | O35: SF00048 | P35: AR2526E4580 | Q35: 46099 | R35: 360 | S35: 360 | T35: 64.8 | U35: 424.8 | V35: Running | W35: Running | X35: REcovery
A36: 03-01-2026 16:10:54 | B36: =TEXT(A36,"mmm-yy") -> Jan-26 | C36: Bihar | D36: BMC | E36: 1054 | F36: =IF(D36="MPG",_xlfn.XLOOKUP(E36,Sheet2!$A$2:$A$2104,Sheet2!$B$2:$B$2104,""),"") | H36: ALAULI BMC | J36: AMIT KUMAR | K36: 9155273222 | L36: Everest Smart Tab-based Android Terminal (Table-top) with Inbuilt Printer | M36: GTD-23111293 | N36: WI-FI SERIAL DEVICE WITH EXTERNAL POWER SUPPLY (WI-SENSE) | O36: SF00082 | P36: AR2526E4580 | Q36: 46099 | R36: 925 | S36: 925 | T36: 166.5 | U36: 1091.5 | V36: NA | W36: NA | X36: Yes
A37: 28-02-2026 11:13:12 | B37: =TEXT(A37,"mmm-yy") -> Feb-26 | C37: Jharkhand | D37: MPG | E37: 20010016 | F37: =IF(D37="MPG",_xlfn.XLOOKUP(E37,Sheet2!$A$2:$A$2104,Sheet2!$B$2:$B$2104,""),"") | H37: Etachildri | J37: Sanju devi | K37: 9263601995 | L37: Everest Smart Tab-based Android Terminal (Table-top) with Inbuilt Printer | M37: GTD-23060317 | N37: Battery 3.7V/2600Mah | O37: RM00980 | P37: AR2526E5034 | Q37: 46109 | R37: 350 | S37: 350 | T37: 63 | U37: 413 | V37: Running | W37: Running | X37: Yes
A38: 27-02-2026 20:07:06 | B38: =TEXT(A38,"mmm-yy") -> Feb-26 | C38: Bihar | D38: MPG | E38: 10110099 | F38: =IF(D38="MPG",_xlfn.XLOOKUP(E38,Sheet2!$A$2:$A$2104,Sheet2!$B$2:$B$2104,""),"") -> 45653 | G38: =+A38-F38 -> 427.83826 | H38: Gomukh Icharua | J38: Ram Ratan Prasad | K38: 8678086831 | L38: WEIGHING SCALE 60 KG | M38: GNE-23114076 | N38: SWS Motherboard (Version 1.1) | O38: RM00973 | P38: AR2526E5065 | Q38: 46109 | R38: 2080 | S38: 2080 | T38: 374.4 | U38: 2454.4 | V38: Status not confirmed | W38: Status not confirmed
A39: 27-02-2026 18:27:19 | B39: =TEXT(A39,"mmm-yy") -> Feb-26 | C39: Bihar | D39: MPG | E39: 10080086 | F39: =IF(D39="MPG",_xlfn.XLOOKUP(E39,Sheet2!$A$2:$A$2104,Sheet2!$B$2:$B$2104,""),"") -> 45716 | G39: =+A39-F39 -> 364.76897 | H39: gomukh fateha salempur | J39: Ramesh kumar | K39: 7631461027 | L39: STIRRER UNIT EV5600 | M39: GS-23033782 | N39: Stirrer Timer PCB | O39: RM00478 | P39: AR2526E5065 | Q39: 46109 | R39: 900 | S39: 900 | T39: 162 | U39: 1062 | V39: Running | W39: Running | X39: Yes
A40: 27-02-2026 18:27:19 | B40: =TEXT(A40,"mmm-yy") -> Feb-26 | C40: Bihar | D40: MPG | E40: 10080086 | F40: =IF(D40="MPG",_xlfn.XLOOKUP(E40,Sheet2!$A$2:$A$2104,Sheet2!$B$2:$B$2104,""),"") -> 45716 | G40: =+A40-F40 -> 364.76897 | H40: gomukh fateha salempur | J40: Ramesh kumar | K40: 7631461027 | L40: STIRRER UNIT EV5600 | M40: GS-23033782 | N40: Stirrer Power Board | O40: RM00477 | P40: AR2526E5065 | Q40: 46109 | R40: 1750 | S40: 1750 | T40: 315 | U40: 2065 | V40: Running | W40: Running | X40: Yes
A41: 27-02-2026 17:21:16 | B41: =TEXT(A41,"mmm-yy") -> Feb-26 | C41: Bihar | D41: MPG | E41: 10010142 | F41: 46080 | G41: =+A41-F41 -> 0.72310185 | H41: Mahida sahpur | J41: Aaryan kumar | K41: 8271775736 | L41: WEIGHING SCALE 60 KG | M41: GNE-23024408 | N41: Keyboard For Weighing Scale New Design | O41: RM01176 | P41: AR2526E5065 | Q41: 46109 | R41: 1266 | S41: 1266 | T41: 227.88 | U41: 1493.88 | V41: Status not confirmed | W41: Status not confirmed
A42: 26-02-2026 16:02:09 | B42: =TEXT(A42,"mmm-yy") -> Feb-26 | C42: Bihar | D42: MPG | E42: 10140185 | F42: =IF(D42="MPG",_xlfn.XLOOKUP(E42,Sheet2!$A$2:$A$2104,Sheet2!$B$2:$B$2104,""),"") -> 45868 | G42: =+A42-F42 -> 211.66816 | H42: Gomukh Jagdishpur | J42: Ajay Tiwari | K42: 8252882294 | L42: STIRRER UNIT EV5600 | M42: gs-22121174 | N42: Stirrer Timer PCB | O42: RM00478 | P42: AR2526E5065 | Q42: 46109 | R42: 900 | S42: 900 | T42: 162 | U42: 1062 | V42: Running | W42: Running | X42: No
A43: 26-02-2026 16:02:09 | B43: =TEXT(A43,"mmm-yy") -> Feb-26 | C43: Bihar | D43: MPG | E43: 10140185 | F43: =IF(D43="MPG",_xlfn.XLOOKUP(E43,Sheet2!$A$2:$A$2104,Sheet2!$B$2:$B$2104,""),"") -> 45868 | G43: =+A43-F43 -> 211.66816 | H43: Gomukh Jagdishpur | J43: Ajay Tiwari | K43: 8252882294 | L43: STIRRER UNIT EV5600 | M43: gs-22121174 | N43: Stirrer Pencil Type Sensor | O43: RM00479 | P43: AR2526E5065 | Q43: 46109 | R43: 2500 | S43: 2500 | T43: 450 | U43: 2950 | V43: Running | W43: Running | X43: No
A44: 26-02-2026 14:28:48 | B44: =TEXT(A44,"mmm-yy") -> Feb-26 | C44: Bihar | D44: MPG | E44: 10120083 | F44: =IF(D44="MPG",_xlfn.XLOOKUP(E44,Sheet2!$A$2:$A$2104,Sheet2!$B$2:$B$2104,""),"") -> 45530 | G44: =+A44-F44 -> 549.60333 | H44: Beri | I44: DalsinghSarai | J44: pavan ray | K44: 9262776421 | L44: STIRRER UNIT EV5600 | M44: GS-23011720 | N44: Stirrer Timer PCB | O44: RM00478 | P44: AR2526E5065 | Q44: 46109 | R44: 900 | S44: 900 | T44: 162 | U44: 1062 | V44: Running | W44: Running | X44: REcovery
A45: 25-02-2026 16:13:09 | B45: =TEXT(A45,"mmm-yy") -> Feb-26 | C45: Bihar | D45: MPG | E45: 10140020 | F45: =IF(D45="MPG",_xlfn.XLOOKUP(E45,Sheet2!$A$2:$A$2104,Sheet2!$B$2:$B$2104,""),"") -> 44766 | G45: =+A45-F45 -> 1312.6758 | H45: RAJAPUR | J45: Birbal Rai | K45: 9555317230 | L45: EKOMILK ULTRA PRO ANALYSER | M45: 351158 | N45: Ekomilk Motorpump Set New | O45: TR00181 | P45: AR2526E5065 | Q45: 46109 | R45: 2000 | S45: 2000 | T45: 360 | U45: 2360 | V45: Running | W45: Running | X45: REcovery
A46: 24-02-2026 16:15:09 | B46: =TEXT(A46,"mmm-yy") -> Feb-26 | C46: Bihar | D46: MPG | E46: 10100054 | F46: =IF(D46="MPG",_xlfn.XLOOKUP(E46,Sheet2!$A$2:$A$2104,Sheet2!$B$2:$B$2104,""),"") -> 45657 | G46: =+A46-F46 -> 420.67719 | H46: thebhay | J46: saurabh kumar | K46: 7858955413 | L46: EKOMILK ULTRA PRO ANALYSER | M46: SN/E00396092 | N46: Fatscan " Y " Pipe | O46: SF00145 | P46: AR2526E5065 | Q46: 46109 | R46: 84 | S46: 84 | T46: 15.12 | U46: 99.12 | V46: Running | W46: Running | X46: REcovery
A47: 23-02-2026 16:20:34 | B47: =TEXT(A47,"mmm-yy") -> Feb-26 | C47: Bihar | D47: MPG | E47: 10030003 | F47: =IF(D47="MPG",_xlfn.XLOOKUP(E47,Sheet2!$A$2:$A$2104,Sheet2!$B$2:$B$2104,""),"") -> 42979 | G47: =+A47-F47 -> 3097.6809 | H47: MSK chatmadih | I47: Asarganj | J47: Vidya prasad singh | K47: 9931439978 | L47: Everest Smart Tab-based Android Terminal (Table-top) with Inbuilt Printer | M47: GTD-23014085 | N47: Battery 3.7V/2600Mah | O47: RM00980 | P47: AR2526E5065 | Q47: 46109 | R47: 350 | S47: 350 | T47: 63 | U47: 413 | V47: Running | W47: Running | X47: REcovery
A48: 20-02-2026 16:21:40 | B48: =TEXT(A48,"mmm-yy") -> Feb-26 | C48: Bihar | D48: MPG | E48: 10030059 | F48: =IF(D48="MPG",_xlfn.XLOOKUP(E48,Sheet2!$A$2:$A$2104,Sheet2!$B$2:$B$2104,""),"") -> 45323 | G48: =+A48-F48 -> 750.68171 | H48: Gomukh Jhajha | J48: Bishekha | K48: 9934836887 | L48: EKOMILK ULTRA PRO ANALYSER | M48: SN/E00399034 | N48: Fatscan " Y " Pipe | O48: SF00145 | P48: AR2526E5065 | Q48: 46109 | R48: 84 | S48: 84 | T48: 15.12 | U48: 99.12 | V48: Running | W48: Running | X48: REcovery
A49: 19-02-2026 15:28:36 | B49: =TEXT(A49,"mmm-yy") -> Feb-26 | C49: Bihar | D49: MPG | E49: 10130016 | F49: =IF(D49="MPG",_xlfn.XLOOKUP(E49,Sheet2!$A$2:$A$2104,Sheet2!$B$2:$B$2104,""),"") -> 44256 | G49: =+A49-F49 -> 1816.6449 | H49: Khesrahiya | I49: Musrigharari | J49: Nitesh Kumar | K49: 7654339470 | L49: EKOMILK ULTRA PRO ANALYSER | M49: 312377 | N49: Ekomilk Sieringe With Plunger | O49: RM00530 | P49: AR2526E5065 | Q49: 46109 | R49: 70 | S49: 70 | T49: 12.6 | U49: 82.6 | V49: Running | W49: Running | X49: REcovery
A50: 19-02-2026 15:28:36 | B50: =TEXT(A50,"mmm-yy") -> Feb-26 | C50: Bihar | D50: MPG | E50: 10130016 | F50: =IF(D50="MPG",_xlfn.XLOOKUP(E50,Sheet2!$A$2:$A$2104,Sheet2!$B$2:$B$2104,""),"") -> 44256 | G50: =+A50-F50 -> 1816.6449 | H50: Khesrahiya | I50: Musrigharari | J50: Nitesh Kumar | K50: 7654339470 | L50: EKOMILK ULTRA PRO ANALYSER | M50: 312377 | N50: Fatscan " Y " Pipe | O50: SF00145 | P50: AR2526E5065 | Q50: 46109 | R50: 84 | S50: 84 | T50: 15.12 | U50: 99.12 | V50: Running | W50: Running | X50: REcovery
A51: 19-02-2026 15:28:36 | B51: =TEXT(A51,"mmm-yy") -> Feb-26 | C51: Bihar | D51: MPG | E51: 10130016 | F51: =IF(D51="MPG",_xlfn.XLOOKUP(E51,Sheet2!$A$2:$A$2104,Sheet2!$B$2:$B$2104,""),"") -> 44256 | G51: =+A51-F51 -> 1816.6449 | H51: Khesrahiya | I51: Musrigharari | J51: Nitesh Kumar | K51: 7654339470 | L51: EKOMILK ULTRA PRO ANALYSER | M51: 312377 | N51: Ekomilk Sieringe With Plunger | O51: RM00530 | P51: AR2526E5065 | Q51: 46109 | R51: 70 | S51: 70 | T51: 12.6 | U51: 82.6 | V51: Running | W51: Running | X51: REcovery
A52: 19-02-2026 15:17:00 | B52: =TEXT(A52,"mmm-yy") -> Feb-26 | C52: Bihar | D52: MPG | E52: 10130116 | F52: =IF(D52="MPG",_xlfn.XLOOKUP(E52,Sheet2!$A$2:$A$2104,Sheet2!$B$2:$B$2104,""),"") -> 46053 | G52: =+A52-F52 -> 19.636806 | H52: GOMUKH CHAKIRDI | J52: kamni kumari | K52: 7296048538 | L52: Everest Smart Tab-based Android Terminal (Table-top) with Inbuilt Printer | M52: GTD-23060367 | N52: DPU DC To DC Converter 12V To 5V | O52: RM00493 | P52: AR2526E5065 | Q52: 46109 | R52: 780 | S52: 780 | T52: 140.4 | U52: 920.4 | V52: Running | W52: Running | X52: Yes
A53: 18-02-2026 17:06:45 | B53: =TEXT(A53,"mmm-yy") -> Feb-26 | C53: Bihar | D53: MPG | E53: 10120104 | F53: =IF(D53="MPG",_xlfn.XLOOKUP(E53,Sheet2!$A$2:$A$2104,Sheet2!$B$2:$B$2104,""),"") -> 45793 | G53: =+A53-F53 -> 278.71302 | H53: Mordiwa east | I53: DalsinghSarai | J53: vivek | K53: 7079418432 | L53: WEIGHING SCALE 60 KG | M53: ge-20033997 | N53: Connector 5 Pin Metal M/F | O53: RM00727 | P53: AR2526E5065 | Q53: 46109 | R53: 225 | S53: 225 | T53: 40.5 | U53: 265.5 | V53: Running | W53: Running | X53: Yes
A54: 17-02-2026 18:47:39 | B54: =TEXT(A54,"mmm-yy") -> Feb-26 | C54: Bihar | D54: MPG | E54: 10020005 | F54: =IF(D54="MPG",_xlfn.XLOOKUP(E54,Sheet2!$A$2:$A$2104,Sheet2!$B$2:$B$2104,""),"") -> 42979 | G54: =+A54-F54 -> 3091.7831 | H54: sabikpur | I54: Laldiyara | J54: vikash Kumar | K54: 7764922168 | L54: STIRRER UNIT EV5600 | M54: S-22033322 | N54: Stirrer Timer PCB | O54: RM00478 | P54: AR2526E5065 | Q54: 46109 | R54: 900 | S54: 900 | T54: 162 | U54: 1062 | V54: Running | W54: Running | X54: REcovery
A55: 17-02-2026 15:31:32 | B55: =TEXT(A55,"mmm-yy") -> Feb-26 | C55: Bihar | D55: MPG | E55: 10020076 | F55: =IF(D55="MPG",_xlfn.XLOOKUP(E55,Sheet2!$A$2:$A$2104,Sheet2!$B$2:$B$2104,""),"") -> 45869 | G55: =+A55-F55 -> 201.6469 | H55: pacham | I55: Laldiyara | J55: ramdayal yadav | K55: 9777250343 | L55: Everest Smart Tab-based Android Terminal (Table-top) with Inbuilt Printer | M55: gtd-23024210 | N55: Battery 3.7V/2600Mah | O55: RM00980 | P55: AR2526E5065 | Q55: 46109 | R55: 350 | S55: 350 | T55: 63 | U55: 413 | V55: Running | W55: Running | X55: Yes
A56: 16-02-2026 15:53:19 | B56: =TEXT(A56,"mmm-yy") -> Feb-26 | C56: Bihar | D56: MPG | E56: 10130093 | F56: =IF(D56="MPG",_xlfn.XLOOKUP(E56,Sheet2!$A$2:$A$2104,Sheet2!$B$2:$B$2104,""),"") -> 45740 | G56: =+A56-F56 -> 329.66203 | H56: sherpur narsari east | J56: girdhari jha | K56: 7250834304 | L56: WEIGHING SCALE 60 KG | M56: E-17116770 | N56: Connector 5 Pin Metal M/F | O56: RM00727 | P56: AR2526E5065 | Q56: 46109 | R56: 225 | S56: 225 | T56: 40.5 | U56: 265.5 | V56: Running | W56: Running | X56: Yes
A57: 16-02-2026 15:53:19 | B57: =TEXT(A57,"mmm-yy") -> Feb-26 | C57: Bihar | D57: MPG | E57: 10130093 | F57: =IF(D57="MPG",_xlfn.XLOOKUP(E57,Sheet2!$A$2:$A$2104,Sheet2!$B$2:$B$2104,""),"") -> 45740 | G57: =+A57-F57 -> 329.66203 | H57: sherpur narsari east | J57: girdhari jha | K57: 7250834304 | L57: WEIGHING SCALE 60 KG | M57: E-17116770 | N57: EWS Battery Backup SMPS (BBLC) | O57: RM00241 | P57: AR2526E5065 | Q57: 46109 | R57: 825 | S57: 825 | T57: 148.5 | U57: 973.5 | V57: Running | W57: Running | X57: Yes
A58: 16-02-2026 15:51:36 | B58: =TEXT(A58,"mmm-yy") -> Feb-26 | C58: Bihar | D58: MPG | E58: 10130046 | F58: =IF(D58="MPG",_xlfn.XLOOKUP(E58,Sheet2!$A$2:$A$2104,Sheet2!$B$2:$B$2104,""),"") -> 45238 | G58: =+A58-F58 -> 831.66083 | H58: jahagirpur salkhanni | J58: piriyanka | K58: 9117336756 | L58: EKOMILK ULTRA PRO ANALYSER | M58: 2352040 | N58: Ekomilk Keyboard | O58: RM00512 | P58: AR2526E5065 | Q58: 46109 | R58: 770 | S58: 770 | T58: 138.6 | U58: 908.6 | V58: Running | W58: Running | X58: REcovery
A59: 14-02-2026 14:21:23 | B59: =TEXT(A59,"mmm-yy") -> Feb-26 | C59: Bihar | D59: MPG | E59: 10090009 | F59: =IF(D59="MPG",_xlfn.XLOOKUP(E59,Sheet2!$A$2:$A$2104,Sheet2!$B$2:$B$2104,""),"") -> 42979 | G59: =+A59-F59 -> 3088.5982 | H59: sondahi | J59: ranjeeb singh | K59: 9934773781 | L59: Everest Smart Tab-based Android Terminal (Table-top) with Inbuilt Printer | M59: GTD-23014018 | N59: Battery 3.7V/2600Mah | O59: RM00980 | P59: AR2526E5065 | Q59: 46109 | R59: 350 | S59: 350 | T59: 63 | U59: 413 | V59: Running | W59: Running | X59: REcovery
A60: 14-02-2026 15:29:31 | B60: =TEXT(A60,"mmm-yy") -> Feb-26 | C60: Bihar | D60: MPG | E60: 10120024 | F60: =IF(D60="MPG",_xlfn.XLOOKUP(E60,Sheet2!$A$2:$A$2104,Sheet2!$B$2:$B$2104,""),"") -> 44190 | G60: =+A60-F60 -> 1877.6455 | H60: Badiya | I60: DalsinghSarai | J60: Pinkesh kumar | K60: 7631417133 | L60: EKOMILK ULTRA PRO ANALYSER | M60: 329072 | N60: Fatscan Sensor to Syringe Pipe | O60: SF00146 | P60: AR2526E5065 | Q60: 46109 | R60: 44 | S60: 44 | T60: 7.92 | U60: 51.92 | V60: Running | W60: Running | X60: REcovery
A61: 14-02-2026 15:29:31 | B61: =TEXT(A61,"mmm-yy") -> Feb-26 | C61: Bihar | D61: MPG | E61: 10120024 | F61: =IF(D61="MPG",_xlfn.XLOOKUP(E61,Sheet2!$A$2:$A$2104,Sheet2!$B$2:$B$2104,""),"") -> 44190 | G61: =+A61-F61 -> 1877.6455 | H61: Badiya | I61: DalsinghSarai | J61: Pinkesh kumar | K61: 7631417133 | L61: EKOMILK ULTRA PRO ANALYSER | M61: 329072 | N61: Fatscan Sensor to Syringe Pipe | O61: SF00146 | P61: AR2526E5065 | Q61: 46109 | R61: 44 | S61: 44 | T61: 7.92 | U61: 51.92 | V61: Running | W61: Running | X61: REcovery
A62: 14-02-2026 15:29:31 | B62: =TEXT(A62,"mmm-yy") -> Feb-26 | C62: Bihar | D62: MPG | E62: 10120024 | F62: =IF(D62="MPG",_xlfn.XLOOKUP(E62,Sheet2!$A$2:$A$2104,Sheet2!$B$2:$B$2104,""),"") -> 44190 | G62: =+A62-F62 -> 1877.6455 | H62: Badiya | I62: DalsinghSarai | J62: Pinkesh kumar | K62: 7631417133 | L62: EKOMILK ULTRA PRO ANALYSER | M62: 329072 | N62: Fatscan " Y " Pipe | O62: SF00145 | P62: AR2526E5065 | Q62: 46109 | R62: 84 | S62: 84 | T62: 15.12 | U62: 99.12 | V62: Running | W62: Running | X62: REcovery
A63: 14-02-2026 11:52:30 | B63: =TEXT(A63,"mmm-yy") -> Feb-26 | C63: Bihar | D63: MPG | E63: 10120051 | F63: =IF(D63="MPG",_xlfn.XLOOKUP(E63,Sheet2!$A$2:$A$2104,Sheet2!$B$2:$B$2104,""),"") -> 45226 | G63: =+A63-F63 -> 841.49479 | H63: Narayanpur | I63: DalsinghSarai | J63: CHANDAN | K63: 7488826293 | L63: EKOMILK ULTRA PRO ANALYSER | M63: 2352038 | N63: Ekomilk Sieringe With Plunger | O63: RM00530 | P63: AR2526E5065 | Q63: 46109 | R63: 70 | S63: 70 | T63: 12.6 | U63: 82.6 | V63: Running | W63: Running | X63: REcovery
A64: 14-02-2026 11:52:30 | B64: =TEXT(A64,"mmm-yy") -> Feb-26 | C64: Bihar | D64: MPG | E64: 10120051 | F64: =IF(D64="MPG",_xlfn.XLOOKUP(E64,Sheet2!$A$2:$A$2104,Sheet2!$B$2:$B$2104,""),"") -> 45226 | G64: =+A64-F64 -> 841.49479 | H64: Narayanpur | I64: DalsinghSarai | J64: CHANDAN | K64: 7488826293 | L64: EKOMILK ULTRA PRO ANALYSER | M64: 2352038 | N64: Ekomilk Sieringe With Plunger | O64: RM00530 | P64: AR2526E5065 | Q64: 46109 | R64: 70 | S64: 70 | T64: 12.6 | U64: 82.6 | V64: Running | W64: Running | X64: REcovery
A65: 13-02-2026 17:14:26 | B65: =TEXT(A65,"mmm-yy") -> Feb-26 | C65: Bihar | D65: MPG | E65: 10020079 | F65: =IF(D65="MPG",_xlfn.XLOOKUP(E65,Sheet2!$A$2:$A$2104,Sheet2!$B$2:$B$2104,""),"") -> 45869 | G65: =+A65-F65 -> 197.71836 | H65: singarpur | I65: Laldiyara | J65: yogesh yadav | K65: 9113404461 | L65: Everest Smart Tab-based Android Terminal (Table-top) with Inbuilt Printer | M65: GTD-23014057 | N65: Battery 3.7V/2600Mah | O65: RM00980 | P65: AR2526E5065 | Q65: 46109 | R65: 350 | S65: 350 | T65: 63 | U65: 413 | V65: Running | W65: Running | X65: Yes
A66: 12-02-2026 15:54:49 | B66: =TEXT(A66,"mmm-yy") -> Feb-26 | C66: Bihar | D66: MPG | E66: 10060090 | F66: =IF(D66="MPG",_xlfn.XLOOKUP(E66,Sheet2!$A$2:$A$2104,Sheet2!$B$2:$B$2104,""),"") -> 45702 | G66: =+A66-F66 -> 363.66307 | H66: sangrampur | I66: Sonvarsha | J66: Arun kumar | K66: 9472899022 | L66: WEIGHING SCALE 60 KG | M66: GNE-23114072 | N66: SWS Motherboard (Version 1.1) | O66: RM00973 | P66: AR2526E5065 | Q66: 46109 | R66: 2080 | S66: 2080 | T66: 374.4 | U66: 2454.4 | V66: Running | W66: Running | X66: No
A67: 12-02-2026 14:34:29 | B67: =TEXT(A67,"mmm-yy") -> Feb-26 | C67: Bihar | D67: MPG | E67: 10060032 | F67: =IF(D67="MPG",_xlfn.XLOOKUP(E67,Sheet2!$A$2:$A$2104,Sheet2!$B$2:$B$2104,""),"") -> 45049 | G67: =+A67-F67 -> 1016.6073 | H67: batta rampur | I67: Sonvarsha | J67: kanhaiya kumar | K67: 8051647327 | L67: EKOMILK ULTRA PRO ANALYSER | M67: 378198 | N67: Ekomilk Sieringe With Plunger | O67: RM00530 | P67: AR2526E5065 | Q67: 46109 | R67: 70 | S67: 70 | T67: 12.6 | U67: 82.6 | V67: Running | W67: Running | X67: REcovery
A68: 12-02-2026 14:34:29 | B68: =TEXT(A68,"mmm-yy") -> Feb-26 | C68: Bihar | D68: MPG | E68: 10060032 | F68: =IF(D68="MPG",_xlfn.XLOOKUP(E68,Sheet2!$A$2:$A$2104,Sheet2!$B$2:$B$2104,""),"") -> 45049 | G68: =+A68-F68 -> 1016.6073 | H68: batta rampur | I68: Sonvarsha | J68: kanhaiya kumar | K68: 8051647327 | L68: EKOMILK ULTRA PRO ANALYSER | M68: 378198 | N68: Ekomilk Sieringe With Plunger | O68: RM00530 | P68: AR2526E5065 | Q68: 46109 | R68: 70 | S68: 70 | T68: 12.6 | U68: 82.6 | V68: Running | W68: Running | X68: REcovery
A69: 11-02-2026 15:36:34 | B69: =TEXT(A69,"mmm-yy") -> Feb-26 | C69: Bihar | D69: BMC | E69: 0013 | F69: =IF(D69="MPG",_xlfn.XLOOKUP(E69,Sheet2!$A$2:$A$2104,Sheet2!$B$2:$B$2104,""),"") | H69: In Bmc Halsi | I69: Halsi | J69: kunal kumar dev | K69: 7488561001 | L69: Everest Smart Tab-based Android Terminal (Table-top) with Inbuilt Printer | M69: GTD-23014089 | N69: Battery 3.7V/2600Mah | O69: RM00980 | P69: AR2526E5065 | Q69: 46109 | R69: 350 | S69: 350 | T69: 63 | U69: 413 | V69: NA | W69: NA | X69: Yes
A70: 10-02-2026 18:04:47 | B70: =TEXT(A70,"mmm-yy") -> Feb-26 | C70: Bihar | D70: MPG | E70: 10110069 | F70: =IF(D70="MPG",_xlfn.XLOOKUP(E70,Sheet2!$A$2:$A$2104,Sheet2!$B$2:$B$2104,""),"") -> 45323 | G70: =+A70-F70 -> 740.75332 | H70: Salemabad S kamal bmc | I70: Sahibpur Kamal | J70: Sushila devi | K70: 7061227705 | L70: WEIGHING SCALE 60 KG | M70: GNE-23061058 | N70: SWS Motherboard (Version 1.1) | O70: RM00973 | P70: AR2526E5065 | Q70: 46109 | R70: 2080 | S70: 2080 | T70: 374.4 | U70: 2454.4 | V70: Status not confirmed | W70: Status not confirmed
A71: 10-02-2026 18:08:53 | B71: =TEXT(A71,"mmm-yy") -> Feb-26 | C71: Bihar | D71: MPG | E71: 9788 | F71: =IF(D71="MPG",_xlfn.XLOOKUP(E71,Sheet2!$A$2:$A$2104,Sheet2!$B$2:$B$2104,""),"") | H71: Phulwariya S Kamal | I71: Sahibpur Kamal | J71: SAROJ DEVI | K71: 9570938861 | L71: WEIGHING SCALE 60 KG | M71: GNE-23024440 | N71: SWS Motherboard (Version 1.1) | O71: RM00973 | P71: AR2526E5065 | Q71: 46109 | R71: 2080 | S71: 2080 | T71: 374.4 | U71: 2454.4 | V71: Status not confirmed | W71: Status not confirmed
A72: 10-02-2026 15:15:26 | B72: =TEXT(A72,"mmm-yy") -> Feb-26 | C72: Bihar | D72: MPG | E72: 10120095 | F72: =IF(D72="MPG",_xlfn.XLOOKUP(E72,Sheet2!$A$2:$A$2104,Sheet2!$B$2:$B$2104,""),"") -> 45705 | G72: =+A72-F72 -> 358.63572 | H72: tirgunj | I72: DalsinghSarai | J72: Muna | K72: 8434449379 | L72: Everest Smart Tab-based Android Terminal (Table-top) with Inbuilt Printer | M72: GTD-23060378 | N72: Battery 3.7V/2600Mah | O72: RM00980 | P72: AR2526E5065 | Q72: 46109 | R72: 350 | S72: 350 | T72: 63 | U72: 413 | V72: Running | W72: Running | X72: Yes
A73: 07-02-2026 13:11:33 | B73: =TEXT(A73,"mmm-yy") -> Feb-26 | C73: Bihar | D73: MPG | E73: 10130091 | F73: =IF(D73="MPG",_xlfn.XLOOKUP(E73,Sheet2!$A$2:$A$2104,Sheet2!$B$2:$B$2104,""),"") -> 45698 | G73: =+A73-F73 -> 362.54969 | H73: Gomukh nirpur | I73: Musrigharari | J73: Vijay ray | K73: 9801495461 | L73: EKOMILK ULTRA PRO ANALYSER | M73: SN/E00390594 | N73: Fatscan Pro Transformer | O73: RM01625 | P73: AR2526E5065 | Q73: 46109 | R73: 2850 | S73: 2850 | T73: 513 | U73: 3363 | V73: Running | W73: Running | X73: Yes
A74: 05-02-2026 14:18:17 | B74: =TEXT(A74,"mmm-yy") -> Feb-26 | C74: Jharkhand | D74: MPG | E74: 20010003 | F74: =IF(D74="MPG",_xlfn.XLOOKUP(E74,Sheet2!$A$2:$A$2104,Sheet2!$B$2:$B$2104,""),"") | H74: Bero | I74: Itki | J74: Ganesh Mahtha | K74: 6205711535 | L74: EKOMILK ULTRA PRO ANALYSER | M74: 384298 | N74: Fatscan Motor Pump Pipe | O74: SF00147 | P74: AR2526E5034 | Q74: 46109 | R74: 125 | S74: 125 | T74: 22.5 | U74: 147.5 | V74: Running | W74: Running | X74: Yes
A75: 05-02-2026 14:18:17 | B75: =TEXT(A75,"mmm-yy") -> Feb-26 | C75: Jharkhand | D75: MPG | E75: 20010003 | F75: =IF(D75="MPG",_xlfn.XLOOKUP(E75,Sheet2!$A$2:$A$2104,Sheet2!$B$2:$B$2104,""),"") | H75: Bero | I75: Itki | J75: Ganesh Mahtha | K75: 6205711535 | L75: EKOMILK ULTRA PRO ANALYSER | M75: 384298 | N75: Fatscan Motor Pump Pipe | O75: SF00147 | P75: AR2526E5034 | Q75: 46109 | R75: 125 | S75: 125 | T75: 22.5 | U75: 147.5 | V75: Running | W75: Running | X75: Yes
A76: 05-02-2026 16:15:54 | B76: =TEXT(A76,"mmm-yy") -> Feb-26 | C76: Bihar | D76: MPG | E76: 10140159 | F76: =IF(D76="MPG",_xlfn.XLOOKUP(E76,Sheet2!$A$2:$A$2104,Sheet2!$B$2:$B$2104,""),"") -> 45687 | G76: =+A76-F76 -> 371.67771 | H76: Gomukh Kaudesari | I76: Dumraon | J76: Ramakant Singh | K76: 9931256142 | L76: EKOMILK ULTRA PRO ANALYSER | M76: 360243 | N76: Ekomilk Sieringe With Plunger | O76: RM00530 | P76: AR2526E5065 | Q76: 46109 | R76: 70 | S76: 70 | T76: 12.6 | U76: 82.6 | V76: Running | W76: Running | X76: REcovery
A77: 04-02-2026 10:12:30 | B77: =TEXT(A77,"mmm-yy") -> Feb-26 | C77: Bihar | D77: MPG | E77: 10100016 | F77: =IF(D77="MPG",_xlfn.XLOOKUP(E77,Sheet2!$A$2:$A$2104,Sheet2!$B$2:$B$2104,""),"") -> 45016 | G77: =+A77-F77 -> 1041.4253 | H77: Gomukh Dumariya Bujura Madhay | I77: Parbatta | J77: Aanand Shankar | K77: 7091746454 | L77: WEIGHING SCALE 60 KG | M77: GNE-23024458 | N77: EWZ MOTHERBOARD FOR WS | O77: RM01596 | P77: AR2526E5065 | Q77: 46109 | R77: 2080 | S77: 2080 | T77: 374.4 | U77: 2454.4 | V77: Running | W77: Running | X77: REcovery
A78: 04-02-2026 10:12:30 | B78: =TEXT(A78,"mmm-yy") -> Feb-26 | C78: Bihar | D78: MPG | E78: 10100016 | F78: =IF(D78="MPG",_xlfn.XLOOKUP(E78,Sheet2!$A$2:$A$2104,Sheet2!$B$2:$B$2104,""),"") -> 45016 | G78: =+A78-F78 -> 1041.4253 | H78: Gomukh Dumariya Bujura Madhay | I78: Parbatta | J78: Aanand Shankar | K78: 7091746454 | L78: WEIGHING SCALE 60 KG | M78: GNE-23024458 | N78: Load Cell 100 Kg 60310 | O78: RM00006 | P78: AR2526E5065 | Q78: 46109 | R78: 2800 | S78: 2800 | T78: 504 | U78: 3304 | V78: Running | W78: Running | X78: REcovery
A79: 04-02-2026 16:46:03 | B79: =TEXT(A79,"mmm-yy") -> Feb-26 | C79: Bihar | D79: MPG | E79: 10120083 | F79: =IF(D79="MPG",_xlfn.XLOOKUP(E79,Sheet2!$A$2:$A$2104,Sheet2!$B$2:$B$2104,""),"") -> 45530 | G79: =+A79-F79 -> 527.69865 | H79: Beri | I79: DalsinghSarai | J79: pavan ray | K79: 9262776421 | L79: EKOMILK ULTRA PRO ANALYSER | M79: 387344 | N79: Ekomilk Sieringe With Plunger | O79: RM00530 | P79: AR2526E5065 | Q79: 46109 | R79: 70 | S79: 70 | T79: 12.6 | U79: 82.6 | V79: Running | W79: Running | X79: REcovery
A80: 04-02-2026 16:46:03 | B80: =TEXT(A80,"mmm-yy") -> Feb-26 | C80: Bihar | D80: MPG | E80: 10120083 | F80: =IF(D80="MPG",_xlfn.XLOOKUP(E80,Sheet2!$A$2:$A$2104,Sheet2!$B$2:$B$2104,""),"") -> 45530 | G80: =+A80-F80 -> 527.69865 | H80: Beri | I80: DalsinghSarai | J80: pavan ray | K80: 9262776421 | L80: EKOMILK ULTRA PRO ANALYSER | M80: 387344 | N80: Ekomilk Sieringe With Plunger | O80: RM00530 | P80: AR2526E5065 | Q80: 46109 | R80: 70 | S80: 70 | T80: 12.6 | U80: 82.6 | V80: Running | W80: Running | X80: REcovery
A81: 04-02-2026 14:47:55 | B81: =TEXT(A81,"mmm-yy") -> Feb-26 | C81: Bihar | D81: MPG | E81: 10020059 | F81: =IF(D81="MPG",_xlfn.XLOOKUP(E81,Sheet2!$A$2:$A$2104,Sheet2!$B$2:$B$2104,""),"") -> 45268 | G81: =+A81-F81 -> 789.61661 | H81: gangasarai | I81: Laldiyara | J81: amarjit kumar | K81: 9135466492 | L81: WEIGHING SCALE 60 KG | M81: GNE-23114035 | N81: SWS Motherboard (Version 1.1) | O81: RM00973 | P81: AR2526E5065 | Q81: 46109 | R81: 2080 | S81: 2080 | T81: 374.4 | U81: 2454.4 | V81: Running | W81: Running | X81: REcovery
A82: 04-02-2026 16:39:36 | B82: =TEXT(A82,"mmm-yy") -> Feb-26 | C82: Bihar | D82: BMC | E82: 1012 | F82: =IF(D82="MPG",_xlfn.XLOOKUP(E82,Sheet2!$A$2:$A$2104,Sheet2!$B$2:$B$2104,""),"") | H82: simri BMC | I82: DalsinghSarai | J82: Ankit Kumar | K82: 9060744847 | L82: WEIGHING SCALE 60 KG | M82: E-17116836 | N82: Weighing Scale Motherboard Old | O82: RM00420 | P82: AR2526E5065 | Q82: 46109 | R82: 2080 | S82: 2080 | T82: 374.4 | U82: 2454.4 | V82: NA | W82: NA | X82: Yes
A83: 04-02-2026 14:46:54 | B83: =TEXT(A83,"mmm-yy") -> Feb-26 | C83: Bihar | D83: MPG | E83: 10020025 | F83: =IF(D83="MPG",_xlfn.XLOOKUP(E83,Sheet2!$A$2:$A$2104,Sheet2!$B$2:$B$2104,""),"") -> 44866 | G83: =+A83-F83 -> 1191.6159 | H83: dumari | I83: Laldiyara | J83: shiv kumar | K83: 8298525819 | L83: EKOMILK ULTRA PRO ANALYSER | M83: 386944 | N83: Ekomilk Sieringe With Plunger | O83: RM00530 | P83: AR2526E5065 | Q83: 46109 | R83: 70 | S83: 70 | T83: 12.6 | U83: 82.6 | V83: Running | W83: Running | X83: REcovery
A84: 04-02-2026 14:46:54 | B84: =TEXT(A84,"mmm-yy") -> Feb-26 | C84: Bihar | D84: MPG | E84: 10020025 | F84: =IF(D84="MPG",_xlfn.XLOOKUP(E84,Sheet2!$A$2:$A$2104,Sheet2!$B$2:$B$2104,""),"") -> 44866 | G84: =+A84-F84 -> 1191.6159 | H84: dumari | I84: Laldiyara | J84: shiv kumar | K84: 8298525819 | L84: EKOMILK ULTRA PRO ANALYSER | M84: 386944 | N84: Ekomilk Sieringe With Plunger | O84: RM00530 | P84: AR2526E5065 | Q84: 46109 | R84: 70 | S84: 70 | T84: 12.6 | U84: 82.6 | V84: Running | W84: Running | X84: REcovery
A85: 04-02-2026 10:13:57 | B85: =TEXT(A85,"mmm-yy") -> Feb-26 | C85: Bihar | D85: MPG | E85: 10480001 | F85: =IF(D85="MPG",_xlfn.XLOOKUP(E85,Sheet2!$A$2:$A$2104,Sheet2!$B$2:$B$2104,""),"") -> 43756 | G85: =+A85-F85 -> 2301.4264 | H85: prashpur kadwa gomukh | I85: Jhandapur | J85: Nawal kishor rai | K85: 9801450809 | L85: WEIGHING SCALE 60 KG | M85: GNE-22102066 | N85: SWS Motherboard (Version 1.1) | O85: RM00973 | P85: AR2526E5065 | Q85: 46109 | R85: 2080 | S85: 2080 | T85: 374.4 | U85: 2454.4 | V85: Running | W85: Running | X85: REcovery
A86: 04-02-2026 14:46:14 | B86: =TEXT(A86,"mmm-yy") -> Feb-26 | C86: Bihar | D86: MPG | E86: 10020029 | F86: =IF(D86="MPG",_xlfn.XLOOKUP(E86,Sheet2!$A$2:$A$2104,Sheet2!$B$2:$B$2104,""),"") -> 44899 | G86: =+A86-F86 -> 1158.6154 | H86: virupur | I86: Laldiyara | J86: Manish Kumar | K86: 9430695671 | L86: EKOMILK ULTRA PRO ANALYSER | M86: 328963 | N86: Ekomilk Sieringe With Plunger | O86: RM00530 | P86: AR2526E5065 | Q86: 46109 | R86: 70 | S86: 70 | T86: 12.6 | U86: 82.6 | V86: Running | W86: Running | X86: REcovery
A87: 04-02-2026 14:46:14 | B87: =TEXT(A87,"mmm-yy") -> Feb-26 | C87: Bihar | D87: MPG | E87: 10020029 | F87: =IF(D87="MPG",_xlfn.XLOOKUP(E87,Sheet2!$A$2:$A$2104,Sheet2!$B$2:$B$2104,""),"") -> 44899 | G87: =+A87-F87 -> 1158.6154 | H87: virupur | I87: Laldiyara | J87: Manish Kumar | K87: 9430695671 | L87: EKOMILK ULTRA PRO ANALYSER | M87: 328963 | N87: Ekomilk Sieringe With Plunger | O87: RM00530 | P87: AR2526E5065 | Q87: 46109 | R87: 70 | S87: 70 | T87: 12.6 | U87: 82.6 | V87: Running | W87: Running | X87: REcovery
A88: 04-02-2026 10:16:50 | B88: =TEXT(A88,"mmm-yy") -> Feb-26 | C88: Bihar | D88: MPG | E88: 10400001 | F88: =IF(D88="MPG",_xlfn.XLOOKUP(E88,Sheet2!$A$2:$A$2104,Sheet2!$B$2:$B$2104,""),"") -> 42979 | G88: =+A88-F88 -> 3078.4284 | H88: MSK MPG gauripur | I88: Jhandapur | J88: Chandan Kumar | K88: 6299652936 | L88: WEIGHING SCALE 60 KG | M88: E-214082361 | N88: Load Cell 100 Kg 60310 | O88: RM00006 | P88: AR2526E5065 | Q88: 46109 | R88: 2800 | S88: 2800 | T88: 504 | U88: 3304 | V88: Running | W88: Running | X88: REcovery
A89: 04-02-2026 16:52:57 | B89: =TEXT(A89,"mmm-yy") -> Feb-26 | C89: Bihar | D89: MPG | E89: 10030075 | F89: =IF(D89="MPG",_xlfn.XLOOKUP(E89,Sheet2!$A$2:$A$2104,Sheet2!$B$2:$B$2104,""),"") -> 45869 | G89: =+A89-F89 -> 188.70344 | H89: katahra | I89: Asarganj | J89: sanjiv Kumar | K89: 6203636473 | L89: EKOMILK ULTRA PRO ANALYSER | M89: 2349697 | N89: Fatscan " Y " Pipe | O89: SF00145 | P89: AR2526E5065 | Q89: 46109 | R89: 84 | S89: 84 | T89: 15.12 | U89: 99.12 | V89: Running | W89: Running | X89: No
A90: 04-02-2026 16:18:59 | B90: =TEXT(A90,"mmm-yy") -> Feb-26 | C90: Bihar | D90: MPG | E90: 10020023 | F90: =IF(D90="MPG",_xlfn.XLOOKUP(E90,Sheet2!$A$2:$A$2104,Sheet2!$B$2:$B$2104,""),"") -> 44779 | G90: =+A90-F90 -> 1278.6798 | H90: juwsh | I90: Laldiyara | J90: mairtyumjay Kumar | K90: 7979912299 | L90: Everest Smart Tab-based Android Terminal (Table-top) with Inbuilt Printer | M90: GTD-23013855 | N90: Battery 3.7V/2600Mah | O90: RM00980 | P90: AR2526E5065 | Q90: 46109 | R90: 350 | S90: 350 | T90: 63 | U90: 413 | V90: Running | W90: Running | X90: REcovery
A91: 04-02-2026 10:32:29 | B91: =TEXT(A91,"mmm-yy") -> Feb-26 | C91: Bihar | D91: MPG | E91: 10100038 | F91: =IF(D91="MPG",_xlfn.XLOOKUP(E91,Sheet2!$A$2:$A$2104,Sheet2!$B$2:$B$2104,""),"") -> 45260 | G91: =+A91-F91 -> 797.43922 | H91: Gomukh Arariya Ward No 9 | I91: Parbatta | J91: Shard kumar | K91: 7321047297 | L91: EKOMILK ULTRA PRO ANALYSER | M91: 387787 | N91: Ekomilk LCD Display | O91: RM00511 | P91: AR2526E5065 | Q91: 46109 | R91: 790 | S91: 790 | T91: 142.2 | U91: 932.2 | V91: Status not confirmed | W91: Status not confirmed
A92: 03-02-2026 16:19:06 | B92: =TEXT(A92,"mmm-yy") -> Feb-26 | C92: Bihar | D92: MPG | E92: 10060116 | F92: =IF(D92="MPG",_xlfn.XLOOKUP(E92,Sheet2!$A$2:$A$2104,Sheet2!$B$2:$B$2104,""),"") -> 45899 | G92: =+A92-F92 -> 157.67993 | H92: losghani | I92: Sonvarsha | J92: Rinku devi | K92: 9279868783 | L92: WEIGHING SCALE 60 KG | M92: GNE-23061081 | N92: SWS Motherboard (Version 1.1) | O92: RM00973 | P92: AR2526E5065 | Q92: 46109 | R92: 2080 | S92: 2080 | T92: 374.4 | U92: 2454.4 | V92: Running | W92: Running | X92: No
A93: 03-02-2026 16:18:44 | B93: =TEXT(A93,"mmm-yy") -> Feb-26 | C93: Bihar | D93: MPG | E93: 10110073 | F93: =IF(D93="MPG",_xlfn.XLOOKUP(E93,Sheet2!$A$2:$A$2104,Sheet2!$B$2:$B$2104,""),"") -> 45323 | G93: =+A93-F93 -> 733.67968 | H93: Nista tol | I93: Laldiyara | J93: vakil yadav | K93: 7549402232 | L93: WEIGHING SCALE 60 KG | M93: GNE-23024441 | N93: SWS Motherboard (Version 1.1) | O93: RM00973 | P93: AR2526E5065 | Q93: 46109 | R93: 2080 | S93: 2080 | T93: 374.4 | U93: 2454.4 | V93: Status not confirmed | W93: Status not confirmed
A94: 02-02-2026 16:29:31 | B94: =TEXT(A94,"mmm-yy") -> Feb-26 | C94: Bihar | D94: MPG | E94: 10120095 | F94: =IF(D94="MPG",_xlfn.XLOOKUP(E94,Sheet2!$A$2:$A$2104,Sheet2!$B$2:$B$2104,""),"") -> 45705 | G94: =+A94-F94 -> 350.68716 | H94: tirgunj | I94: DalsinghSarai | J94: Muna | K94: 8434449379 | L94: EKOMILK ULTRA PRO ANALYSER | M94: 2352041 | N94: Ekomilk Sieringe With Plunger | O94: RM00530 | P94: AR2526E5065 | Q94: 46109 | R94: 70 | S94: 70 | T94: 12.6 | U94: 82.6 | V94: Running | W94: Running | X94: Yes
A95: 02-02-2026 16:29:31 | B95: =TEXT(A95,"mmm-yy") -> Feb-26 | C95: Bihar | D95: MPG | E95: 10120095 | F95: =IF(D95="MPG",_xlfn.XLOOKUP(E95,Sheet2!$A$2:$A$2104,Sheet2!$B$2:$B$2104,""),"") -> 45705 | G95: =+A95-F95 -> 350.68716 | H95: tirgunj | I95: DalsinghSarai | J95: Muna | K95: 8434449379 | L95: EKOMILK ULTRA PRO ANALYSER | M95: 2352041 | N95: Ekomilk Sieringe With Plunger | O95: RM00530 | P95: AR2526E5065 | Q95: 46109 | R95: 70 | S95: 70 | T95: 12.6 | U95: 82.6 | V95: Running | W95: Running | X95: Yes
A96: 24-03-2026 12:28:41 | B96: 46082 | C96: Bihar | D96: MPG | E96: 10110106 | F96: =IF(D96="MPG",_xlfn.XLOOKUP(E96,Sheet2!$A$2:$A$2104,Sheet2!$B$2:$B$2104,""),"") -> 45692 | G96: =+A96-F96 -> 413.51992 | H96: RAHIMPUR DAKSHIN | J96: KASISH | K96: 7542880079 | L96: EKOMILK ULTRA PRO ANALYSER | M96: 386973 | N96: Ekomilk LCD Display | O96: RM00511 | R96: 790 | T96: 142.2 | U96: 932.2 | X96: REcovery
A97: 24-03-2026 12:28:41 | B97: 46082 | C97: Bihar | D97: MPG | E97: 10110106 | F97: =IF(D97="MPG",_xlfn.XLOOKUP(E97,Sheet2!$A$2:$A$2104,Sheet2!$B$2:$B$2104,""),"") -> 45692 | G97: =+A97-F97 -> 413.51992 | H97: RAHIMPUR DAKSHIN | J97: KASISH | K97: 7542880079 | L97: EKOMILK ULTRA PRO ANALYSER | M97: 386973 | N97: Ekomilk Motorpump Set New | O97: TR00181 | R97: 2000 | T97: 360 | U97: 2360 | X97: REcovery
A98: 24-03-2026 15:04:55 | B98: 46082 | C98: Bihar | D98: MPG | E98: 10140007 | F98: =IF(D98="MPG",_xlfn.XLOOKUP(E98,Sheet2!$A$2:$A$2104,Sheet2!$B$2:$B$2104,""),"") -> 44664 | G98: =+A98-F98 -> 1441.6284 | H98: ENGLISH DUBAULI | J98: Akshay kumar Yadav | K98: 8651703765 | L98: EKOMILK ULTRA PRO ANALYSER | M98: 360147 | N98: Ekomilk Sieringe With Plunger | O98: RM00530 | R98: 70 | T98: 12.6 | U98: 82.6 | X98: REcovery
A99: 23-03-2026 18:26:45 | B99: 46082 | C99: Bihar | D99: MPG | E99: 10110140 | F99: =IF(D99="MPG",_xlfn.XLOOKUP(E99,Sheet2!$A$2:$A$2104,Sheet2!$B$2:$B$2104,""),"") -> 45786 | G99: =+A99-F99 -> 318.76858 | H99: GAMHARIYA | J99: BHUSAN KUMAR | K99: 9570352603 | L99: EKOMILK ULTRA PRO ANALYSER | M99: 277504 | N99: Fatscan ABS Body Plunger | O99: RM01811 | R99: 70 | T99: 12.6 | U99: 82.6 | X99: Yes
A100: 23-03-2026 18:26:45 | B100: 46082 | C100: Bihar | D100: MPG | E100: 10110140 | F100: =IF(D100="MPG",_xlfn.XLOOKUP(E100,Sheet2!$A$2:$A$2104,Sheet2!$B$2:$B$2104,""),"") -> 45786 | G100: =+A100-F100 -> 318.76858 | H100: GAMHARIYA | J100: BHUSAN KUMAR | K100: 9570352603 | L100: EKOMILK ULTRA PRO ANALYSER | M100: 277504 | N100: Fatscan ABS Body Plunger | O100: RM01811 | R100: 70 | T100: 12.6 | U100: 82.6 | X100: Yes
A101: 21-03-2026 17:02:25 | B101: 46082 | C101: Bihar | D101: MPG | E101: 10110055 | F101: =IF(D101="MPG",_xlfn.XLOOKUP(E101,Sheet2!$A$2:$A$2104,Sheet2!$B$2:$B$2104,""),"") -> 45323 | G101: =+A101-F101 -> 779.71001 | H101: Mathar word 10 bmc S kamal | J101: Manish Kumar | K101: 6204172365 | L101: EKOMILK ULTRA PRO ANALYSER | M101: 386970 | N101: Ekomilk Keyboard | O101: RM00512 | R101: 770 | T101: 138.6 | U101: 908.6 | X101: REcovery
...

Sheet Sheet2
A1: New Code | B1: Start Date
A2: 10520001 | B2: 43388
A3: 10520002 | B3: 43736
A4: 10520003 | B4: 45050
A5: 10520004 | B5: 45197
A6: 10520005 | B6: 45681
A7: 10520008 | B7: 45766
A8: 10520007 | B8: 45768
A9: 10520009 | B9: 45831
A10: 10520012 | B10: 46199
A11: 10520014 | B11: 46235
A12: 10110141 | B12: 45786
A13: 10110140 | B13: 45786
... A2104: 10570073 | B2104: 46233
