Workbook
Name Account_Details: #REF!
Name Amount: #REF!
Name CF_Recovery: #REF!
Name Code: #REF!
Name FAT_Range: #REF!
Name Net_Amount: #REF!
Name Other_Ded: #REF!
Name Rate_Chart_Kaimur: #REF!
Name Sample_Milk: #REF!
Name SNF_Range: #REF!
Name Vol_L: #REF!

Sheet MPG Payment
A2: BMC Code | B2: MCC Name | C2: Code | D2: Old Code | E2: MPG NAME | F2: Type | G2: Farmer Payment | H2: BMC Volume | I2: BMC Amount | J2: Payable | K2: Vet Deduction | L2: CF Deduction | M2: Can | N2: Advance | O2: Payable to MPG | P2: Hold Amount | Q2: Final Payment | R2: Stop Payment | S2: Hold Reason | T2: Cycle | V2: Sahayak Comm @ 1.75% | W2: Retain Comm @ 0.25% | X2: Payable Commission | Y2: Other Deduction | Z2: Net payable | AB2: beneficiary_name | AC2: bank_account_no | AD2: IFSC | AE2: u | AF2: am | AG2: Diff | AK2: Opening Can Balance
A3: 1062 | B3: Ramgarh | C3: 10620002 | D3: =VLOOKUP(C3,DSC_Master!$C$1:D101,2,0) -> 64592 | E3: =VLOOKUP(C3,DSC_Master!$C$1:$K$201,4,0) -> UDHAPURA DSK | F3: MPG | G3: Indirect | H3: 464 | I3: 20166.57 | J3: =I3 -> 20166.57 | M3: =IF(AK3>0,MAX(IF(AK3>0,J3*2%),300),0) -> 0 | O3: =J3-SUM(K3:N3) -> 20166.57 | P3: =IF(R3="Yes",O3,0) -> 0 | Q3: =O3-P3 -> 20166.57 | R3: 0 | T3: {=SUBSTITUTE(SUBSTITUTE(MID(CELL("filename"),FIND("[",CELL("filename"))+1,FIND("]",CELL("filename"))-FIND("[",CELL("filename"))-1),"Farmer Payment-",""),".xlsb","")} -> Ramgarh Kaimur_Farmer Payment_28-03 Aug.xlsx | V3: =I3*1.75% -> 352.91498 | W3: =I3*0.25% -> 50.416426 | X3: =V3-W3 -> 302.49855 | Y3: 0 | Z3: =X3-Y3 -> 302.49855 | AB3: =VLOOKUP(C3,DSC_Master!$C$1:$K$201,9,0) -> BAL GOPAL YADAV | AC3: =VLOOKUP(C3,DSC_Master!$C$1:$J$202,8,0) -> 37483995547 | AD3: =VLOOKUP(C3,DSC_Master!$C$1:$J$202,7,0) -> SBIN0000076 | AF3: 20168.36 | AG3: =Q3-AF3 -> -1.789793 | AK3: =IFERROR(VLOOKUP(D3,'Milk Can'!D:U,18,0),0) -> 0
A4: 1062 | B4: Ramgarh | C4: 10620004 | D4: =VLOOKUP(C4,DSC_Master!$C$1:D102,2,0) -> 64600 | E4: =VLOOKUP(C4,DSC_Master!$C$1:$K$201,4,0) -> BHAMBHHOR DSK | F4: MPG | G4: Indirect | H4: 767 | I4: 32671.052 | J4: =I4 -> 32671.052 | M4: =IF(AK4>0,MAX(IF(AK4>0,J4*2%),300),0) -> 653.42105 | O4: =J4-SUM(K4:N4) -> 32017.631 | P4: =IF(R4="Yes",O4,0) -> 0 | Q4: =O4-P4 -> 32017.631 | R4: 0 | T4: {=SUBSTITUTE(SUBSTITUTE(MID(CELL("filename"),FIND("[",CELL("filename"))+1,FIND("]",CELL("filename"))-FIND("[",CELL("filename"))-1),"Farmer Payment-",""),".xlsb","")} -> Ramgarh Kaimur_Farmer Payment_28-03 Aug.xlsx | V4: =I4*1.75% -> 571.74342 | W4: =I4*0.25% -> 81.677631 | X4: =V4-W4 -> 490.06579 | Y4: 0 | Z4: =X4-Y4 -> 490.06579 | AB4: =VLOOKUP(C4,DSC_Master!$C$1:$K$201,9,0) -> DEEPAK KUMAR YADAV | AC4: =VLOOKUP(C4,DSC_Master!$C$1:$J$202,8,0) -> 924010010956816 | AD4: =VLOOKUP(C4,DSC_Master!$C$1:$J$202,7,0) -> UTIB0001632 | AF4: 32672.54 | AG4: =Q4-AF4 -> -654.90862 | AK4: =IFERROR(VLOOKUP(D4,'Milk Can'!D:U,18,0),0) -> 2895.1583
A5: 1062 | B5: Ramgarh | C5: 10620005 | D5: =VLOOKUP(C5,DSC_Master!$C$1:D103,2,0) -> 64505 | E5: =VLOOKUP(C5,DSC_Master!$C$1:$K$201,4,0) -> MAHUWARIYA DSK | F5: MPG | G5: Indirect | H5: 548 | I5: 32729.775 | J5: =I5 -> 32729.775 | M5: =IF(AK5>0,MAX(IF(AK5>0,J5*2%),300),0) -> 0 | O5: =J5-SUM(K5:N5) -> 32729.775 | P5: =IF(R5="Yes",O5,0) -> 0 | Q5: =O5-P5 -> 32729.775 | R5: 0 | T5: {=SUBSTITUTE(SUBSTITUTE(MID(CELL("filename"),FIND("[",CELL("filename"))+1,FIND("]",CELL("filename"))-FIND("[",CELL("filename"))-1),"Farmer Payment-",""),".xlsb","")} -> Ramgarh Kaimur_Farmer Payment_28-03 Aug.xlsx | V5: =I5*1.75% -> 572.77105 | W5: =I5*0.25% -> 81.824436 | X5: =V5-W5 -> 490.94662 | Y5: 0 | Z5: =X5-Y5 -> 490.94662 | AB5: =VLOOKUP(C5,DSC_Master!$C$1:$K$201,9,0) -> DINESH KUMAR | AC5: =VLOOKUP(C5,DSC_Master!$C$1:$J$202,8,0) -> 20315506501 | AD5: =VLOOKUP(C5,DSC_Master!$C$1:$J$202,7,0) -> SBIN0014328 | AF5: 32730.76 | AG5: =Q5-AF5 -> -0.9854856 | AK5: =IFERROR(VLOOKUP(D5,'Milk Can'!D:U,18,0),0) -> 0
A6: 1062 | B6: Ramgarh | C6: 10620008 | D6: =VLOOKUP(C6,DSC_Master!$C$1:D104,2,0) -> 64544 | E6: =VLOOKUP(C6,DSC_Master!$C$1:$K$201,4,0) -> ASHUDHA DSK | F6: MPG | G6: Indirect | H6: 361 | I6: 19264.285 | J6: =I6 -> 19264.285 | M6: =IF(AK6>0,MAX(IF(AK6>0,J6*2%),300),0) -> 0 | O6: =J6-SUM(K6:N6) -> 19264.285 | P6: =IF(R6="Yes",O6,0) -> 0 | Q6: =O6-P6 -> 19264.285 | R6: 0 | T6: {=SUBSTITUTE(SUBSTITUTE(MID(CELL("filename"),FIND("[",CELL("filename"))+1,FIND("]",CELL("filename"))-FIND("[",CELL("filename"))-1),"Farmer Payment-",""),".xlsb","")} -> Ramgarh Kaimur_Farmer Payment_28-03 Aug.xlsx | V6: =I6*1.75% -> 337.12499 | W6: =I6*0.25% -> 48.160713 | X6: =V6-W6 -> 288.96428 | Y6: 0 | Z6: =X6-Y6 -> 288.96428 | AB6: =VLOOKUP(C6,DSC_Master!$C$1:$K$201,9,0) -> KAMLESH SINGH | AC6: =VLOOKUP(C6,DSC_Master!$C$1:$J$202,8,0) -> 20100077569381 | AD6: =VLOOKUP(C6,DSC_Master!$C$1:$J$202,7,0) -> BDBL0001544 | AF6: 19264.87 | AG6: =Q6-AF6 -> -0.585 | AK6: =IFERROR(VLOOKUP(D6,'Milk Can'!D:U,18,0),0) -> 0
A7: 1062 | B7: Ramgarh | C7: 10620009 | D7: =VLOOKUP(C7,DSC_Master!$C$1:D105,2,0) -> 64571 | E7: =VLOOKUP(C7,DSC_Master!$C$1:$K$201,4,0) -> JAVRI DSK | F7: MPG | G7: Indirect | H7: 819 | I7: 37592.412 | J7: =I7 -> 37592.412 | M7: =IF(AK7>0,MAX(IF(AK7>0,J7*2%),300),0) -> 0 | O7: =J7-SUM(K7:N7) -> 37592.412 | P7: =IF(R7="Yes",O7,0) -> 0 | Q7: =O7-P7 -> 37592.412 | R7: 0 | T7: {=SUBSTITUTE(SUBSTITUTE(MID(CELL("filename"),FIND("[",CELL("filename"))+1,FIND("]",CELL("filename"))-FIND("[",CELL("filename"))-1),"Farmer Payment-",""),".xlsb","")} -> Ramgarh Kaimur_Farmer Payment_28-03 Aug.xlsx | V7: =I7*1.75% -> 657.8672 | W7: =I7*0.25% -> 93.981029 | X7: =V7-W7 -> 563.88618 | Y7: 0 | Z7: =X7-Y7 -> 563.88618 | AB7: =VLOOKUP(C7,DSC_Master!$C$1:$K$201,9,0) -> KANHAIYA YADAV | AC7: =VLOOKUP(C7,DSC_Master!$C$1:$J$202,8,0) -> 42108869535 | AD7: =VLOOKUP(C7,DSC_Master!$C$1:$J$202,7,0) -> SBIN0014328 | AF7: 37593.96 | AG7: =Q7-AF7 -> -1.5483109 | AK7: =IFERROR(VLOOKUP(D7,'Milk Can'!D:U,18,0),0) -> 0
A8: 1062 | B8: Ramgarh | C8: 10620010 | D8: =VLOOKUP(C8,DSC_Master!$C$1:D106,2,0) -> 64508 | E8: =VLOOKUP(C8,DSC_Master!$C$1:$K$201,4,0) -> LARMA DSK | F8: MPG | G8: Indirect | H8: 405 | I8: 22184.014 | J8: =I8 -> 22184.014 | M8: =IF(AK8>0,MAX(IF(AK8>0,J8*2%),300),0) -> 0 | O8: =J8-SUM(K8:N8) -> 22184.014 | P8: =IF(R8="Yes",O8,0) -> 0 | Q8: =O8-P8 -> 22184.014 | R8: 0 | T8: {=SUBSTITUTE(SUBSTITUTE(MID(CELL("filename"),FIND("[",CELL("filename"))+1,FIND("]",CELL("filename"))-FIND("[",CELL("filename"))-1),"Farmer Payment-",""),".xlsb","")} -> Ramgarh Kaimur_Farmer Payment_28-03 Aug.xlsx | V8: =I8*1.75% -> 388.22024 | W8: =I8*0.25% -> 55.460034 | X8: =V8-W8 -> 332.76021 | Y8: 0 | Z8: =X8-Y8 -> 332.76021 | AB8: =VLOOKUP(C8,DSC_Master!$C$1:$K$201,9,0) -> KHUSHABU YADAV | AC8: =VLOOKUP(C8,DSC_Master!$C$1:$J$202,8,0) -> 2367000100137224 | AD8: =VLOOKUP(C8,DSC_Master!$C$1:$J$202,7,0) -> PUNB0236700 | AF8: 22184.89 | AG8: =Q8-AF8 -> -0.8763055 | AK8: =IFERROR(VLOOKUP(D8,'Milk Can'!D:U,18,0),0) -> 0
A9: 1062 | B9: Ramgarh | C9: 10620012 | D9: =VLOOKUP(C9,DSC_Master!$C$1:D107,2,0) -> 64515 | E9: =VLOOKUP(C9,DSC_Master!$C$1:$K$201,4,0) -> DHARHARA DSK | F9: MPG | G9: Indirect | H9: 679 | I9: 32742.796 | J9: =I9 -> 32742.796 | M9: =IF(AK9>0,MAX(IF(AK9>0,J9*2%),300),0) -> 0 | O9: =J9-SUM(K9:N9) -> 32742.796 | P9: =IF(R9="Yes",O9,0) -> 0 | Q9: =O9-P9 -> 32742.796 | R9: 0 | T9: {=SUBSTITUTE(SUBSTITUTE(MID(CELL("filename"),FIND("[",CELL("filename"))+1,FIND("]",CELL("filename"))-FIND("[",CELL("filename"))-1),"Farmer Payment-",""),".xlsb","")} -> Ramgarh Kaimur_Farmer Payment_28-03 Aug.xlsx | V9: =I9*1.75% -> 572.99892 | W9: =I9*0.25% -> 81.856989 | X9: =V9-W9 -> 491.14194 | Y9: 0 | Z9: =X9-Y9 -> 491.14194 | AB9: =VLOOKUP(C9,DSC_Master!$C$1:$K$201,9,0) -> SHREE NIWAS YADAV | AC9: =VLOOKUP(C9,DSC_Master!$C$1:$J$202,8,0) -> 37905177514 | AD9: =VLOOKUP(C9,DSC_Master!$C$1:$J$202,7,0) -> SBIN0006137 | AF9: 32743.12 | AG9: =Q9-AF9 -> -0.3242995 | AK9: =IFERROR(VLOOKUP(D9,'Milk Can'!D:U,18,0),0) -> 0
A10: 1062 | B10: Ramgarh | C10: 10620013 | D10: =VLOOKUP(C10,DSC_Master!$C$1:D108,2,0) -> 64523 | E10: =VLOOKUP(C10,DSC_Master!$C$1:$K$201,4,0) -> KHADSARA DSK | F10: MPG | G10: Indirect | H10: 166 | I10: 10827.445 | J10: =I10 -> 10827.445 | M10: =IF(AK10>0,MAX(IF(AK10>0,J10*2%),300),0) -> 300 | O10: =J10-SUM(K10:N10) -> 10527.445 | P10: =IF(R10="Yes",O10,0) -> 0 | Q10: =O10-P10 -> 10527.445 | R10: 0 | T10: {=SUBSTITUTE(SUBSTITUTE(MID(CELL("filename"),FIND("[",CELL("filename"))+1,FIND("]",CELL("filename"))-FIND("[",CELL("filename"))-1),"Farmer Payment-",""),".xlsb","")} -> Ramgarh Kaimur_Farmer Payment_28-03 Aug.xlsx | V10: =I10*1.75% -> 189.48029 | W10: =I10*0.25% -> 27.068613 | X10: =V10-W10 -> 162.41168 | Y10: 0 | Z10: =X10-Y10 -> 162.41168 | AB10: =VLOOKUP(C10,DSC_Master!$C$1:$K$201,9,0) -> SONU KUMAR | AC10: =VLOOKUP(C10,DSC_Master!$C$1:$J$202,8,0) -> 20421372063 | AD10: =VLOOKUP(C10,DSC_Master!$C$1:$J$202,7,0) -> SBIN0014328 | AF10: 10827.91 | AG10: =Q10-AF10 -> -300.465 | AK10: =IFERROR(VLOOKUP(D10,'Milk Can'!D:U,18,0),0) -> 9600
A11: 1062 | B11: Ramgarh | C11: 10620014 | D11: =VLOOKUP(C11,DSC_Master!$C$1:D109,2,0) -> 60628 | E11: =VLOOKUP(C11,DSC_Master!$C$1:$K$201,4,0) -> BAIJNATH DSK | F11: MPG | G11: Indirect | H11: 142 | I11: 6284.0504 | J11: =I11 -> 6284.0504 | M11: =IF(AK11>0,MAX(IF(AK11>0,J11*2%),300),0) -> 0 | O11: =J11-SUM(K11:N11) -> 6284.0504 | P11: =IF(R11="Yes",O11,0) -> 0 | Q11: =O11-P11 -> 6284.0504 | R11: 0 | T11: {=SUBSTITUTE(SUBSTITUTE(MID(CELL("filename"),FIND("[",CELL("filename"))+1,FIND("]",CELL("filename"))-FIND("[",CELL("filename"))-1),"Farmer Payment-",""),".xlsb","")} -> Ramgarh Kaimur_Farmer Payment_28-03 Aug.xlsx | V11: =I11*1.75% -> 109.97088 | W11: =I11*0.25% -> 15.710126 | X11: =V11-W11 -> 94.260756 | Y11: 0 | Z11: =X11-Y11 -> 94.260756 | AB11: =VLOOKUP(C11,DSC_Master!$C$1:$K$201,9,0) -> PARASH SINGH | AC11: =VLOOKUP(C11,DSC_Master!$C$1:$J$202,8,0) -> 2784000100175715 | AD11: =VLOOKUP(C11,DSC_Master!$C$1:$J$202,7,0) -> PUNB0278400 | AF11: 6284.24 | AG11: =Q11-AF11 -> -0.189573 | AK11: =IFERROR(VLOOKUP(D11,'Milk Can'!D:U,18,0),0) -> 0
A12: 1062 | B12: Ramgarh | C12: 10620015 | D12: =VLOOKUP(C12,DSC_Master!$C$1:D110,2,0) -> 64537 | E12: =VLOOKUP(C12,DSC_Master!$C$1:$K$201,4,0) -> KASTHARI DSK | F12: MPG | G12: Indirect | H12: 497 | I12: 22849.183 | J12: =I12 -> 22849.183 | M12: =IF(AK12>0,MAX(IF(AK12>0,J12*2%),300),0) -> 0 | O12: =J12-SUM(K12:N12) -> 22849.183 | P12: =IF(R12="Yes",O12,0) -> 0 | Q12: =O12-P12 -> 22849.183 | R12: 0 | T12: {=SUBSTITUTE(SUBSTITUTE(MID(CELL("filename"),FIND("[",CELL("filename"))+1,FIND("]",CELL("filename"))-FIND("[",CELL("filename"))-1),"Farmer Payment-",""),".xlsb","")} -> Ramgarh Kaimur_Farmer Payment_28-03 Aug.xlsx | V12: =I12*1.75% -> 399.8607 | W12: =I12*0.25% -> 57.122956 | X12: =V12-W12 -> 342.73774 | Y12: 0 | Z12: =X12-Y12 -> 342.73774 | AB12: =VLOOKUP(C12,DSC_Master!$C$1:$K$201,9,0) -> PAWAN KUMAR SINGH | AC12: =VLOOKUP(C12,DSC_Master!$C$1:$J$202,8,0) -> 2374001500005364 | AD12: =VLOOKUP(C12,DSC_Master!$C$1:$J$202,7,0) -> PUNB0237400 | AF12: 22849.64 | AG12: =Q12-AF12 -> -0.4574058 | AK12: =IFERROR(VLOOKUP(D12,'Milk Can'!D:U,18,0),0) -> 0
A13: 1062 | B13: Ramgarh | C13: 10620016 | D13: =VLOOKUP(C13,DSC_Master!$C$1:D111,2,0) -> 64522 | E13: =VLOOKUP(C13,DSC_Master!$C$1:$K$201,4,0) -> MADANPURA DSK | F13: MPG | G13: Indirect | H13: 396 | I13: 21290.396 | J13: =I13 -> 21290.396 | M13: =IF(AK13>0,MAX(IF(AK13>0,J13*2%),300),0) -> 0 | O13: =J13-SUM(K13:N13) -> 21290.396 | P13: =IF(R13="Yes",O13,0) -> 0 | Q13: =O13-P13 -> 21290.396 | R13: 0 | T13: {=SUBSTITUTE(SUBSTITUTE(MID(CELL("filename"),FIND("[",CELL("filename"))+1,FIND("]",CELL("filename"))-FIND("[",CELL("filename"))-1),"Farmer Payment-",""),".xlsb","")} -> Ramgarh Kaimur_Farmer Payment_28-03 Aug.xlsx | V13: =I13*1.75% -> 372.58193 | W13: =I13*0.25% -> 53.225989 | X13: =V13-W13 -> 319.35594 | Y13: 0 | Z13: =X13-Y13 -> 319.35594 | AB13: =VLOOKUP(C13,DSC_Master!$C$1:$K$201,9,0) -> RAM CHARAN RAI | AC13: =VLOOKUP(C13,DSC_Master!$C$1:$J$202,8,0) -> 2374000100165377 | AD13: =VLOOKUP(C13,DSC_Master!$C$1:$J$202,7,0) -> PUNB0237400 | AF13: 21291.21 | AG13: =Q13-AF13 -> -0.8142 | AK13: =IFERROR(VLOOKUP(D13,'Milk Can'!D:U,18,0),0) -> 0
A14: 1062 | B14: Ramgarh | C14: 10620017 | D14: =VLOOKUP(C14,DSC_Master!$C$1:D112,2,0) -> 64555 | E14: =VLOOKUP(C14,DSC_Master!$C$1:$K$201,4,0) -> DEHWALIYA DSK | F14: MPG | G14: Indirect | H14: 281 | I14: 11103.225 | J14: =I14 -> 11103.225 | M14: =IF(AK14>0,MAX(IF(AK14>0,J14*2%),300),0) -> 300 | O14: =J14-SUM(K14:N14) -> 10803.225 | P14: =IF(R14="Yes",O14,0) -> 0 | Q14: =O14-P14 -> 10803.225 | R14: 0 | T14: {=SUBSTITUTE(SUBSTITUTE(MID(CELL("filename"),FIND("[",CELL("filename"))+1,FIND("]",CELL("filename"))-FIND("[",CELL("filename"))-1),"Farmer Payment-",""),".xlsb","")} -> Ramgarh Kaimur_Farmer Payment_28-03 Aug.xlsx | V14: =I14*1.75% -> 194.30644 | W14: =I14*0.25% -> 27.758062 | X14: =V14-W14 -> 166.54837 | Y14: 0 | Z14: =X14-Y14 -> 166.54837 | AB14: =VLOOKUP(C14,DSC_Master!$C$1:$K$201,9,0) -> SATENDRA YADAV | AC14: =VLOOKUP(C14,DSC_Master!$C$1:$J$202,8,0) -> 14462413000951 | AD14: =VLOOKUP(C14,DSC_Master!$C$1:$J$202,7,0) -> PUNB0269600 | AF14: 11103.13 | AG14: =Q14-AF14 -> -299.90502 | AK14: =IFERROR(VLOOKUP(D14,'Milk Can'!D:U,18,0),0) -> 6300
... A16: 1062 | B16: Ramgarh | C16: 10620020 | D16: =VLOOKUP(C16,DSC_Master!$C$1:D114,2,0) -> 64552 | E16: =VLOOKUP(C16,DSC_Master!$C$1:$K$201,4,0) -> KRAPALPUR DSK | F16: MPG | G16: Indirect | H16: 169 | I16: 8950.365 | J16: =I16 -> 8950.365 | M16: =IF(AK16>0,MAX(IF(AK16>0,J16*2%),300),0) -> 0 | O16: =J16-SUM(K16:N16) -> 8950.365 | P16: =IF(R16="Yes",O16,0) -> 0 | Q16: =O16-P16 -> 8950.365 | R16: 0 | T16: {=SUBSTITUTE(SUBSTITUTE(MID(CELL("filename"),FIND("[",CELL("filename"))+1,FIND("]",CELL("filename"))-FIND("[",CELL("filename"))-1),"Farmer Payment-",""),".xlsb","")} -> Ramgarh Kaimur_Farmer Payment_28-03 Aug.xlsx | V16: =I16*1.75% -> 156.63139 | W16: =I16*0.25% -> 22.375912 | X16: =V16-W16 -> 134.25548 | Y16: 0 | Z16: =X16-Y16 -> 134.25548 | AB16: =VLOOKUP(C16,DSC_Master!$C$1:$K$201,9,0) -> VIJAY NARAYAN SINGH | AC16: =VLOOKUP(C16,DSC_Master!$C$1:$J$202,8,0) -> 2374000100170476 | AD16: =VLOOKUP(C16,DSC_Master!$C$1:$J$202,7,0) -> PUNB0237400 | AF16: 8950.67 | AG16: =Q16-AF16 -> -0.305 | AK16: =IFERROR(VLOOKUP(D16,'Milk Can'!D:U,18,0),0) -> 0
A17: 1062 | B17: Ramgarh | C17: 10620023 | D17: =VLOOKUP(C17,DSC_Master!$C$1:D116,2,0) -> 60606 | E17: =VLOOKUP(C17,DSC_Master!$C$1:$K$201,4,0) -> SISODA DSK | F17: MPG | G17: Indirect | H17: 101 | I17: 5382.9891 | J17: =I17 -> 5382.9891 | M17: =IF(AK17>0,MAX(IF(AK17>0,J17*2%),300),0) -> 0 | O17: =J17-SUM(K17:N17) -> 5382.9891 | P17: =IF(R17="Yes",O17,0) -> 0 | Q17: =O17-P17 -> 5382.9891 | R17: 0 | T17: {=SUBSTITUTE(SUBSTITUTE(MID(CELL("filename"),FIND("[",CELL("filename"))+1,FIND("]",CELL("filename"))-FIND("[",CELL("filename"))-1),"Farmer Payment-",""),".xlsb","")} -> Ramgarh Kaimur_Farmer Payment_28-03 Aug.xlsx | V17: =I17*1.75% -> 94.202309 | W17: =I17*0.25% -> 13.457473 | X17: =V17-W17 -> 80.744836 | Y17: 0 | Z17: =X17-Y17 -> 80.744836 | AB17: =VLOOKUP(C17,DSC_Master!$C$1:$K$201,9,0) -> ARVIND SINGH | AC17: =VLOOKUP(C17,DSC_Master!$C$1:$J$202,8,0) -> 461110510000144 | AD17: =VLOOKUP(C17,DSC_Master!$C$1:$J$202,7,0) -> BKID0004611 | AF17: 5383.03 | AG17: =Q17-AF17 -> -0.0409187 | AK17: =IFERROR(VLOOKUP(D17,'Milk Can'!D:U,18,0),0) -> 0
A18: 1062 | B18: Ramgarh | C18: 10620024 | D18: =VLOOKUP(C18,DSC_Master!$C$1:D117,2,0) -> 60610 | E18: =VLOOKUP(C18,DSC_Master!$C$1:$K$201,4,0) -> KARIRAM DSK | F18: MPG | G18: Indirect | H18: 155 | I18: 5918.9337 | J18: =I18 -> 5918.9337 | M18: =IF(AK18>0,MAX(IF(AK18>0,J18*2%),300),0) -> 0 | O18: =J18-SUM(K18:N18) -> 5918.9337 | P18: =IF(R18="Yes",O18,0) -> 0 | Q18: =O18-P18 -> 5918.9337 | R18: 0 | T18: {=SUBSTITUTE(SUBSTITUTE(MID(CELL("filename"),FIND("[",CELL("filename"))+1,FIND("]",CELL("filename"))-FIND("[",CELL("filename"))-1),"Farmer Payment-",""),".xlsb","")} -> Ramgarh Kaimur_Farmer Payment_28-03 Aug.xlsx | V18: =I18*1.75% -> 103.58134 | W18: =I18*0.25% -> 14.797334 | X18: =V18-W18 -> 88.784005 | Y18: 0 | Z18: =X18-Y18 -> 88.784005 | AB18: =VLOOKUP(C18,DSC_Master!$C$1:$K$201,9,0) -> BHARAT SINGH | AC18: =VLOOKUP(C18,DSC_Master!$C$1:$J$202,8,0) -> 6008001700141624 | AD18: =VLOOKUP(C18,DSC_Master!$C$1:$J$202,7,0) -> PUNB0600800 | AF18: 5918.86 | AG18: =Q18-AF18 -> 0.0736952 | AK18: =IFERROR(VLOOKUP(D18,'Milk Can'!D:U,18,0),0) -> 0
A19: 1062 | B19: Ramgarh | C19: 10620025 | D19: =VLOOKUP(C19,DSC_Master!$C$1:D118,2,0) -> 60612 | E19: =VLOOKUP(C19,DSC_Master!$C$1:$K$201,4,0) -> DAVWARIYA DSK | F19: MPG | G19: Indirect | H19: 285 | I19: 13801.69 | J19: =I19 -> 13801.69 | M19: =IF(AK19>0,MAX(IF(AK19>0,J19*2%),300),0) -> 0 | O19: =J19-SUM(K19:N19) -> 13801.69 | P19: =IF(R19="Yes",O19,0) -> 0 | Q19: =O19-P19 -> 13801.69 | R19: 0 | T19: {=SUBSTITUTE(SUBSTITUTE(MID(CELL("filename"),FIND("[",CELL("filename"))+1,FIND("]",CELL("filename"))-FIND("[",CELL("filename"))-1),"Farmer Payment-",""),".xlsb","")} -> Ramgarh Kaimur_Farmer Payment_28-03 Aug.xlsx | V19: =I19*1.75% -> 241.52958 | W19: =I19*0.25% -> 34.504225 | X19: =V19-W19 -> 207.02535 | Y19: 0 | Z19: =X19-Y19 -> 207.02535 | AB19: =VLOOKUP(C19,DSC_Master!$C$1:$K$201,9,0) -> DINESH SINGH | AC19: =VLOOKUP(C19,DSC_Master!$C$1:$J$202,8,0) -> 6008000100136180 | AD19: =VLOOKUP(C19,DSC_Master!$C$1:$J$202,7,0) -> PUNB0600800 | AF19: 13802.4 | AG19: =Q19-AF19 -> -0.7099735 | AK19: =IFERROR(VLOOKUP(D19,'Milk Can'!D:U,18,0),0) -> 0
A20: 1062 | B20: Ramgarh | C20: 10620026 | D20: =VLOOKUP(C20,DSC_Master!$C$1:D119,2,0) -> 64528 | E20: =VLOOKUP(C20,DSC_Master!$C$1:$K$201,4,0) -> TARITHA DSK | F20: MPG | G20: Indirect | H20: 449 | I20: 22837.642 | J20: =I20 -> 22837.642 | M20: =IF(AK20>0,MAX(IF(AK20>0,J20*2%),300),0) -> 456.75284 | O20: =J20-SUM(K20:N20) -> 22380.889 | P20: =IF(R20="Yes",O20,0) -> 0 | Q20: =O20-P20 -> 22380.889 | R20: 0 | T20: {=SUBSTITUTE(SUBSTITUTE(MID(CELL("filename"),FIND("[",CELL("filename"))+1,FIND("]",CELL("filename"))-FIND("[",CELL("filename"))-1),"Farmer Payment-",""),".xlsb","")} -> Ramgarh Kaimur_Farmer Payment_28-03 Aug.xlsx | V20: =I20*1.75% -> 399.65873 | W20: =I20*0.25% -> 57.094105 | X20: =V20-W20 -> 342.56463 | Y20: 0 | Z20: =X20-Y20 -> 342.56463 | AB20: =VLOOKUP(C20,DSC_Master!$C$1:$K$201,9,0) -> MANOJ KUMAR SINGH | AC20: =VLOOKUP(C20,DSC_Master!$C$1:$J$202,8,0) -> 461118210002964 | AD20: =VLOOKUP(C20,DSC_Master!$C$1:$J$202,7,0) -> BKID0004611 | AF20: 22951.75 | AG20: =Q20-AF20 -> -570.86096 | AK20: =IFERROR(VLOOKUP(D20,'Milk Can'!D:U,18,0),0) -> 2843.0428
A21: 1062 | B21: Ramgarh | C21: 10620028 | D21: =VLOOKUP(C21,DSC_Master!$C$1:D120,2,0) -> 60611 | E21: =VLOOKUP(C21,DSC_Master!$C$1:$K$201,4,0) -> AKHOLI DSK | F21: MPG | G21: Indirect | H21: 72 | I21: 3124.943 | J21: =I21 -> 3124.943 | M21: =IF(AK21>0,MAX(IF(AK21>0,J21*2%),300),0) -> 0 | O21: =J21-SUM(K21:N21) -> 3124.943 | P21: =IF(R21="Yes",O21,0) -> 0 | Q21: =O21-P21 -> 3124.943 | R21: 0 | T21: {=SUBSTITUTE(SUBSTITUTE(MID(CELL("filename"),FIND("[",CELL("filename"))+1,FIND("]",CELL("filename"))-FIND("[",CELL("filename"))-1),"Farmer Payment-",""),".xlsb","")} -> Ramgarh Kaimur_Farmer Payment_28-03 Aug.xlsx | V21: =I21*1.75% -> 54.686502 | W21: =I21*0.25% -> 7.8123575 | X21: =V21-W21 -> 46.874145 | Y21: 0 | Z21: =X21-Y21 -> 46.874145 | AB21: =VLOOKUP(C21,DSC_Master!$C$1:$K$201,9,0) -> RAJU JAISWAL | AC21: =VLOOKUP(C21,DSC_Master!$C$1:$J$202,8,0) -> 6008000100017669 | AD21: =VLOOKUP(C21,DSC_Master!$C$1:$J$202,7,0) -> PUNB0600800 | AF21: 3125 | AG21: =Q21-AF21 -> -0.0570023 | AK21: =IFERROR(VLOOKUP(D21,'Milk Can'!D:U,18,0),0) -> 0
A22: 1062 | B22: Ramgarh | C22: 10620029 | D22: =VLOOKUP(C22,DSC_Master!$C$1:D121,2,0) -> 64547 | E22: =VLOOKUP(C22,DSC_Master!$C$1:$K$201,4,0) -> TIWAY DSK | F22: MPG | G22: Indirect | H22: 1783 | I22: 88551.629 | J22: =I22 -> 88551.629 | M22: =IF(AK22>0,MAX(IF(AK22>0,J22*2%),300),0) -> 1771.0326 | O22: =J22-SUM(K22:N22) -> 86780.596 | P22: =IF(R22="Yes",O22,0) -> 0 | Q22: =O22-P22 -> 86780.596 | R22: 0 | T22: {=SUBSTITUTE(SUBSTITUTE(MID(CELL("filename"),FIND("[",CELL("filename"))+1,FIND("]",CELL("filename"))-FIND("[",CELL("filename"))-1),"Farmer Payment-",""),".xlsb","")} -> Ramgarh Kaimur_Farmer Payment_28-03 Aug.xlsx | V22: =I22*1.75% -> 1549.6535 | W22: =I22*0.25% -> 221.37907 | X22: =V22-W22 -> 1328.2744 | Y22: 0 | Z22: =X22-Y22 -> 1328.2744 | AB22: =VLOOKUP(C22,DSC_Master!$C$1:$K$201,9,0) -> RAKESH GUPTA | AC22: =VLOOKUP(C22,DSC_Master!$C$1:$J$202,8,0) -> 6008001700240518 | AD22: =VLOOKUP(C22,DSC_Master!$C$1:$J$202,7,0) -> PUNB0600800 | AF22: 88553.53 | AG22: =Q22-AF22 -> -1772.934 | AK22: =IFERROR(VLOOKUP(D22,'Milk Can'!D:U,18,0),0) -> 5764.9564
A23: 1062 | B23: Ramgarh | C23: 10620030 | D23: =VLOOKUP(C23,DSC_Master!$C$1:D122,2,0) -> 64514 | E23: =VLOOKUP(C23,DSC_Master!$C$1:$K$201,4,0) -> PAJRAWN DSK | F23: MPG | G23: Indirect | H23: 964 | I23: 47615.492 | J23: =I23 -> 47615.492 | M23: =IF(AK23>0,MAX(IF(AK23>0,J23*2%),300),0) -> 952.30983 | O23: =J23-SUM(K23:N23) -> 46663.182 | P23: =IF(R23="Yes",O23,0) -> 0 | Q23: =O23-P23 -> 46663.182 | R23: 0 | T23: {=SUBSTITUTE(SUBSTITUTE(MID(CELL("filename"),FIND("[",CELL("filename"))+1,FIND("]",CELL("filename"))-FIND("[",CELL("filename"))-1),"Farmer Payment-",""),".xlsb","")} -> Ramgarh Kaimur_Farmer Payment_28-03 Aug.xlsx | V23: =I23*1.75% -> 833.2711 | W23: =I23*0.25% -> 119.03873 | X23: =V23-W23 -> 714.23237 | Y23: 0 | Z23: =X23-Y23 -> 714.23237 | AB23: =VLOOKUP(C23,DSC_Master!$C$1:$K$201,9,0) -> RAKESH KUMAR YADAV | AC23: =VLOOKUP(C23,DSC_Master!$C$1:$J$202,8,0) -> 6008001700156088 | AD23: =VLOOKUP(C23,DSC_Master!$C$1:$J$202,7,0) -> PUNB0600800 | AF23: 47617.13 | AG23: =Q23-AF23 -> -953.94821 | AK23: =IFERROR(VLOOKUP(D23,'Milk Can'!D:U,18,0),0) -> 3000
A24: 1062 | B24: Ramgarh | C24: 10620031 | D24: =VLOOKUP(C24,DSC_Master!$C$1:D123,2,0) -> 64553 | E24: =VLOOKUP(C24,DSC_Master!$C$1:$K$201,4,0) -> GAJDHARA DSK | F24: MPG | G24: Indirect | H24: 88 | I24: 4043.5794 | J24: =I24 -> 4043.5794 | M24: =IF(AK24>0,MAX(IF(AK24>0,J24*2%),300),0) -> 300 | O24: =J24-SUM(K24:N24) -> 3743.5794 | P24: =IF(R24="Yes",O24,0) -> 0 | Q24: =O24-P24 -> 3743.5794 | R24: 0 | T24: {=SUBSTITUTE(SUBSTITUTE(MID(CELL("filename"),FIND("[",CELL("filename"))+1,FIND("]",CELL("filename"))-FIND("[",CELL("filename"))-1),"Farmer Payment-",""),".xlsb","")} -> Ramgarh Kaimur_Farmer Payment_28-03 Aug.xlsx | V24: =I24*1.75% -> 70.762639 | W24: =I24*0.25% -> 10.108948 | X24: =V24-W24 -> 60.65369 | Y24: 0 | Z24: =X24-Y24 -> 60.65369 | AB24: =VLOOKUP(C24,DSC_Master!$C$1:$K$201,9,0) -> RAM MOHAN SINGH | AC24: =VLOOKUP(C24,DSC_Master!$C$1:$J$202,8,0) -> 3005000100091168 | AD24: =VLOOKUP(C24,DSC_Master!$C$1:$J$202,7,0) -> PUNB0300500 | AF24: 4043.54 | AG24: =Q24-AF24 -> -299.96064 | AK24: =IFERROR(VLOOKUP(D24,'Milk Can'!D:U,18,0),0) -> 12900
A25: 1062 | B25: Ramgarh | C25: 10620032 | D25: =VLOOKUP(C25,DSC_Master!$C$1:D124,2,0) -> 64594 | E25: =VLOOKUP(C25,DSC_Master!$C$1:$K$201,4,0) -> AKHOLI DSK | F25: MPG | G25: Indirect | H25: 468 | I25: 20671.62 | J25: =I25 -> 20671.62 | M25: =IF(AK25>0,MAX(IF(AK25>0,J25*2%),300),0) -> 413.4324 | O25: =J25-SUM(K25:N25) -> 20258.188 | P25: =IF(R25="Yes",O25,0) -> 0 | Q25: =O25-P25 -> 20258.188 | R25: 0 | T25: {=SUBSTITUTE(SUBSTITUTE(MID(CELL("filename"),FIND("[",CELL("filename"))+1,FIND("]",CELL("filename"))-FIND("[",CELL("filename"))-1),"Farmer Payment-",""),".xlsb","")} -> Ramgarh Kaimur_Farmer Payment_28-03 Aug.xlsx | V25: =I25*1.75% -> 361.75335 | W25: =I25*0.25% -> 51.67905 | X25: =V25-W25 -> 310.0743 | Y25: 0 | Z25: =X25-Y25 -> 310.0743 | AB25: =VLOOKUP(C25,DSC_Master!$C$1:$K$201,9,0) -> RAMESH KUMAR YADAV | AC25: =VLOOKUP(C25,DSC_Master!$C$1:$J$202,8,0) -> 6008001700173623 | AD25: =VLOOKUP(C25,DSC_Master!$C$1:$J$202,7,0) -> PUNB0600800 | AF25: 20671.98 | AG25: =Q25-AF25 -> -413.79232 | AK25: =IFERROR(VLOOKUP(D25,'Milk Can'!D:U,18,0),0) -> 3300
A26: 1062 | B26: Ramgarh | C26: 10620034 | D26: =VLOOKUP(C26,DSC_Master!$C$1:D125,2,0) -> 64509 | E26: =VLOOKUP(C26,DSC_Master!$C$1:$K$201,4,0) -> CHHOTKI KULHARIYA | F26: MPG | G26: Indirect | H26: 422 | I26: 15867.063 | J26: =I26 -> 15867.063 | M26: =IF(AK26>0,MAX(IF(AK26>0,J26*2%),300),0) -> 317.34127 | O26: =J26-SUM(K26:N26) -> 15549.722 | P26: =IF(R26="Yes",O26,0) -> 0 | Q26: =O26-P26 -> 15549.722 | R26: 0 | T26: {=SUBSTITUTE(SUBSTITUTE(MID(CELL("filename"),FIND("[",CELL("filename"))+1,FIND("]",CELL("filename"))-FIND("[",CELL("filename"))-1),"Farmer Payment-",""),".xlsb","")} -> Ramgarh Kaimur_Farmer Payment_28-03 Aug.xlsx | V26: =I26*1.75% -> 277.67361 | W26: =I26*0.25% -> 39.667658 | X26: =V26-W26 -> 238.00595 | Y26: 0 | Z26: =X26-Y26 -> 238.00595 | AB26: =VLOOKUP(C26,DSC_Master!$C$1:$K$201,9,0) -> ABHIMANYU KUMAR SINGH | AC26: =VLOOKUP(C26,DSC_Master!$C$1:$J$202,8,0) -> 50100492904593 | AD26: =VLOOKUP(C26,DSC_Master!$C$1:$J$202,7,0) -> HDFC0002625 | AF26: 15876.74 | AG26: =Q26-AF26 -> -327.01791 | AK26: =IFERROR(VLOOKUP(D26,'Milk Can'!D:U,18,0),0) -> 12871.476
A27: 1062 | B27: Ramgarh | C27: 10620037 | D27: =VLOOKUP(C27,DSC_Master!$C$1:D126,2,0) -> 64506 | E27: =VLOOKUP(C27,DSC_Master!$C$1:$K$201,4,0) -> KRESOPUR DSK | F27: MPG | G27: Indirect | H27: 826 | I27: 37586.911 | J27: =I27 -> 37586.911 | M27: =IF(AK27>0,MAX(IF(AK27>0,J27*2%),300),0) -> 0 | O27: =J27-SUM(K27:N27) -> 37586.911 | P27: =IF(R27="Yes",O27,0) -> 0 | Q27: =O27-P27 -> 37586.911 | R27: 0 | T27: {=SUBSTITUTE(SUBSTITUTE(MID(CELL("filename"),FIND("[",CELL("filename"))+1,FIND("]",CELL("filename"))-FIND("[",CELL("filename"))-1),"Farmer Payment-",""),".xlsb","")} -> Ramgarh Kaimur_Farmer Payment_28-03 Aug.xlsx | V27: =I27*1.75% -> 657.77094 | W27: =I27*0.25% -> 93.967277 | X27: =V27-W27 -> 563.80366 | Y27: 0 | Z27: =X27-Y27 -> 563.80366 | AB27: =VLOOKUP(C27,DSC_Master!$C$1:$K$201,9,0) -> BRIJESH KUMAR | AC27: =VLOOKUP(C27,DSC_Master!$C$1:$J$202,8,0) -> 50100615862711 | AD27: =VLOOKUP(C27,DSC_Master!$C$1:$J$202,7,0) -> HDFC0002625 | AF27: 37592.28 | AG27: =Q27-AF27 -> -5.3691246 | AK27: =IFERROR(VLOOKUP(D27,'Milk Can'!D:U,18,0),0) -> 0
A28: 1062 | B28: Ramgarh | C28: 10620038 | D28: =VLOOKUP(C28,DSC_Master!$C$1:D127,2,0) -> 64534 | E28: =VLOOKUP(C28,DSC_Master!$C$1:$K$201,4,0) -> MIRCHA DSK | F28: MPG | G28: Indirect | H28: 320 | I28: 15062.439 | J28: =I28 -> 15062.439 | M28: =IF(AK28>0,MAX(IF(AK28>0,J28*2%),300),0) -> 0 | O28: =J28-SUM(K28:N28) -> 15062.439 | P28: =IF(R28="Yes",O28,0) -> 0 | Q28: =O28-P28 -> 15062.439 | R28: 0 | T28: {=SUBSTITUTE(SUBSTITUTE(MID(CELL("filename"),FIND("[",CELL("filename"))+1,FIND("]",CELL("filename"))-FIND("[",CELL("filename"))-1),"Farmer Payment-",""),".xlsb","")} -> Ramgarh Kaimur_Farmer Payment_28-03 Aug.xlsx | V28: =I28*1.75% -> 263.59268 | W28: =I28*0.25% -> 37.656097 | X28: =V28-W28 -> 225.93658 | Y28: 0 | Z28: =X28-Y28 -> 225.93658 | AB28: =VLOOKUP(C28,DSC_Master!$C$1:$K$201,9,0) -> CHANDAN YADAV | AC28: =VLOOKUP(C28,DSC_Master!$C$1:$J$202,8,0) -> 40043294718 | AD28: =VLOOKUP(C28,DSC_Master!$C$1:$J$202,7,0) -> SBIN0006137 | AF28: 15062.98 | AG28: =Q28-AF28 -> -0.5410606 | AK28: =IFERROR(VLOOKUP(D28,'Milk Can'!D:U,18,0),0) -> 0
... A62: 1062 | B62: Ramgarh | C62: 10620112 | D62: =VLOOKUP(C62,DSC_Master!$C$1:D161,2,0) -> 20112 | E62: =VLOOKUP(C62,DSC_Master!$C$1:$K$201,4,0) -> PARSATHUA DSK | F62: MPG | G62: Indirect | H62: 127 | I62: 5051.4063 | J62: =I62 -> 5051.4063 | M62: =IF(AK62>0,MAX(IF(AK62>0,J62*2%),300),0) -> 0 | O62: =J62-SUM(K62:N62) -> 5051.4063 | P62: =IF(R62="Yes",O62,0) -> 0 | Q62: =O62-P62 -> 5051.4063 | R62: 0 | T62: {=SUBSTITUTE(SUBSTITUTE(MID(CELL("filename"),FIND("[",CELL("filename"))+1,FIND("]",CELL("filename"))-FIND("[",CELL("filename"))-1),"Farmer Payment-",""),".xlsb","")} -> Ramgarh Kaimur_Farmer Payment_28-03 Aug.xlsx | V62: =I62*1.75% -> 88.39961 | W62: =I62*0.25% -> 12.628516 | X62: =V62-W62 -> 75.771094 | Y62: 0 | Z62: =X62-Y62 -> 75.771094 | AB62: =VLOOKUP(C62,DSC_Master!$C$1:$K$201,9,0) -> ANJU DEVI | AC62: =VLOOKUP(C62,DSC_Master!$C$1:$J$202,8,0) -> 50100615862671 | AD62: =VLOOKUP(C62,DSC_Master!$C$1:$J$202,7,0) -> HDFC0002625 | AF62: 5051.61 | AG62: =Q62-AF62 -> -0.2037303 | AK62: =IFERROR(VLOOKUP(D62,'Milk Can'!D:U,18,0),0) -> 0
A63: 1062 | B63: Ramgarh | C63: 10620115 | D63: =VLOOKUP(C63,DSC_Master!$C$1:D159,2,0) -> 20115 | E63: =VLOOKUP(C63,DSC_Master!$C$1:$K$201,4,0) -> BADAKI KULHARIA DSK | F63: MPG | G63: Indirect | H63: 389 | I63: 15693.97 | J63: =I63 -> 15693.97 | M63: =IF(AK63>0,MAX(IF(AK63>0,J63*2%),300),0) -> 313.8794 | O63: =J63-SUM(K63:N63) -> 15380.09 | P63: =IF(R63="Yes",O63,0) -> 0 | Q63: =O63-P63 -> 15380.09 | R63: 0 | T63: {=SUBSTITUTE(SUBSTITUTE(MID(CELL("filename"),FIND("[",CELL("filename"))+1,FIND("]",CELL("filename"))-FIND("[",CELL("filename"))-1),"Farmer Payment-",""),".xlsb","")} -> Ramgarh Kaimur_Farmer Payment_28-03 Aug.xlsx | V63: =I63*1.75% -> 274.64447 | W63: =I63*0.25% -> 39.234925 | X63: =V63-W63 -> 235.40955 | Y63: 0 | Z63: =X63-Y63 -> 235.40955 | AB63: =VLOOKUP(C63,DSC_Master!$C$1:$K$201,9,0) -> AJAY KUMAR SINGH | AC63: =VLOOKUP(C63,DSC_Master!$C$1:$J$202,8,0) -> 41684045867 | AD63: =VLOOKUP(C63,DSC_Master!$C$1:$J$202,7,0) -> SBIN0017163 | AF63: 15694.46 | AG63: =Q63-AF63 -> -314.36959 | AK63: =IFERROR(VLOOKUP(D63,'Milk Can'!D:U,18,0),0) -> 19472.515
A64: 1062 | B64: Ramgarh | C64: 10620119 | D64: =VLOOKUP(C64,DSC_Master!$C$1:D160,2,0) -> 20119 | E64: =VLOOKUP(C64,DSC_Master!$C$1:$K$201,4,0) -> KURRA NEW DSK | F64: MPG | G64: Indirect | H64: 3250 | I64: 141169.29 | J64: =I64 -> 141169.29 | M64: =IF(AK64>0,MAX(IF(AK64>0,J64*2%),300),0) -> 2823.3858 | O64: =J64-SUM(K64:N64) -> 138345.9 | P64: =IF(R64="Yes",O64,0) -> 0 | Q64: =O64-P64 -> 138345.9 | R64: 0 | T64: {=SUBSTITUTE(SUBSTITUTE(MID(CELL("filename"),FIND("[",CELL("filename"))+1,FIND("]",CELL("filename"))-FIND("[",CELL("filename"))-1),"Farmer Payment-",""),".xlsb","")} -> Ramgarh Kaimur_Farmer Payment_28-03 Aug.xlsx | V64: =I64*1.75% -> 2470.4626 | W64: =I64*0.25% -> 352.92323 | X64: =V64-W64 -> 2117.5394 | Y64: 0 | Z64: =X64-Y64 -> 2117.5394 | AB64: =VLOOKUP(C64,DSC_Master!$C$1:$K$201,9,0) -> DIVYANSHI DAIRY MILK | AC64: =VLOOKUP(C64,DSC_Master!$C$1:$J$202,8,0) -> 8136244333 | AD64: =VLOOKUP(C64,DSC_Master!$C$1:$J$202,7,0) -> IDIB000M430 | AF64: 140915.4 | AG64: =Q64-AF64 -> -2569.4956 | AK64: =IFERROR(VLOOKUP(D64,'Milk Can'!D:U,18,0),0) -> 21635.596
A65: 1062 | B65: Ramgarh | C65: 10620120 | D65: =VLOOKUP(C65,DSC_Master!$C$1:D159,2,0) -> 20120 | E65: =VLOOKUP(C65,DSC_Master!$C$1:$K$201,4,0) -> TIYARA DSK | F65: MPG | G65: Indirect | H65: 139 | I65: 8077.79 | J65: =I65 -> 8077.79 | M65: =IF(AK65>0,MAX(IF(AK65>0,J65*2%),300),0) -> 0 | O65: =J65-SUM(K65:N65) -> 8077.79 | P65: =IF(R65="Yes",O65,0) -> 0 | Q65: =O65-P65 -> 8077.79 | R65: 0 | T65: {=SUBSTITUTE(SUBSTITUTE(MID(CELL("filename"),FIND("[",CELL("filename"))+1,FIND("]",CELL("filename"))-FIND("[",CELL("filename"))-1),"Farmer Payment-",""),".xlsb","")} -> Ramgarh Kaimur_Farmer Payment_28-03 Aug.xlsx | V65: =I65*1.75% -> 141.36132 | W65: =I65*0.25% -> 20.194475 | X65: =V65-W65 -> 121.16685 | Y65: 0 | Z65: =X65-Y65 -> 121.16685 | AB65: =VLOOKUP(C65,DSC_Master!$C$1:$K$201,9,0) -> NIRMAL SINGH | AC65: =VLOOKUP(C65,DSC_Master!$C$1:$J$202,8,0) -> 2784000100110417 | AD65: =VLOOKUP(C65,DSC_Master!$C$1:$J$202,7,0) -> PUNB0278400 | AF65: 8078.17 | AG65: =Q65-AF65 -> -0.38 | AK65: =IFERROR(VLOOKUP(D65,'Milk Can'!D:U,18,0),0) -> 0
A66: 1062 | B66: Ramgarh | C66: 10620121 | D66: =VLOOKUP(C66,DSC_Master!$C$1:D157,2,0) -> 20121 | E66: =VLOOKUP(C66,DSC_Master!$C$1:$K$201,4,0) -> DUMDUMA DSK | F66: MPG | G66: Indirect | H66: 661 | I66: 28951.868 | J66: =I66 -> 28951.868 | M66: =IF(AK66>0,MAX(IF(AK66>0,J66*2%),300),0) -> 0 | O66: =J66-SUM(K66:N66) -> 28951.868 | P66: =IF(R66="Yes",O66,0) -> 0 | Q66: =O66-P66 -> 28951.868 | R66: 0 | T66: {=SUBSTITUTE(SUBSTITUTE(MID(CELL("filename"),FIND("[",CELL("filename"))+1,FIND("]",CELL("filename"))-FIND("[",CELL("filename"))-1),"Farmer Payment-",""),".xlsb","")} -> Ramgarh Kaimur_Farmer Payment_28-03 Aug.xlsx | V66: =I66*1.75% -> 506.6577 | W66: =I66*0.25% -> 72.379671 | X66: =V66-W66 -> 434.27803 | Y66: 0 | Z66: =X66-Y66 -> 434.27803 | AB66: =VLOOKUP(C66,DSC_Master!$C$1:$K$201,9,0) -> CHANDRA MANI RAI | AC66: =VLOOKUP(C66,DSC_Master!$C$1:$J$202,8,0) -> 625310110008012 | AD66: =VLOOKUP(C66,DSC_Master!$C$1:$J$202,7,0) -> BKID0006253 | AF66: 28952.39 | AG66: =Q66-AF66 -> -0.5216238 | AK66: =IFERROR(VLOOKUP(D66,'Milk Can'!D:U,18,0),0) -> 0
A67: 1062 | B67: Ramgarh | C67: 10620122 | D67: =VLOOKUP(C67,DSC_Master!$C$1:D158,2,0) -> 20122 | E67: =VLOOKUP(C67,DSC_Master!$C$1:$K$201,4,0) -> NOUAN DSK | F67: MPG | G67: Indirect | H67: 11 | I67: 382.26223 | J67: =I67 -> 382.26223 | M67: =IF(AK67>0,MAX(IF(AK67>0,J67*2%),300),0) -> 0 | O67: =J67-SUM(K67:N67) -> 382.26223 | P67: =IF(R67="Yes",O67,0) -> 0 | Q67: =O67-P67 -> 382.26223 | R67: 0 | T67: {=SUBSTITUTE(SUBSTITUTE(MID(CELL("filename"),FIND("[",CELL("filename"))+1,FIND("]",CELL("filename"))-FIND("[",CELL("filename"))-1),"Farmer Payment-",""),".xlsb","")} -> Ramgarh Kaimur_Farmer Payment_28-03 Aug.xlsx | V67: =I67*1.75% -> 6.6895891 | W67: =I67*0.25% -> 0.95565558 | X67: =V67-W67 -> 5.7339335 | Y67: 0 | Z67: =X67-Y67 -> 5.7339335 | AB67: =VLOOKUP(C67,DSC_Master!$C$1:$K$201,9,0) -> JAISHANKAR JAISWAL | AC67: =VLOOKUP(C67,DSC_Master!$C$1:$J$202,8,0) -> 461110110007555 | AD67: =VLOOKUP(C67,DSC_Master!$C$1:$J$202,7,0) -> BKID0004611 | AF67: 382.25 | AG67: =Q67-AF67 -> 0.012232 | AK67: =IFERROR(VLOOKUP(D67,'Milk Can'!D:U,18,0),0) -> 0
A68: 1062 | B68: Ramgarh | C68: 10620123 | D68: =VLOOKUP(C68,DSC_Master!$C$1:D159,2,0) -> 20123 | E68: =VLOOKUP(C68,DSC_Master!$C$1:$K$201,4,0) -> SAKRAULI DSK | F68: MPG | G68: Indirect | H68: 323 | I68: 13467.111 | J68: =I68 -> 13467.111 | M68: =IF(AK68>0,MAX(IF(AK68>0,J68*2%),300),0) -> 0 | O68: =J68-SUM(K68:N68) -> 13467.111 | P68: =IF(R68="Yes",O68,0) -> 0 | Q68: =O68-P68 -> 13467.111 | R68: 0 | T68: {=SUBSTITUTE(SUBSTITUTE(MID(CELL("filename"),FIND("[",CELL("filename"))+1,FIND("]",CELL("filename"))-FIND("[",CELL("filename"))-1),"Farmer Payment-",""),".xlsb","")} -> Ramgarh Kaimur_Farmer Payment_28-03 Aug.xlsx | V68: =I68*1.75% -> 235.67444 | W68: =I68*0.25% -> 33.667777 | X68: =V68-W68 -> 202.00666 | Y68: 0 | Z68: =X68-Y68 -> 202.00666 | AB68: =VLOOKUP(C68,DSC_Master!$C$1:$K$201,9,0) -> BECHU PASSI | AC68: =VLOOKUP(C68,DSC_Master!$C$1:$J$202,8,0) -> 2696000100200761 | AD68: =VLOOKUP(C68,DSC_Master!$C$1:$J$202,7,0) -> PUNB0269600 | AF68: 13467.44 | AG68: =Q68-AF68 -> -0.3293402 | AK68: =IFERROR(VLOOKUP(D68,'Milk Can'!D:U,18,0),0) -> 0
A69: 1062 | B69: Ramgarh | C69: 10620124 | D69: =VLOOKUP(C69,DSC_Master!$C$1:D160,2,0) -> 20124 | E69: =VLOOKUP(C69,DSC_Master!$C$1:$K$201,4,0) -> ISARI DSK | F69: MPG | G69: Indirect | H69: 569 | I69: 24427.322 | J69: =I69 -> 24427.322 | M69: =IF(AK69>0,MAX(IF(AK69>0,J69*2%),300),0) -> 488.54643 | O69: =J69-SUM(K69:N69) -> 23938.775 | P69: =IF(R69="Yes",O69,0) -> 0 | Q69: =O69-P69 -> 23938.775 | R69: 0 | T69: {=SUBSTITUTE(SUBSTITUTE(MID(CELL("filename"),FIND("[",CELL("filename"))+1,FIND("]",CELL("filename"))-FIND("[",CELL("filename"))-1),"Farmer Payment-",""),".xlsb","")} -> Ramgarh Kaimur_Farmer Payment_28-03 Aug.xlsx | V69: =I69*1.75% -> 427.47813 | W69: =I69*0.25% -> 61.068304 | X69: =V69-W69 -> 366.40983 | Y69: 0 | Z69: =X69-Y69 -> 366.40983 | AB69: =VLOOKUP(C69,DSC_Master!$C$1:$K$201,9,0) -> KUMAR ARJUN SINGH | AC69: =VLOOKUP(C69,DSC_Master!$C$1:$J$202,8,0) -> 42013101468 | AD69: =VLOOKUP(C69,DSC_Master!$C$1:$J$202,7,0) -> SBIN0017163 | AF69: 24428.15 | AG69: =Q69-AF69 -> -489.3747 | AK69: =IFERROR(VLOOKUP(D69,'Milk Can'!D:U,18,0),0) -> 12871.611
A70: 1062 | B70: Ramgarh | C70: 10620125 | D70: =VLOOKUP(C70,DSC_Master!$C$1:D161,2,0) -> 20125 | E70: =VLOOKUP(C70,DSC_Master!$C$1:$K$201,4,0) -> KUCHHILA DSK | F70: MPG | G70: Indirect | H70: 392 | I70: 17425.327 | J70: =I70 -> 17425.327 | M70: =IF(AK70>0,MAX(IF(AK70>0,J70*2%),300),0) -> 0 | O70: =J70-SUM(K70:N70) -> 17425.327 | P70: =IF(R70="Yes",O70,0) -> 0 | Q70: =O70-P70 -> 17425.327 | R70: 0 | T70: {=SUBSTITUTE(SUBSTITUTE(MID(CELL("filename"),FIND("[",CELL("filename"))+1,FIND("]",CELL("filename"))-FIND("[",CELL("filename"))-1),"Farmer Payment-",""),".xlsb","")} -> Ramgarh Kaimur_Farmer Payment_28-03 Aug.xlsx | V70: =I70*1.75% -> 304.94321 | W70: =I70*0.25% -> 43.563316 | X70: =V70-W70 -> 261.3799 | Y70: 0 | Z70: =X70-Y70 -> 261.3799 | AB70: =VLOOKUP(C70,DSC_Master!$C$1:$K$201,9,0) -> DINBANDHU RAI | AC70: =VLOOKUP(C70,DSC_Master!$C$1:$J$202,8,0) -> 2397000100605573 | AD70: =VLOOKUP(C70,DSC_Master!$C$1:$J$202,7,0) -> PUNB0239700 | AF70: 17423.78 | AG70: =Q70-AF70 -> 1.5465447 | AK70: =IFERROR(VLOOKUP(D70,'Milk Can'!D:U,18,0),0) -> 0
A71: 1062 | B71: Ramgarh | C71: 10620126 | D71: =VLOOKUP(C71,DSC_Master!$C$1:D162,2,0) -> 20126 | E71: =VLOOKUP(C71,DSC_Master!$C$1:$K$201,4,0) -> GAURA DSK | F71: MPG | G71: Indirect | H71: 269 | I71: 10198.885 | J71: =I71 -> 10198.885 | M71: =IF(AK71>0,MAX(IF(AK71>0,J71*2%),300),0) -> 300 | O71: =J71-SUM(K71:N71) -> 9898.8848 | P71: =IF(R71="Yes",O71,0) -> 0 | Q71: =O71-P71 -> 9898.8848 | R71: 0 | T71: {=SUBSTITUTE(SUBSTITUTE(MID(CELL("filename"),FIND("[",CELL("filename"))+1,FIND("]",CELL("filename"))-FIND("[",CELL("filename"))-1),"Farmer Payment-",""),".xlsb","")} -> Ramgarh Kaimur_Farmer Payment_28-03 Aug.xlsx | V71: =I71*1.75% -> 178.48048 | W71: =I71*0.25% -> 25.497212 | X71: =V71-W71 -> 152.98327 | Y71: 0 | Z71: =X71-Y71 -> 152.98327 | AB71: =VLOOKUP(C71,DSC_Master!$C$1:$K$201,9,0) -> TEJBAHADUR SINGH | AC71: =VLOOKUP(C71,DSC_Master!$C$1:$J$202,8,0) -> 625310110002788 | AD71: =VLOOKUP(C71,DSC_Master!$C$1:$J$202,7,0) -> BKID0006253 | AF71: 10198.93 | AG71: =Q71-AF71 -> -300.04525 | AK71: =IFERROR(VLOOKUP(D71,'Milk Can'!D:U,18,0),0) -> 19500
A72: 1062 | B72: Ramgarh | C72: 10620127 | D72: =VLOOKUP(C72,DSC_Master!$C$1:D163,2,0) -> 20127 | E72: =VLOOKUP(C72,DSC_Master!$C$1:$K$201,4,0) -> PHUPHUWAN DSK | F72: MPG | G72: Indirect | H72: 479 | I72: 18509.755 | J72: =I72 -> 18509.755 | M72: =IF(AK72>0,MAX(IF(AK72>0,J72*2%),300),0) -> 0 | O72: =J72-SUM(K72:N72) -> 18509.755 | P72: =IF(R72="Yes",O72,0) -> 0 | Q72: =O72-P72 -> 18509.755 | R72: 0 | T72: {=SUBSTITUTE(SUBSTITUTE(MID(CELL("filename"),FIND("[",CELL("filename"))+1,FIND("]",CELL("filename"))-FIND("[",CELL("filename"))-1),"Farmer Payment-",""),".xlsb","")} -> Ramgarh Kaimur_Farmer Payment_28-03 Aug.xlsx | V72: =I72*1.75% -> 323.92071 | W72: =I72*0.25% -> 46.274387 | X72: =V72-W72 -> 277.64632 | Y72: 0 | Z72: =X72-Y72 -> 277.64632 | AB72: =VLOOKUP(C72,DSC_Master!$C$1:$K$201,9,0) -> MEENU DEVI | AC72: =VLOOKUP(C72,DSC_Master!$C$1:$J$202,8,0) -> 750802010002939 | AD72: =VLOOKUP(C72,DSC_Master!$C$1:$J$202,7,0) -> UBIN0575089 | AF72: 18510.16 | AG72: =Q72-AF72 -> -0.405151 | AK72: =IFERROR(VLOOKUP(D72,'Milk Can'!D:U,18,0),0) -> 0
A73: 1062 | B73: Ramgarh | C73: 10620129 | D73: =VLOOKUP(C73,DSC_Master!$C$1:D163,2,0) -> 20129 | E73: =VLOOKUP(C73,DSC_Master!$C$1:$K$201,4,0) -> DEWAITHA DSK | F73: MPG | G73: Indirect | H73: 101 | I73: 5420.2504 | J73: =I73 -> 5420.2504 | M73: =IF(AK73>0,MAX(IF(AK73>0,J73*2%),300),0) -> 0 | O73: =J73-SUM(K73:N73) -> 5420.2504 | P73: =IF(R73="Yes",O73,0) -> 0 | Q73: =O73-P73 -> 5420.2504 | R73: 0 | T73: {=SUBSTITUTE(SUBSTITUTE(MID(CELL("filename"),FIND("[",CELL("filename"))+1,FIND("]",CELL("filename"))-FIND("[",CELL("filename"))-1),"Farmer Payment-",""),".xlsb","")} -> Ramgarh Kaimur_Farmer Payment_28-03 Aug.xlsx | V73: =I73*1.75% -> 94.854382 | W73: =I73*0.25% -> 13.550626 | X73: =V73-W73 -> 81.303756 | Y73: 0 | Z73: =X73-Y73 -> 81.303756 | AB73: =VLOOKUP(C73,DSC_Master!$C$1:$K$201,9,0) -> SUDHAR SINGH | AC73: =VLOOKUP(C73,DSC_Master!$C$1:$J$202,8,0) -> 466302010012219 | AD73: =VLOOKUP(C73,DSC_Master!$C$1:$J$202,7,0) -> UBIN0546631 | AF73: 5420.14 | AG73: =Q73-AF73 -> 0.11039 | AK73: =IFERROR(VLOOKUP(D73,'Milk Can'!D:U,18,0),0) -> 0
F74: Total: | G74: =COUNTA(G3:G73) -> 71 | H74: =SUBTOTAL(109,H3:H73) -> 47892 | I74: =SUBTOTAL(109,I3:I73) -> 2188524.7 | J74: =SUBTOTAL(109,J3:J73) -> 2188524.7 | K74: =SUBTOTAL(109,K3:K73) -> 0 | L74: =SUBTOTAL(109,L3:L73) -> 0 | M74: =SUBTOTAL(109,M3:M73) -> 18601.337 | N74: =SUBTOTAL(109,N3:N73) -> 0 | O74: =SUBTOTAL(109,O3:O73) -> 2169923.3 | ... Q74: =SUBTOTAL(109,Q3:Q73) -> 2169923.3 | R74: =COUNTIF(R2:R73,"Yes") -> 0 | V74: =SUM(V3:V73) -> 38299.182 | W74: =SUM(W3:W73) -> 5471.3117 | X74: =SUM(X3:X73) -> 32827.87 | Y74: =SUM(Y3:Y73) -> 0 | Z74: =SUM(Z3:Z73) -> 32827.87 | AF74: =SUM(AF3:AF73) -> 2188433.1 | AG74: =SUM(AG3:AG73) -> -18509.791 | AK74: =IFERROR(VLOOKUP(D74,'Milk Can'!D:U,18,0),0) -> 0
E76: Particulars | F76: Value
E77: No of MPGs | F77: =G74 -> 71
E78: BMC Volume | F78: =H74 -> 47892
E79: BMC Receipt Amount | F79: =I74 -> 2188524.7
E80: Payable Amount (Min) | F80: =J74 -> 2188524.7
E81: Vet Deduction | F81: =-K74 -> 0
E82: CF Deduction | F82: =-L74 -> 0
E83: Can | F83: =-M74 -> -18601.337
E84: Advance | F84: =-N74 -> 0
E85: Payable to MPG | F85: =SUM(F80:F84) -> 2169923.3
E86: Hold Amount | F86: =P74 -> 0
E87: Final Payment | F87: =F85-F86 -> 2169923.3 | G87: =F87-Q74 -> 0
E89: Total Commission @ 1.75% | F89: =Data!R2 -> 38299.182
E90: Retain Commission @ 0.25% | F90: =F79*0.25% -> 5471.3117
E91: Payable Commission @ 1.50% | F91: =F89-F90 -> 32827.87
E93: Overhead @ 3.75/Kg | F93: =F78*3.75 -> 179595
E94: TS Losses | F94: ='TS Loss Gain'!AS27 -> 55366.887
E95: Net Overhead Payable | F95: =F93-F94 -> 124228.11

Sheet Sheet1
A1: union_code | B1: bmc_code | C1: dcs_code | D1: society_code_ex | E1: dcs_short_name | F1: Mobile No | G1: ifsc | H1: bank_account_no | I1: beneficiary_name | J1: Balance Payable/Recoverable | K1: Remarks | L1: Recovery in 06-12 Feb | M1: Balance
A2: 001 | B2: 1062 | C2: 10620001 | D2: 64540 | E2: KARARI DSK | F2: 9934591684 | G2: HDFC0002625 | H2: 50100615862020 | I2: AKHILESH PANDEY | J2: 23.246194 | K2: Recovery from cycle | L2: =VLOOKUP(C2,'MPG Payment'!$C$3:$N$73,12,0) -> #N/A | M2: =J2-L2 -> #N/A
A3: 001 | B3: 1062 | C3: 10620012 | D3: 64515 | E3: DHARHARA DSK | F3: 7783847657 | G3: SBIN0006137 | H3: 37905177514 | I3: SHREE NIWAS YADAV | J3: 354.68346 | K3: Recovery from cycle | L3: =VLOOKUP(C3,'MPG Payment'!$C$3:$N$73,12,0) -> 0 | M3: =J3-L3 -> 354.68346
A4: 001 | B4: 1062 | C4: 10620015 | D4: 64537 | E4: KASTHARI DSK | F4: 9905909472 | G4: PUNB0237400 | H4: 2374001500005364 | I4: PAWAN KUMAR SINGH | J4: 13702.66 | K4: Recovery from cycle | L4: =VLOOKUP(C4,'MPG Payment'!$C$3:$N$73,12,0) -> 0 | M4: =J4-L4 -> 13702.66
A5: 001 | B5: 1062 | C5: 10620018 | D5: 64591 | E5: LURPURWA DSK | F5: 8002591740 | G5: UBIN0560308 | H5: 603002010018335 | I5: SAVARU SINGH | J5: 19750.367 | K5: Recovery from cycle | L5: =VLOOKUP(C5,'MPG Payment'!$C$3:$N$73,12,0) -> #N/A | M5: =J5-L5 -> #N/A
A6: 001 | B6: 1062 | C6: 10620020 | D6: 64552 | E6: KRAPALPUR DSK | F6: 7739708957 | G6: PUNB0237400 | H6: 2374000100170476 | I6: VIJAY NARAYAN SINGH | J6: 27305.976 | K6: Recovery from cycle | L6: =VLOOKUP(C6,'MPG Payment'!$C$3:$N$73,12,0) -> 0 | M6: =J6-L6 -> 27305.976
A7: 001 | B7: 1062 | C7: 10620022 | D7: 64545 | E7: SURYAPURA DSK | F7: 9199217582 | G7: BKID0004611 | H7: 461110110009490 | I7: AJAY KUMAR SINGH | J7: 3356.0228 | K7: Recovery from cycle | L7: =VLOOKUP(C7,'MPG Payment'!$C$3:$N$73,12,0) -> #N/A | M7: =J7-L7 -> #N/A
A8: 001 | B8: 1062 | C8: 10620024 | D8: 60610 | E8: KARIRAM DSK | F8: 9199729020 | G8: PUNB0600800 | H8: 6008001700141624 | I8: BHARAT SINGH | J8: 3070.7935 | K8: Recovery from cycle | L8: =VLOOKUP(C8,'MPG Payment'!$C$3:$N$73,12,0) -> 0 | M8: =J8-L8 -> 3070.7935
A9: 001 | B9: 1062 | C9: 10620026 | D9: 64528 | E9: TARITHA DSK | F9: 9135981264 | G9: BKID0004611 | H9: 461118210002964 | I9: MANOJ KUMAR SINGH | J9: 3272.5795 | K9: Recovery from cycle | L9: =VLOOKUP(C9,'MPG Payment'!$C$3:$N$73,12,0) -> 0 | M9: =J9-L9 -> 3272.5795
A10: 001 | B10: 1062 | C10: 10620034 | D10: 64509 | E10: CHHOTKI KULHARIYA | F10: 7250947683 | G10: HDFC0002625 | H10: 50100492904593 | I10: ABHIMANYU KUMAR SINGH | J10: 4658.6176 | K10: Recovery from cycle | L10: =VLOOKUP(C10,'MPG Payment'!$C$3:$N$73,12,0) -> 0 | M10: =J10-L10 -> 4658.6176
A11: 001 | B11: 1062 | C11: 10620061 | D11: 60605 | E11: BADORA DSK | F11: 9170623981 | G11: SBIN0011251 | H11: 40819491150 | I11: SUMAN DEVI | J11: 46684.153 | K11: Recovery from cycle | L11: =VLOOKUP(C11,'MPG Payment'!$C$3:$N$73,12,0) -> 0 | M11: =J11-L11 -> 46684.153
A12: 001 | B12: 1062 | C12: 10620062 | D12: 64590 | E12: CHATRA DSK | F12: 9934761888 | G12: SBIN0002964 | H12: 39981585891 | I12: USHA DEVI | J12: 22196.225 | K12: Recovery from cycle | L12: =VLOOKUP(C12,'MPG Payment'!$C$3:$N$73,12,0) -> 0 | M12: =J12-L12 -> 22196.225
A13: 001 | B13: 1062 | C13: 10620065 | D13: 64589 | E13: NIPURAN DSK | F13: 7763028752 | G13: PUNB0237400 | H13: 2374000100181126 | I13: NITESH KUMAR YADAV | J13: 4097.9232 | K13: Recovery from cycle | L13: =VLOOKUP(C13,'MPG Payment'!$C$3:$N$73,12,0) -> #N/A | M13: =J13-L13 -> #N/A
... A17: 001 | B17: 1062 | C17: 10620094 | D17: 64572 | E17: MATHURADERA DSK | F17: 7061423987 | G17: PUNB0154700 | H17: 1547000100166038 | I17: SURENDRA YADAV | J17: 9307.5261 | K17: Recovery from cycle | L17: =VLOOKUP(C17,'MPG Payment'!$C$3:$N$73,12,0) -> #N/A | M17: =J17-L17 -> #N/A
J18: =SUM(J2:J17) -> 172704.2 | L18: =SUM(L2:L17) -> #N/A | M18: =J18-L18 -> #N/A

Sheet TS Loss Gain
B1: Ramgarh Bmc | AP1: 436.77 | AQ1: 291.18
B2: Date | C2: Shift | D2: OB | I2: Milk from MPG in Kg | M2: Transfer from other BMC/RMC | R2: Total Milk Receipt in Kg | U2: Tanker Dispatch Details | AC2: Plant Receipt | AH2: CB | AM2: Loss/(Gain)
D3: Qty KG | E3: Fat% | F3: Snf% | G3: FAT Kg | H3: SNF Kg | I3: Qty Kg | J3: Qty Kg | K3: Fat% | L3: Snf% | M3: From | N3: Tanker No | O3: Qty Kg | P3: Fat% | Q3: Snf% | R3: Qty Kg | S3: FAT Kg | T3: SNF Kg | U3: Tanker | V3: Challan | W3: To | X3: Qty KG | Y3: Fat% | Z3: Snf% | AA3: FAT Kg | AB3: SNF Kg | AC3: Qty KG | AD3: Fat% | AE3: Snf% | AF3: FAT Kg | AG3: SNF Kg | AH3: Qty KG | AI3: Fat% | AJ3: Snf% | AK3: FAT Kg | AL3: SNF Kg | AM3: Qty KG | AN3: FAT Kg | AO3: SNF Kg | AP3: TS Loss% | AQ3: Amount
B4: 46054 | C4: M | D4: 0 | E4: 0 | F4: 0 | G4: =+D4*E4% -> 0 | H4: =+D4*F4% -> 0 | I4: 20910 | J4: 20910 | K4: 5.3178001 | L4: 8.3824582 | R4: =O4+J4 -> 20910 | S4: =(J4*K4%)+(O4*P4%) -> 1111.952 | T4: =(J4*L4%)+(O4*Q4%) -> 1752.772 | U4: 5280 | V4: KMR 01 | W4: Hajipur | X4: 14940 | Y4: 5.3 | Z4: 8.3 | AA4: =X4*Y4% -> 791.82 | AB4: =X4*Z4% -> 1240.02 | AC4: 14940 | AD4: 5.3 | AE4: 8.3 | AF4: =AC4*AD4% -> 791.82 | AG4: =AC4*AE4% -> 1240.02 | AH4: 5970 | AI4: 5.36 | AJ4: 8.59 | AK4: =AH4*AI4% -> 319.992 | AL4: =AH4*AJ4% -> 512.823 | AM4: =+D4+R4-AC4-AH4 -> 0 | AN4: =+G4+S4-AF4-AK4 -> 0.14 | AO4: =+H4+T4-AG4-AL4 -> -0.071 | AP4: =(AN4+AO4)/(S4+T4) -> 2.408609e-05 | AQ4: =($AP$1*AN4+$AQ$1*AO4) -> 40.47402 | AR4: =(D4+J4+O4)-(X4+AH4) -> 0
B5: =+B4 -> 46054 | C5: E | D5: 5970 | E5: 5.36 | F5: 8.59 | G5: =+D5*E5% -> 319.992 | H5: =+D5*F5% -> 512.823 | I5: 8469 | J5: 8469 | K5: 5.4522376 | L5: 8.5376077 | R5: =O5+J5 -> 8469 | S5: =(J5*K5%)+(O5*P5%) -> 461.75 | T5: =(J5*L5%)+(O5*Q5%) -> 723.05 | U5: 0 | V5: 0 | W5: 0 | X5: 0 | Y5: 0 | Z5: 0 | AA5: =X5*Y5% -> 0 | AB5: =X5*Z5% -> 0 | AF5: =AC5*AD5% -> 0 | AG5: =AC5*AE5% -> 0 | AH5: 14459 | AI5: 5.41 | AJ5: 8.55 | AK5: =AH5*AI5% -> 782.2319 | AL5: =AH5*AJ5% -> 1236.2445 | AM5: =+D5+R5-AC5-AH5 -> -20 | AN5: =+G5+S5-AF5-AK5 -> -0.4899 | AO5: =+H5+T5-AG5-AL5 -> -0.3715 | AP5: =(AN5+AO5)/(S5+T5) -> -0.00072704254 | AQ5: =($AP$1*AN5+$AQ$1*AO5) -> -322.14699 | AR5: =(D5+J5+O5)-(X5+AH5) -> -20
B6: =+B4+1 -> 46055 | C6: M | D6: 14459 | E6: 5.41 | F6: 8.55 | G6: =+D6*E6% -> 782.2319 | H6: =+D6*F6% -> 1236.2445 | I6: 8285 | J6: 8285 | K6: 5.5487628 | L6: 8.6249849 | R6: =O6+J6 -> 8285 | S6: =(J6*K6%)+(O6*P6%) -> 459.715 | T6: =(J6*L6%)+(O6*Q6%) -> 714.58 | U6: 5280 | V6: KMR 02 | W6: Hajipur | X6: 18830 | Y6: 5.35 | Z6: 8.6 | AA6: =X6*Y6% -> 1007.405 | AB6: =X6*Z6% -> 1619.38 | AC6: 18760 | AD6: 5.35 | AE6: 8.41 | AF6: =AC6*AD6% -> 1003.66 | AG6: =AC6*AE6% -> 1577.716 | AH6: 3934 | AI6: 5.45 | AJ6: 8.57 | AK6: =AH6*AI6% -> 214.403 | AL6: =AH6*AJ6% -> 337.1438 | AM6: =+D6+R6-AC6-AH6 -> 50 | AN6: =+G6+S6-AF6-AK6 -> 23.8839 | AO6: =+H6+T6-AG6-AL6 -> 35.9647 | AP6: =(AN6+AO6)/(S6+T6) -> 0.050965558 | AQ6: =($AP$1*AN6+$AQ$1*AO6) -> 20903.972 | AR6: =(D6+J6+O6)-(X6+AH6) -> -20
B7: =+B5+1 -> 46055 | C7: E | D7: 3934 | E7: 5.45 | F7: 8.57 | G7: =+D7*E7% -> 214.403 | H7: =+D7*F7% -> 337.1438 | I7: 5624 | J7: 5624 | K7: 5.5403983 | L7: 8.4842105 | R7: =O7+J7 -> 5624 | S7: =(J7*K7%)+(O7*P7%) -> 311.592 | T7: =(J7*L7%)+(O7*Q7%) -> 477.152 | U7: 0 | V7: 0 | W7: 0 | X7: 0 | Y7: 0 | Z7: 0 | AA7: =X7*Y7% -> 0 | AB7: =X7*Z7% -> 0 | AF7: =AC7*AD7% -> 0 | AG7: =AC7*AE7% -> 0 | AH7: 9558 | AI7: 5.5 | AJ7: 8.52 | AK7: =AH7*AI7% -> 525.69 | AL7: =AH7*AJ7% -> 814.3416 | AM7: =+D7+R7-AC7-AH7 -> 0 | AN7: =+G7+S7-AF7-AK7 -> 0.305 | AO7: =+H7+T7-AG7-AL7 -> -0.0458 | AP7: =(AN7+AO7)/(S7+T7) -> 0.00032862374 | AQ7: =($AP$1*AN7+$AQ$1*AO7) -> 119.87881 | AR7: =(D7+J7+O7)-(X7+AH7) -> 0
B8: =+B6+1 -> 46056 | C8: M | D8: 9558 | E8: 5.5 | F8: 8.52 | G8: =+D8*E8% -> 525.69 | H8: =+D8*F8% -> 814.3416 | I8: 6861 | J8: 6861 | K8: 5.5343827 | L8: 8.596808 | R8: =O8+J8 -> 6861 | S8: =(J8*K8%)+(O8*P8%) -> 379.714 | T8: =(J8*L8%)+(O8*Q8%) -> 589.827 | U8: 00 | V8: 0 | W8: 0 | X8: 0 | Y8: 0 | Z8: 0 | AA8: =X8*Y8% -> 0 | AB8: =X8*Z8% -> 0 | AF8: =AC8*AD8% -> 0 | AG8: =AC8*AE8% -> 0 | AH8: 16429 | AI8: 5.51 | AJ8: 8.55 | AK8: =AH8*AI8% -> 905.2379 | AL8: =AH8*AJ8% -> 1404.6795 | AM8: =+D8+R8-AC8-AH8 -> -10 | AN8: =+G8+S8-AF8-AK8 -> 0.1661 | AO8: =+H8+T8-AG8-AL8 -> -0.5109 | AP8: =(AN8+AO8)/(S8+T8) -> -0.0003556322 | AQ8: =($AP$1*AN8+$AQ$1*AO8) -> -76.216365 | AR8: =(D8+J8+O8)-(X8+AH8) -> -10
B9: =+B7+1 -> 46056 | C9: E | D9: 16429 | E9: 5.51 | F9: 8.55 | G9: =+D9*E9% -> 905.2379 | H9: =+D9*F9% -> 1404.6795 | I9: 7190 | J9: 7190 | K9: 5.3776078 | L9: 8.5348679 | R9: =O9+J9 -> 7190 | S9: =(J9*K9%)+(O9*P9%) -> 386.65 | T9: =(J9*L9%)+(O9*Q9%) -> 613.657 | U9: 5280 | V9: KMR 03 | W9: Hajipur | X9: 18800 | Y9: 5.2 | Z9: 8.2 | AA9: =X9*Y9% -> 977.6 | AB9: =X9*Z9% -> 1541.6 | AC9: 18780 | AD9: 5.15 | AE9: 8.12 | AF9: =AC9*AD9% -> 967.17 | AG9: =AC9*AE9% -> 1524.936 | AH9: 4829 | AI9: 5.47 | AJ9: 8.54 | AK9: =AH9*AI9% -> 264.1463 | AL9: =AH9*AJ9% -> 412.3966 | AM9: =+D9+R9-AC9-AH9 -> 10 | AN9: =+G9+S9-AF9-AK9 -> 60.5716 | AO9: =+H9+T9-AG9-AL9 -> 81.0039 | AP9: =(AN9+AO9)/(S9+T9) -> 0.14153205 | AQ9: =($AP$1*AN9+$AQ$1*AO9) -> 50042.573 | AR9: =(D9+J9+O9)-(X9+AH9) -> -10
B10: =+B8+1 -> 46057 | C10: M | D10: 4829 | E10: 5.47 | F10: 8.54 | G10: =+D10*E10% -> 264.1463 | H10: =+D10*F10% -> 412.3966 | I10: 4601 | J10: 4601 | K10: 5.3553141 | L10: 8.6052597 | R10: =O10+J10 -> 4601 | S10: =(J10*K10%)+(O10*P10%) -> 246.398 | T10: =(J10*L10%)+(O10*Q10%) -> 395.928 | U10: 0 | V10: 0 | W10: 0 | X10: 0 | Y10: 0 | Z10: 0 | AA10: =X10*Y10% -> 0 | AB10: =X10*Z10% -> 0 | AF10: =AC10*AD10% -> 0 | AG10: =AC10*AE10% -> 0 | AH10: 9440 | AI10: 5.39 | AJ10: 8.53 | AK10: =AH10*AI10% -> 508.816 | AL10: =AH10*AJ10% -> 805.232 | AM10: =+D10+R10-AC10-AH10 -> -10 | AN10: =+G10+S10-AF10-AK10 -> 1.7283 | AO10: =+H10+T10-AG10-AL10 -> 3.0926 | AP10: =(AN10+AO10)/(S10+T10) -> 0.0075053789 | AQ10: =($AP$1*AN10+$AQ$1*AO10) -> 1655.3729 | AR10: =(D10+J10+O10)-(X10+AH10) -> -10
B11: =+B9+1 -> 46057 | C11: E | D11: 9440 | E11: 5.39 | F11: 8.53 | G11: =+D11*E11% -> 508.816 | H11: =+D11*F11% -> 805.232 | I11: 4919 | J11: 4919 | K11: 5.3969913 | L11: 8.4898353 | R11: =O11+J11 -> 4919 | S11: =(J11*K11%)+(O11*P11%) -> 265.478 | T11: =(J11*L11%)+(O11*Q11%) -> 417.615 | U11: 0 | V11: 0 | W11: 0 | X11: 0 | Y11: 0 | Z11: 0 | AA11: =X11*Y11% -> 0 | AB11: =X11*Z11% -> 0 | AF11: =AC11*AD11% -> 0 | AG11: =AC11*AE11% -> 0 | AH11: 14379 | AI11: 5.38 | AJ11: 8.5 | AK11: =AH11*AI11% -> 773.5902 | AL11: =AH11*AJ11% -> 1222.215 | AM11: =+D11+R11-AC11-AH11 -> -20 | AN11: =+G11+S11-AF11-AK11 -> 0.7038 | AO11: =+H11+T11-AG11-AL11 -> 0.632 | AP11: =(AN11+AO11)/(S11+T11) -> 0.001955517 | AQ11: =($AP$1*AN11+$AQ$1*AO11) -> 491.42449 | AR11: =(D11+J11+O11)-(X11+AH11) -> -20
B12: =+B10+1 -> 46058 | C12: M | D12: 14379 | E12: 5.38 | F12: 8.5 | G12: =+D12*E12% -> 773.5902 | H12: =+D12*F12% -> 1222.215 | I12: 5240 | J12: 5240 | K12: 5.6366794 | L12: 8.6313168 | R12: =O12+J12 -> 5240 | S12: =(J12*K12%)+(O12*P12%) -> 295.362 | T12: =(J12*L12%)+(O12*Q12%) -> 452.281 | U12: 5280 | V12: KMR 04 | W12: Hajipur | X12: 18780 | Y12: 5.55 | Z12: 8.65 | AA12: =X12*Y12% -> 1042.29 | AB12: =X12*Z12% -> 1624.47 | AC12: 18840 | AD12: 5.55 | AE12: 8.52 | AF12: =AC12*AD12% -> 1045.62 | AG12: =AC12*AE12% -> 1605.168 | AH12: 879 | AI12: 5.44 | AJ12: 8.52 | AK12: =AH12*AI12% -> 47.8176 | AL12: =AH12*AJ12% -> 74.8908 | AM12: =+D12+R12-AC12-AH12 -> -100 | AN12: =+G12+S12-AF12-AK12 -> -24.4854 | AO12: =+H12+T12-AG12-AL12 -> -5.5628 | AP12: =(AN12+AO12)/(S12+T12) -> -0.040190572 | AQ12: =($AP$1*AN12+$AQ$1*AO12) -> -12314.264 | AR12: =(D12+J12+O12)-(X12+AH12) -> -40
B13: =+B11+1 -> 46058 | C13: E | D13: 879 | E13: 5.44 | F13: 8.52 | G13: =+D13*E13% -> 47.8176 | H13: =+D13*F13% -> 74.8908 | I13: 5430 | J13: 5430 | K13: 5.1667956 | L13: 8.5652855 | R13: =O13+J13 -> 5430 | S13: =(J13*K13%)+(O13*P13%) -> 280.557 | T13: =(J13*L13%)+(O13*Q13%) -> 465.095 | U13: 0 | V13: 0 | W13: 0 | X13: 0 | Y13: 0 | Z13: 0 | AA13: =X13*Y13% -> 0 | AB13: =X13*Z13% -> 0 | AF13: =AC13*AD13% -> 0 | AG13: =AC13*AE13% -> 0 | AH13: 6319 | AI13: 5.2 | AJ13: 8.55 | AK13: =AH13*AI13% -> 328.588 | AL13: =AH13*AJ13% -> 540.2745 | AM13: =+D13+R13-AC13-AH13 -> -10 | AN13: =+G13+S13-AF13-AK13 -> -0.2134 | AO13: =+H13+T13-AG13-AL13 -> -0.2887 | AP13: =(AN13+AO13)/(S13+T13) -> -0.00067337042 | AQ13: =($AP$1*AN13+$AQ$1*AO13) -> -177.27038 | AR13: =(D13+J13+O13)-(X13+AH13) -> -10 | AS13: =SUM(AQ4:AQ13) -> 60363.798
B14: =+B12+1 -> 46059 | C14: M | D14: 6319 | E14: 5.2 | F14: 8.55 | G14: =+D14*E14% -> 328.588 | H14: =+D14*F14% -> 540.2745 | I14: 5637 | J14: 5637 | K14: 5.5152386 | L14: 8.6147064 | R14: =O14+J14 -> 5637 | S14: =(J14*K14%)+(O14*P14%) -> 310.894 | T14: =(J14*L14%)+(O14*Q14%) -> 485.611 | U14: 0 | V14: 0 | W14: 0 | X14: 0 | Y14: 0 | Z14: 0 | AA14: =X14*Y14% -> 0 | AB14: =X14*Z14% -> 0 | AF14: =AC14*AD14% -> 0 | AG14: =AC14*AE14% -> 0 | AH14: 11966 | AI14: 5.35 | AJ14: 8.57 | AK14: =AH14*AI14% -> 640.181 | AL14: =AH14*AJ14% -> 1025.4862 | AM14: =+D14+R14-AC14-AH14 -> -10 | AN14: =+G14+S14-AF14-AK14 -> -0.699 | AO14: =+H14+T14-AG14-AL14 -> 0.3993 | AP14: =(AN14+AO14)/(S14+T14) -> -0.00037626882 | AQ14: =($AP$1*AN14+$AQ$1*AO14) -> -189.03406 | AR14: =(D14+J14+O14)-(X14+AH14) -> -10
B15: =+B13+1 -> 46059 | C15: E | D15: 11966 | E15: 5.35 | F15: 8.57 | G15: =+D15*E15% -> 640.181 | H15: =+D15*F15% -> 1025.4862 | I15: 4761 | J15: 4761 | K15: 5.4387314 | L15: 8.5452636 | R15: =O15+J15 -> 4761 | S15: =(J15*K15%)+(O15*P15%) -> 258.938 | T15: =(J15*L15%)+(O15*Q15%) -> 406.84 | U15: 0 | V15: 0 | W15: 0 | X15: 0 | Y15: 0 | Z15: 0 | AA15: =X15*Y15% -> 0 | AB15: =X15*Z15% -> 0 | AF15: =AC15*AD15% -> 0 | AG15: =AC15*AE15% -> 0 | AH15: 16737 | AI15: 5.37 | AJ15: 8.56 | AK15: =AH15*AI15% -> 898.7769 | AL15: =AH15*AJ15% -> 1432.6872 | AM15: =+D15+R15-AC15-AH15 -> -10 | AN15: =+G15+S15-AF15-AK15 -> 0.3421 | AO15: =+H15+T15-AG15-AL15 -> -0.361 | AP15: =(AN15+AO15)/(S15+T15) -> -2.8387841e-05 | AQ15: =($AP$1*AN15+$AQ$1*AO15) -> 44.303037 | AR15: =(D15+J15+O15)-(X15+AH15) -> -10
B16: =+B14+1 -> 46060 | C16: M | D16: 16737 | E16: 5.37 | F16: 8.56 | G16: =+D16*E16% -> 898.7769 | H16: =+D16*F16% -> 1432.6872 | I16: 7868 | J16: 7868 | K16: 5.2064692 | L16: 8.4920564 | R16: =O16+J16 -> 7868 | S16: =(J16*K16%)+(O16*P16%) -> 409.645 | T16: =(J16*L16%)+(O16*Q16%) -> 668.155 | U16: 0 | V16: 0 | W16: 0 | X16: 0 | Y16: 0 | Z16: 0 | AA16: =X16*Y16% -> 0 | AB16: =X16*Z16% -> 0 | AF16: =AC16*AD16% -> 0 | AG16: =AC16*AE16% -> 0 | AH16: 24615 | AI16: 5.32 | AJ16: 8.53 | AK16: =AH16*AI16% -> 1309.518 | AL16: =AH16*AJ16% -> 2099.6595 | AM16: =+D16+R16-AC16-AH16 -> -10 | AN16: =+G16+S16-AF16-AK16 -> -1.0961 | AO16: =+H16+T16-AG16-AL16 -> 1.1827 | AP16: =(AN16+AO16)/(S16+T16) -> 8.0348859e-05 | AQ16: =($AP$1*AN16+$AQ$1*AO16) -> -134.36501 | AR16: =(D16+J16+O16)-(X16+AH16) -> -10
B17: =+B15+1 -> 46060 | C17: E | D17: 24615 | E17: 5.32 | F17: 8.53 | G17: =+D17*E17% -> 1309.518 | H17: =+D17*F17% -> 2099.6595 | I17: 6349 | J17: 6349 | K17: 5.4990392 | L17: 8.6212947 | R17: =O17+J17 -> 6349 | S17: =(J17*K17%)+(O17*P17%) -> 349.134 | T17: =(J17*L17%)+(O17*Q17%) -> 547.366 | U17: 00 | V17: 0 | W17: 0 | X17: 0 | Y17: 0 | Z17: 0 | AA17: =X17*Y17% -> 0 | AB17: =X17*Z17% -> 0 | AF17: =AC17*AD17% -> 0 | AG17: =AC17*AE17% -> 0 | AH17: 30974 | AI17: 5.35 | AJ17: 8.55 | AK17: =AH17*AI17% -> 1657.109 | AL17: =AH17*AJ17% -> 2648.277 | AM17: =+D17+R17-AC17-AH17 -> -10 | AN17: =+G17+S17-AF17-AK17 -> 1.543 | AO17: =+H17+T17-AG17-AL17 -> -1.2515 | AP17: =(AN17+AO17)/(S17+T17) -> 0.00032515337 | AQ17: =($AP$1*AN17+$AQ$1*AO17) -> 309.52434 | AR17: =(D17+J17+O17)-(X17+AH17) -> -10
B18: =+B16+1 -> 46061 | C18: M | D18: 30974 | E18: 5.35 | F18: 8.55 | G18: =+D18*E18% -> 1657.109 | H18: =+D18*F18% -> 2648.277 | I18: 6100 | J18: 6100 | K18: 5.5326393 | L18: 8.5830984 | R18: =O18+J18 -> 6100 | S18: =(J18*K18%)+(O18*P18%) -> 337.491 | T18: =(J18*L18%)+(O18*Q18%) -> 523.569 | U18: 5280 | V18: 82005 | W18: Hajipur | X18: 18750 | Y18: 5.55 | Z18: 8.65 | AA18: =X18*Y18% -> 1040.625 | AB18: =X18*Z18% -> 1621.875 | AC18: 18760 | AD18: 5.35 | AE18: 8.35 | AF18: =AC18*AD18% -> 1003.66 | AG18: =AC18*AE18% -> 1566.46 | AH18: 18334 | AI18: 5.38 | AJ18: 8.55 | AK18: =AH18*AI18% -> 986.3692 | AL18: =AH18*AJ18% -> 1567.557 | AM18: =+D18+R18-AC18-AH18 -> -20 | AN18: =+G18+S18-AF18-AK18 -> 4.5708 | AO18: =+H18+T18-AG18-AL18 -> 37.829 | AP18: =(AN18+AO18)/(S18+T18) -> 0.0492414 | AQ18: =($AP$1*AN18+$AQ$1*AO18) -> 13011.437 | AR18: =(D18+J18+O18)-(X18+AH18) -> -10
B19: =+B17+1 -> 46061 | C19: E | D19: 18334 | E19: 5.38 | F19: 8.55 | G19: =+D19*E19% -> 986.3692 | H19: =+D19*F19% -> 1567.557 | I19: 7022 | J19: 7022 | K19: 5.3281401 | L19: 8.495685 | R19: =O19+J19 -> 7022 | S19: =(J19*K19%)+(O19*P19%) -> 374.142 | T19: =(J19*L19%)+(O19*Q19%) -> 596.567 | U19: 0 | V19: 0 | W19: 0 | X19: 0 | Y19: 0 | Z19: 0 | AA19: =X19*Y19% -> 0 | AB19: =X19*Z19% -> 0 | AF19: =AC19*AD19% -> 0 | AG19: =AC19*AE19% -> 0 | AH19: 25366 | AI19: 5.36 | AJ19: 8.53 | AK19: =AH19*AI19% -> 1359.6176 | AL19: =AH19*AJ19% -> 2163.7198 | AM19: =+D19+R19-AC19-AH19 -> -10 | AN19: =+G19+S19-AF19-AK19 -> 0.8936 | AO19: =+H19+T19-AG19-AL19 -> 0.4042 | AP19: =(AN19+AO19)/(S19+T19) -> 0.0013369609 | AQ19: =($AP$1*AN19+$AQ$1*AO19) -> 507.99263 | AR19: =(D19+J19+O19)-(X19+AH19) -> -10
B20: =+B18+1 -> 46062 | C20: M | D20: 25366 | E20: 5.36 | F20: 8.53 | G20: =+D20*E20% -> 1359.6176 | H20: =+D20*F20% -> 2163.7198 | I20: 6305 | J20: 6305 | K20: 5.2935289 | L20: 8.5433783 | R20: =O20+J20 -> 6305 | S20: =(J20*K20%)+(O20*P20%) -> 333.757 | T20: =(J20*L20%)+(O20*Q20%) -> 538.66 | U20: 5280 | V20: 82007 | W20: Hajipur | X20: 18790 | Y20: 5.15 | Z20: 8.19 | AA20: =X20*Y20% -> 967.685 | AB20: =X20*Z20% -> 1538.901 | AC20: 18690 | AD20: 5.35 | AE20: 8.48 | AF20: =AC20*AD20% -> 999.915 | AG20: =AC20*AE20% -> 1584.912 | AH20: 12891 | AI20: 5.35 | AJ20: 8.53 | AK20: =AH20*AI20% -> 689.6685 | AL20: =AH20*AJ20% -> 1099.6023 | AM20: =+D20+R20-AC20-AH20 -> 90 | AN20: =+G20+S20-AF20-AK20 -> 3.7911 | AO20: =+H20+T20-AG20-AL20 -> 17.8655 | AP20: =(AN20+AO20)/(S20+T20) -> 0.02482368 | AQ20: =($AP$1*AN20+$AQ$1*AO20) -> 6857.915 | AR20: =(D20+J20+O20)-(X20+AH20) -> -10
B21: =+B19+1 -> 46062 | C21: E | D21: 12891 | E21: 5.35 | F21: 8.53 | G21: =+D21*E21% -> 689.6685 | H21: =+D21*F21% -> 1099.6023 | I21: 7560 | J21: 7560 | K21: 5.4646693 | L21: 8.557791 | R21: =O21+J21 -> 7560 | S21: =(J21*K21%)+(O21*P21%) -> 413.129 | T21: =(J21*L21%)+(O21*Q21%) -> 646.969 | U21: 0 | V21: 0 | W21: 0 | X21: 0 | Y21: 0 | Z21: 0 | AA21: =X21*Y21% -> 0 | AB21: =X21*Z21% -> 0 | AF21: =AC21*AD21% -> 0 | AG21: =AC21*AE21% -> 0 | AH21: 20461 | AI21: 5.39 | AJ21: 8.54 | AK21: =AH21*AI21% -> 1102.8479 | AL21: =AH21*AJ21% -> 1747.3694 | AM21: =+D21+R21-AC21-AH21 -> -10 | AN21: =+G21+S21-AF21-AK21 -> -0.0504 | AO21: =+H21+T21-AG21-AL21 -> -0.7981 | AP21: =(AN21+AO21)/(S21+T21) -> -0.0008003977 | AQ21: =($AP$1*AN21+$AQ$1*AO21) -> -254.40397 | AR21: =(D21+J21+O21)-(X21+AH21) -> -10
B22: =+B20+1 -> 46063 | C22: M | D22: 20461 | E22: 5.39 | F22: 8.54 | G22: =+D22*E22% -> 1102.8479 | H22: =+D22*F22% -> 1747.3694 | I22: 6363 | J22: 6363 | K22: 5.4041961 | L22: 8.5608047 | R22: =O22+J22 -> 6363 | S22: =(J22*K22%)+(O22*P22%) -> 343.869 | T22: =(J22*L22%)+(O22*Q22%) -> 544.724 | U22: 5280 | V22: 82008 | W22: Hajipur | X22: 18790 | Y22: 5.35 | Z22: 8.48 | AA22: =X22*Y22% -> 1005.265 | AB22: =X22*Z22% -> 1593.392 | AC22: 18710 | AD22: 5.25 | AE22: 8.33 | AF22: =AC22*AD22% -> 982.275 | AG22: =AC22*AE22% -> 1558.543 | AH22: 8044 | AI22: 5.39 | AJ22: 8.54 | AK22: =AH22*AI22% -> 433.5716 | AL22: =AH22*AJ22% -> 686.9576 | AM22: =+D22+R22-AC22-AH22 -> 70 | AN22: =+G22+S22-AF22-AK22 -> 30.8703 | AO22: =+H22+T22-AG22-AL22 -> 46.5928 | AP22: =(AN22+AO22)/(S22+T22) -> 0.087175006 | AQ22: =($AP$1*AN22+$AQ$1*AO22) -> 27050.112 | AR22: =(D22+J22+O22)-(X22+AH22) -> -10
B23: =+B21+1 -> 46063 | C23: E | D23: 8044 | E23: 5.39 | F23: 8.54 | G23: =+D23*E23% -> 433.5716 | H23: =+D23*F23% -> 686.9576 | I23: 6735 | J23: 6735 | K23: 5.4001336 | L23: 8.46049 | R23: =O23+J23 -> 6735 | S23: =(J23*K23%)+(O23*P23%) -> 363.699 | T23: =(J23*L23%)+(O23*Q23%) -> 569.814 | U23: 0 | V23: 0 | W23: 0 | X23: 0 | Y23: 0 | Z23: 0 | AA23: =X23*Y23% -> 0 | AB23: =X23*Z23% -> 0 | AF23: =AC23*AD23% -> 0 | AG23: =AC23*AE23% -> 0 | AH23: 14789 | AI23: 5.39 | AJ23: 8.5 | AK23: =AH23*AI23% -> 797.1271 | AL23: =AH23*AJ23% -> 1257.065 | AM23: =+D23+R23-AC23-AH23 -> -10 | AN23: =+G23+S23-AF23-AK23 -> 0.1435 | AO23: =+H23+T23-AG23-AL23 -> -0.2934 | AP23: =(AN23+AO23)/(S23+T23) -> -0.00016057623 | AQ23: =($AP$1*AN23+$AQ$1*AO23) -> -22.755717 | AR23: =(D23+J23+O23)-(X23+AH23) -> -10
B24: =+B22+1 -> 46064 | C24: M | D24: 14789 | E24: 5.39 | F24: 8.5 | G24: =+D24*E24% -> 797.1271 | H24: =+D24*F24% -> 1257.065 | I24: 5703 | J24: 5703 | K24: 5.3567245 | L24: 8.5889181 | R24: =O24+J24 -> 5703 | S24: =(J24*K24%)+(O24*P24%) -> 305.494 | T24: =(J24*L24%)+(O24*Q24%) -> 489.826 | U24: 0 | V24: 0 | W24: 0 | X24: 0 | Y24: 0 | Z24: 0 | AA24: =X24*Y24% -> 0 | AB24: =X24*Z24% -> 0 | AF24: =AC24*AD24% -> 0 | AG24: =AC24*AE24% -> 0 | AH24: 20502 | AI24: 5.38 | AJ24: 8.52 | AK24: =AH24*AI24% -> 1103.0076 | AL24: =AH24*AJ24% -> 1746.7704 | AM24: =+D24+R24-AC24-AH24 -> -10 | AN24: =+G24+S24-AF24-AK24 -> -0.3865 | AO24: =+H24+T24-AG24-AL24 -> 0.1206 | AP24: =(AN24+AO24)/(S24+T24) -> -0.00033433084 | AQ24: =($AP$1*AN24+$AQ$1*AO24) -> -133.6953 | AR24: =(D24+J24+O24)-(X24+AH24) -> -10
B25: =+B23+1 -> 46064 | C25: E | D25: 20502 | E25: 5.38 | F25: 8.52 | G25: =+D25*E25% -> 1103.0076 | H25: =+D25*F25% -> 1746.7704 | I25: 7060 | J25: 7060 | K25: 5.3508782 | L25: 8.5414306 | R25: =O25+J25 -> 7060 | S25: =(J25*K25%)+(O25*P25%) -> 377.772 | T25: =(J25*L25%)+(O25*Q25%) -> 603.025 | U25: 5280 | V25: 82009 | W25: Hajipur | X25: 18500 | Y25: 5.45 | Z25: 8.63 | AA25: =X25*Y25% -> 1008.25 | AB25: =X25*Z25% -> 1596.55 | AC25: 18540 | AD25: 5.4 | AE25: 8.43 | AF25: =AC25*AD25% -> 1001.16 | AG25: =AC25*AE25% -> 1562.922 | AH25: 9072 | AI25: 5.37 | AJ25: 8.52 | AK25: =AH25*AI25% -> 487.1664 | AL25: =AH25*AJ25% -> 772.9344 | AM25: =+D25+R25-AC25-AH25 -> -50 | AN25: =+G25+S25-AF25-AK25 -> -7.5468 | AO25: =+H25+T25-AG25-AL25 -> 13.939 | AP25: =(AN25+AO25)/(S25+T25) -> 0.0065173527 | AQ25: =($AP$1*AN25+$AQ$1*AO25) -> 762.54218 | AR25: =(D25+J25+O25)-(X25+AH25) -> -10
B26: =+B24+1 -> 46065 | C26: M | D26: 9072 | E26: 5.37 | F26: 8.52 | G26: =+D26*E26% -> 487.1664 | H26: =+D26*F26% -> 772.9344 | I26: 5669 | J26: 5669 | K26: 5.4099312 | L26: 8.5826601 | R26: =O26+J26 -> 5669 | S26: =(J26*K26%)+(O26*P26%) -> 306.689 | T26: =(J26*L26%)+(O26*Q26%) -> 486.551 | U26: 0 | V26: 0 | W26: 0 | X26: 0 | Y26: 0 | Z26: 0 | AA26: =X26*Y26% -> 0 | AB26: =X26*Z26% -> 0 | AF26: =AC26*AD26% -> 0 | AG26: =AC26*AE26% -> 0 | AH26: 14751 | AI26: 5.38 | AJ26: 8.54 | AK26: =AH26*AI26% -> 793.6038 | AL26: =AH26*AJ26% -> 1259.7354 | AM26: =+D26+R26-AC26-AH26 -> -10 | AN26: =+G26+S26-AF26-AK26 -> 0.2516 | AO26: =+H26+T26-AG26-AL26 -> -0.25 | AP26: =(AN26+AO26)/(S26+T26) -> 2.017044e-06 | AQ26: =($AP$1*AN26+$AQ$1*AO26) -> 37.096332 | AR26: =(D26+J26+O26)-(X26+AH26) -> -10
B27: =+B25+1 -> 46065 | C27: E | D27: 14751 | E27: 5.38 | F27: 8.54 | G27: =+D27*E27% -> 793.6038 | H27: =+D27*F27% -> 1259.7354 | I27: 6898 | J27: 6898 | K27: 5.133546 | L27: 8.4471731 | R27: =O27+J27 -> 6898 | S27: =(J27*K27%)+(O27*P27%) -> 354.112 | T27: =(J27*L27%)+(O27*Q27%) -> 582.686 | U27: 5280 | V27: 82010 | W27: Hajipur | X27: 18700 | Y27: 5.35 | Z27: 8.54 | AA27: =X27*Y27% -> 1000.45 | AB27: =X27*Z27% -> 1596.98 | AC27: 18730 | AD27: 5.3 | AE27: 8.34 | AF27: =AC27*AD27% -> 992.69 | AG27: =AC27*AE27% -> 1562.082 | AH27: 2959 | AI27: 5.3 | AJ27: 8.51 | AK27: =AH27*AI27% -> 156.827 | AL27: =AH27*AJ27% -> 251.8109 | AM27: =+D27+R27-AC27-AH27 -> -40 | AN27: =+G27+S27-AF27-AK27 -> -1.8012 | AO27: =+H27+T27-AG27-AL27 -> 28.5285 | AP27: =(AN27+AO27)/(S27+T27) -> 0.028530484 | AQ27: =($AP$1*AN27+$AQ$1*AO27) -> 7520.2185 | AR27: =(D27+J27+O27)-(X27+AH27) -> -10 | AS27: =SUM(AQ14:AQ27) -> 55366.887
B28: =+B26+1 -> 46066 | C28: M | G28: =+D28*E28% -> 0 | H28: =+D28*F28% -> 0 | J28: =I28 -> 0 | R28: =O28+J28 -> 0 | S28: =(J28*K28%)+(O28*P28%) -> 0 | T28: =(J28*L28%)+(O28*Q28%) -> 0 | AA28: =X28*Y28% -> 0 | AB28: =X28*Z28% -> 0 | AF28: =AC28*AD28% -> 0 | AG28: =AC28*AE28% -> 0 | AK28: =AH28*AI28% -> 0 | AL28: =AH28*AJ28% -> 0 | AM28: =+D28+R28-AC28-AH28 -> 0 | AN28: =+G28+S28-AF28-AK28 -> 0 | AO28: =+H28+T28-AG28-AL28 -> 0 | AP28: =(AN28+AO28)/(S28+T28) -> #DIV/0! | AQ28: =($AP$1*AN28+$AQ$1*AO28) -> 0 | AR28: =(D28+J28+O28)-(X28+AH28) -> 0
B29: =+B27+1 -> 46066 | C29: E | G29: =+D29*E29% -> 0 | H29: =+D29*F29% -> 0 | J29: =I29 -> 0 | R29: =O29+J29 -> 0 | S29: =(J29*K29%)+(O29*P29%) -> 0 | T29: =(J29*L29%)+(O29*Q29%) -> 0 | AA29: =X29*Y29% -> 0 | AB29: =X29*Z29% -> 0 | AF29: =AC29*AD29% -> 0 | AG29: =AC29*AE29% -> 0 | AK29: =AH29*AI29% -> 0 | AL29: =AH29*AJ29% -> 0 | AM29: =+D29+R29-AC29-AH29 -> 0 | AN29: =+G29+S29-AF29-AK29 -> 0 | AO29: =+H29+T29-AG29-AL29 -> 0 | AP29: =(AN29+AO29)/(S29+T29) -> #DIV/0! | AQ29: =($AP$1*AN29+$AQ$1*AO29) -> 0 | AR29: =(D29+J29+O29)-(X29+AH29) -> 0
B30: =+B28+1 -> 46067 | C30: M | G30: =+D30*E30% -> 0 | H30: =+D30*F30% -> 0 | J30: =I30 -> 0 | R30: =O30+J30 -> 0 | S30: =(J30*K30%)+(O30*P30%) -> 0 | T30: =(J30*L30%)+(O30*Q30%) -> 0 | AA30: =X30*Y30% -> 0 | AB30: =X30*Z30% -> 0 | AF30: =AC30*AD30% -> 0 | AG30: =AC30*AE30% -> 0 | AK30: =AH30*AI30% -> 0 | AL30: =AH30*AJ30% -> 0 | AM30: =+D30+R30-AC30-AH30 -> 0 | AN30: =+G30+S30-AF30-AK30 -> 0 | AO30: =+H30+T30-AG30-AL30 -> 0 | AP30: =(AN30+AO30)/(S30+T30) -> #DIV/0! | AQ30: =($AP$1*AN30+$AQ$1*AO30) -> 0 | AR30: =(D30+J30+O30)-(X30+AH30) -> 0
B31: =+B29+1 -> 46067 | C31: E | G31: =+D31*E31% -> 0 | H31: =+D31*F31% -> 0 | J31: =I31 -> 0 | R31: =O31+J31 -> 0 | S31: =(J31*K31%)+(O31*P31%) -> 0 | T31: =(J31*L31%)+(O31*Q31%) -> 0 | AA31: =X31*Y31% -> 0 | AB31: =X31*Z31% -> 0 | AF31: =AC31*AD31% -> 0 | AG31: =AC31*AE31% -> 0 | AK31: =AH31*AI31% -> 0 | AL31: =AH31*AJ31% -> 0 | AM31: =+D31+R31-AC31-AH31 -> 0 | AN31: =+G31+S31-AF31-AK31 -> 0 | AO31: =+H31+T31-AG31-AL31 -> 0 | AP31: =(AN31+AO31)/(S31+T31) -> #DIV/0! | AQ31: =($AP$1*AN31+$AQ$1*AO31) -> 0 | AR31: =(D31+J31+O31)-(X31+AH31) -> 0
B32: =+B30+1 -> 46068 | C32: M | G32: =+D32*E32% -> 0 | H32: =+D32*F32% -> 0 | J32: =I32 -> 0 | R32: =O32+J32 -> 0 | S32: =(J32*K32%)+(O32*P32%) -> 0 | T32: =(J32*L32%)+(O32*Q32%) -> 0 | AA32: =X32*Y32% -> 0 | AB32: =X32*Z32% -> 0 | AF32: =AC32*AD32% -> 0 | AG32: =AC32*AE32% -> 0 | AK32: =AH32*AI32% -> 0 | AL32: =AH32*AJ32% -> 0 | AM32: =+D32+R32-AC32-AH32 -> 0 | AN32: =+G32+S32-AF32-AK32 -> 0 | AO32: =+H32+T32-AG32-AL32 -> 0 | AP32: =(AN32+AO32)/(S32+T32) -> #DIV/0! | AQ32: =($AP$1*AN32+$AQ$1*AO32) -> 0 | AR32: =(D32+J32+O32)-(X32+AH32) -> 0
B33: =+B31+1 -> 46068 | C33: E | G33: =+D33*E33% -> 0 | H33: =+D33*F33% -> 0 | J33: =I33 -> 0 | R33: =O33+J33 -> 0 | S33: =(J33*K33%)+(O33*P33%) -> 0 | T33: =(J33*L33%)+(O33*Q33%) -> 0 | AA33: =X33*Y33% -> 0 | AB33: =X33*Z33% -> 0 | AF33: =AC33*AD33% -> 0 | AG33: =AC33*AE33% -> 0 | AK33: =AH33*AI33% -> 0 | AL33: =AH33*AJ33% -> 0 | AM33: =+D33+R33-AC33-AH33 -> 0 | AN33: =+G33+S33-AF33-AK33 -> 0 | AO33: =+H33+T33-AG33-AL33 -> 0 | AP33: =(AN33+AO33)/(S33+T33) -> #DIV/0! | AQ33: =($AP$1*AN33+$AQ$1*AO33) -> 0 | AR33: =(D33+J33+O33)-(X33+AH33) -> 0
B34: =+B32+1 -> 46069 | C34: M | G34: =+D34*E34% -> 0 | H34: =+D34*F34% -> 0 | J34: =I34 -> 0 | R34: =O34+J34 -> 0 | S34: =(J34*K34%)+(O34*P34%) -> 0 | T34: =(J34*L34%)+(O34*Q34%) -> 0 | AA34: =X34*Y34% -> 0 | AB34: =X34*Z34% -> 0 | AF34: =AC34*AD34% -> 0 | AG34: =AC34*AE34% -> 0 | AK34: =AH34*AI34% -> 0 | AL34: =AH34*AJ34% -> 0 | AM34: =+D34+R34-AC34-AH34 -> 0 | AN34: =+G34+S34-AF34-AK34 -> 0 | AO34: =+H34+T34-AG34-AL34 -> 0 | AP34: =(AN34+AO34)/(S34+T34) -> #DIV/0! | AQ34: =($AP$1*AN34+$AQ$1*AO34) -> 0 | AR34: =(D34+J34+O34)-(X34+AH34) -> 0
B35: =+B33+1 -> 46069 | C35: E | G35: =+D35*E35% -> 0 | H35: =+D35*F35% -> 0 | J35: =I35 -> 0 | R35: =O35+J35 -> 0 | S35: =(J35*K35%)+(O35*P35%) -> 0 | T35: =(J35*L35%)+(O35*Q35%) -> 0 | AA35: =X35*Y35% -> 0 | AB35: =X35*Z35% -> 0 | AF35: =AC35*AD35% -> 0 | AG35: =AC35*AE35% -> 0 | AK35: =AH35*AI35% -> 0 | AL35: =AH35*AJ35% -> 0 | AM35: =+D35+R35-AC35-AH35 -> 0 | AN35: =+G35+S35-AF35-AK35 -> 0 | AO35: =+H35+T35-AG35-AL35 -> 0 | AP35: =(AN35+AO35)/(S35+T35) -> #DIV/0! | AQ35: =($AP$1*AN35+$AQ$1*AO35) -> 0 | AR35: =(D35+J35+O35)-(X35+AH35) -> 0
B36: =+B34+1 -> 46070 | C36: M | G36: =+D36*E36% -> 0 | H36: =+D36*F36% -> 0 | J36: =I36 -> 0 | R36: =O36+J36 -> 0 | S36: =(J36*K36%)+(O36*P36%) -> 0 | T36: =(J36*L36%)+(O36*Q36%) -> 0 | AA36: =X36*Y36% -> 0 | AB36: =X36*Z36% -> 0 | AF36: =AC36*AD36% -> 0 | AG36: =AC36*AE36% -> 0 | AK36: =AH36*AI36% -> 0 | AL36: =AH36*AJ36% -> 0 | AM36: =+D36+R36-AC36-AH36 -> 0 | AN36: =+G36+S36-AF36-AK36 -> 0 | AO36: =+H36+T36-AG36-AL36 -> 0 | AP36: =(AN36+AO36)/(S36+T36) -> #DIV/0! | AQ36: =($AP$1*AN36+$AQ$1*AO36) -> 0 | AR36: =(D36+J36+O36)-(X36+AH36) -> 0
B37: =+B35+1 -> 46070 | C37: E | G37: =+D37*E37% -> 0 | H37: =+D37*F37% -> 0 | J37: =I37 -> 0 | R37: =O37+J37 -> 0 | S37: =(J37*K37%)+(O37*P37%) -> 0 | T37: =(J37*L37%)+(O37*Q37%) -> 0 | AA37: =X37*Y37% -> 0 | AB37: =X37*Z37% -> 0 | AF37: =AC37*AD37% -> 0 | AG37: =AC37*AE37% -> 0 | AK37: =AH37*AI37% -> 0 | AL37: =AH37*AJ37% -> 0 | AM37: =+D37+R37-AC37-AH37 -> 0 | AN37: =+G37+S37-AF37-AK37 -> 0 | AO37: =+H37+T37-AG37-AL37 -> 0 | AP37: =(AN37+AO37)/(S37+T37) -> #DIV/0! | AQ37: =($AP$1*AN37+$AQ$1*AO37) -> 0 | AR37: =(D37+J37+O37)-(X37+AH37) -> 0
B38: =+B36+1 -> 46071 | C38: M | G38: =+D38*E38% -> 0 | H38: =+D38*F38% -> 0 | J38: =I38 -> 0 | R38: =O38+J38 -> 0 | S38: =(J38*K38%)+(O38*P38%) -> 0 | T38: =(J38*L38%)+(O38*Q38%) -> 0 | AA38: =X38*Y38% -> 0 | AB38: =X38*Z38% -> 0 | AF38: =AC38*AD38% -> 0 | AG38: =AC38*AE38% -> 0 | AK38: =AH38*AI38% -> 0 | AL38: =AH38*AJ38% -> 0 | AM38: =+D38+R38-AC38-AH38 -> 0 | AN38: =+G38+S38-AF38-AK38 -> 0 | AO38: =+H38+T38-AG38-AL38 -> 0 | AP38: =(AN38+AO38)/(S38+T38) -> #DIV/0! | AQ38: =($AP$1*AN38+$AQ$1*AO38) -> 0 | AR38: =(D38+J38+O38)-(X38+AH38) -> 0
B39: =+B37+1 -> 46071 | C39: E | G39: =+D39*E39% -> 0 | H39: =+D39*F39% -> 0 | J39: =I39 -> 0 | R39: =O39+J39 -> 0 | S39: =(J39*K39%)+(O39*P39%) -> 0 | T39: =(J39*L39%)+(O39*Q39%) -> 0 | AA39: =X39*Y39% -> 0 | AB39: =X39*Z39% -> 0 | AF39: =AC39*AD39% -> 0 | AG39: =AC39*AE39% -> 0 | AK39: =AH39*AI39% -> 0 | AL39: =AH39*AJ39% -> 0 | AM39: =+D39+R39-AC39-AH39 -> 0 | AN39: =+G39+S39-AF39-AK39 -> 0 | AO39: =+H39+T39-AG39-AL39 -> 0 | AP39: =(AN39+AO39)/(S39+T39) -> #DIV/0! | AQ39: =($AP$1*AN39+$AQ$1*AO39) -> 0 | AR39: =(D39+J39+O39)-(X39+AH39) -> 0
... B65: =+B63+1 -> 46084 | C65: E | G65: =+D65*E65% -> 0 | H65: =+D65*F65% -> 0 | J65: =I65 -> 0 | R65: =O65+J65 -> 0 | S65: =(J65*K65%)+(O65*P65%) -> 0 | T65: =(J65*L65%)+(O65*Q65%) -> 0 | AA65: =X65*Y65% -> 0 | AB65: =X65*Z65% -> 0 | AF65: =AC65*AD65% -> 0 | AG65: =AC65*AE65% -> 0 | AK65: =AH65*AI65% -> 0 | AL65: =AH65*AJ65% -> 0 | AM65: =+D65+R65-AC65-AH65 -> 0 | AN65: =+G65+S65-AF65-AK65 -> 0 | AO65: =+H65+T65-AG65-AL65 -> 0 | AP65: =(AN65+AO65)/(S65+T65) -> #DIV/0! | AQ65: =($AP$1*AN65+$AQ$1*AO65) -> 0 | AR65: =(D65+J65+O65)-(X65+AH65) -> 0
J66: =SUM(J4:J65) -> 167559 | K66: =SUMPRODUCT(J4:J65,K4:K65)/J66 -> 5.393881 | L66: =SUMPRODUCT(J4:J65,L4:L65)/J66 -> 8.5297239 | O66: =SUM(O15:O65) -> 0 | AC66: =SUM(AC6:AC65) -> 149810 | AM66: =-SUM(AM4:AM65) -> 150 | AN66: =-SUM(AN4:AN65) -> -93.136 | AO66: =-SUM(AO4:AO65) -> -257.7501 | AQ66: =-SUM(AQ4:AQ65) -> -115730.68
J67: =J66 -> 167559 | K67: =J67*K66% -> 9037.933 | L67: =J67*L66% -> 14292.32
V68: 4340
V69: 5500

Sheet DSC_Master
A1: union_code | B1: bmc_code | C1: dcs_code | D1: society_code_ex | E1: society_name | F1: dcs_short_name | G1: address | H1: Mobile No | I1: ifsc | J1: bank_account_no | K1: beneficiary_name | L1: route | S1: Row Labels | T1: No of Society | U1: Sum of Balance Payable/Recoverable
A2: 001 | B2: 1062 | C2: 10620001 | D2: 64540 | E2: AKHILESH PANDEY | F2: KARARI DSK | G2: KARARI ,KAIMUR,MOANIA,BIHAR , 821105 | H2: 9934591684 | I2: HDFC0002625 | J2: 50100615862020 | K2: AKHILESH PANDEY | L2: 106201 | S2: 0 | T2: 10 | U2: 0
A3: 001 | B3: 1062 | C3: 10620002 | D3: 64592 | E3: BAL GOPAL YADAV | F3: UDHAPURA DSK | G3: UDHAPURA ,KAIMUR,MOANIA,BIHAR , 821105 | H3: 8924850648 | I3: SBIN0000076 | J3: 37483995547 | K3: BAL GOPAL YADAV | L3: 106201 | S3: Excess payment | T3: 3 | U3: -247810.4
A4: 001 | B4: 1062 | C4: 10620003 | D4: 64520 | E4: BANSI DHAR SINGH | F4: BICHHIYA DSK | G4: BICHHIYA ,KAIMUR,MOANIA,BIHAR , 821105 | H4: 7352968008 | I4: PUNB0237400 | J4: 2374000100106055 | K4: BANSI DHAR SINGH | L4: 106201 | S4: No Pouring | T4: 13 | U4: -205623.89
A5: 001 | B5: 1062 | C5: 10620004 | D5: 64600 | E5: DEEPAK KUMAR YADAV | F5: BHAMBHHOR DSK | G5: BHAMBHHOR ,KAIMUR,MOANIA,BIHAR , 821109 | H5: 6303590024 | I5: UTIB0001632 | J5: 924010010956816 | K5: DEEPAK KUMAR YADAV | L5: 106201 | S5: Recovery from cycle | T5: 16 | U5: -172704.2
A6: 001 | B6: 1062 | C6: 10620005 | D6: 64505 | E6: DINESH KUMAR | F6: MAHUWARIYA DSK | G6: MAHUWARIYA ,KAIMUR,MOANIA,BIHAR , 821105 | H6: 8603752849 | I6: SBIN0014328 | J6: 20315506501 | K6: DINESH KUMAR | L6: 106201 | S6: Payable to MPG | T6: 58 | U6: 2175338.7
A7: 001 | B7: 1062 | C7: 10620006 | D7: 64601 | E7: JAY PRAKASH PANDEY | F7: SIRIYAUA DSK | G7: SIRIYAUA ,KAIMUR,MOANIA,BIHAR , 821110 | H7: 7077788223 | I7: PUNB0278400 | J7: 2784000100290227 | K7: JAY PRAKASH PANDEY | L7: 106201 | S7: Grand Total | T7: 100 | U7: 1549200.3
A8: 001 | B8: 1062 | C8: 10620007 | D8: 64546 | E8: UDEY PRATAP DUBEY | F8: KURRA DSK | G8: KURRA ,KAIMUR,MOANIA,BIHAR , 821109 | H8: 9113390853 | I8: BKID0004619 | J8: 461918210002275 | K8: UDAY PRATAP DUBEY | L8: 106201
A9: 001 | B9: 1062 | C9: 10620008 | D9: 64544 | E9: KAMLESH SINGH | F9: ASHUDHA DSK | G9: ASHUDHA ,KAIMUR,MOANIA,BIHAR , 821110 | H9: 6200554595 | I9: BDBL0001544 | J9: 20100077569381 | K9: KAMLESH SINGH | L9: 106201
A10: 001 | B10: 1062 | C10: 10620009 | D10: 64571 | E10: KANHAIYA YADAV | F10: JAVRI DSK | G10: JAVRI ,KAIMUR,MOANIA,BIHAR , 821105 | H10: 7004978468 | I10: SBIN0014328 | J10: 42108869535 | K10: KANHAIYA YADAV | L10: 106201
A11: 001 | B11: 1062 | C11: 10620010 | D11: 64508 | E11: KHUSHABU YADAV | F11: LARMA DSK | G11: LARMA ,KAIMUR,MOANIA,BIHAR , 821105 | H11: 9065296057 | I11: PUNB0236700 | J11: 2367000100137224 | K11: KHUSHABU YADAV | L11: 106201
A12: 001 | B12: 1062 | C12: 10620011 | D12: 64556 | E12: MALTI DEVI | F12: KABILASPUR DSK | G12: KABILASPUR ,KAIMUR,MOANIA,BIHAR , 821105 | H12: 6200620118 | I12: PUNB0237400 | J12: 2374002100002492 | K12: MALTI DEVI | L12: 106201
A13: 001 | B13: 1062 | C13: 10620012 | D13: 64515 | E13: MR SHREE NIWAS YADAV | F13: DHARHARA DSK | G13: DHARARA ,KAIMUR,MOANIA,BIHAR , 821105 | H13: 7783847657 | I13: SBIN0006137 | J13: 37905177514 | K13: SHREE NIWAS YADAV | L13: 106201
A14: 001 | B14: 1062 | C14: 10620013 | D14: 64523 | E14: Mr SONU KUMAR | F14: KHADSARA DSK | G14: KHARSARA ,KAIMUR,MOANIA,BIHAR , 821105 | H14: 8757865353 | I14: SBIN0014328 | J14: 20421372063 | K14: SONU KUMAR | L14: 106201
A15: 001 | B15: 1062 | C15: 10620014 | D15: 60628 | E15: PARASH SINGH | F15: BAIJNATH DSK | G15: BAIJNATH ,KAIMUR,MOANIA,BIHAR , 821110 | H15: 9905772355 | I15: PUNB0278400 | J15: 2784000100175715 | K15: PARASH SINGH | L15: 106201
A16: 001 | B16: 1062 | C16: 10620015 | D16: 64537 | E16: PAWAN KUMAR SINGH | F16: KASTHARI DSK | G16: KASTHARI ,KAIMUR,MOANIA,BIHAR , 821105 | H16: 9905909472 | I16: PUNB0237400 | J16: 2374001500005364 | K16: PAWAN KUMAR SINGH | L16: 106201
A17: 001 | B17: 1062 | C17: 10620016 | D17: 64522 | E17: RAM CHARAN RAI | F17: MADANPURA DSK | G17: MADANPURA ,KAIMUR,MOANIA,BIHAR , 821105 | H17: 9065026841 | I17: PUNB0237400 | J17: 2374000100165377 | K17: RAM CHARAN RAI | L17: 106201
A18: 001 | B18: 1062 | C18: 10620017 | D18: 64555 | E18: SATENDRA YADAV | F18: DEHWALIYA DSK | G18: DEHVALYA ,KAIMUR,MOANIA,BIHAR , 821105 | H18: 9625596113 | I18: PUNB0269600 | J18: 14462413000951 | K18: SATENDRA YADAV | L18: 106201
A19: 001 | B19: 1062 | C19: 10620018 | D19: 64591 | E19: SAVARU SINGH | F19: LURPURWA DSK | G19: LURPURWA ,KAIMUR,MOANIA,BIHAR , 821109 | H19: 8002591740 | I19: UBIN0560308 | J19: 603002010018335 | K19: SAVARU SINGH | L19: 106201
... A99: 001 | B99: 1062 | C99: 10620098 | D99: 64579 | E99: VIKASH RAI | F99: RAJAPUR DSK | G99: RAJPUR ,BUXER,DUMRAWN,BIHAR , 802131 | H99: 9831104177 | I99: KARB0000294 | J99: 2942500100123701 | K99: VIKASH RAI | L99: 106201
A100: 001 | B100: 1062 | C100: 10620099 | D100: 64504 | E100: SURESH KHARWAR | F100: NONAR DSK | H100: 6203275422 | I100: PUNB0278400 | J100: 2784000100286464 | K100: SURESH KHARWAR | L100: 106201
A101: 001 | B101: 1062 | C101: 10620100 | D101: 60646 | E101: SHRI SHYAM DAIRY CO | F101: RAMGARH DSK | H101: 9408033456 | I101: BKID0005794 | J101: 579420110000403 | K101: SHRI SHYAM DAIRY CO | L101: 106201
A102: 001 | B102: 1062 | C102: 10620101 | D102: 20101 | E102: MD IMRAN KHAN | F102: JABURNA DSK | I102: BARB0DILDAR | J102: 43620100017275 | K102: MD IMRAN KHAN | L102: 106201
A103: 001 | B103: 1062 | C103: 10620102 | D103: 20102 | E103: MAYA KUMARI | F103: KALANI DSK | I103: BKID0004611 | J103: 461110110010454 | K103: MAYA KUMARI | L103: 106201
A104: 001 | B104: 1062 | C104: 10620111 | D104: 20111 | E104: PRIYA PANDEY | F104: SUHWAL | I104: SBIN0003683 | J104: 43605915887 | K104: PRIYA PANDEY | L104: 106201
A105: 001 | B105: 1062 | C105: 10620109 | D105: 20109 | E105: YUVRAJPUR DSK | F105: YUVRAJPUR DSK | I105: PUNB0066200 | J105: 0662001500012630 | K105: PRIYANKA PANDEY | L105: 106201
A106: 001 | B106: 1062 | C106: 10620110 | D106: 20110 | E106: KARIMUDDINPUR DSK | F106: KARIMUDDINPUR DSK | I106: SBIN0006143 | J106: 31624326901 | K106: ANAND KUMAR PANDEY | L106: 106201
A107: 001 | B107: 1062 | C107: 10620114 | D107: 20114 | E107: NIRAJ KUMAR | F107: SARAI DSK | I107: BKID0004603 | J107: 460310110010827 | K107: NIRAJ KUMAR | L107: 106201
A108: 001 | B108: 1062 | C108: 10620115 | D108: 20115 | E108: AJAY KUMAR SINGH | F108: BADAKI KULHARIA DSK | I108: SBIN0017163 | J108: 41684045867 | K108: AJAY KUMAR SINGH | L108: 106201
A109: 001 | B109: 1062 | C109: 10620113 | D109: 20113 | E109: LAKSHMAN KUMAR GUPTA | F109: AHINAURA DSK | I109: SBIN0015728 | J109: 42095590960 | K109: LAKSHMAN KUMAR GUPTA | L109: 106201
A110: 001 | B110: 1062 | C110: 10620112 | D110: 20112 | E110: PARSATHUA DSK | F110: PARSATHUA DSK | I110: HDFC0002625 | J110: 50100615862671 | K110: ANJU DEVI | L110: 106201
A111: 001 | B111: 1062 | C111: 10620104 | D111: 20104 | E111: NEERAJ KUMAR | F111: PANAPUR - PURVY DSK | H111: 8709578336 | I111: BDBL0001544 | J111: 20200123940927 | K111: NEERAJ KUMAR | L111: 106201
A112: 001 | B112: 1062 | C112: 10620106 | D112: 20106 | E112: PARASNATH SINGH | F112: MACHHANHATA DSK | H112: 9934804000 | I112: UTIB0005542 | J112: 924010067199253 | K112: PARASNATH SINGH | L112: 106201
A113: 001 | B113: 1062 | C113: 10620116 | D113: 20116 | E113: BIRENDRA KUMAR | F113: ARANG DSK | H113: 8651969252 | I113: BKID0005791 | J113: 579120110000273 | K113: BIRENDRA KUMAR | L113: 106201
A114: 001 | B114: 1062 | C114: 10620117 | D114: 20117 | E114: DEEPAK SINGH | F114: MANSURPUR DSK | H114: 6204632860 | I114: SBIN0014328 | J114: 43993182069 | K114: DEEPAK SINGH | L114: 106201
A115: 001 | B115: 1062 | C115: 10620108 | D115: 20108 | E115: VIJAY BAHADUR SINGH | F115: PANAPUR DSK | H115: 9572833566 | I115: PUNB0MBGB06 | J115: 73820700004430 | K115: VIJAY BAHADUR SINGH | L115: 106201
A116: 001 | B116: 1062 | C116: 10620119 | D116: 20119 | E116: DIVYANSHI DAIRY MILK | F116: KURRA NEW DSK | H116: 9113390853 | I116: IDIB000M430 | J116: 8136244333 | K116: DIVYANSHI DAIRY MILK | L116: 106201
A117: 001 | B117: 1062 | C117: 10620120 | D117: 20120 | E117: NIRMAL SINGH | F117: TIYARA DSK | H117: 9693008919 | I117: PUNB0278400 | J117: 2784000100110417 | K117: NIRMAL SINGH | L117: 106201
A118: 001 | B118: 1062 | C118: 10620107 | D118: 20107 | E118: DHANANJAY SINGH | F118: DANDAWAS DSK | H118: 7258987113 | I118: CNRB0007689 | J118: 110291410255 | K118: DHANANJAY SINGH | L118: 106201
A119: 001 | B119: 1062 | C119: 10620121 | D119: 20121 | E119: CHANDRA MANI RAI | F119: DUMDUMA DSK | H119: 8919953307 | I119: BKID0006253 | J119: 625310110008012 | K119: CHANDRA MANI RAI | L119: 106201
A120: 001 | B120: 1062 | C120: 10620122 | D120: 20122 | E120: JAISHANKAR JAISWAL | F120: NOUAN DSK | H120: 9973772302 | I120: BKID0004611 | J120: 461110110007555 | K120: JAISHANKAR JAISWAL | L120: 106201
A121: 001 | B121: 1062 | C121: 10620123 | D121: 20123 | E121: BECHU PASSI | F121: SAKRAULI DSK | H121: 9572267883 | I121: PUNB0269600 | J121: 2696000100200761 | K121: BECHU PASSI | L121: 106201
A122: 001 | B122: 1062 | C122: 10620124 | D122: 20124 | E122: KUMAR ARJUN SINGH | F122: ISARI DSK | H122: 9661365874 | I122: SBIN0017163 | J122: 42013101468 | K122: KUMAR ARJUN SINGH | L122: 106201
... A127: 001 | B127: 1062 | C127: 10620129 | D127: 20129 | E127: SUDHAR SINGH | F127: DEWAITHA DSK | H127: 7992066260 | I127: UBIN0546631 | J127: 466302010012219 | K127: SUDHAR SINGH | L127: 106201

Sheet Rate_Chart
A1: FAT+SNF | B1: 7.4 | C1: 7.5 | D1: 7.6 | E1: 7.7 | F1: 7.8 | G1: 7.9 | H1: 8 | I1: 8.1 | J1: 8.2 | K1: 8.3 | L1: 8.4 | M1: 8.5 | N1: 8.6 | O1: 8.7 | P1: 8.8 | Q1: 8.9 | R1: 9 | S1: 9.1 | T1: 9.2 | U1: 9.3 | V1: 9.4 | W1: 9.5 | X1: 9.6 | Y1: 9.7 | Z1: 9.8 | AA1: 9.9 | AB1: 10 | AC1: 10.1 | AD1: 10.2 | AE1: 10.3 | AF1: 10.4 | AG1: 10.5 | AH1: 10.6 | AI1: 10.7 | AJ1: 10.8 | AK1: 10.9
A2: 2.5 | B2: 0 | C2: 0 | D2: 0 | E2: 0 | F2: 0 | G2: 0 | H2: 32.666112 | I2: 32.944126 | J2: 33.22214 | K2: 33.500154 | L2: 33.778168 | M2: 34.056182 | N2: 34.056182 | O2: 34.056182 | P2: 34.056182 | Q2: 34.056182 | R2: 34.056182 | S2: 34.056182 | T2: 34.056182 | U2: 34.056182 | V2: 34.056182 | W2: 34.056182 | X2: 34.056182 | Y2: 34.056182 | Z2: 34.056182 | AA2: 34.056182 | AB2: 34.056182 | AC2: 34.056182 | AD2: 34.056182 | AE2: 34.056182 | AF2: 34.056182 | AG2: 34.056182 | AH2: 34.056182 | AI2: 34.056182 | AJ2: 34.056182 | AK2: 34.056182
A3: 2.6 | B3: 0 | C3: 0 | D3: 0 | E3: 0 | F3: 0 | G3: 0 | H3: 33.083112 | I3: 33.361126 | J3: 33.63914 | K3: 33.917154 | L3: 34.195168 | M3: 34.473182 | N3: 34.473182 | O3: 34.473182 | P3: 34.473182 | Q3: 34.473182 | R3: 34.473182 | S3: 34.473182 | T3: 34.473182 | U3: 34.473182 | V3: 34.473182 | W3: 34.473182 | X3: 34.473182 | Y3: 34.473182 | Z3: 34.473182 | AA3: 34.473182 | AB3: 34.473182 | AC3: 34.473182 | AD3: 34.473182 | AE3: 34.473182 | AF3: 34.473182 | AG3: 34.473182 | AH3: 34.473182 | AI3: 34.473182 | AJ3: 34.473182 | AK3: 34.473182
A4: 2.7 | B4: 0 | C4: 0 | D4: 0 | E4: 0 | F4: 0 | G4: 0 | H4: 33.500112 | I4: 33.778126 | J4: 34.05614 | K4: 34.334154 | L4: 34.612168 | M4: 34.890182 | N4: 34.890182 | O4: 34.890182 | P4: 34.890182 | Q4: 34.890182 | R4: 34.890182 | S4: 34.890182 | T4: 34.890182 | U4: 34.890182 | V4: 34.890182 | W4: 34.890182 | X4: 34.890182 | Y4: 34.890182 | Z4: 34.890182 | AA4: 34.890182 | AB4: 34.890182 | AC4: 34.890182 | AD4: 34.890182 | AE4: 34.890182 | AF4: 34.890182 | AG4: 34.890182 | AH4: 34.890182 | AI4: 34.890182 | AJ4: 34.890182 | AK4: 34.890182
A5: 2.8 | B5: 0 | C5: 0 | D5: 0 | E5: 0 | F5: 0 | G5: 0 | H5: 33.917112 | I5: 34.195126 | J5: 34.47314 | K5: 34.751154 | L5: 35.029168 | M5: 35.307181 | N5: 35.307181 | O5: 35.307181 | P5: 35.307181 | Q5: 35.307181 | R5: 35.307181 | S5: 35.307181 | T5: 35.307181 | U5: 35.307181 | V5: 35.307181 | W5: 35.307181 | X5: 35.307181 | Y5: 35.307181 | Z5: 35.307181 | AA5: 35.307181 | AB5: 35.307181 | AC5: 35.307181 | AD5: 35.307181 | AE5: 35.307181 | AF5: 35.307181 | AG5: 35.307181 | AH5: 35.307181 | AI5: 35.307181 | AJ5: 35.307181 | AK5: 35.307181
A6: 2.9 | B6: 0 | C6: 0 | D6: 0 | E6: 0 | F6: 0 | G6: 0 | H6: 34.334112 | I6: 34.612126 | J6: 34.89014 | K6: 35.168154 | L6: 35.446168 | M6: 35.724182 | N6: 35.724182 | O6: 35.724182 | P6: 35.724182 | Q6: 35.724182 | R6: 35.724182 | S6: 35.724182 | T6: 35.724182 | U6: 35.724182 | V6: 35.724182 | W6: 35.724182 | X6: 35.724182 | Y6: 35.724182 | Z6: 35.724182 | AA6: 35.724182 | AB6: 35.724182 | AC6: 35.724182 | AD6: 35.724182 | AE6: 35.724182 | AF6: 35.724182 | AG6: 35.724182 | AH6: 35.724182 | AI6: 35.724182 | AJ6: 35.724182 | AK6: 35.724182
A7: 3 | B7: 0 | C7: 0 | D7: 0 | E7: 0 | F7: 0 | G7: 0 | H7: 34.751112 | I7: 35.029126 | J7: 35.30714 | K7: 35.585154 | L7: 35.863168 | M7: 36.141182 | N7: 36.141182 | O7: 36.141182 | P7: 36.141182 | Q7: 36.141182 | R7: 36.141182 | S7: 36.141182 | T7: 36.141182 | U7: 36.141182 | V7: 36.141182 | W7: 36.141182 | X7: 36.141182 | Y7: 36.141182 | Z7: 36.141182 | AA7: 36.141182 | AB7: 36.141182 | AC7: 36.141182 | AD7: 36.141182 | AE7: 36.141182 | AF7: 36.141182 | AG7: 36.141182 | AH7: 36.141182 | AI7: 36.141182 | AJ7: 36.141182 | AK7: 36.141182
A8: 3.1 | B8: 0 | C8: 0 | D8: 0 | E8: 0 | F8: 0 | G8: 0 | H8: 35.168112 | I8: 35.446126 | J8: 35.72414 | K8: 36.002154 | L8: 36.280168 | M8: 36.558182 | N8: 36.558182 | O8: 36.558182 | P8: 36.558182 | Q8: 36.558182 | R8: 36.558182 | S8: 36.558182 | T8: 36.558182 | U8: 36.558182 | V8: 36.558182 | W8: 36.558182 | X8: 36.558182 | Y8: 36.558182 | Z8: 36.558182 | AA8: 36.558182 | AB8: 36.558182 | AC8: 36.558182 | AD8: 36.558182 | AE8: 36.558182 | AF8: 36.558182 | AG8: 36.558182 | AH8: 36.558182 | AI8: 36.558182 | AJ8: 36.558182 | AK8: 36.558182
A9: 3.2 | B9: 0 | C9: 0 | D9: 0 | E9: 0 | F9: 0 | G9: 0 | H9: 35.585112 | I9: 35.863126 | J9: 36.14114 | K9: 36.419154 | L9: 36.697168 | M9: 36.975182 | N9: 36.975182 | O9: 36.975182 | P9: 36.975182 | Q9: 36.975182 | R9: 36.975182 | S9: 36.975182 | T9: 36.975182 | U9: 36.975182 | V9: 36.975182 | W9: 36.975182 | X9: 36.975182 | Y9: 36.975182 | Z9: 36.975182 | AA9: 36.975182 | AB9: 36.975182 | AC9: 36.975182 | AD9: 36.975182 | AE9: 36.975182 | AF9: 36.975182 | AG9: 36.975182 | AH9: 36.975182 | AI9: 36.975182 | AJ9: 36.975182 | AK9: 36.975182
A10: 3.3 | B10: 0 | C10: 0 | D10: 0 | E10: 0 | F10: 0 | G10: 0 | H10: 36.002112 | I10: 36.280126 | J10: 36.55814 | K10: 36.836154 | L10: 37.114168 | M10: 37.392182 | N10: 37.392182 | O10: 37.392182 | P10: 37.392182 | Q10: 37.392182 | R10: 37.392182 | S10: 37.392182 | T10: 37.392182 | U10: 37.392182 | V10: 37.392182 | W10: 37.392182 | X10: 37.392182 | Y10: 37.392182 | Z10: 37.392182 | AA10: 37.392182 | AB10: 37.392182 | AC10: 37.392182 | AD10: 37.392182 | AE10: 37.392182 | AF10: 37.392182 | AG10: 37.392182 | AH10: 37.392182 | AI10: 37.392182 | AJ10: 37.392182 | AK10: 37.392182
A11: 3.4 | B11: 0 | C11: 0 | D11: 0 | E11: 0 | F11: 0 | G11: 0 | H11: 36.419112 | I11: 36.697126 | J11: 36.97514 | K11: 37.253154 | L11: 37.531168 | M11: 37.809182 | N11: 37.809182 | O11: 37.809182 | P11: 37.809182 | Q11: 37.809182 | R11: 37.809182 | S11: 37.809182 | T11: 37.809182 | U11: 37.809182 | V11: 37.809182 | W11: 37.809182 | X11: 37.809182 | Y11: 37.809182 | Z11: 37.809182 | AA11: 37.809182 | AB11: 37.809182 | AC11: 37.809182 | AD11: 37.809182 | AE11: 37.809182 | AF11: 37.809182 | AG11: 37.809182 | AH11: 37.809182 | AI11: 37.809182 | AJ11: 37.809182 | AK11: 37.809182
A12: 3.5 | B12: 0 | C12: 0 | D12: 0 | E12: 0 | F12: 0 | G12: 0 | H12: 36.836112 | I12: 37.114126 | J12: 37.39214 | K12: 37.670154 | L12: 37.948168 | M12: 38.226182 | N12: 38.226182 | O12: 38.226182 | P12: 38.226182 | Q12: 38.226182 | R12: 38.226182 | S12: 38.226182 | T12: 38.226182 | U12: 38.226182 | V12: 38.226182 | W12: 38.226182 | X12: 38.226182 | Y12: 38.226182 | Z12: 38.226182 | AA12: 38.226182 | AB12: 38.226182 | AC12: 38.226182 | AD12: 38.226182 | AE12: 38.226182 | AF12: 38.226182 | AG12: 38.226182 | AH12: 38.226182 | AI12: 38.226182 | AJ12: 38.226182 | AK12: 38.226182
A13: 3.6 | B13: 0 | C13: 0 | D13: 0 | E13: 0 | F13: 0 | G13: 0 | H13: 37.253112 | I13: 37.531126 | J13: 37.80914 | K13: 38.087154 | L13: 38.365168 | M13: 38.643182 | N13: 38.643182 | O13: 38.643182 | P13: 38.643182 | Q13: 38.643182 | R13: 38.643182 | S13: 38.643182 | T13: 38.643182 | U13: 38.643182 | V13: 38.643182 | W13: 38.643182 | X13: 38.643182 | Y13: 38.643182 | Z13: 38.643182 | AA13: 38.643182 | AB13: 38.643182 | AC13: 38.643182 | AD13: 38.643182 | AE13: 38.643182 | AF13: 38.643182 | AG13: 38.643182 | AH13: 38.643182 | AI13: 38.643182 | AJ13: 38.643182 | AK13: 38.643182
... A41: 6.4 | B41: 0 | C41: 0 | D41: 0 | E41: 0 | F41: 0 | G41: 0 | H41: 0 | I41: 0 | J41: 0 | K41: 0 | L41: 51.8368 | M41: 51.8368 | N41: 52.3712 | O41: 52.3712 | P41: 52.9056 | Q41: 52.9056 | R41: 53.44 | S41: 53.44 | T41: 53.44 | U41: 53.44 | V41: 53.44 | W41: 53.44 | X41: 53.44 | Y41: 53.44 | Z41: 53.44 | AA41: 53.44 | AB41: 53.44 | AC41: 53.44 | AD41: 53.44 | AE41: 53.44 | AF41: 53.44 | AG41: 53.44 | AH41: 53.44 | AI41: 53.44 | AJ41: 53.44 | AK41: 53.44
A42: 6.5 | B42: 0 | C42: 0 | D42: 0 | E42: 0 | F42: 0 | G42: 0 | H42: 0 | I42: 0 | J42: 0 | K42: 0 | L42: 52.64675 | M42: 52.64675 | N42: 53.1895 | O42: 53.1895 | P42: 53.73225 | Q42: 53.73225 | R42: 54.275 | S42: 54.275 | T42: 54.275 | U42: 54.275 | V42: 54.275 | W42: 54.275 | X42: 54.275 | Y42: 54.275 | Z42: 54.275 | AA42: 54.275 | AB42: 54.275 | AC42: 54.275 | AD42: 54.275 | AE42: 54.275 | AF42: 54.275 | AG42: 54.275 | AH42: 54.275 | AI42: 54.275 | AJ42: 54.275 | AK42: 54.275 | AL42: =AK42/6.5% -> 835 | AM42: =AK42*1.02% -> 0.553605
A43: 6.6 | B43: 0 | C43: 0 | D43: 0 | E43: 0 | F43: 0 | G43: 0 | H43: 0 | I43: 0 | J43: 0 | K43: 0 | L43: 53.4567 | M43: 53.4567 | N43: 54.0078 | O43: 54.0078 | P43: 54.5589 | Q43: 54.5589 | R43: 55.11 | S43: 55.11 | T43: 55.11 | U43: 55.11 | V43: 55.11 | W43: 55.11 | X43: 55.11 | Y43: 55.11 | Z43: 55.11 | AA43: 55.11 | AB43: 55.11 | AC43: 55.11 | AD43: 55.11 | AE43: 55.11 | AF43: 55.11 | AG43: 55.11 | AH43: 55.11 | AI43: 55.11 | AJ43: 55.11 | AK43: 55.11 | AL43: =AK42*2.25% -> 1.2211875 | AM43: =AL43+AK42 -> 55.496187
A44: 6.7 | B44: 0 | C44: 0 | D44: 0 | E44: 0 | F44: 0 | G44: 0 | H44: 0 | I44: 0 | J44: 0 | K44: 0 | L44: 54.26665 | M44: 54.26665 | N44: 54.8261 | O44: 54.8261 | P44: 55.38555 | Q44: 55.38555 | R44: 55.945 | S44: 55.945 | T44: 55.945 | U44: 55.945 | V44: 55.945 | W44: 55.945 | X44: 55.945 | Y44: 55.945 | Z44: 55.945 | AA44: 55.945 | AB44: 55.945 | AC44: 55.945 | AD44: 55.945 | AE44: 55.945 | AF44: 55.945 | AG44: 55.945 | AH44: 55.945 | AI44: 55.945 | AJ44: 55.945 | AK44: 55.945
A45: 6.8 | B45: 0 | C45: 0 | D45: 0 | E45: 0 | F45: 0 | G45: 0 | H45: 0 | I45: 0 | J45: 0 | K45: 0 | L45: 55.0766 | M45: 55.0766 | N45: 55.6444 | O45: 55.6444 | P45: 56.2122 | Q45: 56.2122 | R45: 56.78 | S45: 56.78 | T45: 56.78 | U45: 56.78 | V45: 56.78 | W45: 56.78 | X45: 56.78 | Y45: 56.78 | Z45: 56.78 | AA45: 56.78 | AB45: 56.78 | AC45: 56.78 | AD45: 56.78 | AE45: 56.78 | AF45: 56.78 | AG45: 56.78 | AH45: 56.78 | AI45: 56.78 | AJ45: 56.78 | AK45: 56.78
A46: 6.9 | B46: 0 | C46: 0 | D46: 0 | E46: 0 | F46: 0 | G46: 0 | H46: 0 | I46: 0 | J46: 0 | K46: 0 | L46: 55.88655 | M46: 55.88655 | N46: 56.4627 | O46: 56.4627 | P46: 57.03885 | Q46: 57.03885 | R46: 57.615 | S46: 57.615 | T46: 57.615 | U46: 57.615 | V46: 57.615 | W46: 57.615 | X46: 57.615 | Y46: 57.615 | Z46: 57.615 | AA46: 57.615 | AB46: 57.615 | AC46: 57.615 | AD46: 57.615 | AE46: 57.615 | AF46: 57.615 | AG46: 57.615 | AH46: 57.615 | AI46: 57.615 | AJ46: 57.615 | AK46: 57.615
A47: 7 | B47: 0 | C47: 0 | D47: 0 | E47: 0 | F47: 0 | G47: 0 | H47: 0 | I47: 0 | J47: 0 | K47: 0 | L47: 56.6965 | M47: 56.6965 | N47: 57.281 | O47: 57.281 | P47: 57.8655 | Q47: 57.8655 | R47: 58.45 | S47: 58.45 | T47: 58.45 | U47: 58.45 | V47: 58.45 | W47: 58.45 | X47: 58.45 | Y47: 58.45 | Z47: 58.45 | AA47: 58.45 | AB47: 58.45 | AC47: 58.45 | AD47: 58.45 | AE47: 58.45 | AF47: 58.45 | AG47: 58.45 | AH47: 58.45 | AI47: 58.45 | AJ47: 58.45 | AK47: 58.45
A48: 7.1 | B48: 0 | C48: 0 | D48: 0 | E48: 0 | F48: 0 | G48: 0 | H48: 0 | I48: 0 | J48: 0 | K48: 0 | L48: 57.50645 | M48: 57.50645 | N48: 58.0993 | O48: 58.0993 | P48: 58.69215 | Q48: 58.69215 | R48: 59.285 | S48: 59.285 | T48: 59.285 | U48: 59.285 | V48: 59.285 | W48: 59.285 | X48: 59.285 | Y48: 59.285 | Z48: 59.285 | AA48: 59.285 | AB48: 59.285 | AC48: 59.285 | AD48: 59.285 | AE48: 59.285 | AF48: 59.285 | AG48: 59.285 | AH48: 59.285 | AI48: 59.285 | AJ48: 59.285 | AK48: 59.285
A49: 7.2 | B49: 0 | C49: 0 | D49: 0 | E49: 0 | F49: 0 | G49: 0 | H49: 0 | I49: 0 | J49: 0 | K49: 0 | L49: 58.3164 | M49: 58.3164 | N49: 58.9176 | O49: 58.9176 | P49: 59.5188 | Q49: 59.5188 | R49: 60.12 | S49: 60.12 | T49: 60.12 | U49: 60.12 | V49: 60.12 | W49: 60.12 | X49: 60.12 | Y49: 60.12 | Z49: 60.12 | AA49: 60.12 | AB49: 60.12 | AC49: 60.12 | AD49: 60.12 | AE49: 60.12 | AF49: 60.12 | AG49: 60.12 | AH49: 60.12 | AI49: 60.12 | AJ49: 60.12 | AK49: 60.12
A50: 7.3 | B50: 0 | C50: 0 | D50: 0 | E50: 0 | F50: 0 | G50: 0 | H50: 0 | I50: 0 | J50: 0 | K50: 0 | L50: 59.12635 | M50: 59.12635 | N50: 59.7359 | O50: 59.7359 | P50: 60.34545 | Q50: 60.34545 | R50: 60.955 | S50: 60.955 | T50: 60.955 | U50: 60.955 | V50: 60.955 | W50: 60.955 | X50: 60.955 | Y50: 60.955 | Z50: 60.955 | AA50: 60.955 | AB50: 60.955 | AC50: 60.955 | AD50: 60.955 | AE50: 60.955 | AF50: 60.955 | AG50: 60.955 | AH50: 60.955 | AI50: 60.955 | AJ50: 60.955 | AK50: 60.955
A51: 7.4 | B51: 0 | C51: 0 | D51: 0 | E51: 0 | F51: 0 | G51: 0 | H51: 0 | I51: 0 | J51: 0 | K51: 0 | L51: 59.9363 | M51: 59.9363 | N51: 60.5542 | O51: 60.5542 | P51: 61.1721 | Q51: 61.1721 | R51: 61.79 | S51: 61.79 | T51: 61.79 | U51: 61.79 | V51: 61.79 | W51: 61.79 | X51: 61.79 | Y51: 61.79 | Z51: 61.79 | AA51: 61.79 | AB51: 61.79 | AC51: 61.79 | AD51: 61.79 | AE51: 61.79 | AF51: 61.79 | AG51: 61.79 | AH51: 61.79 | AI51: 61.79 | AJ51: 61.79 | AK51: 61.79
A52: 7.5 | B52: 0 | C52: 0 | D52: 0 | E52: 0 | F52: 0 | G52: 0 | H52: 0 | I52: 0 | J52: 0 | K52: 0 | L52: 60.74625 | M52: 60.74625 | N52: 61.3725 | O52: 61.3725 | P52: 61.99875 | Q52: 61.99875 | R52: 62.625 | S52: 62.625 | T52: 62.625 | U52: 62.625 | V52: 62.625 | W52: 62.625 | X52: 62.625 | Y52: 62.625 | Z52: 62.625 | AA52: 62.625 | AB52: 62.625 | AC52: 62.625 | AD52: 62.625 | AE52: 62.625 | AF52: 62.625 | AG52: 62.625 | AH52: 62.625 | AI52: 62.625 | AJ52: 62.625 | AK52: 62.625
A53: 7.6 | B53: 0 | C53: 0 | D53: 0 | E53: 0 | F53: 0 | G53: 0 | H53: 0 | I53: 0 | J53: 0 | K53: 0 | L53: 61.5562 | M53: 61.5562 | N53: 62.1908 | O53: 62.1908 | P53: 62.8254 | Q53: 62.8254 | R53: 63.46 | S53: 63.46 | T53: 63.46 | U53: 63.46 | V53: 63.46 | W53: 63.46 | X53: 63.46 | Y53: 63.46 | Z53: 63.46 | AA53: 63.46 | AB53: 63.46 | AC53: 63.46 | AD53: 63.46 | AE53: 63.46 | AF53: 63.46 | AG53: 63.46 | AH53: 63.46 | AI53: 63.46 | AJ53: 63.46 | AK53: 63.46
A54: 7.7 | B54: 0 | C54: 0 | D54: 0 | E54: 0 | F54: 0 | G54: 0 | H54: 0 | I54: 0 | J54: 0 | K54: 0 | L54: 62.36615 | M54: 62.36615 | N54: 63.0091 | O54: 63.0091 | P54: 63.65205 | Q54: 63.65205 | R54: 64.295 | S54: 64.295 | T54: 64.295 | U54: 64.295 | V54: 64.295 | W54: 64.295 | X54: 64.295 | Y54: 64.295 | Z54: 64.295 | AA54: 64.295 | AB54: 64.295 | AC54: 64.295 | AD54: 64.295 | AE54: 64.295 | AF54: 64.295 | AG54: 64.295 | AH54: 64.295 | AI54: 64.295 | AJ54: 64.295 | AK54: 64.295
A55: 7.8 | B55: 0 | C55: 0 | D55: 0 | E55: 0 | F55: 0 | G55: 0 | H55: 0 | I55: 0 | J55: 0 | K55: 0 | L55: 63.1761 | M55: 63.1761 | N55: 63.8274 | O55: 63.8274 | P55: 64.4787 | Q55: 64.4787 | R55: 65.13 | S55: 65.13 | T55: 65.13 | U55: 65.13 | V55: 65.13 | W55: 65.13 | X55: 65.13 | Y55: 65.13 | Z55: 65.13 | AA55: 65.13 | AB55: 65.13 | AC55: 65.13 | AD55: 65.13 | AE55: 65.13 | AF55: 65.13 | AG55: 65.13 | AH55: 65.13 | AI55: 65.13 | AJ55: 65.13 | AK55: 65.13
... A127: 15 | B127: 0 | C127: 0 | D127: 0 | E127: 0 | F127: 0 | G127: 0 | H127: 0 | I127: 0 | J127: 0 | K127: 0 | L127: 80.995 | M127: 80.995 | N127: 81.83 | O127: 81.83 | P127: 82.665 | Q127: 82.665 | R127: 83.5 | S127: 83.5 | T127: 83.5 | U127: 83.5 | V127: 83.5 | W127: 83.5 | X127: 83.5 | Y127: 83.5 | Z127: 83.5 | AA127: 83.5 | AB127: 83.5 | AC127: 83.5 | AD127: 83.5 | AE127: 83.5 | AF127: 83.5 | AG127: 83.5 | AH127: 83.5 | AI127: 83.5 | AJ127: 83.5 | AK127: 83.5

Sheet Data
L1: =L2/4%/5 -> 12182.775 | Q1: =P2*4%+Q2*8.5% -> 40.929525 | R1: =R2/I2 -> 0.79969894 | S1: =S2/I2 -> 3.75 | T1: =W1-Q1 -> 4.0810951 | W1: =V2*4%+W2*8.5% -> 45.01062 | AH1: =AH2+W1 -> 46.211641 | AI1: =AH1-Q1 -> 5.2821161
I2: =SUM(I4:I99237) -> 47892 | J2: =L2/I2*100 -> 5.0876034 | K2: =M2/I2*100 -> 8.5530235 | L2: =SUM(L4:L99237) -> 2436.555 | M2: =SUM(M4:M99237) -> 4096.214 | N2: =O2/I2 -> 45.697082 | O2: =SUM(O4:O99237) -> 2188524.7 | P2: =SUMPRODUCT(P4:P99237,L4:L99237)/L2 -> 424.6207 | Q2: =SUMPRODUCT(Q4:Q99237,M4:M99237)/M2 -> 281.70232 | R2: =SUM(R4:R99237) -> 38299.182 | S2: =SUM(S4:S99237) -> 179595 | T2: =SUM(T4:T99237) -> 2406418.8 | U2: =T2/I2 -> 50.246781 | V2: =SUMPRODUCT(V4:V99237,L4:L99237)/L2 -> 466.3226 | W2: =SUMPRODUCT(W4:W99237,M4:M99237)/M2 -> 310.09078 | Y2: 18500 | Z2: 500 | AA2: 49.6 | AB2: =Z2*AA2 -> 24800 | AC2: =AB2/Y2 -> 1.3405405 | AF2: =AC2/(J2%+K2%*2/3) -> 12.424355 | AG2: =AF2*2/3 -> 8.2829032 | AH2: =AF2*4%+AG2*8.5% -> 1.201021
A3: Dump Date | B3: Shift | C3: BMC | D3: Route | E3: MPP | F3: Old Code | G3: Dcs Code | H3: Milk Type | I3: Weight | J3: Fat | K3: Snf | L3: Kg fat | M3: Kg snf | N3: Rate/Kg | O3: Amount | P3: FAT Rate | Q3: SNF Rate | R3: Comm @ 1.75% | S3: OH @ 3.75/kg | T3: Total Cost | U3: Cost/Kg | V3: FAT Rate | W3: SNF Rate | AC3: Values | AI3: Values
A4: 28/08/2026 | B4: M | C4: [1062] RAMGADH | D4: [8405] RAMGADH | E4: [20101] JABURNA DSK | F4: =MID(E4,2,5) -> 20101 | G4: 10620101 | H4: B | I4: 14 | J4: 7.1 | K4: 9 | L4: =J4*I4/100 -> 0.994 | M4: =K4*I4/100 -> 1.26 | N4: =INDEX(Rate_Chart!$A$1:$AK$127,MATCH(Data!J4,Rate_Chart!$A$1:$A$127,0),MATCH(Data!K4,Rate_Chart!$A$1:$AK$1,0)) -> 59.285 | O4: =N4*I4 -> 829.99 | P4: =N4/(J4%+K4%*2/3) -> 452.55725 | Q4: =P4*2/3 -> 301.70483 | R4: =O4*1.75% -> 14.524825 | S4: =I4*3.75 -> 52.5 | T4: =R4+S4+O4 -> 897.01482 | U4: =T4/I4 -> 64.072487 | V4: =U4/(J4%+K4%*2/3) -> 489.10296 | W4: =V4*2/3 -> 326.06864 | Z4: Dcs Code | AA4: Old Code | AB4: MPP | AC4: Sum of Weight | AD4: Sum of Amount | AG4: Dump Date | AH4: Shift | AI4: Sum of Weight | AJ4: Sum of Kg fat | AK4: Sum of Kg snf
A5: 29/08/2026 | B5: M | C5: [1062] RAMGADH | D5: [8405] RAMGADH | E5: [20101] JABURNA DSK | F5: =MID(E5,2,5) -> 20101 | G5: 10620101 | H5: B | I5: 32 | J5: 6.1 | K5: 9 | L5: =J5*I5/100 -> 1.952 | M5: =K5*I5/100 -> 2.88 | N5: =INDEX(Rate_Chart!$A$1:$AK$127,MATCH(Data!J5,Rate_Chart!$A$1:$A$127,0),MATCH(Data!K5,Rate_Chart!$A$1:$AK$1,0)) -> 50.935 | O5: =N5*I5 -> 1629.92 | P5: =N5/(J5%+K5%*2/3) -> 420.95041 | Q5: =P5*2/3 -> 280.63361 | R5: =O5*1.75% -> 28.5236 | S5: =I5*3.75 -> 120 | T5: =R5+S5+O5 -> 1778.4436 | U5: =T5/I5 -> 55.576363 | V5: =U5/(J5%+K5%*2/3) -> 459.30878 | W5: =V5*2/3 -> 306.20585 | Z5: 10620002 | AA5: 64592 | AB5: [64592] UDHAPURA DSK | AC5: 464 | AD5: 20166.57 | AG5: 01/04/2026 | AH5: M | AI5: 6416 | AJ5: 336.314 | AK5: 543.612 | AM5: 5970 | AN5: 320.132 | AO5: 512.752 | AP5: =AI5-AM5 -> 446 | AQ5: =AJ5-AN5 -> 16.182 | AR5: =AK5-AO5 -> 30.86
A6: 30/08/2026 | B6: M | C6: [1062] RAMGADH | D6: [8405] RAMGADH | E6: [20101] JABURNA DSK | F6: =MID(E6,2,5) -> 20101 | G6: 10620101 | H6: B | I6: 26 | J6: 6.1 | K6: 9 | L6: =J6*I6/100 -> 1.586 | M6: =K6*I6/100 -> 2.34 | N6: =INDEX(Rate_Chart!$A$1:$AK$127,MATCH(Data!J6,Rate_Chart!$A$1:$A$127,0),MATCH(Data!K6,Rate_Chart!$A$1:$AK$1,0)) -> 50.935 | O6: =N6*I6 -> 1324.31 | P6: =N6/(J6%+K6%*2/3) -> 420.95041 | Q6: =P6*2/3 -> 280.63361 | R6: =O6*1.75% -> 23.175425 | S6: =I6*3.75 -> 97.5 | T6: =R6+S6+O6 -> 1444.9854 | U6: =T6/I6 -> 55.576362 | V6: =U6/(J6%+K6%*2/3) -> 459.30878 | W6: =V6*2/3 -> 306.20585 | Z6: 10620004 | AA6: 64600 | AB6: [64600] BHAMBHHOR DSK | AC6: 767 | AD6: 32671.052 | AH6: E | AI6: 4892 | AJ6: 238.458 | AK6: 413.049 | AM6: 8469 | AN6: 461.75 | AO6: 723.05 | AP6: =AI6-AM6 -> -3577 | AQ6: =AJ6-AN6 -> -223.292 | AR6: =AK6-AO6 -> -310.001
A7: 31/08/2026 | B7: M | C7: [1062] RAMGADH | D7: [8405] RAMGADH | E7: [20101] JABURNA DSK | F7: =MID(E7,2,5) -> 20101 | G7: 10620101 | H7: B | I7: 41 | J7: 6 | K7: 9 | L7: =J7*I7/100 -> 2.46 | M7: =K7*I7/100 -> 3.69 | N7: =INDEX(Rate_Chart!$A$1:$AK$127,MATCH(Data!J7,Rate_Chart!$A$1:$A$127,0),MATCH(Data!K7,Rate_Chart!$A$1:$AK$1,0)) -> 50.1 | O7: =N7*I7 -> 2054.1 | P7: =N7/(J7%+K7%*2/3) -> 417.5 | Q7: =P7*2/3 -> 278.33333 | R7: =O7*1.75% -> 35.94675 | S7: =I7*3.75 -> 153.75 | T7: =R7+S7+O7 -> 2243.7967 | U7: =T7/I7 -> 54.72675 | V7: =U7/(J7%+K7%*2/3) -> 456.05625 | W7: =V7*2/3 -> 304.0375 | Z7: 10620005 | AA7: 64505 | AB7: [64505] MAHUWARIYA DSK | AC7: 548 | AD7: 32729.775 | AG7: 02/04/2026 | AH7: M | AI7: 7476 | AJ7: 366.978 | AK7: 623.456 | AM7: 8285 | AN7: 459.715 | AO7: 714.58 | AP7: =AI7-AM7 -> -809 | AQ7: =AJ7-AN7 -> -92.737 | AR7: =AK7-AO7 -> -91.124
A8: 01/09/2026 | B8: M | C8: [1062] RAMGADH | D8: [8405] RAMGADH | E8: [20101] JABURNA DSK | F8: =MID(E8,2,5) -> 20101 | G8: 10620101 | H8: B | I8: 40 | J8: 6.1 | K8: 9 | L8: =J8*I8/100 -> 2.44 | M8: =K8*I8/100 -> 3.6 | N8: =INDEX(Rate_Chart!$A$1:$AK$127,MATCH(Data!J8,Rate_Chart!$A$1:$A$127,0),MATCH(Data!K8,Rate_Chart!$A$1:$AK$1,0)) -> 50.935 | O8: =N8*I8 -> 2037.4 | P8: =N8/(J8%+K8%*2/3) -> 420.95041 | Q8: =P8*2/3 -> 280.63361 | R8: =O8*1.75% -> 35.6545 | S8: =I8*3.75 -> 150 | T8: =R8+S8+O8 -> 2223.0545 | U8: =T8/I8 -> 55.576363 | V8: =U8/(J8%+K8%*2/3) -> 459.30878 | W8: =V8*2/3 -> 306.20585 | Z8: 10620008 | AA8: 64544 | AB8: [64544] ASHUDHA DSK | AC8: 361 | AD8: 19264.285 | AH8: E | AI8: 13740 | AJ8: 701.553 | AK8: 1172.33 | AM8: 5624 | AN8: 311.592 | AO8: 477.152 | AP8: =AI8-AM8 -> 8116 | AQ8: =AJ8-AN8 -> 389.961 | AR8: =AK8-AO8 -> 695.178
A9: 02/09/2026 | B9: M | C9: [1062] RAMGADH | D9: [8405] RAMGADH | E9: [20101] JABURNA DSK | F9: =MID(E9,2,5) -> 20101 | G9: 10620101 | H9: B | I9: 41 | J9: 6.6 | K9: 9 | L9: =J9*I9/100 -> 2.706 | M9: =K9*I9/100 -> 3.69 | N9: =INDEX(Rate_Chart!$A$1:$AK$127,MATCH(Data!J9,Rate_Chart!$A$1:$A$127,0),MATCH(Data!K9,Rate_Chart!$A$1:$AK$1,0)) -> 55.11 | O9: =N9*I9 -> 2259.51 | P9: =N9/(J9%+K9%*2/3) -> 437.38095 | Q9: =P9*2/3 -> 291.5873 | R9: =O9*1.75% -> 39.541425 | S9: =I9*3.75 -> 153.75 | T9: =R9+S9+O9 -> 2452.8014 | U9: =T9/I9 -> 59.824425 | V9: =U9/(J9%+K9%*2/3) -> 474.79702 | W9: =V9*2/3 -> 316.53135 | Z9: 10620009 | AA9: 64571 | AB9: [64571] JAVRI DSK | AC9: 819 | AD9: 37592.412 | AG9: (blank) | AH9: (blank) | AM9: 6861 | AN9: 379.714 | AO9: 589.827 | AP9: =AI9-AM9 -> -6861 | AQ9: =AJ9-AN9 -> -379.714 | AR9: =AK9-AO9 -> -589.827
A10: 02/09/2026 | B10: M | C10: [1062] RAMGADH | D10: [8405] RAMGADH | E10: [20101] JABURNA DSK | F10: =MID(E10,2,5) -> 20101 | G10: 10620101 | H10: C | I10: 6 | J10: 3.4 | K10: 8.4 | L10: =J10*I10/100 -> 0.204 | M10: =K10*I10/100 -> 0.504 | N10: =INDEX(Rate_Chart!$A$1:$AK$127,MATCH(Data!J10,Rate_Chart!$A$1:$A$127,0),MATCH(Data!K10,Rate_Chart!$A$1:$AK$1,0)) -> 37.531168 | O10: =N10*I10 -> 225.18701 | P10: =N10/(J10%+K10%*2/3) -> 417.01297 | Q10: =P10*2/3 -> 278.00865 | R10: =O10*1.75% -> 3.9407726 | S10: =I10*3.75 -> 22.5 | T10: =R10+S10+O10 -> 251.62778 | U10: =T10/I10 -> 41.937963 | V10: =U10/(J10%+K10%*2/3) -> 465.97737 | W10: =V10*2/3 -> 310.65158 | Z10: 10620010 | AA10: 64508 | AB10: [64508] LARMA DSK | AC10: 405 | AD10: 22184.014 | AG10: Grand Total | AI10: 32524 | AJ10: 1643.303 | AK10: 2752.447 | AM10: 7190 | AN10: 386.65 | AO10: 613.657 | AP10: =AI10-AM10 -> 25334 | AQ10: =AJ10-AN10 -> 1256.653 | AR10: =AK10-AO10 -> 2138.79
A11: 28/08/2026 | B11: M | C11: [1062] RAMGADH | D11: [8404] CHANDESH | E11: [20102] KALANI DSK | F11: =MID(E11,2,5) -> 20102 | G11: 10620102 | H11: C | I11: 28 | J11: 5.4 | K11: 8.6 | L11: =J11*I11/100 -> 1.512 | M11: =K11*I11/100 -> 2.408 | N11: =INDEX(Rate_Chart!$A$1:$AK$127,MATCH(Data!J11,Rate_Chart!$A$1:$A$127,0),MATCH(Data!K11,Rate_Chart!$A$1:$AK$1,0)) -> 46.149182 | O11: =N11*I11 -> 1292.1771 | P11: =N11/(J11%+K11%*2/3) -> 414.51361 | Q11: =P11*2/3 -> 276.3424 | R11: =O11*1.75% -> 22.613099 | S11: =I11*3.75 -> 105 | T11: =R11+S11+O11 -> 1419.7902 | U11: =T11/I11 -> 50.706792 | V11: =U11/(J11%+K11%*2/3) -> 455.45023 | W11: =V11*2/3 -> 303.63349 | Z11: 10620012 | AA11: 64515 | AB11: [64515] DHARHARA DSK | AC11: 679 | AD11: 32742.796 | AM11: 4601 | AN11: 246.398 | AO11: 395.928 | AP11: =AI11-AM11 -> -4601 | AQ11: =AJ11-AN11 -> -246.398 | AR11: =AK11-AO11 -> -395.928
A12: 28/08/2026 | B12: E | C12: [1062] RAMGADH | D12: [8404] CHANDESH | E12: [20102] KALANI DSK | F12: =MID(E12,2,5) -> 20102 | G12: 10620102 | H12: C | I12: 68 | J12: 3.1 | K12: 8.1 | L12: =J12*I12/100 -> 2.108 | M12: =K12*I12/100 -> 5.508 | N12: =INDEX(Rate_Chart!$A$1:$AK$127,MATCH(Data!J12,Rate_Chart!$A$1:$A$127,0),MATCH(Data!K12,Rate_Chart!$A$1:$AK$1,0)) -> 35.446126 | O12: =N12*I12 -> 2410.3366 | P12: =N12/(J12%+K12%*2/3) -> 417.01325 | Q12: =P12*2/3 -> 278.00883 | R12: =O12*1.75% -> 42.18089 | S12: =I12*3.75 -> 255 | T12: =R12+S12+O12 -> 2707.5175 | U12: =T12/I12 -> 39.816433 | V12: =U12/(J12%+K12%*2/3) -> 468.42862 | W12: =V12*2/3 -> 312.28575 | Z12: 10620013 | AA12: 64523 | AB12: [64523] KHADSARA DSK | AC12: 166 | AD12: 10827.445 | AM12: 4919 | AN12: 265.478 | AO12: 417.615 | AP12: =AI12-AM12 -> -4919 | AQ12: =AJ12-AN12 -> -265.478 | AR12: =AK12-AO12 -> -417.615
A13: 29/08/2026 | B13: M | C13: [1062] RAMGADH | D13: [8404] CHANDESH | E13: [20102] KALANI DSK | F13: =MID(E13,2,5) -> 20102 | G13: 10620102 | H13: B | I13: 41 | J13: 6.2 | K13: 9 | L13: =J13*I13/100 -> 2.542 | M13: =K13*I13/100 -> 3.69 | N13: =INDEX(Rate_Chart!$A$1:$AK$127,MATCH(Data!J13,Rate_Chart!$A$1:$A$127,0),MATCH(Data!K13,Rate_Chart!$A$1:$AK$1,0)) -> 51.77 | O13: =N13*I13 -> 2122.57 | P13: =N13/(J13%+K13%*2/3) -> 424.34426 | Q13: =P13*2/3 -> 282.89617 | R13: =O13*1.75% -> 37.144975 | S13: =I13*3.75 -> 153.75 | T13: =R13+S13+O13 -> 2313.465 | U13: =T13/I13 -> 56.425975 | V13: =U13/(J13%+K13%*2/3) -> 462.50799 | W13: =V13*2/3 -> 308.33866 | Z13: 10620014 | AA13: 60628 | AB13: [60628] BAIJNATH DSK | AC13: 142 | AD13: 6284.0504 | AM13: 5240 | AN13: 295.362 | AO13: 452.281 | AP13: =AI13-AM13 -> -5240 | AQ13: =AJ13-AN13 -> -295.362 | AR13: =AK13-AO13 -> -452.281
A14: 29/08/2026 | B14: M | C14: [1062] RAMGADH | D14: [8404] CHANDESH | E14: [20102] KALANI DSK | F14: =MID(E14,2,5) -> 20102 | G14: 10620102 | H14: C | I14: 27 | J14: 3.1 | K14: 8.1 | L14: =J14*I14/100 -> 0.837 | M14: =K14*I14/100 -> 2.187 | N14: =INDEX(Rate_Chart!$A$1:$AK$127,MATCH(Data!J14,Rate_Chart!$A$1:$A$127,0),MATCH(Data!K14,Rate_Chart!$A$1:$AK$1,0)) -> 35.446126 | O14: =N14*I14 -> 957.0454 | P14: =N14/(J14%+K14%*2/3) -> 417.01325 | Q14: =P14*2/3 -> 278.00883 | R14: =O14*1.75% -> 16.748294 | S14: =I14*3.75 -> 101.25 | T14: =R14+S14+O14 -> 1075.0437 | U14: =T14/I14 -> 39.816433 | V14: =U14/(J14%+K14%*2/3) -> 468.42862 | W14: =V14*2/3 -> 312.28575 | Z14: 10620015 | AA14: 64537 | AB14: [64537] KASTHARI DSK | AC14: 497 | AD14: 22849.183 | AM14: 5430 | AN14: 280.557 | AO14: 465.095
A15: 29/08/2026 | B15: E | C15: [1062] RAMGADH | D15: [8404] CHANDESH | E15: [20102] KALANI DSK | F15: =MID(E15,2,5) -> 20102 | G15: 10620102 | H15: B | I15: 27 | J15: 6 | K15: 9 | L15: =J15*I15/100 -> 1.62 | M15: =K15*I15/100 -> 2.43 | N15: =INDEX(Rate_Chart!$A$1:$AK$127,MATCH(Data!J15,Rate_Chart!$A$1:$A$127,0),MATCH(Data!K15,Rate_Chart!$A$1:$AK$1,0)) -> 50.1 | O15: =N15*I15 -> 1352.7 | P15: =N15/(J15%+K15%*2/3) -> 417.5 | Q15: =P15*2/3 -> 278.33333 | R15: =O15*1.75% -> 23.67225 | S15: =I15*3.75 -> 101.25 | T15: =R15+S15+O15 -> 1477.6223 | U15: =T15/I15 -> 54.72675 | V15: =U15/(J15%+K15%*2/3) -> 456.05625 | W15: =V15*2/3 -> 304.0375 | Z15: 10620016 | AA15: 64522 | AB15: [64522] MADANPURA DSK | AC15: 396 | AD15: 21290.396
A16: 29/08/2026 | B16: E | C16: [1062] RAMGADH | D16: [8404] CHANDESH | E16: [20102] KALANI DSK | F16: =MID(E16,2,5) -> 20102 | G16: 10620102 | H16: C | I16: 35 | J16: 3 | K16: 8 | L16: =J16*I16/100 -> 1.05 | M16: =K16*I16/100 -> 2.8 | N16: =INDEX(Rate_Chart!$A$1:$AK$127,MATCH(Data!J16,Rate_Chart!$A$1:$A$127,0),MATCH(Data!K16,Rate_Chart!$A$1:$AK$1,0)) -> 34.751112 | O16: =N16*I16 -> 1216.2889 | P16: =N16/(J16%+K16%*2/3) -> 417.01334 | Q16: =P16*2/3 -> 278.0089 | R16: =O16*1.75% -> 21.285056 | S16: =I16*3.75 -> 131.25 | T16: =R16+S16+O16 -> 1368.824 | U16: =T16/I16 -> 39.109256 | V16: =U16/(J16%+K16%*2/3) -> 469.31108 | W16: =V16*2/3 -> 312.87405 | Z16: 10620017 | AA16: 64555 | AB16: [64555] DEHWALIYA DSK | AC16: 281 | AD16: 11103.225
A17: 30/08/2026 | B17: M | C17: [1062] RAMGADH | D17: [8404] CHANDESH | E17: [20102] KALANI DSK | F17: =MID(E17,2,5) -> 20102 | G17: 10620102 | H17: B | I17: 15 | J17: 6 | K17: 9 | L17: =J17*I17/100 -> 0.9 | M17: =K17*I17/100 -> 1.35 | N17: =INDEX(Rate_Chart!$A$1:$AK$127,MATCH(Data!J17,Rate_Chart!$A$1:$A$127,0),MATCH(Data!K17,Rate_Chart!$A$1:$AK$1,0)) -> 50.1 | O17: =N17*I17 -> 751.5 | P17: =N17/(J17%+K17%*2/3) -> 417.5 | Q17: =P17*2/3 -> 278.33333 | R17: =O17*1.75% -> 13.15125 | S17: =I17*3.75 -> 56.25 | T17: =R17+S17+O17 -> 820.90125 | U17: =T17/I17 -> 54.72675 | V17: =U17/(J17%+K17%*2/3) -> 456.05625 | W17: =V17*2/3 -> 304.0375 | Z17: 10620019 | AA17: 64569 | AB17: [64569] BICCHIYA DSK | AC17: 927 | AD17: 43240.418
A18: 30/08/2026 | B18: M | C18: [1062] RAMGADH | D18: [8404] CHANDESH | E18: [20102] KALANI DSK | F18: =MID(E18,2,5) -> 20102 | G18: 10620102 | H18: C | I18: 14 | J18: 3 | K18: 8 | L18: =J18*I18/100 -> 0.42 | M18: =K18*I18/100 -> 1.12 | N18: =INDEX(Rate_Chart!$A$1:$AK$127,MATCH(Data!J18,Rate_Chart!$A$1:$A$127,0),MATCH(Data!K18,Rate_Chart!$A$1:$AK$1,0)) -> 34.751112 | O18: =N18*I18 -> 486.51557 | P18: =N18/(J18%+K18%*2/3) -> 417.01334 | Q18: =P18*2/3 -> 278.0089 | R18: =O18*1.75% -> 8.5140224 | S18: =I18*3.75 -> 52.5 | T18: =R18+S18+O18 -> 547.52959 | U18: =T18/I18 -> 39.109256 | V18: =U18/(J18%+K18%*2/3) -> 469.31108 | W18: =V18*2/3 -> 312.87405 | Z18: 10620020 | AA18: 64552 | AB18: [64552] KRAPALPUR DSK | AC18: 169 | AD18: 8950.365
A19: 30/08/2026 | B19: E | C19: [1062] RAMGADH | D19: [8404] CHANDESH | E19: [20102] KALANI DSK | F19: =MID(E19,2,5) -> 20102 | G19: 10620102 | H19: B | I19: 30 | J19: 7.4 | K19: 9 | L19: =J19*I19/100 -> 2.22 | M19: =K19*I19/100 -> 2.7 | N19: =INDEX(Rate_Chart!$A$1:$AK$127,MATCH(Data!J19,Rate_Chart!$A$1:$A$127,0),MATCH(Data!K19,Rate_Chart!$A$1:$AK$1,0)) -> 61.79 | O19: =N19*I19 -> 1853.7 | P19: =N19/(J19%+K19%*2/3) -> 461.1194 | Q19: =P19*2/3 -> 307.41294 | R19: =O19*1.75% -> 32.43975 | S19: =I19*3.75 -> 112.5 | T19: =R19+S19+O19 -> 1998.6398 | U19: =T19/I19 -> 66.621325 | V19: =U19/(J19%+K19%*2/3) -> 497.17407 | W19: =V19*2/3 -> 331.44938 | Z19: 10620023 | AA19: 60606 | AB19: [60606] SISODA DSK | AC19: 101 | AD19: 5382.9891
A20: 30/08/2026 | B20: E | C20: [1062] RAMGADH | D20: [8404] CHANDESH | E20: [20102] KALANI DSK | F20: =MID(E20,2,5) -> 20102 | G20: 10620102 | H20: C | I20: 24 | J20: 3 | K20: 8.1 | L20: =J20*I20/100 -> 0.72 | M20: =K20*I20/100 -> 1.944 | N20: =INDEX(Rate_Chart!$A$1:$AK$127,MATCH(Data!J20,Rate_Chart!$A$1:$A$127,0),MATCH(Data!K20,Rate_Chart!$A$1:$AK$1,0)) -> 35.029126 | O20: =N20*I20 -> 840.69902 | P20: =N20/(J20%+K20%*2/3) -> 417.0134 | Q20: =P20*2/3 -> 278.00894 | R20: =O20*1.75% -> 14.712233 | S20: =I20*3.75 -> 90 | T20: =R20+S20+O20 -> 945.41125 | U20: =T20/I20 -> 39.392136 | V20: =U20/(J20%+K20%*2/3) -> 468.954 | W20: =V20*2/3 -> 312.636 | Z20: 10620024 | AA20: 60610 | AB20: [60610] KARIRAM DSK | AC20: 155 | AD20: 5918.9337
A21: 31/08/2026 | B21: M | C21: [1062] RAMGADH | D21: [8404] CHANDESH | E21: [20102] KALANI DSK | F21: =MID(E21,2,5) -> 20102 | G21: 10620102 | H21: B | I21: 6 | J21: 5.6 | K21: 8.8 | L21: =J21*I21/100 -> 0.336 | M21: =K21*I21/100 -> 0.528 | N21: =INDEX(Rate_Chart!$A$1:$AK$127,MATCH(Data!J21,Rate_Chart!$A$1:$A$127,0),MATCH(Data!K21,Rate_Chart!$A$1:$AK$1,0)) -> 46.2924 | O21: =N21*I21 -> 277.7544 | P21: =N21/(J21%+K21%*2/3) -> 403.71279 | Q21: =P21*2/3 -> 269.14186 | R21: =O21*1.75% -> 4.860702 | S21: =I21*3.75 -> 22.5 | T21: =R21+S21+O21 -> 305.1151 | U21: =T21/I21 -> 50.852517 | V21: =U21/(J21%+K21%*2/3) -> 443.48125 | W21: =V21*2/3 -> 295.65417 | Z21: 10620025 | AA21: 60612 | AB21: [60612] DAVWARIYA DSK | AC21: 285 | AD21: 13801.69
A22: 31/08/2026 | B22: E | C22: [1062] RAMGADH | D22: [8404] CHANDESH | E22: [20102] KALANI DSK | F22: =MID(E22,2,5) -> 20102 | G22: 10620102 | H22: C | I22: 12 | J22: 5.1 | K22: 8.3 | L22: =J22*I22/100 -> 0.612 | M22: =K22*I22/100 -> 0.996 | N22: =INDEX(Rate_Chart!$A$1:$AK$127,MATCH(Data!J22,Rate_Chart!$A$1:$A$127,0),MATCH(Data!K22,Rate_Chart!$A$1:$AK$1,0)) -> 44.342154 | O22: =N22*I22 -> 532.10584 | P22: =N22/(J22%+K22%*2/3) -> 417.01085 | Q22: =P22*2/3 -> 278.00723 | R22: =O22*1.75% -> 9.3118523 | S22: =I22*3.75 -> 45 | T22: =R22+S22+O22 -> 586.4177 | U22: =T22/I22 -> 48.868141 | V22: =U22/(J22%+K22%*2/3) -> 459.575 | W22: =V22*2/3 -> 306.38333 | Z22: 10620026 | AA22: 64528 | AB22: [64528] TARITHA DSK | AC22: 449 | AD22: 22837.642
A23: 01/09/2026 | B23: M | C23: [1062] RAMGADH | D23: [8404] CHANDESH | E23: [20102] KALANI DSK | F23: =MID(E23,2,5) -> 20102 | G23: 10620102 | H23: B | I23: 38 | J23: 6.2 | K23: 9 | L23: =J23*I23/100 -> 2.356 | M23: =K23*I23/100 -> 3.42 | N23: =INDEX(Rate_Chart!$A$1:$AK$127,MATCH(Data!J23,Rate_Chart!$A$1:$A$127,0),MATCH(Data!K23,Rate_Chart!$A$1:$AK$1,0)) -> 51.77 | O23: =N23*I23 -> 1967.26 | P23: =N23/(J23%+K23%*2/3) -> 424.34426 | Q23: =P23*2/3 -> 282.89617 | R23: =O23*1.75% -> 34.42705 | S23: =I23*3.75 -> 142.5 | T23: =R23+S23+O23 -> 2144.1871 | U23: =T23/I23 -> 56.425975 | V23: =U23/(J23%+K23%*2/3) -> 462.50799 | W23: =V23*2/3 -> 308.33866 | Z23: 10620028 | AA23: 60611 | AB23: [60611] AKHOLI DSK | AC23: 72 | AD23: 3124.943
A24: 01/09/2026 | B24: M | C24: [1062] RAMGADH | D24: [8404] CHANDESH | E24: [20102] KALANI DSK | F24: =MID(E24,2,5) -> 20102 | G24: 10620102 | H24: C | I24: 29 | J24: 3.1 | K24: 8 | L24: =J24*I24/100 -> 0.899 | M24: =K24*I24/100 -> 2.32 | N24: =INDEX(Rate_Chart!$A$1:$AK$127,MATCH(Data!J24,Rate_Chart!$A$1:$A$127,0),MATCH(Data!K24,Rate_Chart!$A$1:$AK$1,0)) -> 35.168112 | O24: =N24*I24 -> 1019.8752 | P24: =N24/(J24%+K24%*2/3) -> 417.01319 | Q24: =P24*2/3 -> 278.00879 | R24: =O24*1.75% -> 17.847817 | S24: =I24*3.75 -> 108.75 | T24: =R24+S24+O24 -> 1146.4731 | U24: =T24/I24 -> 39.533554 | V24: =U24/(J24%+K24%*2/3) -> 468.77732 | W24: =V24*2/3 -> 312.51821 | Z24: 10620029 | AA24: 64547 | AB24: [64547] TIWAY DSK | AC24: 1783 | AD24: 88551.629
A25: 01/09/2026 | B25: E | C25: [1062] RAMGADH | D25: [8404] CHANDESH | E25: [20102] KALANI DSK | F25: =MID(E25,2,5) -> 20102 | G25: 10620102 | H25: B | I25: 31 | J25: 6.1 | K25: 9 | L25: =J25*I25/100 -> 1.891 | M25: =K25*I25/100 -> 2.79 | N25: =INDEX(Rate_Chart!$A$1:$AK$127,MATCH(Data!J25,Rate_Chart!$A$1:$A$127,0),MATCH(Data!K25,Rate_Chart!$A$1:$AK$1,0)) -> 50.935 | O25: =N25*I25 -> 1578.985 | P25: =N25/(J25%+K25%*2/3) -> 420.95041 | Q25: =P25*2/3 -> 280.63361 | R25: =O25*1.75% -> 27.632238 | S25: =I25*3.75 -> 116.25 | T25: =R25+S25+O25 -> 1722.8672 | U25: =T25/I25 -> 55.576363 | V25: =U25/(J25%+K25%*2/3) -> 459.30878 | W25: =V25*2/3 -> 306.20585 | Z25: 10620030 | AA25: 64514 | AB25: [64514] PAJRAWN DSK | AC25: 964 | AD25: 47615.492
A26: 01/09/2026 | B26: E | C26: [1062] RAMGADH | D26: [8404] CHANDESH | E26: [20102] KALANI DSK | F26: =MID(E26,2,5) -> 20102 | G26: 10620102 | H26: C | I26: 28 | J26: 3 | K26: 8 | L26: =J26*I26/100 -> 0.84 | M26: =K26*I26/100 -> 2.24 | N26: =INDEX(Rate_Chart!$A$1:$AK$127,MATCH(Data!J26,Rate_Chart!$A$1:$A$127,0),MATCH(Data!K26,Rate_Chart!$A$1:$AK$1,0)) -> 34.751112 | O26: =N26*I26 -> 973.03114 | P26: =N26/(J26%+K26%*2/3) -> 417.01334 | Q26: =P26*2/3 -> 278.0089 | R26: =O26*1.75% -> 17.028045 | S26: =I26*3.75 -> 105 | T26: =R26+S26+O26 -> 1095.0592 | U26: =T26/I26 -> 39.109256 | V26: =U26/(J26%+K26%*2/3) -> 469.31108 | W26: =V26*2/3 -> 312.87405 | Z26: 10620031 | AA26: 64553 | AB26: [64553] GAJDHARA DSK | AC26: 88 | AD26: 4043.5794
... A75: 03/09/2026 | B75: E | C75: [1062] RAMGADH | D75: [8403] MOHANIA | E75: [20107] DANDAWAS DSK | F75: =MID(E75,2,5) -> 20107 | G75: 10620107 | H75: C | I75: 3 | J75: 3.7 | K75: 8.5 | L75: =J75*I75/100 -> 0.111 | M75: =K75*I75/100 -> 0.255 | N75: =INDEX(Rate_Chart!$A$1:$AK$127,MATCH(Data!J75,Rate_Chart!$A$1:$A$127,0),MATCH(Data!K75,Rate_Chart!$A$1:$AK$1,0)) -> 39.060182 | O75: =N75*I75 -> 117.18054 | P75: =N75/(J75%+K75%*2/3) -> 417.01261 | Q75: =P75*2/3 -> 278.00841 | R75: =O75*1.75% -> 2.0506595 | S75: =I75*3.75 -> 11.25 | T75: =R75+S75+O75 -> 130.4812 | U75: =T75/I75 -> 43.493735 | V75: =U75/(J75%+K75%*2/3) -> 464.34592 | W75: =V75*2/3 -> 309.56395 | Z75: 10620129 | AA75: 20129 | AB75: [20129] DEWAITHA DSK | AC75: 101 | AD75: 5420.2504
A76: 29/08/2026 | B76: M | C76: [1062] RAMGADH | D76: [8404] CHANDESH | E76: [20109] YUVRAJPUR DSK | F76: =MID(E76,2,5) -> 20109 | G76: 10620109 | H76: C | I76: 500 | J76: 5 | K76: 8.5 | L76: =J76*I76/100 -> 25 | M76: =K76*I76/100 -> 42.5 | N76: =INDEX(Rate_Chart!$A$1:$AK$127,MATCH(Data!J76,Rate_Chart!$A$1:$A$127,0),MATCH(Data!K76,Rate_Chart!$A$1:$AK$1,0)) -> 44.481182 | O76: =N76*I76 -> 22240.591 | P76: =N76/(J76%+K76%*2/3) -> 417.01108 | Q76: =P76*2/3 -> 278.00738 | R76: =O76*1.75% -> 389.21034 | S76: =I76*3.75 -> 1875 | T76: =R76+S76+O76 -> 24504.801 | U76: =T76/I76 -> 49.009602 | V76: =U76/(J76%+K76%*2/3) -> 459.46502 | W76: =V76*2/3 -> 306.31001 | Z76: Grand Total | AC76: 47892 | AD76: 2188524.7
A77: 29/08/2026 | B77: E | C77: [1062] RAMGADH | D77: [8404] CHANDESH | E77: [20109] YUVRAJPUR DSK | F77: =MID(E77,2,5) -> 20109 | G77: 10620109 | H77: C | I77: 1000 | J77: 5 | K77: 8.5 | L77: =J77*I77/100 -> 50 | M77: =K77*I77/100 -> 85 | N77: =INDEX(Rate_Chart!$A$1:$AK$127,MATCH(Data!J77,Rate_Chart!$A$1:$A$127,0),MATCH(Data!K77,Rate_Chart!$A$1:$AK$1,0)) -> 44.481182 | O77: =N77*I77 -> 44481.182 | P77: =N77/(J77%+K77%*2/3) -> 417.01108 | Q77: =P77*2/3 -> 278.00738 | R77: =O77*1.75% -> 778.42068 | S77: =I77*3.75 -> 3750 | T77: =R77+S77+O77 -> 49009.602 | U77: =T77/I77 -> 49.009602 | V77: =U77/(J77%+K77%*2/3) -> 459.46502 | W77: =V77*2/3 -> 306.31001
A78: 30/08/2026 | B78: M | C78: [1062] RAMGADH | D78: [8404] CHANDESH | E78: [20109] YUVRAJPUR DSK | F78: =MID(E78,2,5) -> 20109 | G78: 10620109 | H78: C | I78: 500 | J78: 5 | K78: 8.5 | L78: =J78*I78/100 -> 25 | M78: =K78*I78/100 -> 42.5 | N78: =INDEX(Rate_Chart!$A$1:$AK$127,MATCH(Data!J78,Rate_Chart!$A$1:$A$127,0),MATCH(Data!K78,Rate_Chart!$A$1:$AK$1,0)) -> 44.481182 | O78: =N78*I78 -> 22240.591 | P78: =N78/(J78%+K78%*2/3) -> 417.01108 | Q78: =P78*2/3 -> 278.00738 | R78: =O78*1.75% -> 389.21034 | S78: =I78*3.75 -> 1875 | T78: =R78+S78+O78 -> 24504.801 | U78: =T78/I78 -> 49.009602 | V78: =U78/(J78%+K78%*2/3) -> 459.46502 | W78: =V78*2/3 -> 306.31001
A79: 30/08/2026 | B79: E | C79: [1062] RAMGADH | D79: [8404] CHANDESH | E79: [20109] YUVRAJPUR DSK | F79: =MID(E79,2,5) -> 20109 | G79: 10620109 | H79: C | I79: 500 | J79: 5 | K79: 8.5 | L79: =J79*I79/100 -> 25 | M79: =K79*I79/100 -> 42.5 | N79: =INDEX(Rate_Chart!$A$1:$AK$127,MATCH(Data!J79,Rate_Chart!$A$1:$A$127,0),MATCH(Data!K79,Rate_Chart!$A$1:$AK$1,0)) -> 44.481182 | O79: =N79*I79 -> 22240.591 | P79: =N79/(J79%+K79%*2/3) -> 417.01108 | Q79: =P79*2/3 -> 278.00738 | R79: =O79*1.75% -> 389.21034 | S79: =I79*3.75 -> 1875 | T79: =R79+S79+O79 -> 24504.801 | U79: =T79/I79 -> 49.009602 | V79: =U79/(J79%+K79%*2/3) -> 459.46502 | W79: =V79*2/3 -> 306.31001
A80: 31/08/2026 | B80: M | C80: [1062] RAMGADH | D80: [8404] CHANDESH | E80: [20109] YUVRAJPUR DSK | F80: =MID(E80,2,5) -> 20109 | G80: 10620109 | H80: C | I80: 1200 | J80: 5 | K80: 8.5 | L80: =J80*I80/100 -> 60 | M80: =K80*I80/100 -> 102 | N80: =INDEX(Rate_Chart!$A$1:$AK$127,MATCH(Data!J80,Rate_Chart!$A$1:$A$127,0),MATCH(Data!K80,Rate_Chart!$A$1:$AK$1,0)) -> 44.481182 | O80: =N80*I80 -> 53377.418 | P80: =N80/(J80%+K80%*2/3) -> 417.01108 | Q80: =P80*2/3 -> 278.00738 | R80: =O80*1.75% -> 934.10481 | S80: =I80*3.75 -> 4500 | T80: =R80+S80+O80 -> 58811.523 | U80: =T80/I80 -> 49.009602 | V80: =U80/(J80%+K80%*2/3) -> 459.46502 | W80: =V80*2/3 -> 306.31001
A81: 31/08/2026 | B81: E | C81: [1062] RAMGADH | D81: [8404] CHANDESH | E81: [20109] YUVRAJPUR DSK | F81: =MID(E81,2,5) -> 20109 | G81: 10620109 | H81: C | I81: 1450 | J81: 5 | K81: 8.5 | L81: =J81*I81/100 -> 72.5 | M81: =K81*I81/100 -> 123.25 | N81: =INDEX(Rate_Chart!$A$1:$AK$127,MATCH(Data!J81,Rate_Chart!$A$1:$A$127,0),MATCH(Data!K81,Rate_Chart!$A$1:$AK$1,0)) -> 44.481182 | O81: =N81*I81 -> 64497.713 | P81: =N81/(J81%+K81%*2/3) -> 417.01108 | Q81: =P81*2/3 -> 278.00738 | R81: =O81*1.75% -> 1128.71 | S81: =I81*3.75 -> 5437.5 | T81: =R81+S81+O81 -> 71063.923 | U81: =T81/I81 -> 49.009602 | V81: =U81/(J81%+K81%*2/3) -> 459.46502 | W81: =V81*2/3 -> 306.31001
A82: 02/09/2026 | B82: M | C82: [1062] RAMGADH | D82: [8404] CHANDESH | E82: [20109] YUVRAJPUR DSK | F82: =MID(E82,2,5) -> 20109 | G82: 10620109 | H82: C | I82: 500 | J82: 5 | K82: 8.5 | L82: =J82*I82/100 -> 25 | M82: =K82*I82/100 -> 42.5 | N82: =INDEX(Rate_Chart!$A$1:$AK$127,MATCH(Data!J82,Rate_Chart!$A$1:$A$127,0),MATCH(Data!K82,Rate_Chart!$A$1:$AK$1,0)) -> 44.481182 | O82: =N82*I82 -> 22240.591 | P82: =N82/(J82%+K82%*2/3) -> 417.01108 | Q82: =P82*2/3 -> 278.00738 | R82: =O82*1.75% -> 389.21034 | S82: =I82*3.75 -> 1875 | T82: =R82+S82+O82 -> 24504.801 | U82: =T82/I82 -> 49.009602 | V82: =U82/(J82%+K82%*2/3) -> 459.46502 | W82: =V82*2/3 -> 306.31001
A83: 02/09/2026 | B83: E | C83: [1062] RAMGADH | D83: [8404] CHANDESH | E83: [20109] YUVRAJPUR DSK | F83: =MID(E83,2,5) -> 20109 | G83: 10620109 | H83: C | I83: 1580 | J83: 5 | K83: 8.5 | L83: =J83*I83/100 -> 79 | M83: =K83*I83/100 -> 134.3 | N83: =INDEX(Rate_Chart!$A$1:$AK$127,MATCH(Data!J83,Rate_Chart!$A$1:$A$127,0),MATCH(Data!K83,Rate_Chart!$A$1:$AK$1,0)) -> 44.481182 | O83: =N83*I83 -> 70280.267 | P83: =N83/(J83%+K83%*2/3) -> 417.01108 | Q83: =P83*2/3 -> 278.00738 | R83: =O83*1.75% -> 1229.9047 | S83: =I83*3.75 -> 5925 | T83: =R83+S83+O83 -> 77435.171 | U83: =T83/I83 -> 49.009602 | V83: =U83/(J83%+K83%*2/3) -> 459.46502 | W83: =V83*2/3 -> 306.31001
A84: 03/09/2026 | B84: M | C84: [1062] RAMGADH | D84: [8404] CHANDESH | E84: [20109] YUVRAJPUR DSK | F84: =MID(E84,2,5) -> 20109 | G84: 10620109 | H84: C | I84: 1200 | J84: 5 | K84: 8.5 | L84: =J84*I84/100 -> 60 | M84: =K84*I84/100 -> 102 | N84: =INDEX(Rate_Chart!$A$1:$AK$127,MATCH(Data!J84,Rate_Chart!$A$1:$A$127,0),MATCH(Data!K84,Rate_Chart!$A$1:$AK$1,0)) -> 44.481182 | O84: =N84*I84 -> 53377.418 | P84: =N84/(J84%+K84%*2/3) -> 417.01108 | Q84: =P84*2/3 -> 278.00738 | R84: =O84*1.75% -> 934.10481 | S84: =I84*3.75 -> 4500 | T84: =R84+S84+O84 -> 58811.523 | U84: =T84/I84 -> 49.009602 | V84: =U84/(J84%+K84%*2/3) -> 459.46502 | W84: =V84*2/3 -> 306.31001
A85: 03/09/2026 | B85: E | C85: [1062] RAMGADH | D85: [8404] CHANDESH | E85: [20109] YUVRAJPUR DSK | F85: =MID(E85,2,5) -> 20109 | G85: 10620109 | H85: C | I85: 3580 | J85: 5 | K85: 8.5 | L85: =J85*I85/100 -> 179 | M85: =K85*I85/100 -> 304.3 | N85: =INDEX(Rate_Chart!$A$1:$AK$127,MATCH(Data!J85,Rate_Chart!$A$1:$A$127,0),MATCH(Data!K85,Rate_Chart!$A$1:$AK$1,0)) -> 44.481182 | O85: =N85*I85 -> 159242.63 | P85: =N85/(J85%+K85%*2/3) -> 417.01108 | Q85: =P85*2/3 -> 278.00738 | R85: =O85*1.75% -> 2786.746 | S85: =I85*3.75 -> 13425 | T85: =R85+S85+O85 -> 175454.38 | U85: =T85/I85 -> 49.009602 | V85: =U85/(J85%+K85%*2/3) -> 459.46502 | W85: =V85*2/3 -> 306.31001
A86: 03/09/2026 | B86: E | C86: [1062] RAMGADH | D86: [8405] RAMGADH | E86: [20111] SUHWAL | F86: =MID(E86,2,5) -> 20111 | G86: 10620111 | H86: C | I86: 300 | J86: 5 | K86: 8.5 | L86: =J86*I86/100 -> 15 | M86: =K86*I86/100 -> 25.5 | N86: =INDEX(Rate_Chart!$A$1:$AK$127,MATCH(Data!J86,Rate_Chart!$A$1:$A$127,0),MATCH(Data!K86,Rate_Chart!$A$1:$AK$1,0)) -> 44.481182 | O86: =N86*I86 -> 13344.354 | P86: =N86/(J86%+K86%*2/3) -> 417.01108 | Q86: =P86*2/3 -> 278.00738 | R86: =O86*1.75% -> 233.5262 | S86: =I86*3.75 -> 1125 | T86: =R86+S86+O86 -> 14702.881 | U86: =T86/I86 -> 49.009602 | V86: =U86/(J86%+K86%*2/3) -> 459.46502 | W86: =V86*2/3 -> 306.31001
A87: 28/08/2026 | B87: M | C87: [1062] RAMGADH | D87: [8405] RAMGADH | E87: [20112] PARSATHUA DSK | F87: =MID(E87,2,5) -> 20112 | G87: 10620112 | H87: C | I87: 9 | J87: 4.5 | K87: 8.5 | L87: =J87*I87/100 -> 0.405 | M87: =K87*I87/100 -> 0.765 | N87: =INDEX(Rate_Chart!$A$1:$AK$127,MATCH(Data!J87,Rate_Chart!$A$1:$A$127,0),MATCH(Data!K87,Rate_Chart!$A$1:$AK$1,0)) -> 42.396182 | O87: =N87*I87 -> 381.56563 | P87: =N87/(J87%+K87%*2/3) -> 417.01162 | Q87: =P87*2/3 -> 278.00775 | R87: =O87*1.75% -> 6.6773986 | S87: =I87*3.75 -> 33.75 | T87: =R87+S87+O87 -> 421.99303 | U87: =T87/I87 -> 46.888115 | V87: =U87/(J87%+K87%*2/3) -> 461.19457 | W87: =V87*2/3 -> 307.46305
A88: 28/08/2026 | B88: E | C88: [1062] RAMGADH | D88: [8405] RAMGADH | E88: [20112] PARSATHUA DSK | F88: =MID(E88,2,5) -> 20112 | G88: 10620112 | H88: C | I88: 6 | J88: 3 | K88: 8.1 | L88: =J88*I88/100 -> 0.18 | M88: =K88*I88/100 -> 0.486 | N88: =INDEX(Rate_Chart!$A$1:$AK$127,MATCH(Data!J88,Rate_Chart!$A$1:$A$127,0),MATCH(Data!K88,Rate_Chart!$A$1:$AK$1,0)) -> 35.029126 | O88: =N88*I88 -> 210.17476 | P88: =N88/(J88%+K88%*2/3) -> 417.0134 | Q88: =P88*2/3 -> 278.00894 | R88: =O88*1.75% -> 3.6780582 | S88: =I88*3.75 -> 22.5 | T88: =R88+S88+O88 -> 236.35281 | U88: =T88/I88 -> 39.392136 | V88: =U88/(J88%+K88%*2/3) -> 468.954 | W88: =V88*2/3 -> 312.636
... A1259: 03/09/2026 | B1259: E | C1259: [1062] RAMGADH | D1259: [8401] DURGAWATI | E1259: [64600] BHAMBHHOR DSK | F1259: =MID(E1259,2,5) -> 64600 | G1259: 10620004 | H1259: C | I1259: 24 | J1259: 3 | K1259: 8 | L1259: =J1259*I1259/100 -> 0.72 | M1259: =K1259*I1259/100 -> 1.92 | N1259: =INDEX(Rate_Chart!$A$1:$AK$127,MATCH(Data!J1259,Rate_Chart!$A$1:$A$127,0),MATCH(Data!K1259,Rate_Chart!$A$1:$AK$1,0)) -> 34.751112 | O1259: =N1259*I1259 -> 834.02669 | P1259: =N1259/(J1259%+K1259%*2/3) -> 417.01334 | Q1259: =P1259*2/3 -> 278.0089 | R1259: =O1259*1.75% -> 14.595467 | S1259: =I1259*3.75 -> 90 | T1259: =R1259+S1259+O1259 -> 938.62216 | U1259: =T1259/I1259 -> 39.109256 | V1259: =U1259/(J1259%+K1259%*2/3) -> 469.31108 | W1259: =V1259*2/3 -> 312.87405

Sheet Milk Can
A1: SR.NO | B1: PLANT | C1: SOCIETY NAME | D1: SAP CODE | E1: ITC CODE | F1: CAN | G1: TOTAL AMT | H1: 21-27-Aug | I1: 28-03-Aug | J1: 21-27-Aug | K1: 21-27-Aug | L1: 21-27-Aug | M1: 21-27-Aug | N1: 21-27-Aug | O1: 21-27-Aug | P1: 21-27-Aug | Q1: 21-27-Aug | R1: 21-27-Aug | S1: 21-27-Aug | T1: 21-27-Aug | U1: Total
A2: 1 | B2: 1062 | C2: Mr. SONU KUMAR | D2: 64523 | E2: 10620013 | F2: 3 | G2: =F2*3300 -> 9900 | H2: 300 | I2: 0 | J2: 0 | K2: 0 | L2: 0 | M2: 0 | N2: 0 | O2: 0 | P2: 0 | Q2: 0 | R2: 0 | S2: 0 | T2: 0 | U2: =G2-SUM(H2:T2) -> 9600
A3: 2 | B3: 1062 | C3: BANSI DHAR SINGH | D3: 64569 | E3: 10620019 | F3: 10 | G3: =F3*3300 -> 33000 | H3: 521.95751 | I3: 0 | J3: 0 | K3: 0 | L3: 0 | M3: 0 | N3: 0 | O3: 0 | P3: 0 | Q3: 0 | R3: 0 | S3: 0 | T3: 0 | U3: =G3-SUM(H3:T3) -> 32478.042
A4: 3 | B4: 1062 | C4: MANOJ KUMAR SINGH | D4: 64528 | E4: 10620026 | F4: 1 | G4: =F4*3300 -> 3300 | H4: 456.9572 | I4: 0 | J4: 0 | K4: 0 | L4: 0 | M4: 0 | N4: 0 | O4: 0 | P4: 0 | Q4: 0 | R4: 0 | S4: 0 | T4: 0 | U4: =G4-SUM(H4:T4) -> 2843.0428
A5: 4 | B5: 1062 | C5: RAKESH KUMAR YADAV | D5: 64514 | E5: 10620030 | F5: 1 | G5: =F5*3300 -> 3300 | H5: 300 | I5: 0 | J5: 0 | K5: 0 | L5: 0 | M5: 0 | N5: 0 | O5: 0 | P5: 0 | Q5: 0 | R5: 0 | S5: 0 | T5: 0 | U5: =G5-SUM(H5:T5) -> 3000
A6: 5 | B6: 1062 | C6: RAKESH GUPTA | D6: 64547 | E6: 10620029 | F6: 2 | G6: =F6*3300 -> 6600 | H6: 835.04356 | I6: 0 | J6: 0 | K6: 0 | L6: 0 | M6: 0 | N6: 0 | O6: 0 | P6: 0 | Q6: 0 | R6: 0 | S6: 0 | T6: 0 | U6: =G6-SUM(H6:T6) -> 5764.9564
A7: 6 | B7: 1062 | C7: ABHIMANYU KUMAR SINGH | D7: 64509 | E7: 10620034 | F7: 4 | G7: =F7*3300 -> 13200 | H7: 328.52364 | I7: 0 | J7: 0 | K7: 0 | L7: 0 | M7: 0 | N7: 0 | O7: 0 | P7: 0 | Q7: 0 | R7: 0 | S7: 0 | T7: 0 | U7: =G7-SUM(H7:T7) -> 12871.476
A8: 7 | B8: 1062 | C8: KIRAN DEVI | D8: 64541 | E8: 10620058 | F8: 1 | G8: =F8*3300 -> 3300 | H8: 300 | I8: 0 | J8: 0 | K8: 0 | L8: 0 | M8: 0 | N8: 0 | O8: 0 | P8: 0 | Q8: 0 | R8: 0 | S8: 0 | T8: 0 | U8: =G8-SUM(H8:T8) -> 3000
A9: 8 | B9: 1062 | C9: SURESH KHARWAR | D9: 64504 | E9: 10620099 | F9: 1 | G9: =F9*3300 -> 3300 | H9: 300 | I9: 0 | J9: 0 | K9: 0 | L9: 0 | M9: 0 | N9: 0 | O9: 0 | P9: 0 | Q9: 0 | R9: 0 | S9: 0 | T9: 0 | U9: =G9-SUM(H9:T9) -> 3000
A10: 10 | B10: 1062 | C10: RAVIKANT SINGH | D10: 60616 | E10: 10620070 | F10: 1 | G10: =F10*3300 -> 3300 | H10: 541.29872 | I10: 0 | J10: 0 | K10: 0 | L10: 0 | M10: 0 | N10: 0 | O10: 0 | P10: 0 | Q10: 0 | R10: 0 | S10: 0 | T10: 0 | U10: =G10-SUM(H10:T10) -> 2758.7013
A11: 11 | B11: 1062 | C11: MRS. SUMAN DEVI | D11: 60605 | E11: 10620061 | F11: 6 | G11: =F11*3300 -> 19800 | H11: 893.79342 | I11: 0 | J11: 0 | K11: 0 | L11: 0 | M11: 0 | N11: 0 | O11: 0 | P11: 0 | Q11: 0 | R11: 0 | S11: 0 | T11: 0 | U11: =G11-SUM(H11:T11) -> 18906.207
A12: 12 | B12: 1062 | C12: KRISHANA NAND SINGH | D12: 60566 | E12: 10620059 | F12: 3 | G12: =F12*3300 -> 9900 | H12: 300 | I12: 0 | J12: 0 | K12: 0 | L12: 0 | M12: 0 | N12: 0 | O12: 0 | P12: 0 | Q12: 0 | R12: 0 | S12: 0 | T12: 0 | U12: =G12-SUM(H12:T12) -> 9600
A13: 13 | B13: 1062 | C13: ADIDI PANEY | D13: 64543 | E13: 10620051 | F13: 1 | G13: =F13*3300 -> 3300 | H13: 6206.3057 | I13: 0 | J13: 0 | K13: 0 | L13: 0 | M13: 0 | N13: 0 | O13: 0 | P13: 0 | Q13: 0 | R13: 0 | S13: 0 | T13: 0 | U13: =G13-SUM(H13:T13) -> -2906.3057
... A37: 49 | B37: 1062 | C37: GOORA | D37: 20126 | E37: 10620126 | F37: 6 | G37: =F37*3300 -> 19800 | H37: 300 | I37: 0 | J37: 0 | K37: 0 | L37: 0 | M37: 0 | N37: 0 | O37: 0 | P37: 0 | Q37: 0 | R37: 0 | S37: 0 | T37: 0 | U37: =G37-SUM(H37:T37) -> 19500
F38: =SUM(F2:F37) -> 146 | G38: =SUM(G2:G37) -> 481800 | H38: =SUM(H2:H37) -> 18999.746
