Workbook

Sheet Sheet1
B2: Union Code | C2: BMC Code | D2: MPG Code | E2: Route Code | F2: Farmer Code
B3: 1 Digit | C3: 4 Digit | D3: 8 Digit | E3: 6 Digit | F3: 12 digit
B4: State | C4: State+ 3 digit BMC | D4: BMC code +3 digit mpg code | E4: BMC+2 digit route | F4: MPG code + 4 digit existing Farmer
B5: 1 | C5: 1001 | D5: =C5&"001" -> 1001001 | E5: =C5&"01" -> 100101 | F5: =D5&"XXXX" -> 1001001XXXX

Sheet BMC Master
B1: BMC Master
A2: State | B2: BMC Name | C2: BMC Code (Old) | D2: MCC | E2: New BMC Code | F2: Type | G2: Address | H2: Region | I2: Service Provider Name | J2: Service Provider Contact | K2: Owner Name | L2: Owner Contact Number | M2: Bank Name | N2: Bank Account Number | O2: Bank Branch Name | P2: Bank IFSC Code | Q2: Tank1 Cap(Ltrs) | R2: Tank2 Cap(Ltrs) | S2: Tank3 Cap(Ltrs) | T2: Operated By | U2: Status
A3: Bihar | B3: Majhaul | C3: BMC Code : 0001 | D3: BMC Code : 0001 | E3: 1001 | F3: BMC | G3: C/O REENA KUMARI, W/O LATE SANJEEV KUMAR,VILL + P.O. :MOHANPUR,P.S.: MUFASSIL, BLOCK: BEGUSARAI,DIST: BEGUSARAI, PIN: 851131 | H3: Bihar | I3: Daya Society | J3: 7004176432 | K3: Daya Society | L3: =J3 -> 7004176432 | M3: HDFC BANK LTD | N3: 50100063899098 | O3: Munger | P3: HDFC0002684 | Q3: 5000 | R3: N/A | S3: N/A | T3: Daya Society | U3: Active
A4: Bihar | B4: Laldiyara | C4: BMC Code : 0003 | D4: BMC Code : 0003 | E4: 1002 | F4: BMC | G4: C/O AKASH KUMAR, S/O Indredev PD. Singh,VILL: LALDIARA,P.O.: KHUTAH,P.S.: PIPARIYA,BLOCK: BARHAIYA, DIST : LAKHISARAI , PIN : 811302. | H4: Bihar | I4: Akash Kumar | J4: 8298681512 | K4: AKASH KUMAR | L4: 8298681512 | M4: IDBI Bank | N4: 2066102000000170 | O4: LAKHISARAI | P4: IBKL0002066 | Q4: 5000 | R4: 2000 | S4: NA | T4: Akash Kumar | U4: Active
A5: Bihar | B5: Asarganj | C5: BMC Code : 0005 | D5: BMC Code : 0005 | E5: 1003 | F5: BMC | G5: C/O RENU CHOWDURY, W/O JAY SHANKAR KUMAR,VILL + P.O.:Chatmadih,Asarganj, BLOCK: Sultanganj,DIST: Bhagalpur, PIN: 813213 | H5: Bihar | I5: Akash Kumar | J5: 8298681512 | K5: AKASH KUMAR | L5: 8298681512 | M5: IDBI Bank | N5: 2066102000000170 | O5: LAKHISARAI | P5: IBKL0002066 | Q5: 5000 | R5: 2000 | S5: NA | T5: Akash Kumar | U5: Active
A6: Bihar | B6: Tofir | C6: BMC Code : 0006 | D6: BMC Code : 0006 | E6: 1004 | F6: BMC | G6: Pramod Yadav | H6: Bihar | I6: Pramod Yadav | J6: 7667356614 | K6: Pramod Yadav | L6: 7667356614 | M6: NA | N6: NA | O6: NA | P6: NA | Q6: 2000 | R6: NA | S6: NA | T6: Pramod Yadav | U6: Active
A7: Bihar | B7: Jhandapur | C7: BMC Code : 0007 | D7: BMC Code : 0007 | E7: 1005 | F7: BMC | G7: C/O RENU CHOWDURY, W/O JAY SHANKAR KUMAR,VILL + P.O. :JHANDAPUR,P.S.: BIHPUR, BLOCK: BIHPUR,DIST: BHAGALPUR, PIN: 853201 | H7: Bihar | I7: Daya Society | J7: 7004176432 | K7: Daya Society | L7: =J7 -> 7004176432 | M7: HDFC BANK LTD | N7: 50100063899098 | O7: Munger | P7: HDFC0002684 | Q7: 5000 | R7: N/A | S7: N/A | T7: Daya Society | U7: Active
A8: Bihar | B8: Sonvarsha | C8: BMC Code : 0009 | D8: BMC Code : 0009 | E8: 1006 | F8: BMC | G8: C/O SRI NARAYAN SINGH ,VILL: SON VARSHA,P.O. AKAH KURHA,P.S.: SAMBHO,BLOCK:MATIHANI,DIST: BEGUSARAI,PIN: 811106 | H8: Bihar | I8: Narayan Singh | J8: 8051560453 | K8: Narayan Singh | L8: 8051560453 | M8: State Bank of India | N8: 35425786740 | O8: SURYAGARHA | P8: SBIN0012593 | Q8: 5000 | R8: 2000 | S8: NA | T8: Narayan Singh | U8: Active
A9: Bihar | B9: Araria | C9: BMC Code : 0011 | D9: BMC Code : 0011 | E9: 1007 | F9: BMC | G9: C/O Shyam Nanadan, Village English Tola, Maheshkhunt | H9: Bihar | I9: Ankesh Kumar | J9: 9110950521 | K9: ANKESH KUMAR | L9: 9110950521 | M9: Central Bank of India | N9: 3182104680 | O9: MAHESHKHUNT | P9: CBIN0283921 | Q9: 2000 | R9: NA | S9: NA | T9: Ankesh Kumar | U9: Active
A10: Bihar | B10: Teghra | C10: BMC Code : 0012 | D10: BMC Code : 0012 | E10: 1008 | F10: BMC | G10: C/O RAJIV CHOWDHARY,VILL: MERSHITI, P.O. :TEGHRA,P.S.: + BLOCK: SAHIBPUR KAMAL,DIST: BEGUSARAI, PIN: 851133 | H10: Bihar | I10: Maa Katyani tradres | J10: 9113108485 | K10: AVIJIT KUMAR | L10: 9113108485 | M10: Bihar Gramin Bank | N10: 38310210001090 | O10: Sultanganj | P10: UCBA0RRBBKG | Q10: 5000 | R10: 2000 | S10: NA | T10: Maa Katyani tradres | U10: Active
A11: Bihar | B11: Halsi | C11: BMC Code : 0013 | D11: BMC Code : 0013 | E11: 1009 | F11: BMC | G11: C/O NITESH KUMAR, S/O Sudhir Singh,VILL: AURE,P.O.: AURE,P.S.: RAMGARH,BLOCK: RAMGARH, DIST : LAKHISARAI , PIN : 811311. | H11: Bihar | I11: Nitesh Kumar | J11: 8877443654 | K11: NITESH KUMAR | L11: 8877443654 | M11: State Bank of India | N11: 10889828369 | O11: Barauni | P11: SBIN0002912 | Q11: 5000 | R11: 2000 | S11: NA | T11: Nitesh Kumar | U11: Active
A12: Bihar | B12: Parbatta | C12: BMC Code : 0015 | D12: BMC Code : 0015 | E12: 1010 | F12: BMC | G12: C/O RENU CHOWDURY, W/O JAY SHANKAR KUMAR,VILL + P.O. :JHANDAPUR,P.S.: BIHPUR, BLOCK: BIHPUR,DIST: BHAGALPUR, PIN: 853201 | H12: Bihar | I12: Daya Society | J12: 7004176432 | K12: Daya Society | L12: =J12 -> 7004176432 | M12: HDFC BANK LTD | N12: 50100063899098 | O12: Munger | P12: HDFC0002684 | Q12: 5000 | R12: N/A | S12: N/A | T12: Daya Society | U12: Active
A13: Bihar | B13: Sahibpur Kamal | C13: BMC Code : 0016 | D13: BMC Code : 0016 | E13: 1011 | F13: BMC | G13: C/O MONORAMA DEVI, W/O SUDHIR YADAV,VILL + P.O. :SAHIBPUR KAMAL,P.S.: + BLOCK: SAHIBPUR KAMAL,DIST: BEGUSARAI, PIN: 851217 | H13: Bihar | I13: Daya Society | J13: 7004176432 | K13: Daya Society | L13: =J13 -> 7004176432 | M13: HDFC BANK LTD | N13: 50100063899098 | O13: Munger | P13: HDFC0002684 | Q13: 10000 | R13: 2000 | S13: N/A | T13: Daya Society | U13: Active
A14: Bihar | B14: DalsinghSarai | C14: BMC Code : 0017 | D14: BMC Code : 0017 | E14: 1012 | F14: BMC | G14: Jai Hanuman Agrotech Pvt Ltd, PO-Madhaipur, Dalsinghsarai, Samastipur, Bihar - 848503 | H14: Bihar | I14: Daya Society | J14: 7004176432 | K14: Daya Society | L14: =J14 -> 7004176432 | M14: HDFC BANK LTD | N14: 50100063899098 | O14: Munger | P14: HDFC0002684 | Q14: 5000 | R14: N/A | S14: N/A | T14: Daya Society | U14: Active
A15: Bihar | B15: Musrigharari | C15: BMC Code : 0018 | D15: BMC Code : 0018 | E15: 1013 | F15: BMC | G15: C/O Vijay Kumar Sharma, Bandhua Bujurg, dihvarni, P.O Bandhua, Musrigharari,Samastipur, Bihar, PIN : 848101 | H15: Bihar | I15: Daya Society | J15: 7004176432 | K15: Daya Society | L15: =J15 -> 7004176432 | M15: HDFC BANK LTD | N15: 50100063899098 | O15: Munger | P15: HDFC0002684 | Q15: 5000 | R15: 2000 | S15: N/A | T15: Daya Society | U15: Active
A16: Bihar | B16: Dumraon | C16: BMC Code : 0024 | D16: BMC Code : 0024 | E16: 1014 | F16: BMC | G16: C/O Kumari Anar Pari, Mohanpur, Samastipur, Bihar, PIN :848506 | H16: Bihar | I16: Daya Society | J16: 7004176432 | K16: Daya Society | L16: =J16 -> 7004176432 | M16: HDFC BANK LTD | N16: 50100063899098 | O16: Munger | P16: HDFC0002684 | Q16: 5000 | R16: 2000 | S16: N/A | T16: Daya Society | U16: Active
A17: Bihar | B17: WALIPUR-4 | C17: RMC Code : 1028 | D17: BMC Code : 0003 | E17: 1015 | F17: RMC | G17: =B17 -> WALIPUR-4 | H17: Bihar | I17: Papu Yadav | J17: 9534389898 | K17: =I17 -> Papu Yadav | L17: 9534389898 | M17: PUNJAB NATIONAL BANK | N17: 6489000100022237 | O17: PIPARIA | P17: PUNB0648900 | Q17: 1000 | R17: No | S17: No | T17: =K17 -> Papu Yadav | U17: Active
A18: Bihar | B18: REHUA | C18: RMC Code : 1030 | D18: BMC Code : 0003 | E18: 1016 | F18: RMC | G18: =B18 -> REHUA | H18: =H17 -> Bihar | I18: Shubodh Singh | J18: 7324849044 | K18: =I18 -> Shubodh Singh | L18: 7324849044 | M18: PUNJAB NATIONAL BANK, NEFT CENTRALIZED PROCESSING CENTRE FOR MADHYA BIHAR GRAMIN BANK | N18: 31210110004732 | O18: NEFT NODAL BRANCH MBGB RRB | P18: PUNB0MBGB06 | Q18: 1000 | R18: No | S18: No | T18: =K18 -> Shubodh Singh | U18: Active
A19: Bihar | B19: ADARSH LAKSHMIPUR | C19: RMC Code : 1032 | D19: BMC Code : 0003 | E19: 1017 | F19: RMC | G19: =B19 -> ADARSH LAKSHMIPUR | H19: =H18 -> Bihar | I19: Ashok Yadav | J19: 7644976160 | K19: =I19 -> Ashok Yadav | L19: 7644976160 | M19: PUNJAB NATIONAL BANK, NEFT CENTRALIZED PROCESSING CENTRE FOR MADHYA BIHAR GRAMIN BANK | N19: 31110110008068 | O19: NEFT NODAL BRANCH MBGB RRB | P19: PUNB0MBGB06 | Q19: 1000 | R19: No | S19: No | T19: =K19 -> Ashok Yadav | U19: Active
A20: Bihar | B20: Gaachhi tola | C20: RMC Code : 1034 | D20: BMC Code : 0003 | E20: 1018 | F20: RMC | G20: =B20 -> Gaachhi tola | H20: =H19 -> Bihar | I20: Niraj Kumar | J20: 8238681512 | K20: =I20 -> Niraj Kumar | L20: 8238681512 | M20: ALLAHABAD BANK | N20: 50402121788 | O20: LAKHISARAI | P20: ALLA0213239 | Q20: 1000 | R20: No | S20: No | T20: =K20 -> Niraj Kumar | U20: Active
A21: Bihar | B21: GOMUKH WALIPUR | C21: RMC Code : 1165 | D21: BMC Code : 0003 | E21: 1019 | F21: RMC | G21: =B21 -> GOMUKH WALIPUR | H21: =H20 -> Bihar | I21: Saket Bihari | J21: 9304548632 | K21: =I21 -> Saket Bihari | L21: 9304548632 | M21: PUNJAB NATIONAL BANK, NEFT CENTRALIZED PROCESSING CENTRE FOR MADHYA BIHAR GRAMIN BANK | N21: 31310110024259 | O21: NEFT NODAL BRANCH MBGB RRB | P21: PUNB0MBGB06 | Q21: 1000 | R21: No | S21: No | T21: =K21 -> Saket Bihari | U21: Active
A22: Bihar | B22: SHIVNAR-2 | C22: RMC Code : 8025 | D22: BMC Code : 0003 | E22: 1020 | F22: RMC | G22: =B22 -> SHIVNAR-2 | H22: =H21 -> Bihar | I22: Chandan Singh | J22: 8935911924 | K22: =I22 -> Chandan Singh | L22: 8935911924 | M22: BANK OF BARODA | N22: 12180100014660 | O22: MOKAMEH, DIST PATNA | P22: BARB0MOKAME | Q22: 1000 | R22: No | S22: No | T22: =K22 -> Chandan Singh | U22: Active
A23: Bihar | B23: CHAWKI DAFA DUMRA | C23: RMC Code : 8063 | D23: BMC Code : 0003 | E23: 1021 | F23: RMC | G23: =B23 -> CHAWKI DAFA DUMRA | H23: =H22 -> Bihar | I23: Sanjeev Singh | J23: 9572088246 | K23: =I23 -> Sanjeev Singh | L23: 9572088246 | M23: PUNJAB NATIONAL BANK | N23: 2560000100105433 | O23: MARANCHI | P23: PUNB0256000 | Q23: 1000 | R23: No | S23: No | T23: =K23 -> Sanjeev Singh | U23: Active
A24: Bihar | B24: VISHWASHPUR | C24: RMC Code : 4023 | D24: BMC Code : 0005 | E24: 1022 | F24: RMC | G24: =B24 -> VISHWASHPUR | H24: =H23 -> Bihar | I24: Balkrishna Sharma | J24: 8298910551 | K24: =I24 -> Balkrishna Sharma | L24: 8298910551 | M24: HDFC BANK LTD | N24: 50200021210356 | O24: BHAGALPUR - BIHAR | P24: HDFC0000765 | Q24: 1000 | R24: No | S24: No | T24: =K24 -> Balkrishna Sharma | U24: Active
A25: Bihar | B25: KHARIYA | C25: RMC Code : 4036 | D25: BMC Code : 0005 | E25: 1023 | F25: RMC | G25: =B25 -> KHARIYA | H25: =H24 -> Bihar | I25: Rinku Kumar | J25: 8521112911 | K25: =I25 -> Rinku Kumar | L25: 8521112911 | M25: UCO BANK | N25: 12470110024881 | O25: KARHARIA | P25: UCBA0001247 | Q25: 1000 | R25: No | S25: No | T25: =K25 -> Rinku Kumar | U25: Active
A26: Bihar | B26: KUMARPUIR KATHARA | C26: RMC Code : 4039 | D26: BMC Code : 0005 | E26: 1024 | F26: RMC | G26: =B26 -> KUMARPUIR KATHARA | H26: =H25 -> Bihar | I26: Sudhanshu Singh | J26: 9006475690 | K26: =I26 -> Sudhanshu Singh | L26: 9006475690 | M26: HDFC BANK LTD | N26: 50200023079752 | O26: BHAGALPUR - BIHAR | P26: HDFC0000765 | Q26: 1000 | R26: No | S26: No | T26: =K26 -> Sudhanshu Singh | U26: Active
A27: Bihar | B27: KUDHIYA MPG | C27: RMC Code : 4080 | D27: BMC Code : 0005 | E27: 1025 | F27: RMC | G27: =B27 -> KUDHIYA MPG | H27: =H26 -> Bihar | I27: Davesh Kumar | J27: 8292786040 | K27: =I27 -> Davesh Kumar | L27: 8292786040 | M27: HDFC BANK LTD | N27: 50200022297181 | O27: BHAGALPUR - BIHAR | P27: HDFC0000765 | Q27: 1000 | R27: No | S27: No | T27: =K27 -> Davesh Kumar | U27: Active
A28: Bihar | B28: SHAHJADPUR MPG | C28: RMC Code : 4094 | D28: BMC Code : 0005 | E28: 1026 | F28: RMC | G28: =B28 -> SHAHJADPUR MPG | H28: =H27 -> Bihar | I28: Nirpesh Singh | J28: 9934008772 | K28: =I28 -> Nirpesh Singh | L28: 9934008772 | M28: PUNJAB NATIONAL BANK, NEFT CENTRALIZED PROCESSING CENTRE FOR MADHYA BIHAR GRAMIN BANK | N28: 36060110023375 | O28: NEFT NODAL BRANCH MBGB RRB | P28: PUNB0MBGB06 | Q28: 1000 | R28: No | S28: No | T28: =K28 -> Nirpesh Singh | U28: Active
A29: Bihar | B29: KHARAYA | C29: RMC Code : 5027 | D29: BMC Code : 0005 | E29: 1027 | F29: RMC | G29: =B29 -> KHARAYA | H29: =H28 -> Bihar | I29: Uday Singh | J29: 9709633563 | K29: =I29 -> Uday Singh | L29: 9709633563 | M29: UCO BANK | N29: 12710110022276 | O29: AKBARNAGAR | P29: UCBA0001271 | Q29: 1000 | R29: No | S29: No | T29: =K29 -> Uday Singh | U29: Active
A30: Bihar | B30: Pachgachiya Tola | C30: RMC Code : 7101 | D30: BMC Code : 0007 | E30: 1028 | F30: RMC | G30: =B30 -> Pachgachiya Tola | H30: =H29 -> Bihar | I30: Anil Kumar Singh | J30: 9931098422 | K30: =I30 -> Anil Kumar Singh | L30: 9931098422 | M30: Punjab National Bank | N30: 36350110035671 | O30: NEFT NODAL BRANCH MBGB RRB | P30: PUNB0MBGB06 | Q30: 1000 | R30: No | S30: No | T30: =K30 -> Anil Kumar Singh | U30: Active
A31: Bihar | B31: FARDA - 3 | C31: RMC Code : 0006 | D31: BMC Code : 0009 | E31: 1029 | F31: RMC | G31: =B31 -> FARDA - 3 | H31: =H30 -> Bihar | I31: Pankaj Kumar Thakur | J31: 9507082150 | K31: =I31 -> Pankaj Kumar Thakur | L31: 9507082150 | M31: PUNJAB NATIONAL BANK, NEFT CENTRALIZED PROCESSING CENTRE FOR MADHYA BIHAR GRAMIN BANK | N31: 32300110007597 | O31: NEFT NODAL BRANCH MBGB RRB | P31: PUNB0MBGB06 | Q31: 1000 | R31: No | S31: No | T31: =K31 -> Pankaj Kumar Thakur | U31: Active
A32: Bihar | B32: CHANDANPURA | C32: RMC Code : 0033 | D32: BMC Code : 0009 | E32: 1030 | F32: RMC | G32: =B32 -> CHANDANPURA | H32: =H31 -> Bihar | I32: Dharmraj Kumar | J32: 7050165761 | K32: =I32 -> Dharmraj Kumar | L32: 7050165761 | M32: PUNJAB NATIONAL BANK, NEFT CENTRALIZED PROCESSING CENTRE FOR MADHYA BIHAR GRAMIN BANK | N32: 31310110031055 | O32: NEFT NODAL BRANCH MBGB RRB | P32: PUNB0MBGB06 | Q32: 1000 | R32: No | S32: No | T32: =K32 -> Dharmraj Kumar | U32: Active
A33: Bihar | B33: MANIKPUR | C33: RMC Code : 0056 | D33: BMC Code : 0009 | E33: 1031 | F33: RMC | G33: =B33 -> MANIKPUR | H33: =H32 -> Bihar | I33: Ashok Mahto | J33: 7488720757 | K33: =I33 -> Ashok Mahto | L33: 7488720757 | M33: PUNJAB NATIONAL BANK, NEFT CENTRALIZED PROCESSING CENTRE FOR MADHYA BIHAR GRAMIN BANK | N33: 31200110023287 | O33: NEFT NODAL BRANCH MBGB RRB | P33: PUNB0MBGB06 | Q33: 1000 | R33: No | S33: No | T33: =K33 -> Ashok Mahto | U33: Active
... A37: Bihar | B37: NOWAGADHI | C37: RMC Code : 5046 | D37: BMC Code : 0009 | E37: 1035 | F37: RMC | G37: =B37 -> NOWAGADHI | H37: =H36 -> Bihar | I37: Rajeev Ranjan | J37: 9955524132 | K37: =I37 -> Rajeev Ranjan | L37: 9955524132 | M37: HDFC BANK LTD | N37: 50200004092945 | O37: JAMALPUR | P37: HDFC0002531 | Q37: 1000 | R37: No | S37: No | T37: =K37 -> Rajeev Ranjan | U37: Active
A38: Bihar | B38: MAHADAT PUR 2 | C38: RMC Code : 7014 | D38: BMC Code : 0007 | E38: 1036 | F38: RMC | G38: =B38 -> MAHADAT PUR 2 | H38: =H37 -> Bihar | I38: Sunil KR | J38: 9199843014 | K38: =I38 -> Sunil KR | L38: 9199843014 | M38: HDFC BANK LTD | N38: 50200024326702 | O38: KHAGARIA | P38: HDFC0002127 | Q38: 1000 | R38: No | S38: No | T38: =K38 -> Sunil KR | U38: Active
A39: Bihar | B39: KATHELA TOLA TELDHI | C39: RMC Code : 7022 | D39: BMC Code : 0007 | E39: 1037 | F39: RMC | G39: =B39 -> KATHELA TOLA TELDHI | H39: =H38 -> Bihar | I39: Prem Krishan Murari | J39: 9709351270 | K39: =I39 -> Prem Krishan Murari | L39: 9709351270 | M39: PUNJAB NATIONAL BANK, NEFT CENTRALIZED PROCESSING CENTRE FOR MADHYA BIHAR GRAMIN BANK | N39: 36160110050689 | O39: NEFT NODAL BRANCH MBGB RRB | P39: PUNB0MBGB06 | Q39: 1000 | R39: No | S39: No | T39: =K39 -> Prem Krishan Murari | U39: Active
A40: Bihar | B40: SONBARSHA 1 | C40: RMC Code : 7031 | D40: BMC Code : 0007 | E40: 1038 | F40: RMC | G40: =B40 -> SONBARSHA 1 | H40: =H39 -> Bihar | I40: Mani Kant Kumar | J40: 8298977539 | K40: =I40 -> Mani Kant Kumar | L40: 8298977539 | M40: ALLAHABAD BANK | N40: 50240238674 | O40: THANA BIHPUR | P40: ALLA0210225 | Q40: 1000 | R40: No | S40: No | T40: =K40 -> Mani Kant Kumar | U40: Active
A41: Bihar | B41: GANOUL | C41: RMC Code : 7070 | D41: BMC Code : 0007 | E41: 1039 | F41: RMC | G41: =B41 -> GANOUL | H41: =H40 -> Bihar | I41: Ram Pravesh Mishra | J41: 9771620411 | K41: =I41 -> Ram Pravesh Mishra | L41: 9771620411 | M41: PUNJAB NATIONAL BANK, NEFT CENTRALIZED PROCESSING CENTRE FOR MADHYA BIHAR GRAMIN BANK | N41: 36200110047171 | O41: NEFT NODAL BRANCH MBGB RRB | P41: PUNB0MBGB06 | Q41: 1000 | R41: No | S41: No | T41: =K41 -> Ram Pravesh Mishra | U41: Active
A42: Bihar | B42: Gauripur | C42: RMC Code : 7078 | D42: BMC Code : 0007 | E42: 1040 | F42: RMC | G42: =B42 -> Gauripur | H42: =H41 -> Bihar | I42: Chandan Kumar | J42: 9534770675 | K42: =I42 -> Chandan Kumar | L42: 9534770675 | M42: CENTRAL BANK OF INDIA | N42: 3598331075 | O42: GAURIPUR | P42: CBIN0282011 | Q42: 1000 | R42: No | S42: No | T42: =K42 -> Chandan Kumar | U42: Active
A43: Bihar | B43: Bhramarpur | C43: RMC Code : 7088 | D43: BMC Code : 0007 | E43: 1041 | F43: RMC | G43: =B43 -> Bhramarpur | H43: =H42 -> Bihar | I43: Chandan Kumar Singh | J43: 7634979693 | K43: =I43 -> Chandan Kumar Singh | L43: 7634979693 | M43: UNITED BANK OF INDIA | N43: 0963010092825 | O43: JAIRAMPUR | P43: UTBI0JRPJ42 | Q43: 1000 | R43: No | S43: No | T43: =K43 -> Chandan Kumar Singh | U43: Active
A44: Bihar | B44: Bhaurkatha | C44: RMC Code : 8538 | D44: BMC Code : 0011 | E44: 1042 | F44: RMC | G44: =B44 -> Bhaurkatha | H44: =H43 -> Bihar | I44: Shayam Kumar | J44: 7488464285 | K44: =I44 -> Shayam Kumar | L44: 7488464285 | M44: HDFC BANK LTD | N44: 50200024149889 | O44: KHAGARIA | P44: HDFC0002127 | Q44: 1000 | R44: No | S44: No | T44: =K44 -> Shayam Kumar | U44: Active
A45: Bihar | B45: Gomukh Bariyarpur | C45: RMC Code : 9508 | D45: BMC Code : 0016 | E45: 1043 | F45: RMC | G45: =B45 -> Gomukh Bariyarpur | H45: =H44 -> Bihar | I45: Rohit Kumar | J45: 6204970098 | K45: =I45 -> Rohit Kumar | L45: 6204970098 | M45: PUNJAB NATIONAL BANK | N45: 1106002100001507 | O45: RAHATPUR | P45: PUNB0110600 | Q45: 1000 | R45: No | S45: No | T45: =K45 -> Rohit Kumar | U45: Active
A46: Bihar | B46: Gomukh Sadananpur | C46: RMC Code : 9510 | D46: BMC Code : 0016 | E46: 1044 | F46: RMC | G46: =B46 -> Gomukh Sadananpur | H46: =H45 -> Bihar | I46: Ramadhar singh | J46: 7360907669 | K46: =I46 -> Ramadhar singh | L46: 7360907669 | M46: UCO Bank | N46: 13600100000946 | O46: Sadanandpur | P46: UCBA0001360 | Q46: 1000 | R46: No | S46: No | T46: =K46 -> Ramadhar singh | U46: Active
A47: Bihar | B47: BHADAPUR | C47: RMC Code : 9511 | D47: BMC Code : 0016 | E47: 1045 | F47: RMC | G47: =B47 -> BHADAPUR | H47: =H46 -> Bihar | I47: Ravi Preya Suman | J47: 7549404694 | K47: =I47 -> Ravi Preya Suman | L47: 7549404694 | M47: PUNJAB NATIONAL BANK, NEFT CENTRALIZED PROCESSING CENTRE FOR MADHYA BIHAR GRAMIN BANK | N47: 38220210000444 | O47: NEFT NODAL BRANCH MBGB RRB | P47: PUNB0MBGB06 | Q47: 1000 | R47: No | S47: No | T47: =K47 -> Ravi Preya Suman | U47: Active
A48: Bihar | B48: TILAKPUR 2 | C48: RMC Code : 5034 | D48: BMC Code : 0005 | E48: 1046 | F48: RMC | G48: =B48 -> TILAKPUR 2 | H48: =H47 -> Bihar | I48: Angad Sharma | J48: 7004558905 | K48: =I48 -> Angad Sharma | L48: 7004558905 | M48: PUNJAB NATIONAL BANK, NEFT CENTRALIZED PROCESSING CENTRE FOR MADHYA BIHAR GRAMIN BANK | N48: 36120110006323 | O48: NEFT NODAL BRANCH MBGB RRB | P48: PUNB0MBGB06 | Q48: 1000 | R48: No | S48: No | T48: =K48 -> Angad Sharma | U48: Active
A49: Bihar | B49: BAGARI | C49: RMC Code : 7011 | D49: BMC Code : 0007 | E49: 1047 | F49: RMC | G49: =B49 -> BAGARI | H49: =H48 -> Bihar | I49: Kishan Kumar | J49: 7631571016 | K49: =I49 -> Kishan Kumar | L49: 7631571016 | M49: PUNJAB NATIONAL BANK, NEFT CENTRALIZED PROCESSING CENTRE FOR MADHYA BIHAR GRAMIN BANK | N49: 36160110087771 | O49: NEFT NODAL BRANCH MBGB RRB | P49: PUNB0MBGB06 | Q49: 1000 | R49: No | S49: No | T49: =K49 -> Kishan Kumar | U49: Active
A50: Bihar | B50: Pakra | C50: RMC Code : 7085 | D50: BMC Code : 0007 | E50: 1048 | F50: RMC | G50: =B50 -> Pakra | H50: =H49 -> Bihar | I50: Mukesh Kumar | J50: 9386433143 | K50: =I50 -> Mukesh Kumar | L50: 9386433143 | M50: PUNJAB NATIONAL BANK | N50: 3043000100098824 | O50: TETRI | P50: PUNB0304300 | Q50: 1000 | R50: No | S50: No | T50: =K50 -> Mukesh Kumar | U50: Active
A51: Bihar | B51: CHHOTI LAGAR | C51: RMC Code : 8549 | D51: BMC Code : 0007 | E51: 1049 | F51: RMC | G51: =B51 -> CHHOTI LAGAR | H51: =H50 -> Bihar | I51: Chandan Kumar Yadav | J51: 8294929759 | K51: =I51 -> Chandan Kumar Yadav | L51: 8294929759 | M51: SBI | N51: 36071635238 | O51: Parbatta | P51: SBIN0012644 | Q51: 1000 | R51: No | S51: No | T51: =K51 -> Chandan Kumar Yadav | U51: Active
A52: Bihar | B52: KUNTHA M | C52: RMC Code : M009 | D52: BMC Code : 0005 | E52: 1050 | F52: RMC | G52: =B52 -> KUNTHA M | H52: =H51 -> Bihar | I52: Lusi Kumari | J52: 8678075792 | K52: =I52 -> Lusi Kumari | L52: 8678075792 | M52: HDFC BANK LTD | N52: 50200021818142 | O52: BHAGALPUR - BIHAR | P52: HDFC0000765 | Q52: 1000 | R52: No | S52: No | T52: =K52 -> Lusi Kumari | U52: Active
A53: Bihar | B53: ARAK | C53: RMC Code : 2428 | D53: BMC Code : 0024 | E53: 1051 | F53: RMC | G53: =B53 -> ARAK | H53: =H52 -> Bihar | I53: CHANDAN KUMAR SINGH | J53: 8789757009 | K53: CHANDAN KUMAR SINGH | L53: 8789757009 | M53: PNB BANK | N53: 1012000100083563 | O53: Dumraon | P53: PUNB0101200 | Q53: 1000 | R53: No | S53: No | T53: =K53 -> CHANDAN KUMAR SINGH | U53: Active
A54: Bihar | B54: 3P Network | C54: BMC Code : 0025 | D54: BMC Code : 0025 | E54: 1052 | F54: 3P | G54: =B54 -> 3P Network | H54: =H53 -> Bihar | I54: 3p Network | K54: 3p Network | Q54: 5000 | R54: N/A | S54: N/A | T54: =K54 -> 3p Network | U54: Active
A55: Bihar | B55: Kalyanpur | C55: BMC Code : 0026 | D55: BMC Code : 0026 | E55: 1053 | F55: BMC | G55: =B55 -> Kalyanpur | H55: =H54 -> Bihar | I55: Daya Society | J55: 7004176432 | K55: Daya Society | L55: =J55 -> 7004176432 | M55: HDFC BANK LTD | N55: 50100063899098 | O55: Munger | P55: HDFC0002684 | Q55: 5000 | R55: N/A | S55: N/A | T55: =K55 -> Daya Society | U55: Active
A56: Bihar | B56: Alauli | C56: BMC Code : 0027 | D56: BMC Code : 0027 | E56: 1054 | F56: BMC | G56: =B56 -> Alauli | H56: =H55 -> Bihar | I56: Daya Society | J56: 7004176432 | K56: Daya Society | L56: =J56 -> 7004176432 | M56: HDFC BANK LTD | N56: 50100063899098 | O56: Munger | P56: HDFC0002684 | Q56: 5000 | R56: N/A | S56: N/A | T56: =K56 -> Daya Society | U56: Active
A57: Bihar | B57: Matihani | C57: BMC Code : 0028 | D57: BMC Code : 0028 | E57: 1055 | F57: BMC | G57: Matihani | H57: =H56 -> Bihar | I57: Daya Society | J57: 7004176432 | K57: Daya Society | L57: =J57 -> 7004176432 | M57: HDFC BANK LTD | N57: 50100063899098 | O57: Munger | P57: HDFC0002684 | Q57: 5000 | R57: N/A | S57: N/A | T57: =K57 -> Daya Society | U57: Active
A58: Bihar | B58: Chautham | C58: BMC Code : 0029 | D58: BMC Code : 0029 | E58: 1056 | F58: RMC | G58: Chautham | H58: =H57 -> Bihar | I58: Mithun kumar | J58: 9199091466 | K58: Mithun kumar | L58: 9199091466 | M58: Union Bank | N58: 380701010213369 | O58: Chautham | P58: UBIN0538078 | Q58: 1000 | R58: No | S58: No | T58: Mithun kumar | U58: Active
A59: Bihar | B59: Warisnagar | C59: BMC Code : 0030 | D59: BMC Code : 0030 | E59: 1057 | F59: BMC | G59: Warisnagar | H59: =H58 -> Bihar | I59: Daya Society | J59: 7654813524 | K59: Daya Society | L59: =J59 -> 7654813524 | M59: HDFC BANK LTD | N59: 50100063899098 | O59: Munger | P59: HDFC0002684 | Q59: 5000 | R59: N/A | S59: N/A | T59: =K59 -> Daya Society | U59: Active
A60: Bihar | B60: Hasanpur | C60: BMC Code : 0031 | D60: BMC Code : 0031 | E60: 1058 | F60: BMC | G60: Hasanpur | H60: =H59 -> Bihar | I60: Daya Society | J60: 7654813524 | K60: Daya Society | L60: =J60 -> 7654813524 | M60: HDFC BANK LTD | N60: 50100063899098 | O60: Munger | P60: HDFC0002684 | Q60: 5000 | R60: N/A | S60: N/A | T60: =K60 -> Daya Society | U60: Active
A61: Bihar | B61: Gopalpur | C61: BMC Code : 0032 | D61: BMC Code : 0032 | E61: 1059 | F61: RMC | G61: Gopalpur | H61: =H60 -> Bihar | I61: Narayan Singh | J61: 8051560453 | K61: Narayan Singh | L61: 8051560453 | M61: State Bank of India | N61: 35425786740 | O61: SURYAGARHA | P61: SBIN0012593 | Q61: 1000 | R61: 2000 | S61: NA | T61: Narayan Singh | U61: Active
A62: Bihar | B62: Behiya | C62: BMC Code : 0033 | D62: BMC Code : 0033 | E62: 1060 | F62: BMC | G62: Bhojpur | H62: =H61 -> Bihar | I62: Daya Society | J62: 7654813524 | K62: Daya Society | L62: =J62 -> 7654813524 | M62: HDFC BANK LTD | N62: 50100063899098 | O62: Munger | P62: HDFC0002684 | Q62: 5000 | R62: N/A | S62: N/A | T62: =K62 -> Daya Society | U62: Active
A63: Bihar | B63: Mahua | C63: BMC Code : 0034 | D63: BMC Code : 0034 | E63: 1061 | F63: BMC | G63: Bhojpur | H63: =H62 -> Bihar | I63: Daya Society | J63: 7654813524 | K63: Daya Society | L63: =J63 -> 7654813524 | M63: HDFC BANK LTD | N63: 50100063899098 | O63: Munger | P63: HDFC0002684 | Q63: 5000 | R63: N/A | S63: N/A | T63: =K63 -> Daya Society | U63: Active
A64: Bihar | B64: Ramgarh Kaimur | C64: BMC Code : 0035 | D64: BMC Code : 0035 | E64: 1062 | F64: BMC | G64: Ramgarh Kaimur | H64: =H63 -> Bihar | I64: Daya Society | J64: 7654813524 | K64: Daya Society | L64: =J64 -> 7654813524 | M64: HDFC BANK LTD | N64: 50100063899098 | O64: Munger | P64: HDFC0002684 | Q64: 5000 | R64: N/A | S64: N/A | T64: =K64 -> Daya Society | U64: Active
A65: Bihar | B65: Rosera | C65: BMC Code : 0036 | D65: BMC Code : 0036 | E65: 1063 | F65: BMC | G65: Rosera | H65: =H64 -> Bihar | I65: Daya Society | J65: 7654813524 | K65: Daya Society | L65: =J65 -> 7654813524 | M65: HDFC BANK LTD | N65: 50100063899098 | O65: Munger | P65: HDFC0002684 | Q65: 5000 | R65: N/A | S65: N/A | T65: =K65 -> Daya Society | U65: Active
A66: Bihar | B66: Singhia BMC | C66: BMC Code : 0037 | D66: BMC Code : 0037 | E66: 1064 | F66: BMC | G66: Singhia BMC | H66: =H65 -> Bihar | I66: Daya Society | J66: 7654813524 | K66: Daya Society | L66: =J66 -> 7654813524 | M66: HDFC BANK LTD | N66: 50100063899098 | O66: Munger | P66: HDFC0002684 | Q66: 5000 | R66: N/A | S66: N/A | T66: =K66 -> Daya Society | U66: Active
A67: Bihar | B67: Bachhwara BMC | C67: BMC Code : 0038 | D67: BMC Code : 0038 | E67: 1065 | F67: BMC | G67: Bachhwara BMC | H67: =H66 -> Bihar | I67: Daya Society | J67: 7654813524 | K67: Daya Society | L67: =J67 -> 7654813524 | M67: HDFC BANK LTD | N67: 50100063899098 | O67: Munger | P67: HDFC0002684 | Q67: 5000 | R67: N/A | S67: N/A | T67: =K67 -> Daya Society | U67: Active
A68: Bihar | B68: Gaighat | C68: BMC Code : 0039 | D68: BMC Code : 0039 | E68: 1066 | F68: BMC | G68: Gaighat | H68: =H67 -> Bihar | I68: Daya Society | J68: 7654813524 | K68: Daya Society | L68: =J68 -> 7654813524 | M68: HDFC BANK LTD | N68: 50100063899098 | O68: Munger | P68: HDFC0002684 | Q68: 5000 | R68: N/A | S68: N/A | T68: =K68 -> Daya Society | U68: Active
C78: Gaighat

Sheet MPG Master
A1: MPG Master | I1: 1+3+3
A2: Sl. No. | B2: State | C2: Approved By | D2: MPG Name | E2: DOC | F2: EIPL Code | I2: New MPG Code | J2: Old Code | K2: Payment Type | L2: Address | M2: Connected BMC /RMC | N2: New BMC Code | O2: Sahayak Name | P2: Sahayak DOB | Q2: Sahayak's Father Name | R2: Sahayak Contact No | S2: Bank Account Number | T2: Bank Name | U2: Bank IFSC Code | V2: Branch Name | W2: Supervisor Name | X2: Route | Y2: Route Code
A3: 1 | B3: Bihar | C3: Jayant Sir | D3: Gomukh Haiwatpur | E3: 45450 | F3: New | G3: 73 | H3: =TEXT(G3,"0000") -> 0073 | I3: =CONCATENATE(N3,H3) -> 10010073 | K3: Direct | L3: Haiwatpur, Koria, Begusarai | M3: BMC Code : 0001 | N3: =VLOOKUP(M3,'BMC Master'!$C$3:$E$100,3,0) -> 1001 | O3: Vijay Shankar Singh | P3: 27941 | Q3: Rameshwar Singh | R3: 7549435287 | S3: 42979044329 | T3: SBI | U3: SBIN0005858 | V3: Manjhaul | W3: Gopal Kumar | X3: Birpur | Y3: 3
B4: Bihar | C4: Jayant Sir | D4: Gomukh Meghaul | E4: 45450 | F4: New | G4: 74 | H4: =TEXT(G4,"0000") -> 0074 | I4: =CONCATENATE(N4,H4) -> 10010074 | K4: Direct | L4: Ward no. 5, Meghaul, Begusarai, 848202 | M4: BMC Code : 0001 | N4: =VLOOKUP(M4,'BMC Master'!$C$3:$E$100,3,0) -> 1001 | O4: Shanti Kumari | P4: 28126 | Q4: W/O Amit Prasad | R4: 9534887216 | S4: 09990110090459 | T4: UCO Bank | U4: UCBA0000999 | V4: Khodabandpur | W4: Gopal Kumar | X4: Garhpura | Y4: 1
B5: Bihar | C5: Jayant Sir | D5: Gomukh Dudhpura | E5: 45450 | F5: New | G5: 75 | H5: =TEXT(G5,"0000") -> 0075 | I5: =CONCATENATE(N5,H5) -> 10010075 | K5: Direct | L5: Ward no. 5, Dudhpura, Samastipur, Bihar | M5: BMC Code : 0001 | N5: =VLOOKUP(M5,'BMC Master'!$C$3:$E$100,3,0) -> 1001 | O5: Ranjit Kumar Yadav | P5: 29963 | Q5: Yugdev Yadav | R5: 6201132827 | S5: 11787606219 | T5: SBI | U5: SBIN0005904 | V5: Mangalgarh | W5: Gopal Kumar | X5: Garhpura-Paroria | Y5: 2
B6: Bihar | C6: Jayant Sir | D6: Gomukh Bhith-02 | E6: 45469 | F6: New | G6: 76 | H6: =TEXT(G6,"0000") -> 0076 | I6: =CONCATENATE(N6,H6) -> 10010076 | K6: Direct | L6: Ward No. 13,Bhith, Begusarai | M6: BMC Code : 0001 | N6: =VLOOKUP(M6,'BMC Master'!$C$3:$E$100,3,0) -> 1001 | O6: Dharmveer Kumar | P6: 35431 | Q6: Shivchandra Sah | R6: 7808020360 | S6: 15970110117729 | T6: UCO Bank | U6: UCBA0001597 | V6: Muzaffara | W6: Gopal Kumar | X6: Birpur | Y6: 100103
B7: Bihar | C7: Jayant Sir | D7: Pansalla-02 | E7: 45469 | F7: New | G7: 77 | H7: =TEXT(G7,"0000") -> 0077 | I7: =CONCATENATE(N7,H7) -> 10010077 | K7: Indirect | L7: Pansalla, Pansalla, Begusarai | M7: BMC Code : 0001 | N7: =VLOOKUP(M7,'BMC Master'!$C$3:$E$100,3,0) -> 1001 | O7: Sujeet Kumar Sahni | P7: 33739 | Q7: Suresh Sahni | R7: 8051102195 | S7: 11260110061558 | T7: UCO Bank | U7: UCBA0001126 | V7: Chaurahi | W7: Gopal Kumar | X7: Garhpura | Y7: 100101
B8: Bihar | C8: Jayant Sir | D8: Amit Kumar-Manjhaul | E8: 45469 | F8: New | G8: 78 | H8: =TEXT(G8,"0000") -> 0078 | I8: =CONCATENATE(N8,H8) -> 10010078 | K8: Indirect | L8: Manjhaul-02, Manjhaul, Cheria Bariarpur, Begusarai | M8: BMC Code : 0001 | N8: =VLOOKUP(M8,'BMC Master'!$C$3:$E$100,3,0) -> 1001 | O8: Amit Kumar | P8: 27030 | Q8: Ram Babu Singh | R8: 9608617997 | S8: 734001001022 | T8: Begusarai Central Cooperative Bank | U8: IBKL01077BD | V8: Manjhaul | W8: Gopal Kumar | X8: Garhpura | Y8: 100101
B9: Bihar | C9: Jayant Sir | D9: Chandan Dairy | E9: 45469 | F9: New | G9: 79 | H9: =TEXT(G9,"0000") -> 0079 | I9: =CONCATENATE(N9,H9) -> 10010079 | K9: Indirect | L9: Ward no. 11, Bagraha,Ahilwara, Samastipur | M9: BMC Code : 0001 | N9: =VLOOKUP(M9,'BMC Master'!$C$3:$E$100,3,0) -> 1001 | O9: Chandan Kumar | P9: 34252 | Q9: Jayanarayan Yadav | R9: 9031975695 | S9: 24690210002100 | T9: UCO Bank | U9: UCBA0002469 | V9: Garhpura | W9: Gopal Kumar | X9: Garhpura | Y9: 100101
B10: Bihar | C10: Jayant Sir | D10: Gomukh Paguraha | E10: 45499 | F10: New | G10: =IF(M10=M9,G9+1,1) -> 80 | H10: =TEXT(G10,"0000") -> 0080 | I10: =CONCATENATE(N10,H10) -> 10010080 | K10: Direct | L10: Ward no. 3, Paguraha, Kuriawan, Begusarai | M10: BMC Code : 0001 | N10: =VLOOKUP(M10,'BMC Master'!$C$3:$E$100,3,0) -> 1001 | O10: Sujeet Kumar | P10: 36802 | Q10: Arvind Yadav | R10: 9113187070 | S10: 38167744234 | T10: SBI | U10: SBIN0006369 | V10: Garhpura | W10: Gopal Kumar | X10: Garhpura | Y10: 100101
B11: Bihar | C11: Jayant Sir | D11: Gomukh Dharampur | E11: 45499 | F11: New | G11: =IF(M11=M10,G10+1,1) -> 81 | H11: =TEXT(G11,"0000") -> 0081 | I11: =CONCATENATE(N11,H11) -> 10010081 | K11: Direct | L11: Dharampur, Begusarai | M11: BMC Code : 0001 | N11: =VLOOKUP(M11,'BMC Master'!$C$3:$E$100,3,0) -> 1001 | O11: Ramdev Singh | P11: 24473 | Q11: Lakhan Singh | R11: 8936846745 | S11: 33739601259 | T11: SBI | U11: SBIN0008311 | V11: Bikrampur | W11: Gopal Kumar | X11: Birpur Route | Y11: 100103
B12: Bihar | C12: Jayant Sir | D12: Gomukh Sharmatola Sahuri | E12: 45566 | F12: New | G12: =IF(M12=M11,G11+1,1) -> 82 | H12: =TEXT(G12,"0000") -> 0082 | I12: =CONCATENATE(N12,H12) -> 10010082 | K12: Direct | L12: Sahuri, Ward no. 08, Sahuri, Begusarai | M12: BMC Code : 0001 | N12: =VLOOKUP(M12,'BMC Master'!$C$3:$E$100,3,0) -> 1001 | O12: Manju Devi | P12: 29952 | Q12: Udaysankar Sharma | R12: 7634894581 | S12: 38020100000534 | T12: Bihar Gramin Bank | U12: PUNB0MBGB06 | V12: Babhanganwan | W12: Rishu Raj | X12: Birpur | Y12: 100103
B13: Bihar | C13: Jayant Sir | D13: Bakhri- Rajaram Mahto | E13: 45566 | F13: New | G13: =IF(M13=M12,G12+1,1) -> 83 | H13: =TEXT(G13,"0000") -> 0083 | I13: =CONCATENATE(N13,H13) -> 10010083 | K13: Indirect | L13: Madhua, Ghaghra Bakhri, Ghaghra, Begusarai | M13: BMC Code : 0001 | N13: =VLOOKUP(M13,'BMC Master'!$C$3:$E$100,3,0) -> 1001 | O13: Rajaram Mahto | P13: 27760 | Q13: Parbhu Mahto | R13: 9155339445 | S13: 14910100003014 | T13: UCO Bank | U13: UCBA0001491 | V13: Gangraho | W13: Gopal Kumar | X13: Paroria | Y13: 100102
B14: Bihar | C14: Jayant Sir | D14: Sangat- Sanjeev Kumar | E14: 45566 | F14: New | G14: =IF(M14=M13,G13+1,1) -> 84 | H14: =TEXT(G14,"0000") -> 0084 | I14: =CONCATENATE(N14,H14) -> 10010084 | K14: Indirect | L14: Ward no. 10, Manjhaul-2, Manjhaul, Begusarai | M14: BMC Code : 0001 | N14: =VLOOKUP(M14,'BMC Master'!$C$3:$E$100,3,0) -> 1001 | O14: Sanjeev Kumar | P14: 28550 | Q14: Binod Prashad Singh | R14: 7549528547 | S14: 11602848785 | T14: State Bank of India | U14: SBIN0005858 | V14: ADB Manjhaul | W14: Rishu Raj | X14: Birpur Route | Y14: 100103
B15: Bihar | C15: Jayant Sir | D15: Pustakalay Chowk Manjhaul- Amit Kumar | E15: 45566 | F15: New | G15: =IF(M15=M14,G14+1,1) -> 85 | H15: =TEXT(G15,"0000") -> 0085 | I15: =CONCATENATE(N15,H15) -> 10010085 | K15: Indirect | L15: Near Pustakalay Chowk, Manjhaul-01, Manjhaul, Begusarai | M15: BMC Code : 0001 | N15: =VLOOKUP(M15,'BMC Master'!$C$3:$E$100,3,0) -> 1001 | O15: Amit Kumar | P15: 33608 | Q15: Mahesh Prasad Singh | R15: 9570916452 | S15: 11990110025918 | T15: UCO Bank | U15: UCBA0001199 | V15: Manjhaul | W15: Rishu Raj | X15: Birpur Route | Y15: 100103
B16: Bihar | C16: Jayant Sir | D16: Gomukh Garhi Bisanpur | E16: 45596 | F16: New | G16: =IF(M16=M15,G15+1,1) -> 86 | H16: =TEXT(G16,"0000") -> 0086 | I16: =CONCATENATE(N16,H16) -> 10010086 | K16: Direct | L16: Ward no. 06, Garhi Bisanpur,Samastipur | M16: BMC Code : 0001 | N16: =VLOOKUP(M16,'BMC Master'!$C$3:$E$100,3,0) -> 1001 | O16: Ramuday Ranjan | P16: 29077 | Q16: Rajaram Yadav | R16: 9818426802 | S16: 30634963956 | T16: SBI | U16: SBIN0002944 | V16: Hasanpur | W16: Gopal Kumar | X16: Kumbhi | Y16: 100101
B17: Bihar | C17: Jayant Sir | D17: Bagaraha-Gopal Yadav | E17: 45596 | F17: New | G17: =IF(M17=M16,G16+1,1) -> 87 | H17: =TEXT(G17,"0000") -> 0087 | I17: =CONCATENATE(N17,H17) -> 10010087 | K17: Indirect | L17: Bagaraha, ward no. 11, Ahilwara | M17: BMC Code : 0001 | N17: =VLOOKUP(M17,'BMC Master'!$C$3:$E$100,3,0) -> 1001 | O17: Gopal Yadav | P17: 19360 | Q17: Ramautar Yadav | R17: 7857839214 | S17: 30624256826 | T17: SBI | U17: SBIN0002944 | V17: Hasanpur | W17: Gopal Kumar | X17: Kumbhi | Y17: 100101
B18: Bihar | C18: Jayant Sir | D18: Gomukh Gudaar | E18: 45619 | F18: New | G18: =IF(M18=M17,G17+1,1) -> 88 | H18: =TEXT(G18,"0000") -> 0088 | I18: =CONCATENATE(N18,H18) -> 10010088 | K18: Direct | L18: Gudaar, Ward No. 7, Shitalrampur, Mauji Harisingh, Garhpura | M18: BMC Code : 0001 | N18: =VLOOKUP(M18,'BMC Master'!$C$3:$E$100,3,0) -> 1001 | O18: Savita Kumari | P18: 34717 | Q18: Ranjeet Kumar | R18: 7645082681 | S18: 2288000100136409 | T18: PNB | U18: PUNB0228800 | V18: Bakhri | W18: Gopal Kumar | X18: Kumbhi | Y18: 100101
B19: Bihar | C19: Jayant Sir | D19: Gomukh Barkurwa | E19: 45619 | F19: New | G19: =IF(M19=M18,G18+1,1) -> 89 | H19: =TEXT(G19,"0000") -> 0089 | I19: =CONCATENATE(N19,H19) -> 10010089 | K19: Direct | L19: Barkurwa, Ward no. 7, Garhpura, Begusarai | M19: BMC Code : 0001 | N19: =VLOOKUP(M19,'BMC Master'!$C$3:$E$100,3,0) -> 1001 | O19: Laxmi Devi | P19: 29587 | Q19: Suresh Yadav | R19: 9570260022 | S19: 38100110055347 | T19: Bihar Gramin Bank | U19: PUNB0MBGB06 | V19: Garhpura | W19: Gopal Kumar | X19: Kumbhi | Y19: 100101
B20: Bihar | C20: Jayant Sir | D20: Sonma- Khushilal Yadav | E20: 45637 | F20: New | G20: =IF(M20=M19,G19+1,1) -> 90 | H20: =TEXT(G20,"0000") -> 0090 | I20: =CONCATENATE(N20,H20) -> 10010090 | K20: Indirect | L20: Ward No. 1, Badiya, Semri, Sonma | M20: BMC Code : 0001 | N20: =VLOOKUP(M20,'BMC Master'!$C$3:$E$100,3,0) -> 1001 | O20: Khushilal Yadav | P20: 28491 | Q20: Rambadan Yadav | R20: 9878428919 | S20: 38040131046510 | T20: Bihar Gramin Bank | U20: PUNBOMBGB06 | V20: Bakhri Bazar | W20: Gopal Kumar | X20: Kumbhi | Y20: 100101
B21: Bihar | C21: Jayant Sir | D21: Baraipura Dairy | E21: 45637 | F21: New | G21: =IF(M21=M20,G20+1,1) -> 91 | H21: =TEXT(G21,"0000") -> 0091 | I21: =CONCATENATE(N21,H21) -> 10010091 | K21: Indirect | L21: Ward no. 39, Chanakya Nagar, Bishunpur, Banduar | M21: BMC Code : 0001 | N21: =VLOOKUP(M21,'BMC Master'!$C$3:$E$100,3,0) -> 1001 | O21: Abhishek Kumar | P21: 37531 | Q21: Abadh Kishor Singh | R21: 7368097388 | S21: 20408305401 | T21: State Bank of India | U21: SBIN0005455 | V21: ADB Begusarai | W21: Gopal Kumar | X21: Kumbhi | Y21: 100101
... B81: Bihar | C81: Jayant Sir | D81: Kamla Nagar | E81: 46226 | F81: New | G81: =IF(M81=M80,G80+1,1) -> 151 | H81: =TEXT(G81,"0000") -> 0151 | I81: =CONCATENATE(N81,H81) -> 10010151 | K81: Indirect | L81: Ward no. 13, Kamla Nagar, Manjhaul, Begusarai | M81: BMC Code : 0001 | N81: =VLOOKUP(M81,'BMC Master'!$C$3:$E$100,3,0) -> 1001 | O81: Ajit Kumar | P81: 35856 | Q81: Ram Sah | R81: 9905691497 | S81: 45009978351 | T81: State Bank of India | U81: SBIN0005858 | V81: Manjhaul | W81: Gopal Kumar | X81: Birpur Route | Y81: 100103
A82: =A3+1 -> 2 | B82: Bihar | C82: Jayant Sir | D82: ADARSH LAXMIPUR-2 | E82: 45423 | F82: New | G82: 67 | H82: =TEXT(G82,"0000") -> 0067 | I82: =CONCATENATE(N82,H82) -> 10020067 | J82: 1163 | K82: Indirect | L82: VILL-lALDIYARA,P.S-KHUTATA,DISTT-LAKHISARAI | M82: BMC Code : 0003 | N82: =VLOOKUP(M82,'BMC Master'!$C$3:$E$100,3,0) -> 1002 | O82: Beachan Singh | P82: 27030 | Q82: Aniruddh Singh | R82: 7488828958 | S82: 35649980946 | T82: SBI | U82: SBIN0002916 | V82: Lakhisarai | W82: Goutam Kumar | X82: Paroria | Y82: 100102
B83: Bihar | C83: Jayant Sir | D83: SABIKPUR | E83: 45477 | F83: New | G83: 68 | H83: =TEXT(G83,"0000") -> 0068 | I83: =CONCATENATE(N83,H83) -> 10020068 | K83: Direct | L83: VILL-SABIKPUR,P.O-SABIKPUR,P.S-LAKHISARAI,DISTT-LAKHISARAI | M83: BMC Code : 0003 | N83: =VLOOKUP(M83,'BMC Master'!$C$3:$E$100,3,0) -> 1002 | O83: VIKASH KUMAR | P83: 34769 | Q83: RAMASHISH SINGH | R83: 7764922168 | S83: 31210110031790 | T83: DAKSHIN BIHAR GRAMIN BANK | U83: PUNB0MBGB06 | V83: VIDYAPITH,LAKHISARAI | W83: GAUTAM KUMAR | X83: SABIKPUR | Y83: 100202
A84: =A82+1 -> 3 | B84: Bihar | C84: Jayant Sir | D84: CHETAN-TOLA-KHUTHA | E84: 45477 | F84: New | G84: 69 | H84: =TEXT(G84,"0000") -> 0069 | I84: =CONCATENATE(N84,H84) -> 10020069 | K84: Direct | L84: VILL-CHETAN TOLA,P.O-KHUTHA,P.S-BARHIYA,DISTT-LAKHISARAI | M84: BMC Code : 0003 | N84: =VLOOKUP(M84,'BMC Master'!$C$3:$E$100,3,0) -> 1002 | O84: RAMADHAR SINGH | P84: 28169 | Q84: RAMBALAK SINGH | R84: 9661211265 | S84: 41970435465 | T84: SBI | U84: SBIN0002968 | V84: LAKHISARAI | W84: GAUTAM KUMAR | X84: SABIKPUR | Y84: 100202
B85: Bihar | C85: Jayant Sir | D85: LAXMIPUR | E85: 45573 | F85: New | G85: 70 | H85: =TEXT(G85,"0000") -> 0070 | I85: =CONCATENATE(N85,H85) -> 10020070 | K85: Direct | L85: VILL-GARH LAXMIPUR, P.O.-LACHHMIPUR,P.S.-BARAHIYA,DIST-LAKHISARAI | M85: BMC Code : 0003 | N85: =VLOOKUP(M85,'BMC Master'!$C$3:$E$100,3,0) -> 1002 | O85: DOLI DEVI | P85: 32874 | Q85: MOTI SINGH | R85: 8409231693 | S85: 31110131150765 | T85: DAKSHIN BIHAR GRAMIN BANK | U85: PUNB0MBG806 | V85: LAKHISARAI | W85: GAUTAM KUMAR | X85: SABIKPUR | Y85: 100202
B86: Bihar | C86: Jayant Sir | D86: PAIJUNA | E86: 45638 | F86: New | G86: 71 | H86: =TEXT(G86,"0000") -> 0071 | I86: =CONCATENATE(N86,H86) -> 10020071 | K86: Indirect | L86: vill-paijna,post-paijna,block-GOSWARI,DIST-LAKHISARAI,PINCODE-8033302 | M86: BMC Code : 0003 | N86: =VLOOKUP(M86,'BMC Master'!$C$3:$E$100,3,0) -> 1002 | O86: SURAJKUMAR | P86: 33239 | Q86: CHANDESWAR YADAV | R86: 7091926955 | S86: 39132123616 | T86: SBI | U86: SBIN0012585 | V86: GHOSWARI | W86: PRASHANTH KUMAR | X86: SABIKPUR | Y86: 100202
B87: Bihar | C87: Jayant Sir | D87: PAHLADPUR | E87: 45638 | F87: New | G87: 72 | H87: =TEXT(G87,"0000") -> 0072 | I87: =CONCATENATE(N87,H87) -> 10020072 | K87: Indirect | L87: VILL-VILASH YADAV,POST-PAHLADPUR,BLOCK-GHOSWARI,DIST-PATNA,PINCODE-803302 | M87: BMC Code : 0003 | N87: =VLOOKUP(M87,'BMC Master'!$C$3:$E$100,3,0) -> 1002 | O87: VILASH YADAV | P87: 32509 | Q87: suraj yadav | R87: 9771033438 | S87: 1290001700067739 | T87: PNB | U87: PUNB012900 | V87: PRAHLADPUR | W87: PRASHANTH KUMAR | X87: SABIKPUR | Y87: 100202
B88: Bihar | C88: Jayant Sir | D88: REHUA RK | E88: 45638 | F88: New | G88: 73 | H88: =TEXT(G88,"0000") -> 0073 | I88: =CONCATENATE(N88,H88) -> 10020073 | K88: Indirect | L88: VILL-REHUA,POST-REHUA,DIST-LAKHISARAI,PINCIDE-811310 | M88: BMC Code : 0003 | N88: =VLOOKUP(M88,'BMC Master'!$C$3:$E$100,3,0) -> 1002 | O88: pawan kumar | P88: 36474 | Q88: ashok yadav | R88: 7352417205 | S88: 31210110070461 | T88: dakshin bihar gramin bank | U88: PUNB0MBGBD6 | V88: REHUA | W88: GAUTAM KUMAR | X88: SABIKPUR | Y88: 100202
B89: Bihar | C89: Jayant Sir | D89: NEW KARARI PIPARIYA | E89: 45706 | F89: New | G89: 74 | H89: =TEXT(G89,"0000") -> 0074 | I89: =CONCATENATE(N89,H89) -> 10020074 | K89: Direct | L89: Vill-Diayara pipariya, post-Pipariya, block-Pipariya, Dist-lakhisarai, ps-pipariya, pincode-811302 | M89: BMC Code : 0003 | N89: =VLOOKUP(M89,'BMC Master'!$C$3:$E$100,3,0) -> 1002 | O89: SAMIR KUMAR | P89: 31052 | Q89: VIJAY PRASAD SINGH | R89: 9113345842 | S89: 6489000100020503 | T89: PNB | U89: PUNB0648900 | V89: PIPARIYA | W89: GAUTAM | X89: SABIKPUR | Y89: 100202
B90: Bihar | C90: Jayant Sir | D90: RAMNAGAR | E90: 45852 | F90: New | G90: 75 | H90: =TEXT(G90,"0000") -> 0075 | I90: =CONCATENATE(N90,H90) -> 10020075 | K90: Direct | L90: Vill-ramnagar,post-Bannubagicha, ps-bannubagicha,dist-lakhisarai | M90: BMC Code : 0003 | N90: =VLOOKUP(M90,'BMC Master'!$C$3:$E$100,3,0) -> 1002 | O90: Ravish kumar | P90: 35496 | Q90: yogesh sharma | R90: 7870410195 | S90: 31010110029290 | T90: GRAMIN BANK | U90: PUNB0MBGB06 | V90: LAKHISARAI | W90: KUNAL | X90: Bansipur | Y90: 100206
B91: Bihar | C91: Jayant Sir | D91: PACHAM | E91: 45852 | F91: New | G91: 76 | H91: =TEXT(G91,"0000") -> 0076 | I91: =CONCATENATE(N91,H91) -> 10020076 | K91: Direct | L91: VILL-PACHAM,POST-PACHAM,BLOCK-CHANAN,DIST-LAKHISARAI | M91: BMC Code : 0003 | N91: =VLOOKUP(M91,'BMC Master'!$C$3:$E$100,3,0) -> 1002 | O91: RAM DYAL YADAV | P91: 27795 | Q91: PRABHU YADAV | R91: 7870410196 | S91: 30727480589 | T91: SBI | U91: SBIN0002968 | V91: LAKHISARAI | W91: KUNAL | X91: Bansipur | Y91: 100206
B92: Bihar | C92: Jayant Sir | D92: BANSIPUR | E92: 45852 | F92: New | G92: 77 | H92: =TEXT(G92,"0000") -> 0077 | I92: =CONCATENATE(N92,H92) -> 10020077 | K92: Direct | L92: VILL-BANSIPUR,POST-PACGHAM,PS-KIUL,DIST-LAKHISARAI | M92: BMC Code : 0003 | N92: =VLOOKUP(M92,'BMC Master'!$C$3:$E$100,3,0) -> 1002 | O92: MUKESH KUMAR | P92: 35961 | Q92: RAJ KUMAR YADAV | R92: 8104126303 | S92: 464710110009280 | T92: BOI | U92: BKID0004647 | V92: LAKHISARAI | W92: KUNAL | X92: Bansipur | Y92: 100206
B93: Bihar | C93: Jayant Sir | D93: GODIH | E93: 45852 | F93: New | G93: 78 | H93: =TEXT(G93,"0000") -> 0078 | I93: =CONCATENATE(N93,H93) -> 10020078 | K93: Direct | L93: vill-Goddih,post-Kiul,ps-Gurdih,dist-lakhisarai | M93: BMC Code : 0003 | N93: =VLOOKUP(M93,'BMC Master'!$C$3:$E$100,3,0) -> 1002 | O93: Ajit Kumar | P93: 31954 | Q93: Bhola Ram | R93: 8804360388 | S93: 30430100004375 | T93: BOI | U93: BKID0004647 | V93: LAKHISARAI | W93: PRASHANTJ | X93: Bansipur | Y93: 100206
B94: Bihar | C94: Jayant Sir | D94: SINGARPUR | E94: 45852 | F94: New | G94: 79 | H94: =TEXT(G94,"0000") -> 0079 | I94: =CONCATENATE(N94,H94) -> 10020079 | K94: Direct | L94: vill-Sitarampur,post-Sahur,ps-Surajgadha,dist-lakhisarai | M94: BMC Code : 0003 | N94: =VLOOKUP(M94,'BMC Master'!$C$3:$E$100,3,0) -> 1002 | O94: Kundan Kumar | P94: 31700 | Q94: Niranjan Singh | R94: 9113404461 | S94: 9312000100016096 | T94: PNB | U94: PUNB0931200 | V94: LAKHISARAI | W94: PRASHANTJ | X94: Bansipur | Y94: 100206
B95: Bihar | C95: Jayant Sir | D95: ADARSH PULPAR | E95: 45882 | F95: New | G95: 80 | H95: =TEXT(G95,"0000") -> 0080 | I95: =CONCATENATE(N95,H95) -> 10020080 | K95: Direct | L95: VILL-ADARSHPULL PAR,POST-ADARSH LAXMIPUR,PS-BARHAIYA,DIST-LAKHISARAI | M95: BMC Code : 0003 | N95: =VLOOKUP(M95,'BMC Master'!$C$3:$E$100,3,0) -> 1002 | O95: UDAY YADAV | P95: 27395 | Q95: GANGU YADAV | R95: 8102487776 | S95: 34342960403 | T95: SBI | U95: SBIN0002916 | V95: BARHAIYA | W95: GAUTAM | X95: BARHAIYA | Y95: 100204
B96: Bihar | C96: Jayant Sir | D96: G WOLIPUR | E96: 45909 | F96: New | G96: 81 | H96: =TEXT(G96,"0000") -> 0081 | I96: =CONCATENATE(N96,H96) -> 10020081 | K96: Indirect | L96: VILL-OLIPUR,POST-MOHANPUR,PS-PIPARIYA, | M96: BMC Code : 0003 | N96: =VLOOKUP(M96,'BMC Master'!$C$3:$E$100,3,0) -> 1002 | O96: SAKET BIHARI | P96: 33239 | Q96: RAMNARESH SINGH | R96: 9765432454 | S96: 9312000100016272 | T96: PNB | U96: PUNB0931200 | V96: RAMPUR | W96: GAUTAM | X96: SABIKPUR | Y96: 100202
B97: Bihar | C97: Jayant Sir | D97: REHUA 3 | E97: 45909 | F97: New | G97: 82 | H97: =TEXT(G97,"0000") -> 0082 | I97: =CONCATENATE(N97,H97) -> 10020082 | K97: Indirect | L97: VILL-REHUA, POST-REHUA, PS-LAKHISARAI | M97: BMC Code : 0003 | N97: =VLOOKUP(M97,'BMC Master'!$C$3:$E$100,3,0) -> 1002 | O97: SUBODH SINGH | P97: 28581 | Q97: RAJBALLABH SINGH | R97: 7899876767 | S97: 31210110004732 | T97: DAKSHIN BIHAR GRAMIN BANK | U97: PUNB0MBGB06 | V97: VIDYAPITH | W97: GAUTAM | X97: SABIKPUR | Y97: 100202
B98: Bihar | C98: Jayant Sir | D98: BICHWAY | E98: 45926 | F98: New | G98: 83 | H98: =TEXT(G98,"0000") -> 0083 | I98: =CONCATENATE(N98,H98) -> 10020083 | K98: Direct | L98: VILL-BICHWAY,POST-BICHWAY,PS-KIUL,BLOCK-MANANPUR | M98: BMC Code : 0003 | N98: =VLOOKUP(M98,'BMC Master'!$C$3:$E$100,3,0) -> 1002 | O98: VIVEK KUMAR | P98: 28045 | Q98: BABULAL | R98: 9798832127 | S98: 001334001102265 | T98: MUNGER CENTRAL BANK CO OPERATIVE | U98: IBKL01078MJ | V98: LAKHISARAI | W98: PRASHANTJ | X98: Bansipur | Y98: 100206
B99: Bihar | C99: Jayant Sir | D99: MANOHARPUR | E99: 45961 | F99: New | G99: 84 | H99: =TEXT(G99,"0000") -> 0084 | I99: =CONCATENATE(N99,H99) -> 10020084 | K99: Direct | L99: VILL-MANOHARPUR,POST-SADAIBIGHA,DIST-LAKHISARAI | M99: BMC Code : 0003 | N99: =VLOOKUP(M99,'BMC Master'!$C$3:$E$100,3,0) -> 1002 | O99: SHIVAM KUMAR | P99: 39087 | Q99: RANJIT KUMAR | R99: 9065268837 | S99: 9065268837 | T99: AIRTEL PAYMENT | U99: AIRP0000001 | V99: MANOHARPUR | W99: PRASHANTJ | X99: Bansipur | Y99: 100206
B100: Bihar | C100: Jayant Sir | D100: SURJICHAK | E100: 46000 | F100: New | G100: 85 | H100: =TEXT(G100,"0000") -> 0085 | I100: =CONCATENATE(N100,H100) -> 10020085 | K100: Direct | L100: VILL-SURJICHAK,POST-RAMNAGAR,PS-PIPARIYA,DIST-LAKHISARAI | M100: BMC Code : 0003 | N100: =VLOOKUP(M100,'BMC Master'!$C$3:$E$100,3,0) -> 1002 | O100: DAYANAND KUMAR | P100: 35930 | Q100: AJABLAL CHAUDHARI | R100: 9113753945 | S100: 921010033563656 | T100: AXIS BANK | U100: UTIB0002752 | V100: LAKHISARAI | W100: GAUTAM | X100: SABIKPUR | Y100: 100202
B101: Bihar | C101: Jayant Sir | D101: GADIBISANPUR | E101: 46043 | F101: New | G101: 86 | H101: =TEXT(G101,"0000") -> 0086 | I101: =CONCATENATE(N101,H101) -> 10020086 | K101: Direct | L101: VILL-GARHI BISANPUR,POST-KIUL,PS-KIUL,LAKHISARAI | M101: BMC Code : 0003 | N101: =VLOOKUP(M101,'BMC Master'!$C$3:$E$100,3,0) -> 1002 | O101: SUSHANSHU KUMAR | P101: 29614 | Q101: DAYANAND P YADAV | R101: 7017635172 | S101: 43711993739 | T101: SBI | U101: SBIN0002968 | V101: LAKHISARAI | W101: GAUTAM | X101: Bansipur | Y101: 100206
B102: Bihar | C102: Jayant Sir | D102: HIRDANBIGHA | E102: 46107 | F102: New | G102: 87 | H102: =TEXT(G102,"0000") -> 0087 | I102: =CONCATENATE(N102,H102) -> 10020087 | K102: Direct | L102: VILL-JAITPUR,BLOCK-BARHAIYA,DIST-LAKHISARAI | M102: BMC Code : 0003 | N102: =VLOOKUP(M102,'BMC Master'!$C$3:$E$100,3,0) -> 1002 | O102: SHIVAM KUMAR | P102: 38248 | Q102: BINOD KUMAR | R102: 9693730149 | S102: 41473805933 | T102: SBI | U102: SBIN0002916 | V102: BARHAIYA | W102: prashanth | X102: Bansipur | Y102: 100206
B103: Bihar | C103: Jayant Sir | D103: KHUTAHA DIH C | E103: 46164 | F103: New | G103: 88 | H103: =TEXT(G103,"0000") -> 0088 | I103: =CONCATENATE(N103,H103) -> 10020088 | K103: Direct | L103: VILL-CHETAN TOLA,P.O-KHUTHA,P.S-BARHIYA,DIST-LAKHISARAI,PINCODE 811310 | M103: BMC Code : 0003 | N103: =VLOOKUP(M103,'BMC Master'!$C$3:$E$100,3,0) -> 1002 | O103: Sonu Kumar | P103: 35794 | Q103: SHANKAR K SINGH | R103: 6206312431 | S103: 173401000006031 | T103: INDIAN OVERSEASE BANK | U103: IOBA0001734 | V103: DELHI | W103: GAUTAM | X103: SABIKPUR | Y103: 100202
B104: Bihar | C104: Jayant Sir | D104: Gomukh SARAIBIGHA | E104: 46237 | F104: New | G104: 89 | H104: =TEXT(G104,"0000") -> 0089 | I104: =CONCATENATE(N104,H104) -> 10020089 | K104: Indirect | L104: VILL-JAKHAUR,POST-JAKHAUR,DIST-LAKHISARAI | M104: BMC Code : 0003 | N104: =VLOOKUP(M104,'BMC Master'!$C$3:$E$100,3,0) -> 1002 | O104: CHAMCHAM KUMARI | P104: 37605 | Q104: MAHESH SINGH | R104: 7717743221 | S104: 60586483924 | T104: BOM | U104: MAHB0002231 | V104: LAKHISARAI | W104: PRASHANTH | X104: SABIKPUR | Y104: 100202
A105: =A84+1 -> 4 | B105: Bihar | C105: Jayant Sir | D105: RANGAUN | E105: 45477 | F105: New | G105: 62 | H105: =TEXT(G105,"0000") -> 0062 | I105: =CONCATENATE(N105,H105) -> 10030062 | K105: Direct | L105: VILL-RANGAUN,P.O-TARAPUR,P.S-TARAPUR | M105: BMC Code : 0005 | N105: =VLOOKUP(M105,'BMC Master'!$C$3:$E$100,3,0) -> 1003 | O105: KUMAR AVINASH | P105: 35045 | Q105: BIPIN BIHARI SINGH | R105: 6200446459 | S105: 34256611824 | T105: SBI | U105: SBIN0012531 | V105: TARAPUR | W105: TINKU KUMAR | X105: TARAPUR | Y105: 100304
B106: Bihar | C106: Jayant Sir | D106: GONAI | E106: 45477 | F106: New | G106: 63 | H106: =TEXT(G106,"0000") -> 0063 | I106: =CONCATENATE(N106,H106) -> 10030063 | K106: Direct | L106: VILL-GONAI,P.O-GONAI,P.S-KHAGAROUR,DISTT-MUNGER | M106: BMC Code : 0005 | N106: =VLOOKUP(M106,'BMC Master'!$C$3:$E$100,3,0) -> 1003 | O106: SANJAY KUMAR | P106: 33363 | Q106: PALAKDHARI SINGH | R106: 7091691919 | S106: 32090110074847 | T106: BIHAR GRAMIN BANK | U106: PUNBOMBGB06 | V106: MUZZAFARGUNJ | W106: TINKU KUMAR | X106: AMMAIYA | Y106: 100301
B107: Bihar | C107: Jayant Sir | D107: SHIKARITOLA | E107: 45477 | F107: New | G107: 64 | H107: =TEXT(G107,"0000") -> 0064 | I107: =CONCATENATE(N107,H107) -> 10030064 | K107: Direct | L107: VILL-SHIKARITOLA,P.O-MOKILPUR,P.S-SHAHKHUND,DISTT-BHAGALPUR | M107: BMC Code : 0005 | N107: =VLOOKUP(M107,'BMC Master'!$C$3:$E$100,3,0) -> 1003 | O107: PRAMOD KUMAR | P107: 31778 | Q107: KRISHNA RAI | R107: 6201732147 | S107: 36091076590 | T107: SBI | U107: SBIN0003434 | V107: PANCHRUKHHI | W107: TINKU KUMAR | X107: TILAKPUR | Y107: 100302
B108: Bihar | C108: Jayant Sir | D108: BAIKUNTHPUR | E108: 45622 | F108: New | G108: 65 | H108: =TEXT(G108,"0000") -> 0065 | I108: =CONCATENATE(N108,H108) -> 10030065 | K108: Direct | L108: VILL-BAIKANPUR,POST-GANGAPUR,PANCHAYAT-SULTANGANJ,WARD-25,THANA-SULTANGANJ,DIST-BHAGALPUR,PINCODE-813213 | M108: BMC Code : 0005 | N108: =VLOOKUP(M108,'BMC Master'!$C$3:$E$100,3,0) -> 1003 | O108: SANJEEV KUMAR | P108: 30742 | Q108: LAKHAN LAL SHAH | R108: 7549362660 | S108: 30987169915 | T108: STATE BANK OF INDIA | U108: SBIN0003009 | V108: SULTANGANJ | W108: TINKU | X108: SRIRAMPUR | Y108: 100301
B109: Bihar | C109: Jayant Sir | D109: KAITHA | E109: 45622 | F109: New | G109: 66 | H109: =TEXT(G109,"0000") -> 0066 | I109: =CONCATENATE(N109,H109) -> 10030066 | K109: Direct | L109: VILL-KAITHA,POST-BELSIRA,PANCHAYAT-KAITHA,WARD-08,BLOCK-FULIDUMAR,THANA-FULIDUMAR,DIST-BANKA,PINCODE-813101 | M109: BMC Code : 0005 | N109: =VLOOKUP(M109,'BMC Master'!$C$3:$E$100,3,0) -> 1003 | O109: GAUTAM KUMAR | P109: 33710 | Q109: KATIMAN YADAV | R109: 7091136803 | S109: 2268613032 | T109: CENTRAL BANK OF INDIA | U109: CBIN0282016 | V109: KUMARPUR | W109: TINKU | X109: MOHANPUR | Y109: 100301
B110: Bihar | C110: Jayant Sir | D110: MIRATHI 2 | E110: 45622 | F110: New | G110: 67 | H110: =TEXT(G110,"0000") -> 0067 | I110: =CONCATENATE(N110,H110) -> 10030067 | K110: Direct | L110: VILL- MIRATHI-02, POST-MIRATHI,PANCHAYAT-MIRATHI,WARD-03,BLOCK- SULTANGANJ,DIST-BHAGALPUR,PINCODE-813213 | M110: BMC Code : 0005 | N110: =VLOOKUP(M110,'BMC Master'!$C$3:$E$100,3,0) -> 1003 | O110: RAMPUJAN KUMAR | P110: 34442 | Q110: PRAMOD KUMAR YADAV | R110: 7645080263 | S110: 463910410000004 | T110: BOI | U110: BKID0004639 | V110: SULTANGANJ | W110: BABUL | X110: SRIRAMPUR | Y110: 100301
B111: Bihar | C111: Jayant Sir | D111: DORAI | E111: 45622 | F111: New | G111: 68 | H111: =TEXT(G111,"0000") -> 0068 | I111: =CONCATENATE(N111,H111) -> 10030068 | K111: Direct | L111: vill-khaira dorai, post-khaira,ps-Haweli Kharagpur,Dist-Munger,Pincode-811213 | M111: BMC Code : 0005 | N111: =VLOOKUP(M111,'BMC Master'!$C$3:$E$100,3,0) -> 1003 | O111: Sangita Kumari | P111: 35348 | Q111: MOJAL SINGH | R111: 7631283573 | S111: 04823211003359 | T111: UCO Bank | U111: UCBA0000482 | V111: TARAPUR | W111: BABUL | X111: TARAPUR | Y111: 100304
B112: Bihar | C112: Jayant Sir | D112: RAGHUNATHPUR | E112: 45654 | F112: New | G112: 69 | H112: =TEXT(G112,"0000") -> 0069 | I112: =CONCATENATE(N112,H112) -> 10030069 | K112: Direct | L112: VILL-RAGUNATHPIUR,FLAT NO-108,TOWER CSUPERTECH ECO VILLAGE 2,NEAR CHAR MURTI CHAUK SECTOR-16B,GREATER NOIDA WEST,UP,PIN-201307 | M112: BMC Code : 0005 | N112: =VLOOKUP(M112,'BMC Master'!$C$3:$E$100,3,0) -> 1003 | O112: DHANANJAY KUMAR YADAV | P112: 30352 | Q112: FULESHWAR PRASAD YADAV | R112: 9650006571 | S112: 345201500405 | T112: ICIC | U112: ICIC0003452 | V112: GAUR CITY | W112: BABUL | X112: SRIRAMPUR | Y112: 100301
B113: Bihar | C113: Jayant Sir | D113: BANGAMA | E113: 45706 | F113: New | G113: 70 | H113: =TEXT(G113,"0000") -> 0070 | I113: =CONCATENATE(N113,H113) -> 10030070 | K113: Direct | L113: VILL-BANGAMA,POST-RAM CHORITRE MAIDAN,PS-HARPUR,BLOCK-TATIABOMBOS,PINCODE-811213,DIST-MUNGER | M113: BMC Code : 0005 | N113: =VLOOKUP(M113,'BMC Master'!$C$3:$E$100,3,0) -> 1003 | O113: MANJU DEVI | P113: 32874 | Q113: MANOJ YADAV | R113: 9341977117 | S113: 35760384208 | T113: SBI | U113: SBIN0012536 | V113: KHARAGPUR | W113: TINKU | X113: TARAPUR | Y113: 100304
B114: Bihar | C114: Jayant Sir | D114: KORIYA | E114: 45706 | F114: New | G114: 71 | H114: =TEXT(G114,"0000") -> 0071 | I114: =CONCATENATE(N114,H114) -> 10030071 | K114: Direct | L114: VILL-KORIYA,POST-SADOV,BLOCK-KHARAGPUR,PS-HAWELIKHARAGPUR,PINCODE-811213 | M114: BMC Code : 0005 | N114: =VLOOKUP(M114,'BMC Master'!$C$3:$E$100,3,0) -> 1003 | O114: SINTU KUMAR | P114: 33604 | Q114: SUBHASH PRASAD YADAV | R114: 7480981389 | S114: 9497000100068796 | T114: PNB | U114: PUNB0949700 | V114: ASARGANJ | W114: babul | X114: TILAKPUR | Y114: 100302
B115: Bihar | C115: Jayant Sir | D115: HARLACHAK | E115: 45827 | F115: New | G115: 72 | H115: =TEXT(G115,"0000") -> 0072 | I115: =CONCATENATE(N115,H115) -> 10030072 | K115: Direct | L115: VILL-HARLACHAK,POST-BATH,PANCHAYAT-NAYAGAON,DIST-BHAGALPUR | M115: BMC Code : 0005 | N115: =VLOOKUP(M115,'BMC Master'!$C$3:$E$100,3,0) -> 1003 | O115: MUKESH KUMAR ROY | P115: 25204 | Q115: BIDHAN VHANDRA ROY | R115: 9431881901 | S115: 31020894617 | T115: SBI | U115: SBIN0003527 | V115: ASARGANJ | W115: BABUL | X115: AMMAIYA | Y115: 100301
B116: Bihar | C116: Jayant Sir | D116: KHIRDIH | E116: 45827 | F116: New | G116: 73 | H116: =TEXT(G116,"0000") -> 0073 | I116: =CONCATENATE(N116,H116) -> 10030073 | K116: Direct | L116: VILL-KHIRDIH,POST-KENDUA,BLOCK-HARLACHAK,DIST-MUNGER | M116: BMC Code : 0005 | N116: =VLOOKUP(M116,'BMC Master'!$C$3:$E$100,3,0) -> 1003 | O116: AJIT KUMAR | P116: 34642 | Q116: INDRA DEV PRASAD YADAV | R116: 7079734964 | S116: 32090110021605 | T116: BIHAR GRAMIN BANK | U116: PUNB0MBGB06 | V116: MUJAPHARGANI | W116: BABUL | X116: AMMAIYA | Y116: 100301
B117: Bihar | C117: Jayant Sir | D117: Jangle jhakra | E117: 45868 | F117: New | G117: 74 | H117: =TEXT(G117,"0000") -> 0074 | I117: =CONCATENATE(N117,H117) -> 10030074 | K117: Direct | L117: Vill-jakhra,post-kadrachak,ps-shambhuganj,banka | M117: BMC Code : 0005 | N117: =VLOOKUP(M117,'BMC Master'!$C$3:$E$100,3,0) -> 1003 | O117: MUKESH KUMAR CHAUDHARI | P117: 28462 | Q117: UPENDRA CHAUDHARI | R117: 7631222407 | S117: 35182097470 | T117: SBI | U117: SBIN0014274 | V117: SHAMBHUGANJ | W117: TINKU | X117: AMMAIYA | Y117: 100301
... B134: Bihar | C134: Jayant Sir | D134: Gomukh RUDAPE | E134: 46107 | F134: New | G134: 91 | H134: =TEXT(G134,"0000") -> 0091 | I134: =CONCATENATE(N134,H134) -> 10030091 | K134: Indirect | L134: VILL-RUDAPE,POST-SHAMBHUGANG,DIST-BHAGALPUR | M134: BMC Code : 0005 | N134: =VLOOKUP(M134,'BMC Master'!$C$3:$E$100,3,0) -> 1003 | O134: UTTAM KUMAR PANDEY | P134: 28542 | Q134: MAESH PANDEY | R134: 9470896230 | S134: 08953210601828 | T134: UCO | U134: UCBA0000895 | V134: BANKA | W134: TINKU | X134: TARAPUR | Y134: 100304
A135: =A105+1 -> 5 | B135: Bihar | C135: Jayant Sir | D135: PURANIDIH-3 | E135: 45428 | F135: New | G135: 65 | H135: =TEXT(G135,"0000") -> 0065 | I135: =CONCATENATE(N135,H135) -> 10060065 | K135: Direct | L135: VILL-PURANIDIH,P.O-PURANIDIH AKBARPUR,P.S-SAMBHO,DISTT-BEGUSARAI | M135: BMC Code : 0009 | N135: =VLOOKUP(M135,'BMC Master'!$C$3:$E$100,3,0) -> 1006 | O135: KESHAV KUMAR | P135: 35497 | Q135: AJIT KUMAR | R135: 6299704648 | S135: 1781000100088181 | T135: PNB | U135: PUNB0178100 | V135: SALHA-SAIDPUR | W135: UMAKANT | X135: AKHA | Y135: 24
A136: =A135+1 -> 6 | B136: Bihar | C136: Jayant Sir | D136: NISTA | E136: 45428 | F136: New | G136: =IF(M136=M135,G135+1,1) -> 66 | H136: =TEXT(G136,"0000") -> 0066 | I136: =CONCATENATE(N136,H136) -> 10060066 | K136: Direct | L136: VILL-NISTA,P.O-PAWAI,P.S-SURAJGARHA,DISTT-LAKHISARAI | M136: BMC Code : 0009 | N136: =VLOOKUP(M136,'BMC Master'!$C$3:$E$100,3,0) -> 1006 | O136: KAJU KUMARI | P136: 37289 | Q136: NEERAJ KUMAR | R136: 6204715765 | S136: 479102010017752 | T136: UNION BANK OF INDIA | U136: UBINO547913 | V136: ALINAGAR | W136: UMAKANT | X136: MANO | Y136: 100603
B137: Bihar | C137: Jayant Sir | D137: SHINGARPUR | E137: 45477 | F137: New | G137: =IF(M137=M136,G136+1,1) -> 67 | H137: =TEXT(G137,"0000") -> 0067 | I137: =CONCATENATE(N137,H137) -> 10060067 | K137: Direct | L137: VILL-SHINGARPUR,P.O-SAHUR,P.S-SURAJGARHA,DISTT-LAKHISARAI | M137: BMC Code : 0009 | N137: =VLOOKUP(M137,'BMC Master'!$C$3:$E$100,3,0) -> 1006 | O137: PRITAM KUMAR | P137: 35782 | Q137: MOHAN SINGH | R137: 9905537583 | S137: 15873211016830 | T137: UCO BANK | U137: UCBA0001587 | V137: SAHUR | W137: RAM KUNAL KUMAR | X137: CHANAN | Y137: 100604
B138: Bihar | C138: Jayant Sir | D138: BASUHAR | E138: 45481 | F138: New | G138: 68 | H138: =TEXT(G138,"0000") -> 0068 | I138: =CONCATENATE(N138,H138) -> 10060068 | K138: Direct | L138: VILL-BASUHAR,P.O-URAIN,P.S-KAJRA,DISTT-LAKHISARAI | M138: BMC Code : 0009 | N138: =VLOOKUP(M138,'BMC Master'!$C$3:$E$100,3,0) -> 1006 | O138: ANKIT KUMAR | P138: 36558 | Q138: RAMPRAKASH YADAV | R138: 7903000912 | S138: 50100501681653 | T138: HDFC | U138: HDFC0000090 | V138: HARAYANA | W138: UMAKANT | X138: MANO | Y138: 100603
B139: Bihar | C139: Jayant Sir | D139: BHANDAR | E139: 45544 | F139: New | G139: 69 | H139: =TEXT(G139,"0000") -> 0069 | I139: =CONCATENATE(N139,H139) -> 10060069 | K139: Direct | L139: VILL-BHANDAR,P.O-SANGARMPUR,P.S-CHANAN,DISTT-LAKHISARAI | M139: BMC Code : 0009 | N139: =VLOOKUP(M139,'BMC Master'!$C$3:$E$100,3,0) -> 1006 | O139: MANISH KUMAR | P139: 37729 | Q139: KAMESHWAR YADAV | R139: 7759021498 | S139: 35792651687 | T139: SBI | U139: SBIN0017419 | V139: LAKHISARAI | W139: RAM KUNAL KUMAR | X139: CHANAN | Y139: 100604
B140: Bihar | C140: Jayant Sir | D140: JAGAN SAIDPUR | E140: 45573 | F140: New | G140: 70 | H140: =TEXT(G140,"0000") -> 0070 | I140: =CONCATENATE(N140,H140) -> 10060070 | K140: Direct | L140: VILL-JAGAN SAIDPUR, P.O- AKBARPUR,P.S.- SHAMHO,DIST-BEGUSARAI | M140: BMC Code : 0009 | N140: =VLOOKUP(M140,'BMC Master'!$C$3:$E$100,3,0) -> 1006 | O140: LALAN KUMAR | P140: 35859 | Q140: KAMESHWAR YADAV | R140: 8083517523 | S140: 313312010001047 | T140: UBIN | U140: UBIN0831336 | V140: BIJULIYA | W140: UMAKANTH | X140: AKHARPURA | Y140: 100604
B141: Bihar | C141: Jayant Sir | D141: MAHESPUR | E141: 45573 | F141: New | G141: 71 | H141: =TEXT(G141,"0000") -> 0071 | I141: =CONCATENATE(N141,H141) -> 10060071 | K141: Direct | L141: VILL-MAHESPUR,P.O.-MANANPUR,P.S.-CHANAN,DIST-LAKHISARAI | M141: BMC Code : 0009 | N141: =VLOOKUP(M141,'BMC Master'!$C$3:$E$100,3,0) -> 1006 | O141: MUKESH KUMAR | P141: 34731 | Q141: BIDESHI YADAV | R141: 7488561001 | S141: 41532980980 | T141: SBI | U141: SBIN0002968 | V141: LAKHISARAI | W141: RAM KUNAL KUMAR | X141: CHANAN | Y141: 100604
B142: Bihar | C142: Jayant Sir | D142: JHAGRAHA | E142: 45594 | F142: New | G142: 72 | H142: =TEXT(G142,"0000") -> 0072 | I142: =CONCATENATE(N142,H142) -> 10060072 | K142: Indirect | L142: VILL-JHAGRAHA, POST-AKBARPUR BARAARI -1, PS-SHAMHO,DIST-BEGUSARAI,PINCODE-851129 | M142: BMC Code : 0009 | N142: =VLOOKUP(M142,'BMC Master'!$C$3:$E$100,3,0) -> 1006 | O142: MUKESH KUMAR | P142: 36814 | Q142: GANESHI YADAV | R142: 8271923568 | S142: 31332010001080 | T142: UNION BANK OF INDIA | U142: UBIN0831336 | V142: BIJULIYA | W142: UMAKANT | X142: AKHA KURHA | Y142: 100604
B143: Bihar | C143: Jayant Sir | D143: JANKIDIH | E143: 45617 | F143: New | G143: 73 | H143: =TEXT(G143,"0000") -> 0073 | I143: =CONCATENATE(N143,H143) -> 10060073 | K143: Direct | L143: VILL-JANKIDIH, POST-JANKIDIH,PS-CHANAN,DIST-LAKHISARAI,PINCODE-811310 | M143: BMC Code : 0009 | N143: =VLOOKUP(M143,'BMC Master'!$C$3:$E$100,3,0) -> 1006 | O143: LORIK YADAV | P143: 31778 | Q143: DURGA YADAV | R143: 8252156288 | S143: 31020131006729 | T143: BIHAR GRAMIN BANK | U143: UCBA0RRBBKG | V143: JAMKIDIH | W143: KUNAL | X143: CHANAN | Y143: 100604
B144: Bihar | C144: Jayant Sir | D144: BASMATIYA | E144: 45617 | F144: New | G144: 74 | H144: =TEXT(G144,"0000") -> 0074 | I144: =CONCATENATE(N144,H144) -> 10060074 | K144: Direct | L144: VILL-BASMATIYA,POST-SAHUL,PS-KIUL,DIST-LAKHISARAI,PINCODE-811310 | M144: BMC Code : 0009 | N144: =VLOOKUP(M144,'BMC Master'!$C$3:$E$100,3,0) -> 1006 | O144: SUMIT RAJ | P144: 34001 | Q144: RAJENDRA YADAV | R144: 8210449652 | S144: 1648000100108418 | T144: PNB | U144: PUNB0164800 | V144: TILAKPUR | W144: KUNAL | X144: CHANAN | Y144: 100604
B145: Bihar | C145: Jayant Sir | D145: PUNADIH | E145: 45622 | F145: New | G145: 75 | H145: =TEXT(G145,"0000") -> 0075 | I145: =CONCATENATE(N145,H145) -> 10060075 | K145: Direct | L145: VILL-PUNADIH,POST-KAJRA,BLOCK-DHARAHRA,THANA-KAJRA,DIST-LAKHISARAI,PINCODE-811309 | M145: BMC Code : 0009 | N145: =VLOOKUP(M145,'BMC Master'!$C$3:$E$100,3,0) -> 1006 | O145: PRIYANKA KUMARI | P145: 34435 | Q145: KANHAIYA | R145: 9693760807 | S145: 37716705325 | T145: STATE BANK OF INDIA | U145: SBIN0002968 | V145: AWADH COMPLEX | W145: UMAKANT | X145: MANO | Y145: 100603
B146: Bihar | C146: Jayant Sir | D146: AKHA KURHA | E146: 45646 | F146: New | G146: 76 | H146: =TEXT(G146,"0000") -> 0076 | I146: =CONCATENATE(N146,H146) -> 10060076 | K146: Direct | L146: VILL-AKHA KURHA,POST-SS BRARI,PS-SHAMHO,DIST - BEGUSARAI,PINCODE-851129 | M146: BMC Code : 0009 | N146: =VLOOKUP(M146,'BMC Master'!$C$3:$E$100,3,0) -> 1006 | O146: GOLU KUMAR | P146: 38488 | Q146: NAVIN YADAV | R146: 7631951655 | S146: 43614657030 | T146: SBI | U146: SBIN0012593 | V146: SLHA SAIDPUR | W146: UMAKANT | X146: MANO | Y146: 100603
B147: Bihar | C147: Jayant Sir | D147: TILATHI | E147: 45646 | F147: New | G147: 77 | H147: =TEXT(G147,"0000") -> 0077 | I147: =CONCATENATE(N147,H147) -> 10060077 | K147: Direct | L147: VILL-TILATHI,PO-SHAMHO,PS-SHAMHIO,BLOCK-SHAMHO,DIST-LAKHISARAI,PINCODE-811106 | M147: BMC Code : 0009 | N147: =VLOOKUP(M147,'BMC Master'!$C$3:$E$100,3,0) -> 1006 | O147: JITENDRA KUMAR | P147: 34109 | Q147: JAGDISH MAHTO | R147: 6206967505 | S147: 1781000100046617 | T147: PNB | U147: PUNB0178100 | V147: SLHA SAIDPUR | W147: UMAKANT | X147: TILAHTTI | Y147: 100602
B148: Bihar | C148: Jayant Sir | D148: BANNUBAGICHA | E148: 45646 | F148: New | G148: 78 | H148: =TEXT(G148,"0000") -> 0078 | I148: =CONCATENATE(N148,H148) -> 10060078 | K148: Direct | L148: VILL-BANNUBAGICHA,PO-BANNUBAGICHA,PS-BANNUBAGICHA,PINCODE-811310,DIST-LAKHISARAI | M148: BMC Code : 0009 | N148: =VLOOKUP(M148,'BMC Master'!$C$3:$E$100,3,0) -> 1006 | O148: KAMLESH KUMAR | P148: 35236 | Q148: RAMOTAR BIND | R148: 7484964549 | S148: 43533583600 | T148: SBI | U148: SBIN0017419 | V148: MANANPUR | W148: KUNALKUMAR | X148: CHANAN | Y148: 100604
B149: Bihar | C149: Jayant Sir | D149: WHACHAUKI | E149: 45646 | F149: New | G149: 79 | H149: =TEXT(G149,"0000") -> 0079 | I149: =CONCATENATE(N149,H149) -> 10060079 | K149: Indirect | L149: VILL-WHACHAUKI,PO-RASALPUR,THANA-HEMJAPUR,BLOCK-DHARHRA,PIN-811202,DIST-MUNGER | M149: BMC Code : 0009 | N149: =VLOOKUP(M149,'BMC Master'!$C$3:$E$100,3,0) -> 1006 | O149: VIRAT KUMAR | P149: 36623 | Q149: ASHOK KUMAR | R149: 8340367100 | S149: 7842000100025640 | T149: PNB | U149: PUNB0784200 | V149: MEDNICHAUKI | W149: UMAKANT | X149: DHANHA ROUTE | Y149: 100601
... B208: Bihar | C208: Jayant Sir | D208: GOMUKH GAHILSTHAN | E208: 46226 | F208: New | G208: 138 | H208: =TEXT(G208,"0000") -> 0138 | I208: =CONCATENATE(N208,H208) -> 10060138 | K208: Indirect | L208: VILL-GAHILSTHAN,POST-SHAMHO,BEGUSARAI | M208: BMC Code : 0009 | N208: =VLOOKUP(M208,'BMC Master'!$C$3:$E$100,3,0) -> 1006 | O208: RAMPUKAR YADAV | P208: 29221 | Q208: JANARDAN YADAV | R208: 7061820672 | S208: 36543451585 | T208: SBIN | U208: SBIN0012593 | V208: SURYGADA | W208: UMAKANTH | X208: AKHA KURHA | Y208: 100604
A209: =A136+1 -> 7 | B209: Bihar | C209: Jayant Sir | D209: Araria | E209: 45635 | F209: New | G209: 43 | H209: =TEXT(G209,"0000") -> 0043 | I209: =CONCATENATE(N209,H209) -> 10070043 | K209: Indirect | L209: At Aadhresh nagar post ghogha | M209: BMC Code : 0011 | N209: =VLOOKUP(M209,'BMC Master'!$C$3:$E$100,3,0) -> 1007 | O209: Soni Kumari | P209: 37914 | Q209: Salesh kumar yadav | R209: 9798784133 | S209: 50100696319492 | T209: HDFC | U209: HDFC0003957 | V209: Talikamanjhi | W209: Brajesh Kumar | X209: Maheshkhuth | Y209: 100701
B210: Bihar | C210: Jayant Sir | D210: Araria Purbi | E210: 45635 | F210: New | G210: 44 | H210: =TEXT(G210,"0000") -> 0044 | I210: =CONCATENATE(N210,H210) -> 10070044 | K210: Indirect | L210: At araria post balha thana parbatta | M210: BMC Code : 0011 | N210: =VLOOKUP(M210,'BMC Master'!$C$3:$E$100,3,0) -> 1007 | O210: Rupesh kumar | P210: 34700 | Q210: Sunil Kumar yYadaav | R210: 9949787710 | S210: 38085883122 | T210: SBI | U210: SBIN0018427 | V210: Pipra latif | W210: Paban Kumar | X210: Aguwani | Y210: 101003
B211: Bihar | C211: Jayant Sir | D211: Gomukh Gauchhari | E211: 45643 | F211: New | G211: 45 | H211: =TEXT(G211,"0000") -> 0045 | I211: =CONCATENATE(N211,H211) -> 10070045 | K211: Direct | L211: At gauchhari post gopalpur ward no 3 | M211: BMC Code : 0011 | N211: =VLOOKUP(M211,'BMC Master'!$C$3:$E$100,3,0) -> 1007 | O211: Khagesh Kumar | P211: 28491 | Q211: Kanak lal parsad | R211: 8084852614 | S211: 456302010008381 | T211: UBI | U211: UBIN0545635 | V211: Gopalpur | W211: Brajesh Kumar | X211: Maheshkhuth | Y211: 100701
B212: Bihar | C212: Jayant Sir | D212: Telouch | E212: 45643 | F212: New | G212: 46 | H212: =TEXT(G212,"0000") -> 0046 | I212: =CONCATENATE(N212,H212) -> 10070046 | K212: Direct | L212: At Chhoti Telouch post pipra | M212: BMC Code : 0011 | N212: =VLOOKUP(M212,'BMC Master'!$C$3:$E$100,3,0) -> 1007 | O212: sanjeevan kumar | P212: 37296 | Q212: Shashidhar parsad | R212: 8434862985 | S212: 50100672652293 | T212: HDFC | U212: HDFC0002127 | V212: Khagariya | W212: Paban Kumar | X212: Maheshkhuth | Y212: 100701
B213: Bihar | C213: Jayant Sir | D213: Gomukh Salarpur East | E213: 45678 | F213: New | G213: 47 | H213: =TEXT(G213,"0000") -> 0047 | I213: =CONCATENATE(N213,H213) -> 10070047 | K213: Direct | L213: Gram+ Post ward 14 simana tola gram salarpur | M213: BMC Code : 0011 | N213: =VLOOKUP(M213,'BMC Master'!$C$3:$E$100,3,0) -> 1007 | O213: Yasoda Kumari | P213: 34335 | Q213: Wife Of Chitranjan kumar | R213: 8877410496 | S213: 463010110013837 | T213: Bank of India | U213: BKID0004630 | V213: Bhawanipur | W213: Pawan Kumar | X213: Aguwani | Y213: 101003
B214: Bihar | C214: Jayant Sir | D214: Gomukh Jhangara B | E214: 45678 | F214: New | G214: 48 | H214: =TEXT(G214,"0000") -> 0048 | I214: =CONCATENATE(N214,H214) -> 10070048 | K214: Direct | L214: Gram + Post jhangara thana pasraha Bihar | M214: BMC Code : 0011 | N214: =VLOOKUP(M214,'BMC Master'!$C$3:$E$100,3,0) -> 1007 | O214: Soni Kumari | P214: 37669 | Q214: Ram Balak kumar | R214: 7320958587 | S214: 7634943456 | T214: Indian Bank | U214: IDIB000M693 | V214: Mahdipur | W214: Pawan Kumar | X214: Maheshkhuth | Y214: 100701
B215: Bihar | C215: Jayant Sir | D215: Gomukh Sondiha Uttri | E215: 45678 | F215: New | G215: 49 | H215: =TEXT(G215,"0000") -> 0049 | I215: =CONCATENATE(N215,H215) -> 10070049 | K215: Direct | L215: Gram+ Post Sondiha ward 13 | M215: BMC Code : 0011 | N215: =VLOOKUP(M215,'BMC Master'!$C$3:$E$100,3,0) -> 1007 | O215: Kanchan Kumari | P215: 30720 | Q215: Wife Of Rajiesh kumar | R215: 8405018934 | S215: 300502011009069 | T215: UBIN | U215: UBIN0530051 | V215: Gogri | W215: Pawan Kumar | X215: Maheshkhuth | Y215: 100701
B216: Bihar | C216: Jayant Sir | D216: Gomukh Adawari | E216: 45678 | F216: New | G216: 50 | H216: =TEXT(G216,"0000") -> 0050 | I216: =CONCATENATE(N216,H216) -> 10070050 | K216: Direct | L216: word No 12 kesav nagar | M216: BMC Code : 0011 | N216: =VLOOKUP(M216,'BMC Master'!$C$3:$E$100,3,0) -> 1007 | O216: Ritu Rajani | P216: 32874 | Q216: Janardan yadav | R216: 8404910759 | S216: 36061073244 | T216: SBI | U216: SBIN0003212 | V216: PIPRA | W216: Pawan Kumar | X216: Maheshkhuth | Y216: 100701
B217: Bihar | C217: Jayant Sir | D217: Gomukh Bharso | E217: 45678 | F217: New | G217: 51 | H217: =TEXT(G217,"0000") -> 0051 | I217: =CONCATENATE(N217,H217) -> 10070051 | K217: Indirect | L217: At Bharso parbatta | M217: BMC Code : 0011 | N217: =VLOOKUP(M217,'BMC Master'!$C$3:$E$100,3,0) -> 1007 | O217: Kishor Kumar Choudhary | P217: 24473 | Q217: Upender Choudhary | R217: 8294054421 | S217: 008310071214 | T217: IPOS | U217: IPOS0000001 | V217: Bharso | W217: Pawan Kumar | X217: Maheshkhuth | Y217: 100701
B218: Bihar | C218: Jayant Sir | D218: Gomukh Pachkhutti Jorabarpur | E218: 45694 | F218: New | G218: 52 | H218: =TEXT(G218,"0000") -> 0052 | I218: =CONCATENATE(N218,H218) -> 10070052 | K218: Direct | L218: At-Pachkhutti,post-Jorabarpur,Ps-parbatta,pin-851215 | M218: BMC Code : 0011 | N218: =VLOOKUP(M218,'BMC Master'!$C$3:$E$100,3,0) -> 1007 | O218: Rajiv kumar | P218: 31444 | Q218: S/O-Lakhan Lal Thakur | R218: 7549838477 | S218: 38458259554 | T218: S.B.I | U218: SBIN0012644 | V218: Parbatta | W218: Brajesh Kumar | X218: Aguwani | Y218: 101003
B219: Bihar | C219: Jayant Sir | D219: Gomukh Saraiya | E219: 45694 | F219: New | G219: 53 | H219: =TEXT(G219,"0000") -> 0053 | I219: =CONCATENATE(N219,H219) -> 10070053 | K219: Indirect | L219: Gram-Navtolia,post-Saraiya, ps-pipra,dis-khagaria,pin-851201 | M219: BMC Code : 0011 | N219: =VLOOKUP(M219,'BMC Master'!$C$3:$E$100,3,0) -> 1007 | O219: Akash Raj | P219: 34373 | Q219: Baso Matho | R219: 6204674632 | S219: 462418210016698 | T219: Bank of India | U219: BKID0004624 | V219: Chutham | W219: Brajesh Kumar | X219: Aguwani | Y219: 101003
B220: Bihar | C220: Jayant Sir | D220: Gomukh Aguwani Farakia | E220: 45694 | F220: New | G220: 54 | H220: =TEXT(G220,"0000") -> 0054 | I220: =CONCATENATE(N220,H220) -> 10070054 | K220: Indirect | L220: s/o-Anil prasad Singh,wad-12,Gram/po-Aguwani,ps-Parbatta,Dis-Khagaria,Pin-851216 | M220: BMC Code : 0011 | N220: =VLOOKUP(M220,'BMC Master'!$C$3:$E$100,3,0) -> 1007 | O220: Rohit kumar singh | P220: 29253 | Q220: Anil prasad Singh | R220: 9931416039 | S220: 31191156708 | T220: S.B.i | U220: SBIN0012644 | V220: Parbatta | W220: Pawan kumar | X220: Aguwani | Y220: 101003
B221: Bihar | C221: Jayant Sir | D221: Gomukh Bhorkat | E221: 45694 | F221: New | G221: 55 | H221: =TEXT(G221,"0000") -> 0055 | I221: =CONCATENATE(N221,H221) -> 10070055 | K221: Indirect | L221: Bhorkat,pasraha, Khagaria | M221: BMC Code : 0011 | N221: =VLOOKUP(M221,'BMC Master'!$C$3:$E$100,3,0) -> 1007 | O221: Sulo Mandal | P221: 30682 | Q221: Botal Mandal | R221: 9931416010 | S221: 42509861007 | T221: S.B.i | U221: SBIN0015732 | V221: Sondhia | W221: Pawan kumar | X221: Aguwani | Y221: 101003
... B238: Bihar | C238: Jayant Sir | D238: Gomukh purani tola | E238: 45814 | F238: New | G238: 72 | H238: =TEXT(G238,"0000") -> 0072 | I238: =CONCATENATE(N238,H238) -> 10070072 | K238: Direct | L238: vill+Po - Jhauwabahiyar , Thana - Harinmar , Dis - Munger,(bihar) Pin-811211 | M238: BMC Code : 0011 | N238: =VLOOKUP(M238,'BMC Master'!$C$3:$E$100,3,0) -> 1007 | O238: Bhikhari Mandal | P238: 31048 | Q238: S/O - Singho Mandal | R238: 9006906005 | S238: 20200049824579 | T238: Bandhan Bank | U238: BDBL0001332 | V238: Gogri Jamalpur | W238: Brajesh kumar | X238: Maheshkhuut | Y238: 100701
A239: 1 | B239: Bihar | C239: Jayant Sir | D239: Gomukh Chautham(Mithun kumar VLC) | E239: 45827 | F239: New | G239: 73 | H239: =TEXT(G239,"0000") -> 0073 | I239: =CONCATENATE(N239,H239) -> 10070073 | K239: Indirect | L239: Vill - Nabtolia,po- Saraiya Borne, Thana - Pashraha,PS-Chautham, Wad No - 06, Dis - khagaria ,(bihar) Pin-851201 | M239: BMC Code : 0011 | N239: =VLOOKUP(M239,'BMC Master'!$C$3:$E$100,3,0) -> 1007 | O239: Mithun kumar | P239: 33616 | Q239: Mahendra prasad varma | R239: 6204674632 | S239: 380701010213369 | T239: Union Bank | U239: UBIN0538078 | V239: Chautham | W239: Brajesh kumar | Y239: 105201
B240: Bihar | C240: Jayant Sir | D240: Gomukh Gogri VLC | E240: 45869 | F240: New | G240: 74 | H240: =TEXT(G240,"0000") -> 0074 | I240: =CONCATENATE(N240,H240) -> 10070074 | K240: Indirect | L240: Vill+Po - Gogri , Thana - Gogri Wad no- 04 , Dist- Khagaria, Dis - Munger,(bihar) Pin-811211 | M240: BMC Code : 0011 | N240: =VLOOKUP(M240,'BMC Master'!$C$3:$E$100,3,0) -> 1007 | O240: Raj kumar paswan | P240: 25569 | Q240: Ramni paswan | R240: 7091874731 | S240: 300502010010315 | T240: UBIN | U240: UBIN0530051 | V240: Gogri Jamalpur | W240: Brajesh kumar | Y240: 100701
B241: Bihar | C241: Jayant Sir | D241: Gomukh Rajan Madhabpur Vlc | E241: 45877 | F241: New | G241: 75 | H241: =TEXT(G241,"0000") -> 0075 | I241: =CONCATENATE(N241,H241) -> 10070075 | K241: Indirect | L241: Vill+Po - Madhabpur , Thana - Madhabpur , Dist- Khagaria,(bihar) Pin-851215 | M241: BMC Code : 0011 | N241: =VLOOKUP(M241,'BMC Master'!$C$3:$E$100,3,0) -> 1007 | O241: Rajan Kumar | P241: 34535 | Q241: Harivansh Singh | R241: 7033730419 | S241: 370502010985840 | T241: Union Bank | U241: UBIN0537055 | V241: Parbatta | W241: Brajesh kumar | Y241: 100701
B242: Bihar | C242: Jayant Sir | D242: Gomukh Sondiha jay prakash VLC | E242: 45881 | F242: New | G242: 76 | H242: =TEXT(G242,"0000") -> 0076 | I242: =CONCATENATE(N242,H242) -> 10070076 | K242: Indirect | L242: Village +Post -Sondiha , Block - Gogri , p.s - Pasraha Panchayat -Sondiha Pin- 851212-,District - Khagaria | M242: BMC Code : 0011 | N242: =VLOOKUP(M242,'BMC Master'!$C$3:$E$100,3,0) -> 1007 | O242: jay prakash singh | P242: 23377 | Q242: baldev singh | R242: 7631924201 | S242: 30200029723 | T242: sbi | U242: SBIN0015732 | V242: Sondiha | W242: Brajesh kumar | Y242: 100701
B243: Bihar | C243: Jayant Sir | D243: Gomukh Bari chak Gogri | E243: 46018 | F243: New | G243: 77 | H243: =TEXT(G243,"0000") -> 0077 | I243: =CONCATENATE(N243,H243) -> 10070077 | K243: Direct | L243: village - Bari Chak , po - Gogri , Block - Gogri, p.s - Gogri, Pin- 851202 , District - Khagaria | M243: BMC Code : 0011 | N243: =VLOOKUP(M243,'BMC Master'!$C$3:$E$100,3,0) -> 1007 | O243: Mithun kumar | P243: 33970 | Q243: Gopal kumar | R243: 9262632235 | S243: 31560110061985 | T243: uco bank | U243: UCBA0003156 | V243: Gogri | W243: Pawan kumar | X243: Aguwani | Y243: 101003
B244: Bihar | C244: Jayant Sir | D244: Gomukh Khatha | E244: 46025 | F244: New | G244: 78 | H244: =TEXT(G244,"0000") -> 0078 | I244: =CONCATENATE(N244,H244) -> 10070078 | K244: Direct | L244: Village +Post - Khatha + Gadhmohni, Gauchhari , Block - Gogri, p.s - Gogri , Pin- 851203 , District-Khagaria | M244: BMC Code : 0011 | N244: =VLOOKUP(M244,'BMC Master'!$C$3:$E$100,3,0) -> 1007 | O244: Dhiraj Kumar | P244: 34739 | Q244: Rupan Singh | R244: 9708092413 | S244: 456302010010105 | T244: Union bank | U244: UBIN0545635 | V244: Gochhari | W244: Pawan kumar | X244: Maheshkhuth | Y244: 100701
B245: Bihar | C245: Jayant Sir | D245: Gomukh Shailesh Yadav vlc | E245: 46169 | F245: New | G245: 79 | H245: =TEXT(G245,"0000") -> 0079 | I245: =CONCATENATE(N245,H245) -> 10070079 | K245: Indirect | L245: Village +Post - Fudkichak , Block - Gpgri, P S -Gogri , Pin- 851203 , District - Khagaria | M245: BMC Code : 0011 | N245: =VLOOKUP(M245,'BMC Master'!$C$3:$E$100,3,0) -> 1007 | O245: Shailesh Yadav | P245: 30682 | Q245: Bauku Yadav | R245: 7762031923 | S245: 35170110052368 | T245: Bihar Gramin Bank | U245: PUNB0MBGB06 | V245: Fudkichak | W245: Brajesh kumar | X245: Aguwani | Y245: 100701
B246: Bihar | C246: Jayant Sir | D246: Gomukh Banni | E246: 46217 | F246: New | G246: 80 | H246: =TEXT(G246,"0000") -> 0080 | I246: =CONCATENATE(N246,H246) -> 10070080 | K246: Direct | L246: Village - Jagu Nagar , Po- Babu Nagar, Block - Gpgri, P S -Gogri , Pin- 851214 , District - Khagaria | M246: BMC Code : 0011 | N246: =VLOOKUP(M246,'BMC Master'!$C$3:$E$100,3,0) -> 1007 | O246: Dheeraj Kumar | P246: 32396 | Q246: Vakil Prasad Varma | R246: 9534909986 | S246: 21530100000397 | T246: Bank of Baroda | U246: BARB0BANNIX | V246: Banni Babu Bagich | W246: Brajesh kumar | X246: Aguwani | Y246: 100701
A247: =A209+1 -> 8 | B247: Bihar | C247: Manish Sir | D247: GOMUKH MARANCHI | E247: 45409 | F247: New | G247: 70 | H247: =TEXT(G247,"0000") -> 0070 | I247: =CONCATENATE(N247,H247) -> 10080070 | K247: Direct | L247: WARD NO 6 MARANCHI KHURD BEGUSARAI MARANCHI KALAN BIHAR 851111 | M247: BMC Code : 0012 | N247: =VLOOKUP(M247,'BMC Master'!$C$3:$E$100,3,0) -> 1008 | O247: MRITUNJAY KUMAR | P247: 35107 | Q247: DEVNITI ISHWAR | R247: 6203585917 | S247: 20261429578 | T247: SBI | U247: SBIN0002930 | V247: DALSINGHSARAI | W247: SUMIT KUMAR | X247: BIHAT | Y247: 100801
B248: Bihar | C248: Jayant Sir | D248: GOMUKH RACHIHAI PURANA TOLA | E248: 45470 | F248: New | G248: 71 | H248: =TEXT(G248,"0000") -> 0071 | I248: =CONCATENATE(N248,H248) -> 10080071 | K248: Direct | L248: RACHIYAHI PURANA TOLA RAMDIRI-4 ,MATIHANI,BEGUSARAIBIHAR 851134 | M248: BMC Code : 0012 | N248: =VLOOKUP(M248,'BMC Master'!$C$3:$E$100,3,0) -> 1008 | O248: SANJU DEVI | P248: 32143 | Q248: AJIT RAY | R248: 6200884919 | S248: 38290110035158 | T248: DAKSHIN BIHAR GRAMIN BANK | U248: PUNBOMBGB06 | V248: RACHIYAHI | W248: MUKESH KUMAR | X248: BIHAT | Y248: 100801
B249: Bihar | C249: Jayant Sir | D249: GOMUKH CHIRANJIVIPUR | E249: 45470 | F249: New | G249: 72 | H249: =TEXT(G249,"0000") -> 0072 | I249: =CONCATENATE(N249,H249) -> 10080072 | K249: Direct | L249: WARD NO 7 CHIRANJIPUR SHAHPUR BEGUSRARAI BIHAR 851111 | M249: BMC Code : 0012 | N249: =VLOOKUP(M249,'BMC Master'!$C$3:$E$100,3,0) -> 1008 | O249: GHANSHYAM YADAV | P249: 28877 | Q249: RAM BHAROSE YADAV | R249: 8051253113 | S249: 34146852185 | T249: SBI | U249: SBIN0005439 | V249: VIDYAPATI | W249: MUKESH KUMAR | X249: BACHWARA | Y249: 100802
...

Sheet Farmer Master
A1: ID | B1: State | C1: BMC Name | D1: MPG Code | E1: New MPG Code | F1: MPG Name | G1: Farmer Code | H1: New Farmer Code | I1: Farmer Name | J1: Father Name | K1: DOB | L1: Gender | M1: Gender Code | N1: Contact No | O1: No of Buff | P1: No of Cows | Q1: Bank Name | R1: Bank Account No | S1: Branch | T1: Bank IFSC Code | U1: Address | V1: Local Address | W1: Pincode | X1: PAN Card | Y1: Aadhar Card | Z1: Voter Card | AA1: Potential (Ltrs) | AB1: Remarks | AC1: Status
A2: =CONCATENATE(D2,G2) -> 40230025 | B2: Bihar | C2: ASARGANJ | D2: 4023 | E2: =VLOOKUP(D2,'MPG Master'!$C$3:$I$724,7,0) -> #N/A | F2: =VLOOKUP(D2,'MPG Master'!$C$3:$D$724,2,0) -> #N/A | G2: 0025 | H2: =E2&G2 -> #N/A | I2: RAKESH KUMAR | J2: 0 | N2: 0 | Q2: HDFC BANK LTD | R2: 50100154317303 | T2: HDFC0000765 | AC2: Old | AD2: Direct
A3: =CONCATENATE(D3,G3) -> 40230034 | B3: Bihar | C3: ASARGANJ | D3: 4023 | E3: =VLOOKUP(D3,'MPG Master'!$C$3:$I$724,7,0) -> #N/A | F3: =VLOOKUP(D3,'MPG Master'!$C$3:$D$724,2,0) -> #N/A | G3: 0034 | H3: =E3&G3 -> #N/A | I3: BRAJ KISHOR | J3: 0 | N3: 0 | Q3: HDFC BANK LTD | R3: 50100168491992 | T3: HDFC0002895 | AC3: Old | AD3: Direct
A4: =CONCATENATE(D4,G4) -> 40230035 | B4: Bihar | C4: ASARGANJ | D4: 4023 | E4: =VLOOKUP(D4,'MPG Master'!$C$3:$I$724,7,0) -> #N/A | F4: =VLOOKUP(D4,'MPG Master'!$C$3:$D$724,2,0) -> #N/A | G4: 0035 | H4: =E4&G4 -> #N/A | I4: RUBI DEVI | J4: 0 | N4: 0 | Q4: HDFC BANK LTD | R4: 50100154881086 | T4: HDFC0000765 | AC4: Old | AD4: Direct
A5: =CONCATENATE(D5,G5) -> 40230047 | B5: Bihar | C5: ASARGANJ | D5: 4023 | E5: =VLOOKUP(D5,'MPG Master'!$C$3:$I$724,7,0) -> #N/A | F5: =VLOOKUP(D5,'MPG Master'!$C$3:$D$724,2,0) -> #N/A | G5: 0047 | H5: =E5&G5 -> #N/A | I5: RAM SEVAK | J5: 0 | N5: 0 | Q5: HDFC BANK LTD | R5: 50100154884362 | T5: HDFC0000765 | AC5: Old | AD5: Direct
A6: =CONCATENATE(D6,G6) -> 40230051 | B6: Bihar | C6: ASARGANJ | D6: 4023 | E6: =VLOOKUP(D6,'MPG Master'!$C$3:$I$724,7,0) -> #N/A | F6: =VLOOKUP(D6,'MPG Master'!$C$3:$D$724,2,0) -> #N/A | G6: 0051 | H6: =E6&G6 -> #N/A | I6: MANOJ KUMAR | J6: 0 | N6: 0 | Q6: HDFC BANK LTD | R6: 50100197156409 | T6: HDFC0002895 | AC6: Old | AD6: Direct
A7: =CONCATENATE(D7,G7) -> 40230055 | B7: Bihar | C7: ASARGANJ | D7: 4023 | E7: =VLOOKUP(D7,'MPG Master'!$C$3:$I$724,7,0) -> #N/A | F7: =VLOOKUP(D7,'MPG Master'!$C$3:$D$724,2,0) -> #N/A | G7: 0055 | H7: =E7&G7 -> #N/A | I7: GYAN DEV SHARMA | J7: 0 | N7: 0 | Q7: HDFC BANK LTD | R7: 50100155781661 | T7: HDFC0002895 | AC7: Old | AD7: Direct
A8: =CONCATENATE(D8,G8) -> 40230057 | B8: Bihar | C8: ASARGANJ | D8: 4023 | E8: =VLOOKUP(D8,'MPG Master'!$C$3:$I$724,7,0) -> #N/A | F8: =VLOOKUP(D8,'MPG Master'!$C$3:$D$724,2,0) -> #N/A | G8: 0057 | H8: =E8&G8 -> #N/A | I8: AJAY KUMAR | J8: 0 | N8: 0 | Q8: HDFC BANK LTD | R8: 50100154880991 | T8: HDFC0000765 | AC8: Old | AD8: Direct
A9: =CONCATENATE(D9,G9) -> 40230058 | B9: Bihar | C9: ASARGANJ | D9: 4023 | E9: =VLOOKUP(D9,'MPG Master'!$C$3:$I$724,7,0) -> #N/A | F9: =VLOOKUP(D9,'MPG Master'!$C$3:$D$724,2,0) -> #N/A | G9: 0058 | H9: =E9&G9 -> #N/A | I9: SUNITA | J9: 0 | N9: 0 | Q9: HDFC BANK LTD | R9: 50100245358022 | T9: HDFC0002108 | AC9: Old | AD9: Direct
A10: =CONCATENATE(D10,G10) -> 40230065 | B10: Bihar | C10: ASARGANJ | D10: 4023 | E10: =VLOOKUP(D10,'MPG Master'!$C$3:$I$724,7,0) -> #N/A | F10: =VLOOKUP(D10,'MPG Master'!$C$3:$D$724,2,0) -> #N/A | G10: 0065 | H10: =E10&G10 -> #N/A | I10: BYUTI | J10: 0 | N10: 0 | Q10: HDFC BANK LTD | R10: 50100219844443 | T10: HDFC0002895 | AC10: Old | AD10: Direct
A11: =CONCATENATE(D11,G11) -> 40230066 | B11: Bihar | C11: ASARGANJ | D11: 4023 | E11: =VLOOKUP(D11,'MPG Master'!$C$3:$I$724,7,0) -> #N/A | F11: =VLOOKUP(D11,'MPG Master'!$C$3:$D$724,2,0) -> #N/A | G11: 0066 | H11: =E11&G11 -> #N/A | I11: RAJHANSH KUMAR | J11: 0 | N11: 0 | Q11: HDFC BANK LTD | R11: 50100191605145 | T11: HDFC0002895 | AC11: Old | AD11: Direct
A12: =CONCATENATE(D12,G12) -> 40230089 | B12: Bihar | C12: ASARGANJ | D12: 4023 | E12: =VLOOKUP(D12,'MPG Master'!$C$3:$I$724,7,0) -> #N/A | F12: =VLOOKUP(D12,'MPG Master'!$C$3:$D$724,2,0) -> #N/A | G12: 0089 | H12: =E12&G12 -> #N/A | I12: GUDDI DEVI | J12: 0 | N12: 0 | Q12: HDFC BANK LTD | R12: 50100280448742 | T12: HDFC0009287 | AC12: Old | AD12: Direct
A13: =CONCATENATE(D13,G13) -> 40230094 | B13: Bihar | C13: ASARGANJ | D13: 4023 | E13: =VLOOKUP(D13,'MPG Master'!$C$3:$I$724,7,0) -> #N/A | F13: =VLOOKUP(D13,'MPG Master'!$C$3:$D$724,2,0) -> #N/A | G13: 0094 | H13: =E13&G13 -> #N/A | I13: SHIV SHANKAR | J13: 0 | N13: 0 | Q13: HDFC BANK LTD | R13: 50100191606697 | T13: HDFC0002895 | AC13: Old | AD13: Direct
... A21: =CONCATENATE(D21,G21) -> 40390043 | B21: Bihar | C21: ASARGANJ | D21: 4039 | E21: =VLOOKUP(D21,'MPG Master'!$C$3:$I$724,7,0) -> #N/A | F21: =VLOOKUP(D21,'MPG Master'!$C$3:$D$724,2,0) -> #N/A | G21: 0043 | H21: =E21&G21 -> #N/A | I21: PRABHA DEVI | J21: 0 | N21: 0 | Q21: AIRTEL PAYMENTS BANK | R21: 7634016906 | T21: AIRP0000001 | AC21: Old | AD21: Direct
A22: =CONCATENATE(D22,G22) -> 40390046 | B22: Bihar | C22: ASARGANJ | D22: 4039 | E22: =VLOOKUP(D22,'MPG Master'!$C$3:$I$724,7,0) -> #N/A | F22: =VLOOKUP(D22,'MPG Master'!$C$3:$D$724,2,0) -> #N/A | G22: 0046 | H22: =E22&G22 -> #N/A | I22: Mahendra mandal | J22: Ishwar Mandal | K22: 19360 | N22: 6287230604 | Q22: AIRTEL PAYMENTS BANK | R22: 39208651915 | T22: SBIN0003009 | AC22: Old | AD22: Direct
A23: =CONCATENATE(D23,G23) -> 40390048 | B23: Bihar | C23: ASARGANJ | D23: 4039 | E23: =VLOOKUP(D23,'MPG Master'!$C$3:$I$724,7,0) -> #N/A | F23: =VLOOKUP(D23,'MPG Master'!$C$3:$D$724,2,0) -> #N/A | G23: 0048 | H23: =E23&G23 -> #N/A | I23: RAJESH MANDAL | J23: 0 | N23: 0 | Q23: AIRTEL PAYMENTS BANK | R23: 9572352946 | T23: AIRP0000001 | AC23: Old | AD23: Direct
A24: =CONCATENATE(D24,G24) -> 40390059 | B24: Bihar | C24: ASARGANJ | D24: 4039 | E24: =VLOOKUP(D24,'MPG Master'!$C$3:$I$724,7,0) -> #N/A | F24: =VLOOKUP(D24,'MPG Master'!$C$3:$D$724,2,0) -> #N/A | G24: 0059 | H24: =E24&G24 -> #N/A | I24: Subham Kumar | J24: lalit Kumar Singh | K24: 38229 | N24: 6200028817 | Q24: AIRTEL PAYMENTS BANK | R24: 37101342039 | T24: SBIN0003009 | AC24: Old | AD24: Direct
A25: =CONCATENATE(D25,G25) -> 40390063 | B25: Bihar | C25: ASARGANJ | D25: 4039 | E25: =VLOOKUP(D25,'MPG Master'!$C$3:$I$724,7,0) -> #N/A | F25: =VLOOKUP(D25,'MPG Master'!$C$3:$D$724,2,0) -> #N/A | G25: 0063 | H25: =E25&G25 -> #N/A | I25: GEETA PRASAD SINGH | J25: 0 | N25: 0 | Q25: HDFC BANK LTD | R25: 50100162028426 | T25: HDFC0002895 | AC25: Old | AD25: Direct
A26: =CONCATENATE(D26,G26) -> 40390089 | B26: Bihar | C26: ASARGANJ | D26: 4039 | E26: =VLOOKUP(D26,'MPG Master'!$C$3:$I$724,7,0) -> #N/A | F26: =VLOOKUP(D26,'MPG Master'!$C$3:$D$724,2,0) -> #N/A | G26: 0089 | H26: =E26&G26 -> #N/A | I26: DILIP KUMAR SINGH | J26: 0 | N26: 0 | Q26: HDFC BANK LTD | R26: 50100196018062 | T26: HDFC0002895 | AC26: Old | AD26: Direct
A27: =CONCATENATE(D27,G27) -> 40390095 | B27: Bihar | C27: ASARGANJ | D27: 4039 | E27: =VLOOKUP(D27,'MPG Master'!$C$3:$I$724,7,0) -> #N/A | F27: =VLOOKUP(D27,'MPG Master'!$C$3:$D$724,2,0) -> #N/A | G27: 0095 | H27: =E27&G27 -> #N/A | I27: GUNJAN KUMARI | J27: 0 | N27: 0 | Q27: HDFC BANK LTD | R27: 50100251904931 | T27: HDFC0009287 | AC27: Old | AD27: Direct
A28: =CONCATENATE(D28,G28) -> 40390121 | B28: Bihar | C28: ASARGANJ | D28: 4039 | E28: =VLOOKUP(D28,'MPG Master'!$C$3:$I$724,7,0) -> #N/A | F28: =VLOOKUP(D28,'MPG Master'!$C$3:$D$724,2,0) -> #N/A | G28: 0121 | H28: =E28&G28 -> #N/A | I28: RAJ KUMAR SINGH | J28: 0 | N28: 0 | Q28: AIRTEL PAYMENTS BANK | R28: 9523655865 | T28: AIRP0000001 | AC28: Old | AD28: Direct
A29: =CONCATENATE(D29,G29) -> 40390129 | B29: Bihar | C29: ASARGANJ | D29: 4039 | E29: =VLOOKUP(D29,'MPG Master'!$C$3:$I$724,7,0) -> #N/A | F29: =VLOOKUP(D29,'MPG Master'!$C$3:$D$724,2,0) -> #N/A | G29: 0129 | H29: =E29&G29 -> #N/A | I29: MANISH KR | J29: 0 | N29: 0 | Q29: AIRTEL PAYMENTS BANK | R29: 7368906672 | T29: AIRP0000001 | AC29: Old | AD29: Direct
A30: =CONCATENATE(D30,G30) -> 40390157 | B30: Bihar | C30: ASARGANJ | D30: 4039 | E30: =VLOOKUP(D30,'MPG Master'!$C$3:$I$724,7,0) -> #N/A | F30: =VLOOKUP(D30,'MPG Master'!$C$3:$D$724,2,0) -> #N/A | G30: 0157 | H30: =E30&G30 -> #N/A | I30: JITENDRA Kumar | J30: 0 | N30: 0 | Q30: HDFC BANK LTD | R30: 50100155585680 | T30: HDFC0002895 | AC30: Old | AD30: Direct
A31: =CONCATENATE(D31,G31) -> 40390219 | B31: Bihar | C31: ASARGANJ | D31: 4039 | E31: =VLOOKUP(D31,'MPG Master'!$C$3:$I$724,7,0) -> #N/A | F31: =VLOOKUP(D31,'MPG Master'!$C$3:$D$724,2,0) -> #N/A | G31: 0219 | H31: =E31&G31 -> #N/A | I31: DILIP KUMAR SINGH | J31: 0 | N31: 0 | Q31: AIRTEL PAYMENTS BANK | R31: 9631366478 | T31: AIRP0000001 | AC31: Old | AD31: Direct
A32: =CONCATENATE(D32,G32) -> 40390225 | B32: Bihar | C32: ASARGANJ | D32: 4039 | E32: =VLOOKUP(D32,'MPG Master'!$C$3:$I$724,7,0) -> #N/A | F32: =VLOOKUP(D32,'MPG Master'!$C$3:$D$724,2,0) -> #N/A | G32: 0225 | H32: =E32&G32 -> #N/A | I32: BECHAN VIIND | J32: 0 | N32: 0 | Q32: HDFC BANK LTD | R32: 50100164032252 | T32: HDFC0002895 | AC32: Old | AD32: Direct
A33: =CONCATENATE(D33,G33) -> 40390235 | B33: Bihar | C33: ASARGANJ | D33: 4039 | E33: =VLOOKUP(D33,'MPG Master'!$C$3:$I$724,7,0) -> #N/A | F33: =VLOOKUP(D33,'MPG Master'!$C$3:$D$724,2,0) -> #N/A | G33: 0235 | H33: =E33&G33 -> #N/A | I33: AKHILESH KUMAR SINGH | J33: 0 | N33: 0 | Q33: AIRTEL PAYMENTS BANK | R33: 8252073565 | T33: AIRP0000001 | AC33: Old | AD33: Direct
A34: =CONCATENATE(D34,G34) -> 40390254 | B34: Bihar | C34: ASARGANJ | D34: 4039 | E34: =VLOOKUP(D34,'MPG Master'!$C$3:$I$724,7,0) -> #N/A | F34: =VLOOKUP(D34,'MPG Master'!$C$3:$D$724,2,0) -> #N/A | G34: 0254 | H34: =E34&G34 -> #N/A | I34: DILIP YADAV | J34: 0 | N34: 0 | Q34: AIRTEL PAYMENTS BANK | R34: 9973265381 | T34: AIRP0000001 | AC34: Old | AD34: Direct
A35: =CONCATENATE(D35,G35) -> 40390259 | B35: Bihar | C35: ASARGANJ | D35: 4039 | E35: =VLOOKUP(D35,'MPG Master'!$C$3:$I$724,7,0) -> #N/A | F35: =VLOOKUP(D35,'MPG Master'!$C$3:$D$724,2,0) -> #N/A | G35: 0259 | H35: =E35&G35 -> #N/A | I35: VINDU DEVI | J35: 0 | N35: 0 | Q35: HDFC BANK LTD | R35: 50100270745522 | T35: HDFC0009287 | AC35: Old | AD35: Direct
A36: =CONCATENATE(D36,G36) -> 40390297 | B36: Bihar | C36: ASARGANJ | D36: 4039 | E36: =VLOOKUP(D36,'MPG Master'!$C$3:$I$724,7,0) -> #N/A | F36: =VLOOKUP(D36,'MPG Master'!$C$3:$D$724,2,0) -> #N/A | G36: 0297 | H36: =E36&G36 -> #N/A | I36: RAJKUMAR MAHTO | J36: 0 | N36: 0 | Q36: AIRTEL PAYMENTS BANK | R36: 9572245260 | T36: AIRP0000001 | AC36: Old | AD36: Direct
... A40: =CONCATENATE(D40,G40) -> 40390393 | B40: Bihar | C40: ASARGANJ | D40: 4039 | E40: =VLOOKUP(D40,'MPG Master'!$C$3:$I$724,7,0) -> #N/A | F40: =VLOOKUP(D40,'MPG Master'!$C$3:$D$724,2,0) -> #N/A | G40: 0393 | H40: =E40&G40 -> #N/A | I40: DHANESHWAR SAH | J40: 0 | N40: 0 | Q40: AIRTEL PAYMENTS BANK | R40: 7840864419 | T40: AIRP0000001 | AC40: Old | AD40: Direct
A41: =CONCATENATE(D41,G41) -> 40390399 | B41: Bihar | C41: ASARGANJ | D41: 4039 | E41: =VLOOKUP(D41,'MPG Master'!$C$3:$I$724,7,0) -> #N/A | F41: =VLOOKUP(D41,'MPG Master'!$C$3:$D$724,2,0) -> #N/A | G41: 0399 | H41: =E41&G41 -> #N/A | I41: NIRAJ KUMAR SINGH | J41: Binay Kumar Singh | K41: 29956 | N41: 9507982067 | Q41: HDFC BANK LTD | R41: 50100463512225 | T41: HDFC0009287 | AC41: Old | AD41: Direct
A42: =CONCATENATE(D42,G42) -> 40390400 | B42: Bihar | C42: ASARGANJ | D42: 4039 | E42: =VLOOKUP(D42,'MPG Master'!$C$3:$I$724,7,0) -> #N/A | F42: =VLOOKUP(D42,'MPG Master'!$C$3:$D$724,2,0) -> #N/A | G42: 0400 | H42: =E42&G42 -> #N/A | I42: PINKI DEVI | J42: 0 | N42: 0 | Q42: AIRTEL PAYMENTS BANK | R42: 8228886548 | T42: AIRP0000001 | AC42: Old | AD42: Direct
A43: =CONCATENATE(D43,G43) -> 40390401 | B43: Bihar | C43: ASARGANJ | D43: 4039 | E43: =VLOOKUP(D43,'MPG Master'!$C$3:$I$724,7,0) -> #N/A | F43: =VLOOKUP(D43,'MPG Master'!$C$3:$D$724,2,0) -> #N/A | G43: 0401 | H43: =E43&G43 -> #N/A | I43: NARESH SINGH | J43: 0 | N43: 0 | Q43: AIRTEL PAYMENTS BANK | R43: 9973687985 | T43: AIRP0000001 | AC43: Old | AD43: Direct
A44: =CONCATENATE(D44,G44) -> 40800002 | B44: Bihar | C44: ASARGANJ | D44: 4080 | E44: =VLOOKUP(D44,'MPG Master'!$C$3:$I$724,7,0) -> #N/A | F44: =VLOOKUP(D44,'MPG Master'!$C$3:$D$724,2,0) -> #N/A | G44: 0002 | H44: =E44&G44 -> #N/A | I44: DIVESH KUMAR | J44: 0 | N44: 0 | Q44: HDFC BANK LTD | R44: 50100180745763 | T44: HDFC0002684 | AC44: Old | AD44: Direct
A45: =CONCATENATE(D45,G45) -> 40800006 | B45: Bihar | C45: ASARGANJ | D45: 4080 | E45: =VLOOKUP(D45,'MPG Master'!$C$3:$I$724,7,0) -> #N/A | F45: =VLOOKUP(D45,'MPG Master'!$C$3:$D$724,2,0) -> #N/A | G45: 0006 | H45: =E45&G45 -> #N/A | I45: BASUKI YADAV | J45: 0 | N45: 0 | Q45: HDFC BANK LTD | R45: 50100206311393 | T45: HDFC0002684 | AC45: Old | AD45: Direct
A46: =CONCATENATE(D46,G46) -> 40800016 | B46: Bihar | C46: ASARGANJ | D46: 4080 | E46: =VLOOKUP(D46,'MPG Master'!$C$3:$I$724,7,0) -> #N/A | F46: =VLOOKUP(D46,'MPG Master'!$C$3:$D$724,2,0) -> #N/A | G46: 0016 | H46: =E46&G46 -> #N/A | I46: NANDAN KUMAR | J46: 0 | N46: 0 | Q46: HDFC BANK LTD | R46: 50100180746918 | T46: HDFC0002684 | AC46: Old | AD46: Direct
A47: =CONCATENATE(D47,G47) -> 40800018 | B47: Bihar | C47: ASARGANJ | D47: 4080 | E47: =VLOOKUP(D47,'MPG Master'!$C$3:$I$724,7,0) -> #N/A | F47: =VLOOKUP(D47,'MPG Master'!$C$3:$D$724,2,0) -> #N/A | G47: 0018 | H47: =E47&G47 -> #N/A | I47: SANGITA KUMARI | J47: 0 | N47: 0 | Q47: HDFC BANK LTD | R47: 50100180746944 | T47: HDFC0002684 | AC47: Old | AD47: Direct
A48: =CONCATENATE(D48,G48) -> 40800022 | B48: Bihar | C48: ASARGANJ | D48: 4080 | E48: =VLOOKUP(D48,'MPG Master'!$C$3:$I$724,7,0) -> #N/A | F48: =VLOOKUP(D48,'MPG Master'!$C$3:$D$724,2,0) -> #N/A | G48: 0022 | H48: =E48&G48 -> #N/A | I48: SADANAND YADAV | J48: 0 | N48: 0 | Q48: HDFC BANK LTD | R48: 50100228751450 | T48: HDFC0002684 | AC48: Old | AD48: Direct
A49: =CONCATENATE(D49,G49) -> 40800023 | B49: Bihar | C49: ASARGANJ | D49: 4080 | E49: =VLOOKUP(D49,'MPG Master'!$C$3:$I$724,7,0) -> #N/A | F49: =VLOOKUP(D49,'MPG Master'!$C$3:$D$724,2,0) -> #N/A | G49: 0023 | H49: =E49&G49 -> #N/A | I49: MANOJ KUMAR SINGH | J49: 0 | N49: 0 | Q49: HDFC BANK LTD | R49: 50100219908578 | T49: HDFC0002684 | AC49: Old | AD49: Direct
A50: =CONCATENATE(D50,G50) -> 40800032 | B50: Bihar | C50: ASARGANJ | D50: 4080 | E50: =VLOOKUP(D50,'MPG Master'!$C$3:$I$724,7,0) -> #N/A | F50: =VLOOKUP(D50,'MPG Master'!$C$3:$D$724,2,0) -> #N/A | G50: 0032 | H50: =E50&G50 -> #N/A | I50: GITA DEVI | J50: 0 | N50: 0 | Q50: HDFC BANK LTD | R50: 50100180746575 | T50: HDFC0002684 | AC50: Old | AD50: Direct
A51: =CONCATENATE(D51,G51) -> 40800122 | B51: Bihar | C51: ASARGANJ | D51: 4080 | E51: =VLOOKUP(D51,'MPG Master'!$C$3:$I$724,7,0) -> #N/A | F51: =VLOOKUP(D51,'MPG Master'!$C$3:$D$724,2,0) -> #N/A | G51: 0122 | H51: =E51&G51 -> #N/A | I51: SANTOSH KUMAR | J51: 0 | N51: 0 | Q51: HDFC BANK LTD | R51: 50100254653807 | T51: HDFC0002684 | AC51: Old | AD51: Direct
A52: =CONCATENATE(D52,G52) -> 40800126 | B52: Bihar | C52: ASARGANJ | D52: 4080 | E52: =VLOOKUP(D52,'MPG Master'!$C$3:$I$724,7,0) -> #N/A | F52: =VLOOKUP(D52,'MPG Master'!$C$3:$D$724,2,0) -> #N/A | G52: 0126 | H52: =E52&G52 -> #N/A | I52: MUKESH KUMAR YADAV | J52: 0 | N52: 0 | Q52: HDFC BANK LTD | R52: 50100321743975 | T52: HDFC0002684 | AC52: Old | AD52: Direct
A53: =CONCATENATE(D53,G53) -> 40800127 | B53: Bihar | C53: ASARGANJ | D53: 4080 | E53: =VLOOKUP(D53,'MPG Master'!$C$3:$I$724,7,0) -> #N/A | F53: =VLOOKUP(D53,'MPG Master'!$C$3:$D$724,2,0) -> #N/A | G53: 0127 | H53: =E53&G53 -> #N/A | I53: MONU KUMAR | J53: 0 | N53: 0 | Q53: HDFC BANK LTD | R53: 50100325807161 | T53: HDFC0002684 | AC53: Old | AD53: Direct
... A124: =CONCATENATE(D124,G124) -> 40390024 | B124: Bihar | C124: ASARGANJ | D124: 4039 | E124: =VLOOKUP(D124,'MPG Master'!$C$3:$I$724,7,0) -> #N/A | F124: =VLOOKUP(D124,'MPG Master'!$C$3:$D$724,2,0) -> #N/A | G124: 0024 | H124: =E124&G124 -> #N/A | I124: VINOD MANDAL | J124: 0 | N124: 0 | Q124: UCO BANK | R124: 12430110046432 | T124: UCBA0001243 | AC124: Old | AD124: Direct
A125: =CONCATENATE(D125,G125) -> 40390375 | B125: Bihar | C125: ASARGANJ | D125: 4039 | E125: =VLOOKUP(D125,'MPG Master'!$C$3:$I$724,7,0) -> #N/A | F125: =VLOOKUP(D125,'MPG Master'!$C$3:$D$724,2,0) -> #N/A | G125: 0375 | H125: =E125&G125 -> #N/A | I125: SATYANARAYAN MANDAL | J125: Chaturbhuj Mandal | K125: 25934 | N125: 7334176975 | Q125: AIRTEL PAYMENTS BANK | R125: 9334176975 | T125: AIRP0000001 | AC125: Old | AD125: Direct
A126: =CONCATENATE(D126,G126) -> 40390017 | B126: Bihar | C126: ASARGANJ | D126: 4039 | E126: =VLOOKUP(D126,'MPG Master'!$C$3:$I$724,7,0) -> #N/A | F126: =VLOOKUP(D126,'MPG Master'!$C$3:$D$724,2,0) -> #N/A | G126: 0017 | H126: =E126&G126 -> #N/A | I126: SULOCHNA DEVI | J126: 0 | N126: 0 | Q126: HDFC BANK LTD | R126: 50100155781480 | T126: HDFC0002895 | AC126: Old | AD126: Direct
A127: =CONCATENATE(D127,G127) -> 40390096 | B127: Bihar | C127: ASARGANJ | D127: 4039 | E127: =VLOOKUP(D127,'MPG Master'!$C$3:$I$724,7,0) -> #N/A | F127: =VLOOKUP(D127,'MPG Master'!$C$3:$D$724,2,0) -> #N/A | G127: 0096 | H127: =E127&G127 -> #N/A | I127: RAJESH KUMAR | J127: 0 | N127: 0 | Q127: AIRTEL PAYMENTS BANK | R127: 8882632485 | T127: AIRP0000001 | AC127: Old | AD127: Direct
A128: =CONCATENATE(D128,G128) -> 40390028 | B128: Bihar | C128: ASARGANJ | D128: 4039 | E128: =VLOOKUP(D128,'MPG Master'!$C$3:$I$724,7,0) -> #N/A | F128: =VLOOKUP(D128,'MPG Master'!$C$3:$D$724,2,0) -> #N/A | G128: 0028 | H128: =E128&G128 -> #N/A | I128: NISHA KUMARI | J128: 0 | N128: 0 | Q128: UCO BANK | R128: 12430100260495 | T128: UCBA0001243 | AC128: Old | AD128: Direct
A129: =CONCATENATE(D129,G129) -> 40390226 | B129: Bihar | C129: ASARGANJ | D129: 4039 | E129: =VLOOKUP(D129,'MPG Master'!$C$3:$I$724,7,0) -> #N/A | F129: =VLOOKUP(D129,'MPG Master'!$C$3:$D$724,2,0) -> #N/A | G129: 0226 | H129: =E129&G129 -> #N/A | I129: SATYAVRAT ARYA | J129: 0 | N129: 0 | Q129: AIRTEL PAYMENTS BANK | R129: 7091335093 | T129: AIRP0000001 | AC129: Old | AD129: Direct
A130: =CONCATENATE(D130,G130) -> 40390258 | B130: Bihar | C130: ASARGANJ | D130: 4039 | E130: =VLOOKUP(D130,'MPG Master'!$C$3:$I$724,7,0) -> #N/A | F130: =VLOOKUP(D130,'MPG Master'!$C$3:$D$724,2,0) -> #N/A | G130: 0258 | H130: =E130&G130 -> #N/A | I130: SHAKTI KUMAR | J130: 0 | N130: 0 | Q130: AIRTEL PAYMENTS BANK | R130: 8521265202 | T130: AIRP0000001 | AC130: Old | AD130: Direct
A131: =CONCATENATE(D131,G131) -> 40390020 | B131: Bihar | C131: ASARGANJ | D131: 4039 | E131: =VLOOKUP(D131,'MPG Master'!$C$3:$I$724,7,0) -> #N/A | F131: =VLOOKUP(D131,'MPG Master'!$C$3:$D$724,2,0) -> #N/A | G131: 0020 | H131: =E131&G131 -> #N/A | I131: DARESH MANDAL | J131: 0 | N131: 0 | Q131: AIRTEL PAYMENTS BANK | R131: 8936852082 | T131: AIRP0000001 | AC131: Old | AD131: Direct
A132: =CONCATENATE(D132,G132) -> 40390054 | B132: Bihar | C132: ASARGANJ | D132: 4039 | E132: =VLOOKUP(D132,'MPG Master'!$C$3:$I$724,7,0) -> #N/A | F132: =VLOOKUP(D132,'MPG Master'!$C$3:$D$724,2,0) -> #N/A | G132: 0054 | H132: =E132&G132 -> #N/A | I132: RAKESH KUMAR | J132: 0 | N132: 0 | Q132: AIRTEL PAYMENTS BANK | R132: 7258086449 | T132: AIRP0000001 | AC132: Old | AD132: Direct
A133: =CONCATENATE(D133,G133) -> 40390172 | B133: Bihar | C133: ASARGANJ | D133: 4039 | E133: =VLOOKUP(D133,'MPG Master'!$C$3:$I$724,7,0) -> #N/A | F133: =VLOOKUP(D133,'MPG Master'!$C$3:$D$724,2,0) -> #N/A | G133: 0172 | H133: =E133&G133 -> #N/A | I133: KANCHAN DEVI | J133: 0 | N133: 0 | Q133: AIRTEL PAYMENTS BANK | R133: 8809585337 | T133: AIRP0000001 | AC133: Old | AD133: Direct
A134: =CONCATENATE(D134,G134) -> 40390071 | B134: Bihar | C134: ASARGANJ | D134: 4039 | E134: =VLOOKUP(D134,'MPG Master'!$C$3:$I$724,7,0) -> #N/A | F134: =VLOOKUP(D134,'MPG Master'!$C$3:$D$724,2,0) -> #N/A | G134: 0071 | H134: =E134&G134 -> #N/A | I134: JANAMJAY PANDIT | J134: 0 | N134: 0 | Q134: AIRTEL PAYMENTS BANK | R134: 7545891254 | T134: AIRP0000001 | AC134: Old | AD134: Direct
A135: =CONCATENATE(D135,G135) -> 40390056 | B135: Bihar | C135: ASARGANJ | D135: 4039 | E135: =VLOOKUP(D135,'MPG Master'!$C$3:$I$724,7,0) -> #N/A | F135: =VLOOKUP(D135,'MPG Master'!$C$3:$D$724,2,0) -> #N/A | G135: 0056 | H135: =E135&G135 -> #N/A | I135: SHIVAN SAH | J135: 0 | N135: 0 | Q135: AIRTEL PAYMENTS BANK | R135: 8757929916 | T135: AIRP0000001 | AC135: Old | AD135: Direct
A136: =CONCATENATE(D136,G136) -> 40390310 | B136: Bihar | C136: ASARGANJ | D136: 4039 | E136: =VLOOKUP(D136,'MPG Master'!$C$3:$I$724,7,0) -> #N/A | F136: =VLOOKUP(D136,'MPG Master'!$C$3:$D$724,2,0) -> #N/A | G136: 0310 | H136: =E136&G136 -> #N/A | I136: PASHUPATI KUMAR YADAV | J136: 0 | N136: 0 | Q136: HDFC BANK LTD | R136: 50100317943339 | T136: HDFC0009287 | AC136: Old | AD136: Direct
A137: =CONCATENATE(D137,G137) -> 40390033 | B137: Bihar | C137: ASARGANJ | D137: 4039 | E137: =VLOOKUP(D137,'MPG Master'!$C$3:$I$724,7,0) -> #N/A | F137: =VLOOKUP(D137,'MPG Master'!$C$3:$D$724,2,0) -> #N/A | G137: 0033 | H137: =E137&G137 -> #N/A | I137: ASHOK SAH | J137: Bajari Sah | K137: 27395 | N137: 7366070167 | Q137: HDFC BANK LTD | R137: 50100462184474 | T137: HDFC0009287 | AC137: Old | AD137: Direct
A138: =CONCATENATE(D138,G138) -> 40390007 | B138: Bihar | C138: ASARGANJ | D138: 4039 | E138: =VLOOKUP(D138,'MPG Master'!$C$3:$I$724,7,0) -> #N/A | F138: =VLOOKUP(D138,'MPG Master'!$C$3:$D$724,2,0) -> #N/A | G138: 0007 | H138: =E138&G138 -> #N/A | I138: ANARSI SINGH | J138: 0 | N138: 0 | Q138: HDFC BANK LTD | R138: 50100155585625 | T138: HDFC0002895 | AC138: Old | AD138: Direct
A139: =CONCATENATE(D139,G139) -> 40390228 | B139: Bihar | C139: ASARGANJ | D139: 4039 | E139: =VLOOKUP(D139,'MPG Master'!$C$3:$I$724,7,0) -> #N/A | F139: =VLOOKUP(D139,'MPG Master'!$C$3:$D$724,2,0) -> #N/A | G139: 0228 | H139: =E139&G139 -> #N/A | I139: BAHADUR SAH | J139: 0 | N139: 0 | Q139: AIRTEL PAYMENTS BANK | R139: 7061258104 | T139: AIRP0000001 | AC139: Old | AD139: Direct
A140: =CONCATENATE(D140,G140) -> 40390135 | B140: Bihar | C140: ASARGANJ | D140: 4039 | E140: =VLOOKUP(D140,'MPG Master'!$C$3:$I$724,7,0) -> #N/A | F140: =VLOOKUP(D140,'MPG Master'!$C$3:$D$724,2,0) -> #N/A | G140: 0135 | H140: =E140&G140 -> #N/A | I140: NIRMAL YADAV | J140: 0 | N140: 0 | Q140: AIRTEL PAYMENTS BANK | R140: 7759905726 | T140: AIRP0000001 | AC140: Old | AD140: Direct
A141: =CONCATENATE(D141,G141) -> 40390102 | B141: Bihar | C141: ASARGANJ | D141: 4039 | E141: =VLOOKUP(D141,'MPG Master'!$C$3:$I$724,7,0) -> #N/A | F141: =VLOOKUP(D141,'MPG Master'!$C$3:$D$724,2,0) -> #N/A | G141: 0102 | H141: =E141&G141 -> #N/A | I141: ADRASH KUMAR | J141: 0 | N141: 0 | Q141: AIRTEL PAYMENTS BANK | R141: 7258086639 | T141: AIRP0000001 | AC141: Old | AD141: Direct
A142: =CONCATENATE(D142,G142) -> 40390344 | B142: Bihar | C142: ASARGANJ | D142: 4039 | E142: =VLOOKUP(D142,'MPG Master'!$C$3:$I$724,7,0) -> #N/A | F142: =VLOOKUP(D142,'MPG Master'!$C$3:$D$724,2,0) -> #N/A | G142: 0344 | H142: =E142&G142 -> #N/A | I142: CHHANSGURI | J142: 0 | N142: 0 | Q142: AIRTEL PAYMENTS BANK | R142: 8651849088 | T142: AIRP0000001 | AC142: Old | AD142: Direct
A143: =CONCATENATE(D143,G143) -> 40390183 | B143: Bihar | C143: ASARGANJ | D143: 4039 | E143: =VLOOKUP(D143,'MPG Master'!$C$3:$I$724,7,0) -> #N/A | F143: =VLOOKUP(D143,'MPG Master'!$C$3:$D$724,2,0) -> #N/A | G143: 0183 | H143: =E143&G143 -> #N/A | I143: RANDHIR SINGH | J143: 0 | N143: 0 | Q143: HDFC BANK LTD | R143: 50100345891128 | T143: HDFC0009287 | AC143: Old | AD143: Direct
A144: =CONCATENATE(D144,G144) -> 40390266 | B144: Bihar | C144: ASARGANJ | D144: 4039 | E144: =VLOOKUP(D144,'MPG Master'!$C$3:$I$724,7,0) -> #N/A | F144: =VLOOKUP(D144,'MPG Master'!$C$3:$D$724,2,0) -> #N/A | G144: 0266 | H144: =E144&G144 -> #N/A | I144: SHOBHAKANT SINGH | J144: 0 | N144: 0 | Q144: AIRTEL PAYMENTS BANK | R144: 9006114431 | T144: AIRP0000001 | AC144: Old | AD144: Direct
A145: =CONCATENATE(D145,G145) -> 40390239 | B145: Bihar | C145: ASARGANJ | D145: 4039 | E145: =VLOOKUP(D145,'MPG Master'!$C$3:$I$724,7,0) -> #N/A | F145: =VLOOKUP(D145,'MPG Master'!$C$3:$D$724,2,0) -> #N/A | G145: 0239 | H145: =E145&G145 -> #N/A | I145: SITA DEVI | J145: 0 | N145: 0 | Q145: AIRTEL PAYMENTS BANK | R145: 9798947197 | T145: AIRP0000001 | AC145: Old | AD145: Direct
A146: =CONCATENATE(D146,G146) -> 40390126 | B146: Bihar | C146: ASARGANJ | D146: 4039 | E146: =VLOOKUP(D146,'MPG Master'!$C$3:$I$724,7,0) -> #N/A | F146: =VLOOKUP(D146,'MPG Master'!$C$3:$D$724,2,0) -> #N/A | G146: 0126 | H146: =E146&G146 -> #N/A | I146: MUNNA SAH | J146: 0 | N146: 0 | Q146: AIRTEL PAYMENTS BANK | R146: 7763920530 | T146: AIRP0000001 | AC146: Old | AD146: Direct
A147: =CONCATENATE(D147,G147) -> 40390084 | B147: Bihar | C147: ASARGANJ | D147: 4039 | E147: =VLOOKUP(D147,'MPG Master'!$C$3:$I$724,7,0) -> #N/A | F147: =VLOOKUP(D147,'MPG Master'!$C$3:$D$724,2,0) -> #N/A | G147: 0084 | H147: =E147&G147 -> #N/A | I147: BADAL SINGH | J147: 0 | N147: 0 | Q147: HDFC BANK LTD | R147: 50100318386751 | T147: HDFC0009287 | AC147: Old | AD147: Direct
A148: =CONCATENATE(D148,G148) -> 40390087 | B148: Bihar | C148: ASARGANJ | D148: 4039 | E148: =VLOOKUP(D148,'MPG Master'!$C$3:$I$724,7,0) -> #N/A | F148: =VLOOKUP(D148,'MPG Master'!$C$3:$D$724,2,0) -> #N/A | G148: 0087 | H148: =E148&G148 -> #N/A | I148: PANKAJ YADAV | J148: 0 | N148: 0 | Q148: HDFC BANK LTD | R148: 50100155585230 | T148: HDFC0002895 | AC148: Old | AD148: Direct
A149: =CONCATENATE(D149,G149) -> 40390042 | B149: Bihar | C149: ASARGANJ | D149: 4039 | E149: =VLOOKUP(D149,'MPG Master'!$C$3:$I$724,7,0) -> #N/A | F149: =VLOOKUP(D149,'MPG Master'!$C$3:$D$724,2,0) -> #N/A | G149: 0042 | H149: =E149&G149 -> #N/A | I149: MADAN PANDIT | J149: 0 | N149: 0 | Q149: AIRTEL PAYMENTS BANK | R149: 9546865240 | T149: AIRP0000001 | AC149: Old | AD149: Direct
... A181: =CONCATENATE(D181,G181) -> 40390023 | B181: Bihar | C181: ASARGANJ | D181: 4039 | E181: =VLOOKUP(D181,'MPG Master'!$C$3:$I$724,7,0) -> #N/A | F181: =VLOOKUP(D181,'MPG Master'!$C$3:$D$724,2,0) -> #N/A | G181: 0023 | H181: =E181&G181 -> #N/A | I181: LALAN MANDAL | J181: 0 | N181: 0 | Q181: AIRTEL PAYMENTS BANK | R181: 9006726585 | T181: AIRP0000001 | AC181: Old | AD181: Direct
A182: =CONCATENATE(D182,G182) -> 40390188 | B182: Bihar | C182: ASARGANJ | D182: 4039 | E182: =VLOOKUP(D182,'MPG Master'!$C$3:$I$724,7,0) -> #N/A | F182: =VLOOKUP(D182,'MPG Master'!$C$3:$D$724,2,0) -> #N/A | G182: 0188 | H182: =E182&G182 -> #N/A | I182: MURALIDHAR YADAV | J182: Gauri yadav | K182: 27760 | N182: 9570648835 | Q182: HDFC BANK LTD | R182: 50100472429450 | T182: HDFC0009287 | AC182: Old | AD182: Direct
A183: =CONCATENATE(D183,G183) -> 40390122 | B183: Bihar | C183: ASARGANJ | D183: 4039 | E183: =VLOOKUP(D183,'MPG Master'!$C$3:$I$724,7,0) -> #N/A | F183: =VLOOKUP(D183,'MPG Master'!$C$3:$D$724,2,0) -> #N/A | G183: 0122 | H183: =E183&G183 -> #N/A | I183: MANOJ PASWAN | J183: 0 | N183: 0 | Q183: AIRTEL PAYMENTS BANK | R183: 7368815378 | T183: AIRP0000001 | AC183: Old | AD183: Direct
A184: =CONCATENATE(D184,G184) -> 40390174 | B184: Bihar | C184: ASARGANJ | D184: 4039 | E184: =VLOOKUP(D184,'MPG Master'!$C$3:$I$724,7,0) -> #N/A | F184: =VLOOKUP(D184,'MPG Master'!$C$3:$D$724,2,0) -> #N/A | G184: 0174 | H184: =E184&G184 -> #N/A | I184: SUBHASH KUMAR | J184: 0 | N184: 0 | Q184: STATE BANK OF INDIA | R184: 36610712464 | T184: SBIN0003009 | AC184: Old | AD184: Direct
A185: =CONCATENATE(D185,G185) -> 40390309 | B185: Bihar | C185: ASARGANJ | D185: 4039 | E185: =VLOOKUP(D185,'MPG Master'!$C$3:$I$724,7,0) -> #N/A | F185: =VLOOKUP(D185,'MPG Master'!$C$3:$D$724,2,0) -> #N/A | G185: 0309 | H185: =E185&G185 -> #N/A | I185: DINESH MANDAL | J185: 0 | N185: 0 | Q185: Union Bank of India | R185: 699702010006238 | T185: UBIN0569976 | AC185: Old | AD185: Direct
A186: =CONCATENATE(D186,G186) -> 40390145 | B186: Bihar | C186: ASARGANJ | D186: 4039 | E186: =VLOOKUP(D186,'MPG Master'!$C$3:$I$724,7,0) -> #N/A | F186: =VLOOKUP(D186,'MPG Master'!$C$3:$D$724,2,0) -> #N/A | G186: 0145 | H186: =E186&G186 -> #N/A | I186: YOGENDRA MANDAL | J186: 0 | N186: 0 | Q186: STATE BANK OF INDIA | R186: 36610711970 | T186: SBIN0003009 | AC186: Old | AD186: Direct
A187: =CONCATENATE(D187,G187) -> 40390044 | B187: Bihar | C187: ASARGANJ | D187: 4039 | E187: =VLOOKUP(D187,'MPG Master'!$C$3:$I$724,7,0) -> #N/A | F187: =VLOOKUP(D187,'MPG Master'!$C$3:$D$724,2,0) -> #N/A | G187: 0044 | H187: =E187&G187 -> #N/A | I187: SHYAM SUNDAR SINGH | J187: 0 | N187: 0 | Q187: AIRTEL PAYMENTS BANK | R187: 8757670689 | T187: AIRP0000001 | AC187: Old | AD187: Direct
A188: =CONCATENATE(D188,G188) -> 40390320 | B188: Bihar | C188: ASARGANJ | D188: 4039 | E188: =VLOOKUP(D188,'MPG Master'!$C$3:$I$724,7,0) -> #N/A | F188: =VLOOKUP(D188,'MPG Master'!$C$3:$D$724,2,0) -> #N/A | G188: 0320 | H188: =E188&G188 -> #N/A | I188: SHARWAN KUMAR | J188: 0 | N188: 0 | Q188: BANK OF INDIA | R188: 463918210010343 | T188: BKID0004639 | AC188: Old | AD188: Direct
A189: =CONCATENATE(D189,G189) -> 40390324 | B189: Bihar | C189: ASARGANJ | D189: 4039 | E189: =VLOOKUP(D189,'MPG Master'!$C$3:$I$724,7,0) -> #N/A | F189: =VLOOKUP(D189,'MPG Master'!$C$3:$D$724,2,0) -> #N/A | G189: 0324 | H189: =E189&G189 -> #N/A | I189: NITYANAND KUMAR | J189: 0 | N189: 0 | Q189: AIRTEL PAYMENTS BANK | R189: 6206471367 | T189: AIRP0000001 | AC189: Old | AD189: Direct
A190: =CONCATENATE(D190,G190) -> 40390300 | B190: Bihar | C190: ASARGANJ | D190: 4039 | E190: =VLOOKUP(D190,'MPG Master'!$C$3:$I$724,7,0) -> #N/A | F190: =VLOOKUP(D190,'MPG Master'!$C$3:$D$724,2,0) -> #N/A | G190: 0300 | H190: =E190&G190 -> #N/A | I190: RAMESH SINGH | J190: 0 | N190: 0 | Q190: HDFC BANK LTD | R190: 50100317942323 | T190: HDFC0009287 | AC190: Old | AD190: Direct
A191: =CONCATENATE(D191,G191) -> 40390208 | B191: Bihar | C191: ASARGANJ | D191: 4039 | E191: =VLOOKUP(D191,'MPG Master'!$C$3:$I$724,7,0) -> #N/A | F191: =VLOOKUP(D191,'MPG Master'!$C$3:$D$724,2,0) -> #N/A | G191: 0208 | H191: =E191&G191 -> #N/A | I191: SHISHU RANJAN SINGH | J191: 0 | N191: 0 | Q191: HDFC BANK LTD | R191: 50100196509329 | T191: HDFC0002895 | AC191: Old | AD191: Direct
A192: =CONCATENATE(D192,G192) -> 40390210 | B192: Bihar | C192: ASARGANJ | D192: 4039 | E192: =VLOOKUP(D192,'MPG Master'!$C$3:$I$724,7,0) -> #N/A | F192: =VLOOKUP(D192,'MPG Master'!$C$3:$D$724,2,0) -> #N/A | G192: 0210 | H192: =E192&G192 -> #N/A | I192: RUPESH PASWAN | J192: 0 | N192: 0 | Q192: HDFC BANK LTD | R192: 50100155843761 | T192: HDFC0002895 | AC192: Old | AD192: Direct
A193: =CONCATENATE(D193,G193) -> 40390074 | B193: Bihar | C193: ASARGANJ | D193: 4039 | E193: =VLOOKUP(D193,'MPG Master'!$C$3:$I$724,7,0) -> #N/A | F193: =VLOOKUP(D193,'MPG Master'!$C$3:$D$724,2,0) -> #N/A | G193: 0074 | H193: =E193&G193 -> #N/A | I193: BIJAY KUMAR SINGH | J193: 0 | N193: 0 | Q193: BANK OF INDIA | R193: 463910110006876 | T193: BKID0004639 | AC193: Old | AD193: Direct
A194: =CONCATENATE(D194,G194) -> 17130025 | B194: Bihar | C194: Harpur Belwa | D194: 1713 | E194: =VLOOKUP(D194,'MPG Master'!$C$3:$I$724,7,0) -> #N/A | F194: =VLOOKUP(D194,'MPG Master'!$C$3:$D$724,2,0) -> #N/A | G194: 0025 | H194: =E194&G194 -> #N/A | I194: BHEEM RAY | J194: 0 | N194: 0 | Q194: AIRTEL PAYMENTS BANK | R194: 9304411331 | T194: AIRP0000001 | AC194: Old | AD194: Direct
... A213: =CONCATENATE(D213,G213) -> 40390217 | B213: Bihar | C213: ASARGANJ | D213: 4039 | E213: =VLOOKUP(D213,'MPG Master'!$C$3:$I$724,7,0) -> #N/A | F213: =VLOOKUP(D213,'MPG Master'!$C$3:$D$724,2,0) -> #N/A | G213: 0217 | H213: =E213&G213 -> #N/A | I213: JYOTISH KUMAR | J213: 0 | N213: 0 | Q213: UCO BANK | R213: 12430110060407 | T213: UCBA0001243 | AC213: Old | AD213: Direct
A214: =CONCATENATE(D214,G214) -> 40390146 | B214: Bihar | C214: ASARGANJ | D214: 4039 | E214: =VLOOKUP(D214,'MPG Master'!$C$3:$I$724,7,0) -> #N/A | F214: =VLOOKUP(D214,'MPG Master'!$C$3:$D$724,2,0) -> #N/A | G214: 0146 | H214: =E214&G214 -> #N/A | I214: BISHNUDEV YADAV | J214: Naresh Yadav | K214: 25934 | N214: 8228891623 | Q214: HDFC BANK LTD | R214: 50100461813374 | T214: HDFC0009287 | AC214: Old | AD214: Direct
A215: =CONCATENATE(D215,G215) -> 40390064 | B215: Bihar | C215: ASARGANJ | D215: 4039 | E215: =VLOOKUP(D215,'MPG Master'!$C$3:$I$724,7,0) -> #N/A | F215: =VLOOKUP(D215,'MPG Master'!$C$3:$D$724,2,0) -> #N/A | G215: 0064 | H215: =E215&G215 -> #N/A | I215: GAYATRI DEVI | J215: 0 | N215: 0 | Q215: HDFC BANK LTD | R215: 50100250095860 | T215: HDFC0002895 | AC215: Old | AD215: Direct
A216: =CONCATENATE(D216,G216) -> 40390052 | B216: Bihar | C216: ASARGANJ | D216: 4039 | E216: =VLOOKUP(D216,'MPG Master'!$C$3:$I$724,7,0) -> #N/A | F216: =VLOOKUP(D216,'MPG Master'!$C$3:$D$724,2,0) -> #N/A | G216: 0052 | H216: =E216&G216 -> #N/A | I216: SWARNLATA SINHA | J216: 0 | N216: 0 | Q216: BANK OF INDIA | R216: 463910110009561 | T216: BKID0004639 | AC216: Old | AD216: Direct
A217: =CONCATENATE(D217,G217) -> 40390380 | B217: Bihar | C217: ASARGANJ | D217: 4039 | E217: =VLOOKUP(D217,'MPG Master'!$C$3:$I$724,7,0) -> #N/A | F217: =VLOOKUP(D217,'MPG Master'!$C$3:$D$724,2,0) -> #N/A | G217: 0380 | H217: =E217&G217 -> #N/A | I217: KIRAN KUMARI | J217: 0 | N217: 0 | Q217: STATE BANK OF INDIA | R217: 39282183152 | T217: SBIN0003009 | AC217: Old | AD217: Direct
A218: =CONCATENATE(D218,G218) -> 40390160 | B218: Bihar | C218: ASARGANJ | D218: 4039 | E218: =VLOOKUP(D218,'MPG Master'!$C$3:$I$724,7,0) -> #N/A | F218: =VLOOKUP(D218,'MPG Master'!$C$3:$D$724,2,0) -> #N/A | G218: 0160 | H218: =E218&G218 -> #N/A | I218: SUDAMA MANDAL | J218: 0 | N218: 0 | Q218: AIRTEL PAYMENTS BANK | R218: 9801927576 | T218: AIRP0000001 | AC218: Old | AD218: Direct
A219: =CONCATENATE(D219,G219) -> 40390167 | B219: Bihar | C219: ASARGANJ | D219: 4039 | E219: =VLOOKUP(D219,'MPG Master'!$C$3:$I$724,7,0) -> #N/A | F219: =VLOOKUP(D219,'MPG Master'!$C$3:$D$724,2,0) -> #N/A | G219: 0167 | H219: =E219&G219 -> #N/A | I219: MADHVI LATA | J219: 0 | N219: 0 | Q219: STATE BANK OF INDIA | R219: 39273457977 | T219: SBIN0003009 | AC219: Old | AD219: Direct
A220: =CONCATENATE(D220,G220) -> 20140004 | B220: Bihar | C220: Harpur Belwa | D220: 2014 | E220: =VLOOKUP(D220,'MPG Master'!$C$3:$I$724,7,0) -> #N/A | F220: =VLOOKUP(D220,'MPG Master'!$C$3:$D$724,2,0) -> #N/A | G220: 0004 | H220: =E220&G220 -> #N/A | I220: KUMOD KUMAR BHARTI | J220: 0 | N220: 0 | Q220: STATE BANK OF INDIA | R220: 31908840575 | T220: SBIN0002991 | AC220: Old | AD220: Direct
A221: =CONCATENATE(D221,G221) -> 20140003 | B221: Bihar | C221: Harpur Belwa | D221: 2014 | E221: =VLOOKUP(D221,'MPG Master'!$C$3:$I$724,7,0) -> #N/A | F221: =VLOOKUP(D221,'MPG Master'!$C$3:$D$724,2,0) -> #N/A | G221: 0003 | H221: =E221&G221 -> #N/A | I221: SIMPI KUMARI | J221: 0 | N221: 0 | Q221: Bihar Garmin Bank | R221: 39130131005472 | T221: PUNB0MBGB06 | AC221: Old | AD221: Direct
A222: =CONCATENATE(D222,G222) -> 20190004 | B222: Bihar | C222: Harpur Belwa | D222: 2019 | E222: =VLOOKUP(D222,'MPG Master'!$C$3:$I$724,7,0) -> #N/A | F222: =VLOOKUP(D222,'MPG Master'!$C$3:$D$724,2,0) -> #N/A | G222: 0004 | H222: =E222&G222 -> #N/A | I222: KHUSHI | J222: 0 | N222: 0 | Q222: STATE BANK OF INDIA | R222: 39294150166 | T222: SBIN0002991 | AC222: Old | AD222: Direct
A223: =CONCATENATE(D223,G223) -> 20190003 | B223: Bihar | C223: Harpur Belwa | D223: 2019 | E223: =VLOOKUP(D223,'MPG Master'!$C$3:$I$724,7,0) -> #N/A | F223: =VLOOKUP(D223,'MPG Master'!$C$3:$D$724,2,0) -> #N/A | G223: 0003 | H223: =E223&G223 -> #N/A | I223: PINKI KUMARI | J223: 0 | N223: 0 | Q223: AIRTEL PAYMENTS BANK | R223: 7367004851 | T223: AIRP0000001 | AC223: Old | AD223: Direct
A224: =CONCATENATE(D224,G224) -> 40390014 | B224: Bihar | C224: ASARGANJ | D224: 4039 | E224: =VLOOKUP(D224,'MPG Master'!$C$3:$I$724,7,0) -> #N/A | F224: =VLOOKUP(D224,'MPG Master'!$C$3:$D$724,2,0) -> #N/A | G224: 0014 | H224: =E224&G224 -> #N/A | I224: SURESH YADAV | J224: 0 | N224: 0 | Q224: HDFC BANK LTD | R224: 50100155585549 | T224: HDFC0002895 | AC224: Old | AD224: Direct
A225: =CONCATENATE(D225,G225) -> 40390182 | B225: Bihar | C225: ASARGANJ | D225: 4039 | E225: =VLOOKUP(D225,'MPG Master'!$C$3:$I$724,7,0) -> #N/A | F225: =VLOOKUP(D225,'MPG Master'!$C$3:$D$724,2,0) -> #N/A | G225: 0182 | H225: =E225&G225 -> #N/A | I225: MANJOO DEVI | J225: 0 | N225: 0 | Q225: HDFC BANK LTD | R225: 50100196506626 | T225: HDFC0002895 | AC225: Old | AD225: Direct
A226: =CONCATENATE(D226,G226) -> 40390133 | B226: Bihar | C226: ASARGANJ | D226: 4039 | E226: =VLOOKUP(D226,'MPG Master'!$C$3:$I$724,7,0) -> #N/A | F226: =VLOOKUP(D226,'MPG Master'!$C$3:$D$724,2,0) -> #N/A | G226: 0133 | H226: =E226&G226 -> #N/A | I226: NISHA DEVI | J226: 0 | N226: 0 | Q226: HDFC BANK LTD | R226: 50100196509622 | T226: HDFC0002895 | AC226: Old | AD226: Direct
... A233: =CONCATENATE(D233,G233) -> 20240004 | B233: Bihar | C233: Harpur Belwa | D233: 2024 | E233: =VLOOKUP(D233,'MPG Master'!$C$3:$I$724,7,0) -> #N/A | F233: =VLOOKUP(D233,'MPG Master'!$C$3:$D$724,2,0) -> #N/A | G233: 0004 | H233: =E233&G233 -> #N/A | I233: NITIN KUMAR | J233: 0 | N233: 0 | Q233: MOHDINAGAR | R233: 0782010473521 | T233: PUNB0078220 | AC233: Old | AD233: Direct
A234: =CONCATENATE(D234,G234) -> 40230023 | B234: Bihar | C234: ASARGANJ | D234: 4023 | E234: =VLOOKUP(D234,'MPG Master'!$C$3:$I$724,7,0) -> #N/A | F234: =VLOOKUP(D234,'MPG Master'!$C$3:$D$724,2,0) -> #N/A | G234: 0023 | H234: =E234&G234 -> #N/A | I234: TRIVENY SHRMA | J234: Ayodhya Sharma | N234: 0 | Q234: HDFC BANK LTD | R234: 50100154881301 | T234: HDFC0000765 | AC234: Old | AD234: Direct
A235: =CONCATENATE(D235,G235) -> 40230112 | B235: Bihar | C235: ASARGANJ | D235: 4023 | E235: =VLOOKUP(D235,'MPG Master'!$C$3:$I$724,7,0) -> #N/A | F235: =VLOOKUP(D235,'MPG Master'!$C$3:$D$724,2,0) -> #N/A | G235: 0112 | H235: =E235&G235 -> #N/A | I235: JAYMALA DEVI | J235: 0 | N235: 0 | Q235: HDFC BANK LTD | R235: 50100324982608 | T235: HDFC0009287 | AC235: Old | AD235: Direct
...

Sheet Route Master
B2: Route Master
A3: State | B3: Route No (Old0 | D3: New Route Code | E3: Route Name | F3: BMC Name | G3: BMC Code | H3: Vehicle No | I3: Vehicle Type | J3: Vehicle Capcity (No of Cans) | K3: Vehicle Owner Name | L3: Route Kms | M3: Rate Per Km | N3: Fixed Cost | O3: Mileage | P3: Morning Arrival Time at BMC | Q3: Evening Arrival Time at BMC | R3: First MPG of Route | S3: Last MPG of Route
A4: Bihar | B4: 21 | C4: 01 | D4: =CONCATENATE(G4,C4) -> 100301 | E4: Mohanpur | F4: Asarganj | G4: =VLOOKUP(F4,'BMC Master'!$B$3:$E$16,4,0) -> 1003 | H4: NA | I4: Tata ACE | K4: Kapil kumar | L4: 154 | N4: 600 | O4: 14
A5: Bihar | B5: 23 | C5: 02 | D5: =CONCATENATE(G5,C5) -> 100302 | E5: Tarapur | F5: Asarganj | G5: =VLOOKUP(F5,'BMC Master'!$B$3:$E$16,4,0) -> 1003 | H5: NA | I5: Tata ACE | K5: Kapil kumar | L5: 140 | N5: 600 | O5: 14
A6: Bihar | B6: 12 | C6: 03 | D6: =CONCATENATE(G6,C6) -> 100303 | E6: Amaya | F6: Asarganj | G6: =VLOOKUP(F6,'BMC Master'!$B$3:$E$16,4,0) -> 1003 | H6: NA | I6: Tata ACE | K6: Kapil kumar | L6: 95 | N6: 600 | O6: 14
A7: Bihar | B7: 29 | C7: 01 | D7: =CONCATENATE(G7,C7) -> 100501 | E7: Kadwa+tintanga | F7: Jhandapur | G7: =VLOOKUP(F7,'BMC Master'!$B$3:$E$16,4,0) -> 1005 | H7: NA | I7: Tempo | K7: Mukesh Kumar | L7: 93 | N7: 600 | O7: 14
A8: Bihar | B8: 55 | C8: 01 | D8: =CONCATENATE(G8,C8) -> 100701 | E8: Luxmipur | F8: Araria | G8: =VLOOKUP(F8,'BMC Master'!$B$3:$E$16,4,0) -> 1007 | H8: NA | I8: Tata ACE | K8: Ankesh Kumar | L8: 136 | N8: 600 | O8: 14
A9: Bihar | B9: 56 | C9: 02 | D9: =CONCATENATE(G9,C9) -> 100702 | E9: Gauchaari | F9: Araria | G9: =VLOOKUP(F9,'BMC Master'!$B$3:$E$16,4,0) -> 1007 | H9: NA | I9: Tata ACE | K9: Ankesh Kumar | L9: 158 | N9: 600 | O9: 14
A10: Bihar | B10: 36 | C10: 03 | D10: =CONCATENATE(G10,C10) -> 100703 | E10: Lagar+Kabela | F10: Araria | G10: =VLOOKUP(F10,'BMC Master'!$B$3:$E$16,4,0) -> 1007 | H10: NA | I10: Tata ACE | K10: Ankesh Kumar | L10: 139 | N10: 600 | O10: 14
A11: Bihar | B11: 37 | C11: 04 | D11: =CONCATENATE(G11,C11) -> 100704 | E11: Lagar+Kabela | F11: Araria | G11: =VLOOKUP(F11,'BMC Master'!$B$3:$E$16,4,0) -> 1007 | H11: NA | I11: Tata ACE | K11: Ankesh Kumar | L11: 139 | N11: 600 | O11: 14
A12: Bihar | B12: 56VLC | C12: 05 | D12: =CONCATENATE(G12,C12) -> 100705 | E12: Viveka Yafdav | F12: Araria | G12: =VLOOKUP(F12,'BMC Master'!$B$3:$E$16,4,0) -> 1007 | H12: NA | I12: Pickup | K12: Ankesh Kumar | L12: 213 | N12: 700 | O12: 10
A13: Bihar | B13: 45 | C13: 01 | D13: =CONCATENATE(G13,C13) -> 101101 | E13: Dandari | F13: Sahibpur Kamal | G13: =VLOOKUP(F13,'BMC Master'!$B$3:$E$16,4,0) -> 1011 | H13: NA | I13: Pickup | K13: Chandan kumar | L13: 204.67742 | N13: 700 | O13: 10
A14: Bihar | B14: 48 | C14: 02 | D14: =CONCATENATE(G14,C14) -> 101102 | E14: Matihani | F14: Sahibpur Kamal | G14: =VLOOKUP(F14,'BMC Master'!$B$3:$E$16,4,0) -> 1011 | H14: NA | I14: Pickup | K14: Prem krishna Murari | L14: 160 | N14: 700 | O14: 10
A15: Bihar | B15: 48 | C15: 03 | D15: =CONCATENATE(G15,C15) -> 101103 | E15: Matihani | F15: Sahibpur Kamal | G15: =VLOOKUP(F15,'BMC Master'!$B$3:$E$16,4,0) -> 1011 | H15: NA | I15: Pickup | K15: Chandan kumar | L15: 160 | N15: 700 | O15: 10
A16: Bihar | B16: 53 | C16: 04 | D16: =CONCATENATE(G16,C16) -> 101104 | E16: Mathar | F16: Sahibpur Kamal | G16: =VLOOKUP(F16,'BMC Master'!$B$3:$E$16,4,0) -> 1011 | H16: NA | I16: Tractor | K16: Chandan kumar | L16: 108 | N16: 700 | O16: 5
A17: Bihar | B17: 51 | C17: 05 | D17: =CONCATENATE(G17,C17) -> 101105 | E17: Bisanpur | F17: Sahibpur Kamal | G17: =VLOOKUP(F17,'BMC Master'!$B$3:$E$16,4,0) -> 1011 | H17: NA | I17: Pickup | K17: Chandan kumar | L17: 126.3871 | N17: 700 | O17: 10
A18: Bihar | B18: 1 | C18: 01 | D18: =CONCATENATE(G18,C18) -> 100101 | E18: Kumbhi | F18: Majhaul | G18: =VLOOKUP(F18,'BMC Master'!$B$3:$E$16,4,0) -> 1001 | H18: NA | I18: Pickup | K18: Ghanshyam kumar | L18: 157.29412 | N18: 600 | O18: 14
A19: Bihar | B19: 2 | C19: 02 | D19: =CONCATENATE(G19,C19) -> 100102 | E19: Kaura | F19: Majhaul | G19: =VLOOKUP(F19,'BMC Master'!$B$3:$E$16,4,0) -> 1001 | H19: NA | I19: Tata ACE | K19: Bambam | L19: 162 | N19: 600 | O19: 14
A20: Bihar | B20: 3 | C20: 03 | D20: =CONCATENATE(G20,C20) -> 100103 | E20: Birpur | F20: Majhaul | G20: =VLOOKUP(F20,'BMC Master'!$B$3:$E$16,4,0) -> 1001 | H20: NA | I20: Tata ACE | K20: Maa Katayani | L20: 140 | N20: 600 | O20: 14
A21: Bihar | B21: 59 | C21: 01 | D21: =CONCATENATE(G21,C21) -> 100801 | E21: Rani | F21: Teghra | G21: =VLOOKUP(F21,'BMC Master'!$B$3:$E$16,4,0) -> 1008 | H21: NA | I21: Pickup | K21: Maa Katayani | L21: 196.35484 | N21: 700 | O21: 10
A22: Bihar | B22: 60 | C22: 02 | D22: =CONCATENATE(G22,C22) -> 100802 | E22: Bakhatpur | F22: Teghra | G22: =VLOOKUP(F22,'BMC Master'!$B$3:$E$16,4,0) -> 1008 | H22: NA | I22: Tata Ace | K22: Maa Katayani | L22: 160 | N22: 600 | O22: 14
A23: Bihar | B23: 5 | C23: 01 | D23: =CONCATENATE(G23,C23) -> 100201 | E23: Lal Diyara | F23: Laldiyara | G23: =VLOOKUP(F23,'BMC Master'!$B$3:$E$16,4,0) -> 1002 | H23: NA | I23: Pickup | K23: Akash kumar | L23: 152 | N23: 700 | O23: 10
A24: Bihar | B24: 50 | C24: 02 | D24: =CONCATENATE(G24,C24) -> 100202 | E24: Pipariya | F24: Laldiyara | G24: =VLOOKUP(F24,'BMC Master'!$B$3:$E$16,4,0) -> 1002 | H24: NA | I24: Tractor | K24: Akash kumar | L24: 112 | N24: 700 | O24: 5
... A38: Bihar | B38: 36 | C38: 05 | D38: =CONCATENATE(G38,C38) -> 101405 | E38: Dhirendra kumar | F38: Dumraon | G38: =VLOOKUP(F38,'BMC Master'!$B$3:$E$16,4,0) -> 1014 | H38: NA | I38: Tata ACE | K38: Dhirendra kumar/Baliram | L38: 138 | N38: 533 | O38: 14
A39: Bihar | B39: New | C39: 06 | D39: =CONCATENATE(G39,C39) -> 101406 | E39: Kaithi | F39: Dumraon | G39: =VLOOKUP(F39,'BMC Master'!$B$3:$E$16,4,0) -> 1014 | H39: NA | I39: Tempo | K39: Santosh kumar (Shayak) | L39: 0 | N39: 500 | O39: 0
A40: Bihar | B40: 9 | C40: 01 | D40: =CONCATENATE(G40,C40) -> 100601 | E40: Bijluiya | F40: Sonvarsha | G40: =VLOOKUP(F40,'BMC Master'!$B$3:$E$16,4,0) -> 1006 | H40: NA | I40: Tractor | K40: Narayan Singh | L40: 150 | N40: 700 | O40: 5
A41: Bihar | B41: 16 | C41: 02 | D41: =CONCATENATE(G41,C41) -> 100602 | E41: Sonvarsha | F41: Sonvarsha | G41: =VLOOKUP(F41,'BMC Master'!$B$3:$E$16,4,0) -> 1006 | H41: NA | I41: Tractor | K41: Narayan Singh | L41: 160 | N41: 700 | O41: 5
A42: Bihar | B42: 3 | C42: 03 | D42: =CONCATENATE(G42,C42) -> 100603 | E42: Mano | F42: Sonvarsha | G42: =VLOOKUP(F42,'BMC Master'!$B$3:$E$16,4,0) -> 1006 | H42: NA | I42: Pickup | K42: Narayan Singh | L42: 140 | N42: 700 | O42: 10
A43: Bihar | B43: 6 | C43: 04 | D43: =CONCATENATE(G43,C43) -> 100604 | E43: Hussaina | F43: Sonvarsha | G43: =VLOOKUP(F43,'BMC Master'!$B$3:$E$16,4,0) -> 1006 | H43: NA | I43: Pickup | K43: Narayan Singh | L43: 130 | N43: 700 | O43: 10
A44: Bihar | B44: 18 | C44: 01 | D44: =CONCATENATE(G44,C44) -> 100901 | E44: PARSHAMA | F44: Halsi | G44: =VLOOKUP(F44,'BMC Master'!$B$3:$E$16,4,0) -> 1009 | H44: NA | I44: Pickup | K44: Nitesh Kumar | L44: 150 | N44: 700 | O44: 10
A45: Bihar | B45: 35 | C45: 02 | D45: =CONCATENATE(G45,C45) -> 100902 | E45: Halsi | F45: Halsi | G45: =VLOOKUP(F45,'BMC Master'!$B$3:$E$16,4,0) -> 1009 | H45: NA | I45: Pickup | K45: Nitesh Kumar | L45: 160 | N45: 700 | O45: 10
A46: Bihar | B46: 44 | C46: 03 | D46: =CONCATENATE(G46,C46) -> 100903 | E46: KHAIRMA | F46: Halsi | G46: =VLOOKUP(F46,'BMC Master'!$B$3:$E$16,4,0) -> 1009 | H46: NA | I46: Pickup | K46: Nitesh Kumar | L46: 180 | N46: 700 | O46: 10

Sheet RMC Master
A1: MPG Master
A2: Sl. No. | B2: State | C2: RMC Name | D2: Old Code | E2: Type | F2: Address | G2: Connected BMC /RMC/Plant | H2: Sahayak Name | I2: Sahayak DOB | J2: Sahayak's Father Name | K2: Sahayak Contact No | L2: Bank Account Number | M2: Bank Name | N2: Bank IFSC Code | O2: Branch Name | P2: Supervisor Name | Q2: Route | R2: Route Code
A3: 1 | B3: Bihar | E3: RMC
A4: =+A3+1 -> 2
A5: =+A4+1 -> 3
A6: =+A5+1 -> 4
A7: =+A6+1 -> 5
A8: =+A7+1 -> 6
A9: =+A8+1 -> 7
A10: =+A9+1 -> 8
A11: =+A10+1 -> 9
A12: =+A11+1 -> 10
A13: =+A12+1 -> 11
A14: =+A13+1 -> 12
A15: =+A14+1 -> 13
... A55: =+A54+1 -> 53

Sheet Bulk vendor master
A1: MPG Master
A2: Sl. No. | B2: State | C2: VLC Name | D2: Old Code | E2: Type | F2: Address | G2: Connected BMC /RMC/Plant | H2: Vendor Name | I2: DOB | J2: Vendor Father Name | K2: Vendor Contact No | L2: Bank Account Number | M2: Bank Name | N2: Bank IFSC Code | O2: Branch Name | P2: Supervisor Name | Q2: Route | R2: Route Code
A3: 1 | B3: Bihar | C3: MUNESHWARI AGO PVT.LTD. | D3: 6318 | E3: Vendor | L3: 20592000000272 | M3: HDFC Bank
A4: =+A3+1 -> 2 | B4: Bihar | C4: Janki Dairy(Samastipur) | D4: 6696 | E4: Vendor | L4: 20592000000272 | M4: HDFC Bank
A5: =+A4+1 -> 3 | B5: Bihar | C5: MAA DURGA DAIRY | D5: 6336 | E5: Vendor | L5: 27690210000540 | M5: UCO BANK | N5: UCBA0002769
A6: =+A5+1 -> 4 | B6: Bihar | C6: KAUSHIKEE MAHILA MILK PRODUCERS | D6: 6425 | E6: Vendor | L6: 57500000304102 | M6: HDFC Bank | N6: HDFC0004361
A7: =+A6+1 -> 5 | B7: Bihar | C7: DAU BABA DAIRY | D7: 6435 | E7: Vendor | L7: 923030008775170 | M7: Axis Bank | N7: UTIB0000643
A8: =+A7+1 -> 6 | B8: Bihar | C8: JAIN DAIRY | D8: 6508 | E8: Vendor | L8: 38938998193 | M8: State Bank Of India | N8: SBIN0000328
A9: =+A8+1 -> 7 | B9: Bihar | C9: MOO MARK DAIRY | D9: 6538 | E9: Vendor | L9: 3145355349 | M9: KOTAK MAHINDRA BANK | N9: KKBK0008057
A10: =+A9+1 -> 8 | B10: Bihar | C10: Ever Fresh Dairy & Milk Products | D10: 6597 | E10: Vendor | L10: 50200061590430 | M10: HDFC Bank | N10: HDFC0000944
A11: =+A10+1 -> 9 | B11: Bihar | C11: Nature Fresh Industries | D11: 6684 | E11: Vendor | L11: 27790500000025 | M11: BANK OF BARODA | N11: BARB0BHUVAR

Sheet Vendor Master
A2: Party Master
A3: Sl. NO. | B3: Party Type | C3: Party Name | D3: Party Address | E3: Party Mobile No | F3: Party Email Id | G3: Date Of Registration | H3: GSTNo | I3: Bank Name | J3: Bank Account Number | K3: Bank Branch Name | L3: Bank IFSC Code

Sheet Supervisor Master
A1: Supervisor Master
A2: Sl. No. | B2: State | C2: Supervisor Name | D2: Contact No. | E2: Address | F2: City | G2: Joining Date | H2: Status
A3: 1 | B3: Bihar | C3: Arvind Kumar | D3: 9709960504 | E3: Village: Sundarpur Basudeopur, PO: Kotwali, Distt: Munger - 811202 | F3: Munger | G3: 42461 | H3: Active
A4: 2 | B4: Bihar | C4: Gopal Kumar | D4: 8292521373 | E4: Village: Abgil Rampur, Distt: Lakhisarai - 811106 | F4: Hussaina & Luckhisarai | G4: 42461 | H4: Active
A5: 3 | B5: Bihar | C5: Manoj Kumar Pal | D5: 6204085673 | E5: Village: Laxmanpur, Jamalpur, Munger - 811214 | F5: Jamalpur | G5: 42461 | H5: Inactive
A6: 4 | B6: Bihar | C6: Madan Mohan Gopal | D6: 7488913257 | E6: Village: Hathiyouk, PO: Hathiyouk, PS: Hathiyouk, Distt: Bhagalpur - 813213 | F6: Asarganj | G6: 42461 | H6: Active
A7: 5 | B7: Bihar | C7: Rishideo | D7: 6203149848 | E7: Village: Sajua, PO: Hathiyouk, PS: Asarganj, Distt: Munger - 813213 | F7: Asarganj | G7: 42461 | H7: Active
A8: 6 | B8: Bihar | C8: Shashi Ranjan Chaudhary | D8: 7546041081 | E8: Village: Pipra, Post: Keshavnagar, PS: Chautham, Distt: Khagaria - 851201 | F8: Maheshkhut | G8: 42887 | H8: Active
A9: 7 | B9: Bihar | C9: Uma Kant | D9: 9430666914 | E9: Village: Mahadevpur, Mahuli, Basudeopur, Munger - 811202 | F9: Munger | G9: 42887 | H9: Active
A10: 8 | B10: Bihar | C10: Arjun Kumar | D10: 7488351883 | E10: Village: Abgil Rampur, Distt: Lakhisarai - 811106 | F10: Hussaina | G10: 42887 | H10: Inactive
A11: 9 | B11: Bihar | C11: Gautam Kumar | D11: 8102487776 | E11: Village & PO: Shivkund, PO: Darahra, Distt: Munger - 811202 | F11: Rehua | G11: 42856 | H11: Active
A12: 10 | B12: Bihar | C12: Mukesh Kumar | D12: 7779868817 | E12: Village: Naya Tola Fulka, PO: Jamalpur, Distt: Munger - 811214 | F12: Jamalpur | G12: 42826 | H12: Active
A13: 11 | B13: Bihar | C13: Prashant Kumar | D13: 6203424727 | E13: Village: Walipur Ward No. 10, Distt: Lakhisarai | F13: Lakhisarai | G13: 42880 | H13: Inactive
A14: 12 | B14: Bihar | C14: Devnandan Kumar Singh | D14: 9798630440 | E14: Village: Adlupur, PO: Amari, PS: Dharahra, Distt: Munger - 811212 | F14: Dharahra | G14: 42906 | H14: Active
... A16: 14 | B16: Bihar | C16: Binod Kumar | D16: 6203855044 | E16: Village & PO: Kabela, PS: Parbatta, Distt: Khagaria - 851215 | F16: Parbatta | G16: 42887 | H16: Active
A17: 15 | B17: Bihar | C17: Nalindra Kumar Sharma | D17: 8678862690 | F17: Begusarai | G17: 43070 | H17: Active
A18: 16 | B18: Bihar | C18: Santosh Kumar Thakur | D18: 7397690356 | E18: Village & PO: Bihat Ward 26, PS: Barauni, Distt: Begusarai - 851135 | F18: Majhaul | G18: 43262 | H18: Active
A19: 17 | B19: Bihar | C19: Mukesh Kumar | D19: 8709191188 | E19: Village: Dadhisir, PO: Bannubagicha, PS: Chanan, Distt: Lakhisarai - 811 910 | F19: Lakhisarai | G19: 43191 | H19: Active
A20: 18 | B20: Bihar | C20: Satish Singh | D20: 9608827707 | E20: Village: Vadraylay, PO: Borna, Distt: Khagaria - 851213 | F20: Maheshkhut | G20: 43344 | H20: Active
A21: 19 | B21: Bihar | C21: Rohit Kumar | D21: 8051434251 | E21: Village & PO: Sanhauli, PS: Chitraguptnagar, Distt: Khagaria - 851205 | F21: Jhandapur | G21: 43421 | H21: Inactive
A22: 20 | B22: Bihar | C22: Jitendra Kumar | D22: 8804778101 | E22: Mekra Naya Tola Mekra Dih Ward No. 5, Mokameh, Patna - 803 221 | F22: Mokama | G22: 43414 | H22: Active
A23: 21 | B23: Bihar | C23: Anuj Kumar | D23: 9525889092 | E23: Domodih, PO: Kumarpur, PS: Fullidumar, Distt: Banka - 813211 | F23: Jhandapur | G23: 43477 | H23: Active
A24: 22 | B24: Bihar | C24: Vishwajit Kumar | D24: 6200712168 | E24: Village & PO: Janakpur, PS: Ujiarpur, VIA: Dalsinghsarai, Distt: Samastipur - 848114 | F24: Dalsinghsarai | G24: 43535 | H24: Active
A25: 23 | B25: Bihar | C25: Binay Kumar | D25: 7004752263 | E25: Nilam Cinema Pani Tanki Road, Distt: Munger - 811 201 | F25: Daya Lab | G25: 43549 | H25: Active
A26: 24 | B26: Bihar | C26: Shashi Ranjan Chaudhary | D26: 7546041081 | E26: Balia | F26: Begusarai | G26: 42887 | H26: Active
A27: 25 | B27: Bihar | C27: Jitendra Kumar | D27: 8804778101 | E27: Surajgarha | F27: Luckhisarai | G27: 43414 | H27: Active
A28: 26 | B28: Bihar | C28: Tinku Kumar | D28: 8789801568 | E28: At-Madhura,Post-Tarapur,Dist-Munger-813221 | F28: Munger | G28: 42900 | H28: Active
A29: 27 | B29: West Bengal | C29: Subhankar Ghosh | D29: 8515809288 | E29: Village: Hematpur, PO: Bajitpur, PS: Dhaniakhali, Dist: Hooghly, West Bengal-712405 | F29: Hooghly | G29: 43600 | H29: Active
... A63: 61 | B63: West Bengal | C63: Subir Mondal | D63: 7384951804 | E63: Village: Sasthitala, Bachhra, PO: Bachhra, PS: Shaktipur, Dist: Murshidabad, West Bengal-742163 | F63: Murshidabad | G63: 44736 | H63: Active
