Workbook

Sheet Sumarry
C2: State wise BMC wise Gain/(Loss)
C3: State | D3: Type | E3: Code | F3: BMC Name | G3: MTD Volume | H3: Vol Kg | I3: FAT kg | J3: SNF Kg | K3: FAT Rate | L3: SNF Rate | M3: Amount | N3: Loss/gain per Kg | O3: Day book received till | P3: Remarks
C4: BR | D4: Daya BMC | E4: 1001 | F4: Majhaul | G4: =Manjhaul!J66 -> 26816.874 | H4: =+Manjhaul!AM66 -> 261.126 | I4: =+Manjhaul!AN66 -> 48.795753 | J4: =+Manjhaul!AO66 -> 20.51428 | K4: 480.53255 | L4: 299.4911 | M4: =I4*K4+J4*L4 -> 29591.792 | N4: =M4/G4 -> 1.1034766 | O4: 46212 | P4: Report till updated 09th July 26 | U4: Remarks
C5: BR | D5: Daya BMC | E5: 1058 | F5: Hasanpur | G5: =Hasanpur!J66 -> 14494.706 | H5: =+Hasanpur!AM66 -> 674.2941 | I5: =+Hasanpur!AN66 -> 15.997696 | J5: =+Hasanpur!AO66 -> 34.055125 | K5: 480.53255 | L5: 299.4911 | M5: =I5*K5+J5*L5 -> 17886.62 | N5: =M5/G5 -> 1.2340106 | O5: 46212 | P5: Report till updated 09th July 26 | V5: Challan Missing | X5: Milk reject | Z5: Out Side sell
C6: BR | D6: Daya BMC | E6: 1011 | F6: Sahibpur Kamal | G6: =+'Sahibpur Kamal'!J66 -> 88653.748 | H6: =+'Sahibpur Kamal'!AM66 -> 290.252 | I6: =+'Sahibpur Kamal'!AN66 -> 61.270743 | J6: =+'Sahibpur Kamal'!AO66 -> 10.267126 | K6: 480.53255 | L6: 299.4911 | M6: =I6*K6+J6*L6 -> 32517.499 | N6: =M6/G6 -> 0.36679215 | O6: 46212 | P6: Report till updated 09th July 26
C7: BR | D7: Daya BMC | E7: 1011 | F7: Bachhwara | G7: =+Bachhwara!J66 -> 7173.744 | H7: =+Bachhwara!AM66 -> 48.256 | I7: =+Bachhwara!AN66 -> 3.024401 | J7: =+Bachhwara!AO66 -> 1.941775 | K7: 480.53255 | L7: 299.4911 | M7: =I7*K7+J7*L7 -> 2034.8674 | N7: =M7/G7 -> 0.28365487 | O7: 46212 | P7: Report till updated 09th July 26
C8: BR | D8: Daya BMC | E8: 1012 | F8: Dalsingsarai | G8: =+Dalsingsarai!J66 -> 77497.664 | H8: =+Dalsingsarai!AM66 -> 43.3365 | I8: =+Dalsingsarai!AN66 -> -31.286379 | J8: =+Dalsingsarai!AO66 -> -4.4184238 | K8: 480.53255 | L8: 299.4911 | M8: =I8*K8+J8*L8 -> -16357.402 | N8: =M8/G8 -> -0.21106961 | O8: 46212 | P8: Report till updated 09th July 26
C9: BR | D9: Daya BMC | E9: 1054 | F9: Alauli | G9: =+Alauli!J66 -> 44781.104 | H9: =+Alauli!AM66 -> -101.604 | I9: =+Alauli!AN66 -> -21.465775 | J9: =+Alauli!AO66 -> 2.81704 | K9: 480.53255 | L9: 299.4911 | M9: =I9*K9+J9*L9 -> -9471.3251 | N9: =M9/G9 -> -0.21150272 | O9: 46212 | P9: Report till updated 09th July 26
C10: BR | D10: Daya BMC | E10: 1055 | F10: Matihani | G10: =+Matihani!J66 -> 49563.909 | H10: =+Matihani!AM66 -> 301.091 | I10: =+Matihani!AN66 -> 1.668958 | J10: =+Matihani!AO66 -> 21.910306 | K10: 480.53255 | L10: 299.4911 | M10: =I10*K10+J10*L10 -> 7363.9302 | N10: =M10/G10 -> 0.14857444 | O10: 46212 | P10: Report till updated 09th July 26
C11: BR | D11: Daya BMC | E11: 1013 | F11: Musrigharari | G11: =+Musrigharari!R66 -> 37047.761 | H11: =+Musrigharari!AM66 -> 186.239 | I11: =+Musrigharari!AN66 -> 6.691964 | J11: =+Musrigharari!AO66 -> 19.646627 | K11: 480.53255 | L11: 299.4911 | M11: =I11*K11+J11*L11 -> 9099.6964 | N11: =M11/G11 -> 0.24562068 | O11: 46212 | P11: Report till updated 09th July 26
C12: BR | D12: Daya BMC | E12: 1013 | F12: Mahua | G12: =+Mahua!R66 -> 20488.039 | H12: =+Mahua!AM66 -> 238.561 | I12: =+Mahua!AN66 -> 15.70455 | J12: =+Mahua!AO66 -> -27.385072 | K12: 480.53255 | L12: 299.4911 | M12: =I12*K12+J12*L12 -> -655.03787 | N12: =M12/G12 -> -0.031971721 | O12: 46212 | P12: Report till updated 09th July 26
C13: BR | D13: Daya BMC | E13: 1014 | F13: Dumrao | G13: =+Buxar!J66 -> 55784.934 | H13: =+Buxar!AM66 -> 771.3661 | I13: =+Buxar!AN66 -> 75.938957 | J13: =+Buxar!AO66 -> -107.56531 | K13: 480.53255 | L13: 299.4911 | M13: =I13*K13+J13*L13 -> 4276.2861 | N13: =M13/G13 -> 0.076656649 | O13: 46212 | P13: Report till updated 09th July 26
C14: BR | D14: Daya BMC | E14: 1014 | F14: Gaighat | G14: =+Gaighat!J66 -> 24573.884 | H14: =+Gaighat!AM66 -> 374.3158 | I14: =+Gaighat!AN66 -> 38.679331 | J14: =+Gaighat!AO66 -> 59.0438 | K14: 480.53255 | L14: 299.4911 | M14: =I14*K14+J14*L14 -> 36269.77 | N14: =M14/G14 -> 1.4759478 | O14: 46212 | P14: Report till updated 09th July 26
C15: BR | D15: Daya BMC | E15: 1014 | F15: Rosera | G15: =+Rosera!J66 -> 10468.714 | H15: =+Rosera!AM66 -> 83.766 | I15: =+Rosera!AN66 -> 5.82347 | J15: =+Rosera!AO66 -> -6.285059 | K15: 480.53255 | L15: 299.4911 | M15: =I15*K15+J15*L15 -> 916.04765 | N15: =M15/G15 -> 0.08750336 | O15: 46212 | P15: Report till updated 09th July 26
C16: BR | D16: Daya BMC | E16: 1057 | F16: Warisnagar | G16: =+Warisnagar!J66 -> 28981.831 | H16: =+Warisnagar!AM66 -> 320.669 | I16: =+Warisnagar!AN66 -> 55.58361 | J16: =+Warisnagar!AO66 -> -35.289097 | K16: 480.53255 | L16: 299.4911 | M16: =I16*K16+J16*L16 -> 16140.963 | N16: =M16/G16 -> 0.55693387 | O16: 46212 | P16: Report till updated 09th July 26
C17: BR | D17: Daya BMC | E17: 1053 | F17: Kalyanpur | G17: =+Kalyanpur!J66 -> 96953.9 | H17: =+Kalyanpur!AM66 -> 732.4 | I17: =+Kalyanpur!AN66 -> 43.146032 | J17: =+Kalyanpur!AO66 -> 43.531386 | K17: 480.53255 | L17: 299.4911 | M17: =I17*K17+J17*L17 -> 33770.335 | N17: =M17/G17 -> 0.34831333 | O17: 46212 | P17: Report till updated 09th July 26
C18: Bihar Daya BMCTotal | G18: =SUM(G4:G17) -> 583280.81 | H18: =SUM(H4:H17) -> 4224.0685 | I18: =SUM(I4:I17) -> 319.57331 | J18: =SUM(J4:J17) -> 32.784498 | K18: =SUM(K4:K17) -> 6727.4556 | L18: =SUM(L4:L17) -> 4192.8754 | M18: =SUM(M4:M17) -> 163384.04 | N18: =M18/G18 -> 0.28011215
C20: BR | D20: Daya BMC | E20: 1064 | F20: Singhia | G20: ='Singhia '!J66 -> 12225.163 | H20: =+'Singhia '!AM66 -> -204.1627 | I20: =+'Singhia '!AN66 -> -58.039519 | J20: =+'Singhia '!AO66 -> -52.151576 | K20: 480.53255 | L20: 299.4911 | M20: =I20*K20+J20*L20 -> -43508.811 | N20: =M20/G20 -> -3.5589556 | O20: 46212 | P20: Report till updated 09th July 26
C21: BR | D21: SP BMC | E21: 1002 | F21: Laldiyara | G21: =+Laldiyara!J66 -> 139854.84 | H21: =+Laldiyara!AM66 -> 3085.158 | I21: =+Laldiyara!AN66 -> -29.924831 | J21: =+Laldiyara!AO66 -> 101.31268 | K21: 480.53255 | L21: 299.4911 | M21: =I21*K21+J21*L21 -> 15962.391 | N21: =M21/G21 -> 0.11413542 | O21: 46212 | P21: Report till updated 09th July 26
C22: BR | D22: SP BMC | E22: 1003 | F22: Asarganj | G22: =+Asarganj!J66 -> 113470.1 | H22: =+Asarganj!AM66 -> -1080.1045 | I22: =+Asarganj!AN66 -> 21.545848 | J22: =+Asarganj!AO66 -> -8.852215 | K22: 480.53255 | L22: 299.4911 | M22: =I22*K22+J22*L22 -> 7702.3219 | N22: =M22/G22 -> 0.067879746 | O22: 46212 | P22: Report till updated 09th July 26
C23: BR | D23: SP BMC | E23: 1010 | F23: Parbatta | G23: =+Parbatta!J66 -> 54711.025 | H23: =+Parbatta!AM66 -> 423.975 | I23: =+Parbatta!AN66 -> -19.207066 | J23: =+Parbatta!AO66 -> 22.597649 | K23: 480.53255 | L23: 299.4911 | M23: =I23*K23+J23*L23 -> -2461.8256 | N23: =M23/G23 -> -0.044996884 | O23: 46212 | P23: Report till updated 09th July 26
C24: BR | D24: SP RMC | E24: 1048 | F24: Mahadatpur | G24: =+Madhatpur!J66 -> 8510.684 | H24: =+Madhatpur!AM66 -> -23.684 | I24: =+Madhatpur!AN66 -> -16.274538 | J24: =+Madhatpur!AO66 -> -6.859237 | K24: 480.53255 | L24: 299.4911 | M24: =I24*K24+J24*L24 -> -9874.7256 | N24: =M24/G24 -> -1.160274 | O24: 46212 | P24: Report till updated 09th July 26
C25: BR | D25: SP RMC | E25: 1056 | F25: Chautham | G25: =+Chautham!J66 -> 31197.299 | H25: =+Chautham!AM66 -> -850.2992 | I25: =+Chautham!AN66 -> 15.181268 | J25: =+Chautham!AO66 -> -22.434739 | K25: 480.53255 | L25: 299.4911 | M25: =I25*K25+J25*L25 -> 576.08855 | N25: =M25/G25 -> 0.018465975 | O25: 46212 | P25: Report till updated 09th July 26
C26: BR | D26: SP BMC | E26: 1006 | F26: Sonvarsha | G26: =+Sonvarsha!J66 -> 65847.282 | H26: =+Sonvarsha!AM66 -> -85.282 | I26: =+Sonvarsha!AN66 -> -60.535826 | J26: =+Sonvarsha!AO66 -> 113.82328 | K26: 480.53255 | L26: 299.4911 | M26: =I26*K26+J26*L26 -> 4999.6238 | N26: =M26/G26 -> 0.075927566 | O26: 46212 | P26: Report till updated 09th July 26
C27: BR | D27: SP BMC | E27: 1059 | F27: Gopalpur | G27: =+Gopalpur!J66 -> 22450.817 | H27: =+Gopalpur!AM66 -> 111.1827 | I27: =+Gopalpur!AN66 -> -6.6929021 | J27: =+Gopalpur!AO66 -> 15.498259 | K27: 480.53255 | L27: 299.4911 | M27: =I27*K27+J27*L27 -> 1425.4332 | N27: =M27/G27 -> 0.063491372 | O27: 46212 | P27: Report till updated 09th July 26
C28: BR | D28: SP BMC | E28: 1007 | F28: Aariya | G28: =+Araiya!J66 -> 91716.865 | H28: =+Araiya!AM66 -> 422.435 | I28: =+Araiya!AN66 -> 29.618592 | J28: =+Araiya!AO66 -> -30.884407 | K28: 480.53255 | L28: 299.4911 | M28: =I28*K28+J28*L28 -> 4983.0925 | N28: =M28/G28 -> 0.054331256 | O28: 46212 | P28: Report till updated 09th July 26
C29: BR | D29: SP BMC | E29: 1008 | F29: Teghra | G29: =+Teghra!J66 -> 42795.161 | H29: =+Teghra!AM66 -> -60.161 | I29: =+Teghra!AN66 -> -15.438211 | J29: =+Teghra!AO66 -> 28.144357 | K29: 480.53255 | L29: 299.4911 | M29: =I29*K29+J29*L29 -> 1010.4215 | N29: =M29/G29 -> 0.023610649 | O29: 46212 | P29: Report till updated 09th July 26
C30: BR | D30: SP BMC | E30: 1009 | F30: Halsi | G30: =+Halsi!J66 -> 89948.767 | H30: =+Halsi!AM66 -> -1258.767 | I30: =+Halsi!AN66 -> 66.279145 | J30: =+Halsi!AO66 -> -76.154779 | K30: 480.53255 | L30: 299.4911 | M30: =I30*K30+J30*L30 -> 9041.608 | N30: =M30/G30 -> 0.10051953 | O30: 46212 | P30: Report till updated 09th July 26
C31: Bihar Service Provider Total | G31: =SUM(G21:G30) -> 660502.85 | H31: =SUM(H21:H30) -> 684.453 | I31: =SUM(I21:I30) -> -15.448521 | J31: =SUM(J21:J30) -> 136.19085 | K31: =SUM(K21:K30) -> 4805.3255 | L31: =SUM(L21:L30) -> 2994.911 | M31: =SUM(M21:M30) -> 33364.429 | N31: =M31/G31 -> 0.050513679
C33: =C3 -> State | D33: =D3 -> Type | E33: =E3 -> Code | F33: =F3 -> BMC Name | G33: =G3 -> MTD Volume | H33: =H3 -> Vol Kg | I33: =I3 -> FAT kg | J33: =J3 -> SNF Kg | ... P33: =P3 -> Remarks
C34: JH | D34: SP RMC | E34: 2001 | F34: Itki | G34: 43466.814 | H34: 230.8563 | I34: -43.968506 | J34: -36.410451 | K34: 436.77 | L34: 296.6 | M34: =I34*K34+J34*L34 -> -30003.464 | N34: =M34/G34 -> -0.69026141 | O34: 46212 | P34: Report till updated 09th July 26
C35: JH | D35: SP RMC | E35: 2002 | F35: Pali | G35: 49149.138 | H35: -367.1383 | I35: 32.8034 | J35: -28.5229 | K35: 436.77 | L35: 296.6 | M35: =I35*K35+J35*L35 -> 5867.6489 | N35: =M35/G35 -> 0.11938457 | O35: 46212 | P35: Report till updated 09th July 26
C36: JH | D36: SP RMC | E36: 2003 | F36: Hisri Thakurgaon | G36: 11085.375 | H36: 100.045 | I36: -3.801873 | J36: -4.887925 | K36: 436.77 | L36: 296.6 | M36: =I36*K36+J36*L36 -> -3110.3026 | N36: =M36/G36 -> -0.28057712 | O36: 46212 | P36: Report till updated 09th July 26
C37: JH | D37: SP RMC | E37: 2004 | F37: Choreya | G37: 9545.6074 | H37: 369.1026 | I37: -3.114093 | J37: 5.294575 | K37: 436.77 | L37: 296.6 | M37: =I37*K37+J37*L37 -> 210.22855 | N37: =M37/G37 -> 0.02202359 | O37: 46212 | P37: Report till updated 09th July 26
C38: JH | D38: SP RMC | E38: 2005 | F38: Baski | G38: 0 | H38: 0 | I38: 0 | J38: 0 | K38: 436.77 | L38: 296.6 | M38: =I38*K38+J38*L38 -> 0 | N38: =M38/G38 -> #DIV/0! | O38: 46212 | P38: Report till updated 09th July 26
C39: JH | D39: SP RMC | E39: 2006 | F39: Ormanjhi Rmc | G39: 19665.687 | H39: -120.687 | I39: 3.0232 | J39: -2.5004 | K39: 436.77 | L39: 296.6 | M39: =I39*K39+J39*L39 -> 578.82442 | N39: =M39/G39 -> 0.029433217 | O39: 46212 | P39: Report till updated 09th July 26
C40: JH | D40: SP RMC | E40: 2007 | F40: Piragutu Rmc | G40: 13812.558 | H40: 166.2925 | I40: -1.948 | J40: -9.1776 | K40: 436.77 | L40: 296.6 | M40: =I40*K40+J40*L40 -> -3572.9041 | N40: =M40/G40 -> -0.25867071 | O40: 46212 | P40: Report till updated 09th July 26
C41: JH | D41: SP RMC | E41: 2008 | F41: Bhandra | G41: 22127.16 | H41: 127.8396 | I41: -1.7436 | J41: -7.9683 | K41: 436.77 | L41: 296.6 | M41: =I41*K41+J41*L41 -> -3124.95 | N41: =M41/G41 -> -0.14122689 | O41: 46212 | P41: Report till updated 09th July 26
C42: JH | D42: SP RMC | E42: 2009 | F42: Chanho | G42: 19902.051 | H42: 164.9486 | I42: 5.0257 | J42: -6.8641 | K42: 436.77 | L42: 296.6 | M42: =I42*K42+J42*L42 -> 159.18293 | N42: =M42/G42 -> 0.0079983177 | O42: 46212 | P42: Report till updated 09th July 26
C43: Jharkhand Total | G43: =SUM(G34:G42) -> 188754.39 | H43: =SUM(H34:H42) -> 671.2593 | I43: =SUM(I34:I42) -> -13.723772 | J43: =SUM(J34:J42) -> -91.037101 | K43: =SUM(K34:K41) -> 3494.16 | L43: =SUM(L34:L41) -> 2372.8 | M43: =SUM(M34:M42) -> -32995.736 | N43: =M43/G43 -> -0.17480778
C45: =C33 -> State | D45: =D33 -> Type | E45: =E33 -> Code | F45: =F33 -> BMC Name | G45: =G33 -> MTD Volume | H45: =H33 -> Vol Kg | I45: =I33 -> FAT kg | J45: =J33 -> SNF Kg | ... P45: =P33 -> Remarks
C46: WB | D46: Daya BMC | E46: B020 | F46: Arasul | G46: 67528.1 | H46: 528.3 | I46: 58.1622 | J46: -41.97012 | K46: 420.58 | L46: 296.6 | M46: =I46*K46+J46*L46 -> 12013.52 | N46: =M46/G46 -> 0.17790402 | O46: 46214 | P46: Report till updated 11th July 26
C47: WB | D47: Daya BMC | E47: B022 | F47: Karnasubarna | G47: 44467.58 | H47: 82.42 | I47: 20.0016 | J47: -24.379 | K47: 420.58 | L47: 296.6 | M47: =I47*K47+J47*L47 -> 1181.4615 | N47: =M47/G47 -> 0.026569054 | O47: 46211 | P47: Report till updated 08th July 26
C48: WB | D48: Daya BMC | E48: B026 | F48: Bachra | G48: 15690.9 | H48: 32.6 | I48: 2.7325 | J48: 5.74675 | K48: 420.58 | L48: 296.6 | M48: =I48*K48+J48*L48 -> 2853.7209 | N48: =M48/G48 -> 0.18187108 | O48: 46212 | P48: Report till updated 09th July 26
C49: WB | D49: Daya BMC | E49: B031 | F49: kandi | G49: 41673.2 | H49: 3316.8 | I49: -135.5367 | J49: 207.5939 | K49: 420.58 | L49: 296.6 | M49: =I49*K49+J49*L49 -> 4568.3255 | N49: =M49/G49 -> 0.10962262 | O49: 46212 | P49: Report till updated 09th July 26
C50: WB | D50: Daya BMC | E50: B004 | F50: Haripal | G50: 26274.5 | H50: -40.7 | I50: 44.8679 | J50: 2.18415 | K50: 420.58 | L50: 296.6 | M50: =I50*K50+J50*L50 -> 19518.36 | N50: =M50/G50 -> 0.74286324 | O50: 46214 | P50: Report till updated 11th July 26
C51: WB | D51: Daya BMC | E51: B014 | F51: Kaochmali | G51: 45636.2 | H51: -221 | I51: 72.2971 | J51: -147.23352 | K51: 420.58 | L51: 296.6 | M51: =I51*K51+J51*L51 -> -13262.748 | N51: =M51/G51 -> -0.29061902 | O51: 46214 | P51: Report till updated 11th July 26
C52: WB | D52: Daya BMC | E52: B028 | F52: Deulpara | G52: 47976.9 | H52: 118.4 | I52: 81.46612 | J52: 19.23212 | K52: 420.58 | L52: 296.6 | M52: =I52*K52+J52*L52 -> 39967.268 | N52: =M52/G52 -> 0.83305231 | O52: 46214 | P52: Report till updated 11th July 26
C53: WB | D53: Daya BMC | E53: B016 | F53: Uchalan | G53: 15468.9 | H53: -298.9 | I53: 1.4079 | J53: -31.0812 | K53: 420.58 | L53: 296.6 | M53: =I53*K53+J53*L53 -> -8626.5493 | N53: =M53/G53 -> -0.55767051 | O53: 46214 | P53: Report till updated 11th July 26
C54: WB | D54: Daya BMC | E54: B027 | F54: Mondalgram | G54: 80373.5 | H54: -85.690874 | I54: 136.2854 | J54: -0.83632106 | K54: 420.58 | L54: 296.6 | M54: =I54*K54+J54*L54 -> 57070.861 | N54: =M54/G54 -> 0.71007063 | O54: 46213 | P54: Report till updated 10th July 26
C55: WB | D55: Daya BMC | E55: B030 | F55: Natungram | G55: 27917.1 | H55: 233.9 | I55: 10.1309 | J55: 31.5217 | K55: 420.58 | L55: 296.6 | M55: =I55*K55+J55*L55 -> 13610.19 | N55: =M55/G55 -> 0.48752163 | O55: 46211 | P55: Report till updated 08th July 26
C56: WB | D56: Daya BMC | E56: B032 | F56: Negun | G56: 18577 | H56: 142.53719 | I56: 14.034191 | J56: 32.680198 | K56: 420.58 | L56: 296.6 | M56: =I56*K56+J56*L56 -> 15595.447 | N56: =M56/G56 -> 0.83950298 | O56: 46213 | P56: Report till updated 10th July 26
C57: WB | D57: Daya BMC | E57: B029 | F57: Joyrampur | G57: 17469.7 | H57: 136.3 | I57: 0.7397 | J57: 17.273 | K57: 420.58 | L57: 296.6 | M57: =I57*K57+J57*L57 -> 5434.2748 | N57: =M57/G57 -> 0.31106858 | O57: 46214 | P57: Report till updated 11th July 26
C58: WB | D58: Daya BMC | E58: B023 | F58: Lohar | G58: 32154 | H58: 25 | I58: 35.6582 | J58: 46.6859 | K58: 420.58 | L58: 296.6 | M58: =I58*K58+J58*L58 -> 28844.164 | N58: =M58/G58 -> 0.897063 | O58: 46211 | P58: Report till updated 08th July 26
C59: West Bengal Total | G59: 60170.6 | H59: 215.4 | I59: 18.2847 | J59: 34.8364 | M59: =SUM(M46:M58) -> 178768.3 | N59: =M59/G59 -> 2.971024

Sheet Manjhaul
B1: Manjhaul Bmc | AG1: 392 | AP1: =Sumarry!$K$4 -> 480.53255 | AQ1: =Sumarry!$L$4 -> 299.4911
B2: Date | C2: Shift | D2: OB | I2: Milk from MPG in Ltr | M2: Transfer from other BMC/RMC | R2: Total Milk Receipt in Kg | U2: Tanker Dispatch Details | AC2: Plant Receipt | AH2: CB | AM2: Loss/(Gain)
D3: Qty KG | E3: Fat% | F3: Snf% | G3: FAT Kg | H3: SNF Kg | I3: Qty Ltr | J3: Qty Kg | K3: Fat% | L3: Snf% | M3: From | N3: Tanker No | O3: Qty Kg | P3: Fat% | Q3: Snf% | R3: Qty Kg | S3: FAT Kg | T3: SNF Kg | U3: Tanker | V3: Challan | W3: To | X3: Qty KG | Y3: Fat% | Z3: Snf% | AA3: FAT Kg | AB3: SNF Kg | AC3: Qty KG | AD3: Fat% | AE3: Snf% | AF3: FAT Kg | AG3: SNF Kg | AH3: Qty KG | AI3: Fat% | AJ3: Snf% | AK3: FAT Kg | AL3: SNF Kg | AM3: Qty KG | AN3: FAT Kg | AO3: SNF Kg | AP3: TS Loss% | AQ3: Amount
A4: =CONCATENATE(B4,C4) -> 46204M | B4: 46204 | C4: M | D4: 0 | E4: 0 | F4: 0 | G4: =+D4*E4% -> 0 | H4: =+D4*F4% -> 0 | I4: 707.6 | J4: 728.828 | K4: 4.456091 | L4: 8.3111362 | M4: 0 | N4: 0 | O4: 0 | P4: 0 | Q4: 0 | R4: =+J4+O4 -> 728.828 | S4: =+J4*K4%+O4*P4% -> 32.477239 | T4: =+J4*L4%+O4*Q4% -> 60.573888 | U4: 0 | V4: 0 | W4: 0 | X4: 0 | Y4: 0 | Z4: 0 | AA4: =X4*Y4% -> 0 | AB4: =X4*Z4% -> 0 | AF4: =AC4*AD4% -> 0 | AG4: =AC4*AE4% -> 0 | AH4: 729 | AI4: 4.45 | AJ4: 8.3 | AK4: =AH4*AI4% -> 32.4405 | AL4: =AH4*AJ4% -> 60.507 | AM4: =+D4+R4-AC4-AH4 -> -0.172 | AN4: =+G4+S4-AF4-AK4 -> 0.036739 | AO4: =+H4+T4-AG4-AL4 -> 0.066888 | AP4: =(AN4+AO4)/(S4+T4) -> 0.0011136566 | AQ4: =($AP$1*AN4+$AQ$1*AO4) -> 37.686646 | AR4: =(D4+J4+O4)-(X4+AH4) -> -0.172
A5: =CONCATENATE(B5,C5) -> 46204E | B5: =+B4 -> 46204 | C5: E | D5: 729 | E5: 4.45 | F5: 8.3 | G5: =+D5*E5% -> 32.4405 | H5: =+D5*F5% -> 60.507 | I5: 2484.4 | J5: 2558.932 | K5: 3.6204798 | L5: 8.0191958 | M5: 0 | N5: 0 | O5: 0 | P5: 0 | Q5: 0 | R5: =+J5+O5 -> 2558.932 | S5: =+J5*K5%+O5*P5% -> 92.645616 | T5: =+J5*L5%+O5*Q5% -> 205.20577 | U5: 0 | V5: 0 | W5: 0 | X5: 0 | Y5: 0 | Z5: 0 | AA5: =X5*Y5% -> 0 | AB5: =X5*Z5% -> 0 | AF5: =AC5*AD5% -> 0 | AG5: =AC5*AE5% -> 0 | AH5: 3288 | AI5: 3.8 | AJ5: 8.11 | AK5: =AH5*AI5% -> 124.944 | AL5: =AH5*AJ5% -> 266.6568 | AM5: =+D5+R5-AC5-AH5 -> -0.068 | AN5: =+G5+S5-AF5-AK5 -> 0.142116 | AO5: =+H5+T5-AG5-AL5 -> -0.944033 | AP5: =(AN5+AO5)/(S5+T5) -> -0.0026923394 | AQ5: =($AP$1*AN5+$AQ$1*AO5) -> -214.43812 | AR5: =(D5+J5+O5)-(X5+AH5) -> -0.068
A6: =CONCATENATE(B6,C6) -> 46205M | B6: =+B4+1 -> 46205 | C6: M | D6: 3288 | E6: 3.8 | F6: 8.11 | G6: =+D6*E6% -> 124.944 | H6: =+D6*F6% -> 266.6568 | I6: 742.5 | J6: 764.775 | K6: 4.5745455 | L6: 8.3411313 | M6: 0 | N6: 0 | O6: 0 | P6: 0 | Q6: 0 | R6: =+J6+O6 -> 764.775 | S6: =+J6*K6%+O6*P6% -> 34.98498 | T6: =+J6*L6%+O6*Q6% -> 63.790887 | U6: 6545 | V6: 87688 | W6: Hasanpur | X6: 3130 | Y6: 4.15 | Z6: 8.24 | AA6: =X6*Y6% -> 129.895 | AB6: =X6*Z6% -> 257.912 | AC6: 3110 | AD6: 4 | AE6: 7.96 | AF6: =AC6*AD6% -> 124.4 | AG6: =AC6*AE6% -> 247.556 | AH6: 923 | AI6: 3.94 | AJ6: 8.24 | AK6: =AH6*AI6% -> 36.3662 | AL6: =AH6*AJ6% -> 76.0552 | AM6: =+D6+R6-AC6-AH6 -> 19.775 | AN6: =+G6+S6-AF6-AK6 -> -0.83722 | AO6: =+H6+T6-AG6-AL6 -> 6.836487 | AP6: =(AN6+AO6)/(S6+T6) -> 0.060736161 | AQ6: =($AP$1*AN6+$AQ$1*AO6) -> 1645.1555 | AR6: =(D6+J6+O6)-(X6+AH6) -> -0.225
A7: =CONCATENATE(B7,C7) -> 46205E | B7: =+B5+1 -> 46205 | C7: E | D7: 923 | E7: 3.94 | F7: 8.24 | G7: =+D7*E7% -> 36.3662 | H7: =+D7*F7% -> 76.0552 | I7: 1805.2 | J7: 1859.356 | K7: 3.5941115 | L7: 8.0980445 | M7: 0 | N7: 0 | O7: 0 | P7: 0 | Q7: 0 | R7: =+J7+O7 -> 1859.356 | S7: =+J7*K7%+O7*P7% -> 66.827327 | T7: =+J7*L7%+O7*Q7% -> 150.57148 | U7: 0 | V7: 0 | W7: 0 | X7: 0 | Y7: 0 | Z7: 0 | AA7: =X7*Y7% -> 0 | AB7: =X7*Z7% -> 0 | AF7: =AC7*AD7% -> 0 | AG7: =AC7*AE7% -> 0 | AH7: 2782 | AI7: 3.69 | AJ7: 8.1 | AK7: =AH7*AI7% -> 102.6558 | AL7: =AH7*AJ7% -> 225.342 | AM7: =+D7+R7-AC7-AH7 -> 0.356 | AN7: =+G7+S7-AF7-AK7 -> 0.537727 | AO7: =+H7+T7-AG7-AL7 -> 1.284677 | AP7: =(AN7+AO7)/(S7+T7) -> 0.0083827692 | AQ7: =($AP$1*AN7+$AQ$1*AO7) -> 643.14465 | AR7: =(D7+J7+O7)-(X7+AH7) -> 0.356
A8: =CONCATENATE(B8,C8) -> 46206M | B8: =+B6+1 -> 46206 | C8: M | D8: 2782 | E8: 3.69 | F8: 8.1 | G8: =+D8*E8% -> 102.6558 | H8: =+D8*F8% -> 225.342 | I8: 780.4 | J8: 803.812 | K8: 4.3227704 | L8: 8.2282035 | M8: 0 | N8: 0 | O8: 0 | P8: 0 | Q8: 0 | R8: =+J8+O8 -> 803.812 | S8: =+J8*K8%+O8*P8% -> 34.746947 | T8: =+J8*L8%+O8*Q8% -> 66.139287 | U8: 6545 | V8: 87689 | W8: Hasanpur | X8: 3130 | Y8: 4.15 | Z8: 8.24 | AA8: =X8*Y8% -> 129.895 | AB8: =X8*Z8% -> 257.912 | AC8: 3120 | AD8: 3.95 | AE8: 7.88 | AF8: =AC8*AD8% -> 123.24 | AG8: =AC8*AE8% -> 245.856 | AH8: 457 | AI8: 3.82 | AJ8: 8.12 | AK8: =AH8*AI8% -> 17.4574 | AL8: =AH8*AJ8% -> 37.1084 | AM8: =+D8+R8-AC8-AH8 -> 8.812 | AN8: =+G8+S8-AF8-AK8 -> -3.294653 | AO8: =+H8+T8-AG8-AL8 -> 8.516887 | AP8: =(AN8+AO8)/(S8+T8) -> 0.051763593 | AQ8: =($AP$1*AN8+$AQ$1*AO8) -> 967.54384 | AR8: =(D8+J8+O8)-(X8+AH8) -> -1.188
A9: =CONCATENATE(B9,C9) -> 46206E | B9: =+B7+1 -> 46206 | C9: E | D9: 457 | E9: 3.82 | F9: 8.12 | G9: =+D9*E9% -> 17.4574 | H9: =+D9*F9% -> 37.1084 | I9: 1969.7 | J9: 2028.791 | K9: 3.624689 | L9: 8.1042037 | M9: 0 | N9: 0 | O9: 0 | P9: 0 | Q9: 0 | R9: =+J9+O9 -> 2028.791 | S9: =+J9*K9%+O9*P9% -> 73.537365 | T9: =+J9*L9%+O9*Q9% -> 164.41735 | U9: 0 | V9: 0 | W9: 0 | X9: 0 | Y9: 0 | Z9: 0 | AA9: =X9*Y9% -> 0 | AB9: =X9*Z9% -> 0 | AF9: =AC9*AD9% -> 0 | AG9: =AC9*AE9% -> 0 | AH9: 2485 | AI9: 3.65 | AJ9: 8.08 | AK9: =AH9*AI9% -> 90.7025 | AL9: =AH9*AJ9% -> 200.788 | AM9: =+D9+R9-AC9-AH9 -> 0.791 | AN9: =+G9+S9-AF9-AK9 -> 0.292265 | AO9: =+H9+T9-AG9-AL9 -> 0.737755 | AP9: =(AN9+AO9)/(S9+T9) -> 0.0043286387 | AQ9: =($AP$1*AN9+$AQ$1*AO9) -> 361.3939 | AR9: =(D9+J9+O9)-(X9+AH9) -> 0.791
A10: =CONCATENATE(B10,C10) -> 46207M | B10: =+B8+1 -> 46207 | C10: M | D10: 2485 | E10: 3.65 | F10: 8.08 | G10: =+D10*E10% -> 90.7025 | H10: =+D10*F10% -> 200.788 | I10: 794.2 | J10: 818.026 | K10: 4.602556 | L10: 8.3408965 | M10: 0 | N10: 0 | O10: 0 | P10: 0 | Q10: 0 | R10: =+J10+O10 -> 818.026 | S10: =+J10*K10%+O10*P10% -> 37.650105 | T10: =+J10*L10%+O10*Q10% -> 68.230702 | U10: 7181 | V10: 87690 | W10: Munger | X10: 2950 | Y10: 4 | Z10: 8.21 | AA10: =X10*Y10% -> 118 | AB10: =X10*Z10% -> 242.195 | AC10: 2950 | AD10: 3.95 | AE10: 8.07 | AF10: =AC10*AD10% -> 116.525 | AG10: =AC10*AE10% -> 238.065 | AH10: 353 | AI10: 3.86 | AJ10: 8.14 | AK10: =AH10*AI10% -> 13.6258 | AL10: =AH10*AJ10% -> 28.7342 | AM10: =+D10+R10-AC10-AH10 -> 0.026 | AN10: =+G10+S10-AF10-AK10 -> -1.798195 | AO10: =+H10+T10-AG10-AL10 -> 2.219502 | AP10: =(AN10+AO10)/(S10+T10) -> 0.0039790687 | AQ10: =($AP$1*AN10+$AQ$1*AO10) -> -199.37013 | AR10: =(D10+J10+O10)-(X10+AH10) -> 0.026
A11: =CONCATENATE(B11,C11) -> 46207E | B11: =+B9+1 -> 46207 | C11: E | D11: 353 | E11: 3.86 | F11: 8.14 | G11: =+D11*E11% -> 13.6258 | H11: =+D11*F11% -> 28.7342 | I11: 941.1 | J11: 969.333 | K11: 3.6131654 | L11: 8.0144193 | M11: 0 | N11: 0 | O11: 0 | P11: 0 | Q11: 0 | R11: =+J11+O11 -> 969.333 | S11: =+J11*K11%+O11*P11% -> 35.023605 | T11: =+J11*L11%+O11*Q11% -> 77.686411 | U11: 0 | V11: 0 | W11: 0 | X11: 0 | Y11: 0 | Z11: 0 | AA11: =X11*Y11% -> 0 | AB11: =X11*Z11% -> 0 | AF11: =AC11*AD11% -> 0 | AG11: =AC11*AE11% -> 0 | AH11: 1322 | AI11: 3.66 | AJ11: 8.04 | AK11: =AH11*AI11% -> 48.3852 | AL11: =AH11*AJ11% -> 106.2888 | AM11: =+D11+R11-AC11-AH11 -> 0.333 | AN11: =+G11+S11-AF11-AK11 -> 0.264205 | AO11: =+H11+T11-AG11-AL11 -> 0.131811 | AP11: =(AN11+AO11)/(S11+T11) -> 0.003513583 | AQ11: =($AP$1*AN11+$AQ$1*AO11) -> 166.43532 | AR11: =(D11+J11+O11)-(X11+AH11) -> 0.333
A12: =CONCATENATE(B12,C12) -> 46208M | B12: =+B10+1 -> 46208 | C12: M | D12: 1322 | E12: 3.66 | F12: 8.04 | G12: =+D12*E12% -> 48.3852 | H12: =+D12*F12% -> 106.2888 | I12: 726.2 | J12: 747.986 | K12: 4.3811071 | L12: 8.1813963 | M12: 0 | N12: 0 | O12: 0 | P12: 0 | Q12: 0 | R12: =+J12+O12 -> 747.986 | S12: =+J12*K12%+O12*P12% -> 32.770068 | T12: =+J12*L12%+O12*Q12% -> 61.195699 | U12: 0 | V12: 0 | W12: 0 | X12: 0 | Y12: 0 | Z12: 0 | AA12: =X12*Y12% -> 0 | AB12: =X12*Z12% -> 0 | AF12: =AC12*AD12% -> 0 | AG12: =AC12*AE12% -> 0 | AH12: 2070 | AI12: 3.91 | AJ12: 8.08 | AK12: =AH12*AI12% -> 80.937 | AL12: =AH12*AJ12% -> 167.256 | AM12: =+D12+R12-AC12-AH12 -> -0.014 | AN12: =+G12+S12-AF12-AK12 -> 0.218268 | AO12: =+H12+T12-AG12-AL12 -> 0.228499 | AP12: =(AN12+AO12)/(S12+T12) -> 0.0047545719 | AQ12: =($AP$1*AN12+$AQ$1*AO12) -> 173.31829 | AR12: =(D12+J12+O12)-(X12+AH12) -> -0.014
A13: =CONCATENATE(B13,C13) -> 46208E | B13: =+B11+1 -> 46208 | C13: E | D13: 2070 | E13: 3.91 | F13: 8.08 | G13: =+D13*E13% -> 80.937 | H13: =+D13*F13% -> 167.256 | I13: 1108 | J13: 1141.24 | K13: 3.6536913 | L13: 7.9899819 | M13: 0 | N13: 0 | O13: 0 | P13: 0 | Q13: 0 | R13: =+J13+O13 -> 1141.24 | S13: =+J13*K13%+O13*P13% -> 41.697387 | T13: =+J13*L13%+O13*Q13% -> 91.18487 | U13: 0 | V13: 0 | W13: 0 | X13: 0 | Y13: 0 | Z13: 0 | AA13: =X13*Y13% -> 0 | AB13: =X13*Z13% -> 0 | AF13: =AC13*AD13% -> 0 | AG13: =AC13*AE13% -> 0 | AH13: 3211 | AI13: 3.83 | AJ13: 8.04 | AK13: =AH13*AI13% -> 122.9813 | AL13: =AH13*AJ13% -> 258.1644 | AM13: =+D13+R13-AC13-AH13 -> 0.24 | AN13: =+G13+S13-AF13-AK13 -> -0.346913 | AO13: =+H13+T13-AG13-AL13 -> 0.27647 | AP13: =(AN13+AO13)/(S13+T13) -> -0.00053011592 | AQ13: =($AP$1*AN13+$AQ$1*AO13) -> -83.902684 | AR13: =(D13+J13+O13)-(X13+AH13) -> 0.24
A14: =CONCATENATE(B14,C14) -> 46209M | B14: =+B12+1 -> 46209 | C14: M | D14: 3211 | E14: 3.83 | F14: 8.04 | G14: =+D14*E14% -> 122.9813 | H14: =+D14*F14% -> 258.1644 | I14: 701.5 | J14: 722.545 | K14: 4.366871 | L14: 8.2348396 | M14: 0 | N14: 0 | O14: 0 | P14: 0 | Q14: 0 | R14: =+J14+O14 -> 722.545 | S14: =+J14*K14%+O14*P14% -> 31.552608 | T14: =+J14*L14%+O14*Q14% -> 59.500422 | U14: 0 | V14: 0 | W14: 0 | X14: 0 | Y14: 0 | Z14: 0 | AA14: =X14*Y14% -> 0 | AB14: =X14*Z14% -> 0 | AF14: =AC14*AD14% -> 0 | AG14: =AC14*AE14% -> 0 | AH14: 3933 | AI14: 3.91 | AJ14: 8.07 | AK14: =AH14*AI14% -> 153.7803 | AL14: =AH14*AJ14% -> 317.3931 | AM14: =+D14+R14-AC14-AH14 -> 0.545 | AN14: =+G14+S14-AF14-AK14 -> 0.753608 | AO14: =+H14+T14-AG14-AL14 -> 0.271722 | AP14: =(AN14+AO14)/(S14+T14) -> 0.0112608 | AQ14: =($AP$1*AN14+$AQ$1*AO14) -> 443.51149 | AR14: =(D14+J14+O14)-(X14+AH14) -> 0.545
A15: =CONCATENATE(B15,C15) -> 46209E | B15: =+B13+1 -> 46209 | C15: E | D15: 3933 | E15: 3.91 | F15: 8.07 | G15: =+D15*E15% -> 153.7803 | H15: =+D15*F15% -> 317.3931 | I15: 2317.2 | J15: 2386.716 | K15: 3.7019377 | L15: 8.0034222 | M15: 0 | N15: 0 | O15: 0 | P15: 0 | Q15: 0 | R15: =+J15+O15 -> 2386.716 | S15: =+J15*K15%+O15*P15% -> 88.354739 | T15: =+J15*L15%+O15*Q15% -> 191.01896 | U15: 6545 | V15: 87691 | W15: Munger | X15: 6280 | Y15: 4.25 | Z15: 8.26 | AA15: =X15*Y15% -> 266.9 | AB15: =X15*Z15% -> 518.728 | AC15: 6290 | AD15: 4.15 | AE15: 8.24 | AF15: =AC15*AD15% -> 261.035 | AG15: =AC15*AE15% -> 518.296 | AH15: 40 | AI15: 3.82 | AJ15: 8.03 | AK15: =AH15*AI15% -> 1.528 | AL15: =AH15*AJ15% -> 3.212 | AM15: =+D15+R15-AC15-AH15 -> -10.284 | AN15: =+G15+S15-AF15-AK15 -> -20.427961 | AO15: =+H15+T15-AG15-AL15 -> -13.095941 | AP15: =(AN15+AO15)/(S15+T15) -> -0.11999663 | AQ15: =($AP$1*AN15+$AQ$1*AO15) -> -13738.418 | AR15: =(D15+J15+O15)-(X15+AH15) -> -0.284
A16: =CONCATENATE(B16,C16) -> 46210M | B16: =+B14+1 -> 46210 | C16: M | D16: 40 | E16: 3.82 | F16: 8.03 | G16: =+D16*E16% -> 1.528 | H16: =+D16*F16% -> 3.212 | I16: 781.2 | J16: 804.636 | K16: 4.1878392 | L16: 8.1912314 | M16: 0 | N16: 0 | O16: 0 | P16: 0 | Q16: 0 | R16: =+J16+O16 -> 804.636 | S16: =+J16*K16%+O16*P16% -> 33.696862 | T16: =+J16*L16%+O16*Q16% -> 65.909597 | U16: 0 | V16: 0 | W16: 0 | X16: 0 | Y16: 0 | Z16: 0 | AA16: =X16*Y16% -> 0 | AB16: =X16*Z16% -> 0 | AF16: =AC16*AD16% -> 0 | AG16: =AC16*AE16% -> 0 | AH16: 845 | AI16: 4.16 | AJ16: 8.17 | AK16: =AH16*AI16% -> 35.152 | AL16: =AH16*AJ16% -> 69.0365 | AM16: =+D16+R16-AC16-AH16 -> -0.364 | AN16: =+G16+S16-AF16-AK16 -> 0.072862 | AO16: =+H16+T16-AG16-AL16 -> 0.085097 | AP16: =(AN16+AO16)/(S16+T16) -> 0.0015858309 | AQ16: =($AP$1*AN16+$AQ$1*AO16) -> 60.498356 | AR16: =(D16+J16+O16)-(X16+AH16) -> -0.364
A17: =CONCATENATE(B17,C17) -> 46210E | B17: =+B15+1 -> 46210 | C17: E | D17: 845 | E17: 4.16 | F17: 8.17 | G17: =+D17*E17% -> 35.152 | H17: =+D17*F17% -> 69.0365 | I17: 2510.3 | J17: 2585.609 | K17: 3.5684858 | L17: 8.0651157 | M17: 0 | N17: 0 | O17: 0 | P17: 0 | Q17: 0 | R17: =+J17+O17 -> 2585.609 | S17: =+J17*K17%+O17*P17% -> 92.267091 | T17: =+J17*L17%+O17*Q17% -> 208.53236 | U17: 0 | V17: 0 | W17: 0 | X17: 0 | Y17: 0 | Z17: 0 | AA17: =X17*Y17% -> 0 | AB17: =X17*Z17% -> 0 | AF17: =AC17*AD17% -> 0 | AG17: =AC17*AE17% -> 0 | AH17: 3431 | AI17: 3.7 | AJ17: 8.1 | AK17: =AH17*AI17% -> 126.947 | AL17: =AH17*AJ17% -> 277.911 | AM17: =+D17+R17-AC17-AH17 -> -0.391 | AN17: =+G17+S17-AF17-AK17 -> 0.472091 | AO17: =+H17+T17-AG17-AL17 -> -0.342142 | AP17: =(AN17+AO17)/(S17+T17) -> 0.00043201209 | AQ17: =($AP$1*AN17+$AQ$1*AO17) -> 124.38661 | AR17: =(D17+J17+O17)-(X17+AH17) -> -0.391
A18: =CONCATENATE(B18,C18) -> 46211M | B18: =+B16+1 -> 46211 | C18: M | D18: 3431 | E18: 3.7 | F18: 8.1 | G18: =+D18*E18% -> 126.947 | H18: =+D18*F18% -> 277.911 | I18: 1047.5 | J18: 1078.925 | K18: 4.1439809 | L18: 8.1644582 | M18: 0 | N18: 0 | O18: 0 | P18: 0 | Q18: 0 | R18: =+J18+O18 -> 1078.925 | S18: =+J18*K18%+O18*P18% -> 44.710446 | T18: =+J18*L18%+O18*Q18% -> 88.088381 | U18: 5337 | V18: 87692 | W18: Skamal | X18: 4700 | Y18: 4.05 | Z18: 8.22 | AA18: =X18*Y18% -> 190.35 | AB18: =X18*Z18% -> 386.34 | AC18: 4790 | AD18: 4 | AE18: 8.08 | AF18: =AC18*AD18% -> 191.6 | AG18: =AC18*AE18% -> 387.032 | AH18: 0 | AI18: 0 | AJ18: 0 | AK18: =AH18*AI18% -> 0 | AL18: =AH18*AJ18% -> 0 | AM18: =+D18+R18-AC18-AH18 -> -280.075 | AN18: =+G18+S18-AF18-AK18 -> -19.942554 | AO18: =+H18+T18-AG18-AL18 -> -21.032619 | AP18: =(AN18+AO18)/(S18+T18) -> -0.30855071 | AQ18: =($AP$1*AN18+$AQ$1*AO18) -> -15882.128 | AR18: =(D18+J18+O18)-(X18+AH18) -> -190.075
A19: =CONCATENATE(B19,C19) -> 46211E | B19: =+B17+1 -> 46211 | C19: E | D19: 0 | E19: 0 | F19: 0 | G19: =+D19*E19% -> 0 | H19: =+D19*F19% -> 0 | I19: 2528.7 | J19: 2604.561 | K19: 3.6025191 | L19: 7.9931823 | M19: 0 | N19: 0 | O19: 0 | P19: 0 | Q19: 0 | R19: =+J19+O19 -> 2604.561 | S19: =+J19*K19%+O19*P19% -> 93.829807 | T19: =+J19*L19%+O19*Q19% -> 208.18731 | U19: 0 | V19: 0 | W19: 0 | X19: 0 | Y19: 0 | Z19: 0 | AA19: =X19*Y19% -> 0 | AB19: =X19*Z19% -> 0 | AF19: =AC19*AD19% -> 0 | AG19: =AC19*AE19% -> 0 | AH19: 2605 | AI19: 3.59 | AJ19: 8.05 | AK19: =AH19*AI19% -> 93.5195 | AL19: =AH19*AJ19% -> 209.7025 | AM19: =+D19+R19-AC19-AH19 -> -0.439 | AN19: =+G19+S19-AF19-AK19 -> 0.310307 | AO19: =+H19+T19-AG19-AL19 -> -1.515192 | AP19: =(AN19+AO19)/(S19+T19) -> -0.0039894593 | AQ19: =($AP$1*AN19+$AQ$1*AO19) -> -304.6739 | AR19: =(D19+J19+O19)-(X19+AH19) -> -0.439
A20: =CONCATENATE(B20,C20) -> 46212M | B20: =+B18+1 -> 46212 | C20: M | D20: 2605 | E20: 3.59 | F20: 8.05 | G20: =+D20*E20% -> 93.5195 | H20: =+D20*F20% -> 209.7025 | I20: 1341.4 | J20: 1381.642 | K20: 4.0038095 | L20: 8.1124199 | M20: 0 | N20: 0 | O20: 0 | P20: 0 | Q20: 0 | R20: =+J20+O20 -> 1381.642 | S20: =+J20*K20%+O20*P20% -> 55.318313 | T20: =+J20*L20%+O20*Q20% -> 112.0846 | U20: 6545 | V20: 87699 | W20: Hasanpur | X20: 3130 | Y20: 3.9 | Z20: 8.19 | AA20: =X20*Y20% -> 122.07 | AB20: =X20*Z20% -> 256.347 | AC20: 3130 | AD20: 3.9 | AE20: 8.19 | AF20: =AC20*AD20% -> 122.07 | AG20: =AC20*AE20% -> 256.347 | AH20: 857 | AI20: 3.73 | AJ20: 8.07 | AK20: =AH20*AI20% -> 31.9661 | AL20: =AH20*AJ20% -> 69.1599 | AM20: =+D20+R20-AC20-AH20 -> -0.358 | AN20: =+G20+S20-AF20-AK20 -> -5.198287 | AO20: =+H20+T20-AG20-AL20 -> -3.7198 | AP20: =(AN20+AO20)/(S20+T20) -> -0.053273189 | AQ20: =($AP$1*AN20+$AQ$1*AO20) -> -3611.9931 | AR20: =(D20+J20+O20)-(X20+AH20) -> -0.358
A21: =CONCATENATE(B21,C21) -> 46212E | B21: =+B19+1 -> 46212 | C21: E | D21: 857 | E21: 3.73 | F21: 8.07 | G21: =+D21*E21% -> 31.9661 | H21: =+D21*F21% -> 69.1599 | I21: 2748.7 | J21: 2831.161 | K21: 3.5977517 | L21: 8.0772147 | M21: 0 | N21: 0 | O21: 0 | P21: 0 | Q21: 0 | R21: =+J21+O21 -> 2831.161 | S21: =+J21*K21%+O21*P21% -> 101.85814 | T21: =+J21*L21%+O21*Q21% -> 228.67895 | U21: 0 | V21: 0 | W21: 0 | X21: 0 | Y21: 0 | Z21: 0 | AA21: =X21*Y21% -> 0 | AB21: =X21*Z21% -> 0 | AF21: =AC21*AD21% -> 0 | AG21: =AC21*AE21% -> 0 | AH21: 3688 | AI21: 3.63 | AJ21: 8.09 | AK21: =AH21*AI21% -> 133.8744 | AL21: =AH21*AJ21% -> 298.3592 | AM21: =+D21+R21-AC21-AH21 -> 0.161 | AN21: =+G21+S21-AF21-AK21 -> -0.050158 | AO21: =+H21+T21-AG21-AL21 -> -0.520348 | AP21: =(AN21+AO21)/(S21+T21) -> -0.0017259969 | AQ21: =($AP$1*AN21+$AQ$1*AO21) -> -179.94215 | AR21: =(D21+J21+O21)-(X21+AH21) -> 0.161
A22: =CONCATENATE(B22,C22) -> 46213M | B22: =+B20+1 -> 46213 | C22: M | G22: =+D22*E22% -> 0 | H22: =+D22*F22% -> 0 | R22: =+J22+O22 -> 0 | S22: =+J22*K22%+O22*P22% -> 0 | T22: =+J22*L22%+O22*Q22% -> 0 | AA22: =X22*Y22% -> 0 | AB22: =X22*Z22% -> 0 | AF22: =AC22*AD22% -> 0 | AG22: =AC22*AE22% -> 0 | AK22: =AH22*AI22% -> 0 | AL22: =AH22*AJ22% -> 0 | AM22: =+D22+R22-AC22-AH22 -> 0 | AN22: =+G22+S22-AF22-AK22 -> 0 | AO22: =+H22+T22-AG22-AL22 -> 0 | AP22: =(AN22+AO22)/(S22+T22) -> #DIV/0! | AQ22: =($AP$1*AN22+$AQ$1*AO22) -> 0 | AR22: =(D22+J22+O22)-(X22+AH22) -> 0
A23: =CONCATENATE(B23,C23) -> 46213E | B23: =+B21+1 -> 46213 | C23: E | G23: =+D23*E23% -> 0 | H23: =+D23*F23% -> 0 | R23: =+J23+O23 -> 0 | S23: =+J23*K23%+O23*P23% -> 0 | T23: =+J23*L23%+O23*Q23% -> 0 | AA23: =X23*Y23% -> 0 | AB23: =X23*Z23% -> 0 | AF23: =AC23*AD23% -> 0 | AG23: =AC23*AE23% -> 0 | AK23: =AH23*AI23% -> 0 | AL23: =AH23*AJ23% -> 0 | AM23: =+D23+R23-AC23-AH23 -> 0 | AN23: =+G23+S23-AF23-AK23 -> 0 | AO23: =+H23+T23-AG23-AL23 -> 0 | AP23: =(AN23+AO23)/(S23+T23) -> #DIV/0! | AQ23: =($AP$1*AN23+$AQ$1*AO23) -> 0 | AR23: =(D23+J23+O23)-(X23+AH23) -> 0
A24: =CONCATENATE(B24,C24) -> 46214M | B24: =+B22+1 -> 46214 | C24: M | G24: =+D24*E24% -> 0 | H24: =+D24*F24% -> 0 | R24: =+J24+O24 -> 0 | S24: =+J24*K24%+O24*P24% -> 0 | T24: =+J24*L24%+O24*Q24% -> 0 | AA24: =X24*Y24% -> 0 | AB24: =X24*Z24% -> 0 | AF24: =AC24*AD24% -> 0 | AG24: =AC24*AE24% -> 0 | AK24: =AH24*AI24% -> 0 | AL24: =AH24*AJ24% -> 0 | AM24: =+D24+R24-AC24-AH24 -> 0 | AN24: =+G24+S24-AF24-AK24 -> 0 | AO24: =+H24+T24-AG24-AL24 -> 0 | AP24: =(AN24+AO24)/(S24+T24) -> #DIV/0! | AQ24: =($AP$1*AN24+$AQ$1*AO24) -> 0 | AR24: =(D24+J24+O24)-(X24+AH24) -> 0
A25: =CONCATENATE(B25,C25) -> 46214E | B25: =+B23+1 -> 46214 | C25: E | G25: =+D25*E25% -> 0 | H25: =+D25*F25% -> 0 | R25: =+J25+O25 -> 0 | S25: =+J25*K25%+O25*P25% -> 0 | T25: =+J25*L25%+O25*Q25% -> 0 | AA25: =X25*Y25% -> 0 | AB25: =X25*Z25% -> 0 | AF25: =AC25*AD25% -> 0 | AG25: =AC25*AE25% -> 0 | AK25: =AH25*AI25% -> 0 | AL25: =AH25*AJ25% -> 0 | AM25: =+D25+R25-AC25-AH25 -> 0 | AN25: =+G25+S25-AF25-AK25 -> 0 | AO25: =+H25+T25-AG25-AL25 -> 0 | AP25: =(AN25+AO25)/(S25+T25) -> #DIV/0! | AQ25: =($AP$1*AN25+$AQ$1*AO25) -> 0 | AR25: =(D25+J25+O25)-(X25+AH25) -> 0
A26: =CONCATENATE(B26,C26) -> 46215M | B26: =+B24+1 -> 46215 | C26: M | G26: =+D26*E26% -> 0 | H26: =+D26*F26% -> 0 | R26: =+J26+O26 -> 0 | S26: =+J26*K26%+O26*P26% -> 0 | T26: =+J26*L26%+O26*Q26% -> 0 | AA26: =X26*Y26% -> 0 | AB26: =X26*Z26% -> 0 | AF26: =AC26*AD26% -> 0 | AG26: =AC26*AE26% -> 0 | AK26: =AH26*AI26% -> 0 | AL26: =AH26*AJ26% -> 0 | AM26: =+D26+R26-AC26-AH26 -> 0 | AN26: =+G26+S26-AF26-AK26 -> 0 | AO26: =+H26+T26-AG26-AL26 -> 0 | AP26: =(AN26+AO26)/(S26+T26) -> #DIV/0! | AQ26: =($AP$1*AN26+$AQ$1*AO26) -> 0 | AR26: =(D26+J26+O26)-(X26+AH26) -> 0
A27: =CONCATENATE(B27,C27) -> 46215E | B27: =+B25+1 -> 46215 | C27: E | G27: =+D27*E27% -> 0 | H27: =+D27*F27% -> 0 | R27: =+J27+O27 -> 0 | S27: =+J27*K27%+O27*P27% -> 0 | T27: =+J27*L27%+O27*Q27% -> 0 | AA27: =X27*Y27% -> 0 | AB27: =X27*Z27% -> 0 | AF27: =AC27*AD27% -> 0 | AG27: =AC27*AE27% -> 0 | AK27: =AH27*AI27% -> 0 | AL27: =AH27*AJ27% -> 0 | AM27: =+D27+R27-AC27-AH27 -> 0 | AN27: =+G27+S27-AF27-AK27 -> 0 | AO27: =+H27+T27-AG27-AL27 -> 0 | AP27: =(AN27+AO27)/(S27+T27) -> #DIV/0! | AQ27: =($AP$1*AN27+$AQ$1*AO27) -> 0 | AR27: =(D27+J27+O27)-(X27+AH27) -> 0
A28: =CONCATENATE(B28,C28) -> 46216M | B28: =+B26+1 -> 46216 | C28: M | G28: =+D28*E28% -> 0 | H28: =+D28*F28% -> 0 | R28: =+J28+O28 -> 0 | S28: =+J28*K28%+O28*P28% -> 0 | T28: =+J28*L28%+O28*Q28% -> 0 | AA28: =X28*Y28% -> 0 | AB28: =X28*Z28% -> 0 | AF28: =AC28*AD28% -> 0 | AG28: =AC28*AE28% -> 0 | AK28: =AH28*AI28% -> 0 | AL28: =AH28*AJ28% -> 0 | AM28: =+D28+R28-AC28-AH28 -> 0 | AN28: =+G28+S28-AF28-AK28 -> 0 | AO28: =+H28+T28-AG28-AL28 -> 0 | AP28: =(AN28+AO28)/(S28+T28) -> #DIV/0! | AQ28: =($AP$1*AN28+$AQ$1*AO28) -> 0 | AR28: =(D28+J28+O28)-(X28+AH28) -> 0
A29: =CONCATENATE(B29,C29) -> 46216E | B29: =+B27+1 -> 46216 | C29: E | G29: =+D29*E29% -> 0 | H29: =+D29*F29% -> 0 | R29: =+J29+O29 -> 0 | S29: =+J29*K29%+O29*P29% -> 0 | T29: =+J29*L29%+O29*Q29% -> 0 | AA29: =X29*Y29% -> 0 | AB29: =X29*Z29% -> 0 | AF29: =AC29*AD29% -> 0 | AG29: =AC29*AE29% -> 0 | AK29: =AH29*AI29% -> 0 | AL29: =AH29*AJ29% -> 0 | AM29: =+D29+R29-AC29-AH29 -> 0 | AN29: =+G29+S29-AF29-AK29 -> 0 | AO29: =+H29+T29-AG29-AL29 -> 0 | AP29: =(AN29+AO29)/(S29+T29) -> #DIV/0! | AQ29: =($AP$1*AN29+$AQ$1*AO29) -> 0 | AR29: =(D29+J29+O29)-(X29+AH29) -> 0
A30: =CONCATENATE(B30,C30) -> 46217M | B30: =+B28+1 -> 46217 | C30: M | G30: =+D30*E30% -> 0 | H30: =+D30*F30% -> 0 | R30: =+J30+O30 -> 0 | S30: =+J30*K30%+O30*P30% -> 0 | T30: =+J30*L30%+O30*Q30% -> 0 | AA30: =X30*Y30% -> 0 | AB30: =X30*Z30% -> 0 | AF30: =AC30*AD30% -> 0 | AG30: =AC30*AE30% -> 0 | AK30: =AH30*AI30% -> 0 | AL30: =AH30*AJ30% -> 0 | AM30: =+D30+R30-AC30-AH30 -> 0 | AN30: =+G30+S30-AF30-AK30 -> 0 | AO30: =+H30+T30-AG30-AL30 -> 0 | AP30: =(AN30+AO30)/(S30+T30) -> #DIV/0! | AQ30: =($AP$1*AN30+$AQ$1*AO30) -> 0 | AR30: =(D30+J30+O30)-(X30+AH30) -> 0
A31: =CONCATENATE(B31,C31) -> 46217E | B31: =+B29+1 -> 46217 | C31: E | G31: =+D31*E31% -> 0 | H31: =+D31*F31% -> 0 | R31: =+J31+O31 -> 0 | S31: =+J31*K31%+O31*P31% -> 0 | T31: =+J31*L31%+O31*Q31% -> 0 | AA31: =X31*Y31% -> 0 | AB31: =X31*Z31% -> 0 | AF31: =AC31*AD31% -> 0 | AG31: =AC31*AE31% -> 0 | AK31: =AH31*AI31% -> 0 | AL31: =AH31*AJ31% -> 0 | AM31: =+D31+R31-AC31-AH31 -> 0 | AN31: =+G31+S31-AF31-AK31 -> 0 | AO31: =+H31+T31-AG31-AL31 -> 0 | AP31: =(AN31+AO31)/(S31+T31) -> #DIV/0! | AQ31: =($AP$1*AN31+$AQ$1*AO31) -> 0 | AR31: =(D31+J31+O31)-(X31+AH31) -> 0
A32: =CONCATENATE(B32,C32) -> 46218M | B32: =+B30+1 -> 46218 | C32: M | G32: =+D32*E32% -> 0 | H32: =+D32*F32% -> 0 | R32: =+J32+O32 -> 0 | S32: =+J32*K32%+O32*P32% -> 0 | T32: =+J32*L32%+O32*Q32% -> 0 | AA32: =X32*Y32% -> 0 | AB32: =X32*Z32% -> 0 | AF32: =AC32*AD32% -> 0 | AG32: =AC32*AE32% -> 0 | AK32: =AH32*AI32% -> 0 | AL32: =AH32*AJ32% -> 0 | AM32: =+D32+R32-AC32-AH32 -> 0 | AN32: =+G32+S32-AF32-AK32 -> 0 | AO32: =+H32+T32-AG32-AL32 -> 0 | AP32: =(AN32+AO32)/(S32+T32) -> #DIV/0! | AQ32: =($AP$1*AN32+$AQ$1*AO32) -> 0 | AR32: =(D32+J32+O32)-(X32+AH32) -> 0
A33: =CONCATENATE(B33,C33) -> 46218E | B33: =+B31+1 -> 46218 | C33: E | G33: =+D33*E33% -> 0 | H33: =+D33*F33% -> 0 | R33: =+J33+O33 -> 0 | S33: =+J33*K33%+O33*P33% -> 0 | T33: =+J33*L33%+O33*Q33% -> 0 | AA33: =X33*Y33% -> 0 | AB33: =X33*Z33% -> 0 | AF33: =AC33*AD33% -> 0 | AG33: =AC33*AE33% -> 0 | AK33: =AH33*AI33% -> 0 | AL33: =AH33*AJ33% -> 0 | AM33: =+D33+R33-AC33-AH33 -> 0 | AN33: =+G33+S33-AF33-AK33 -> 0 | AO33: =+H33+T33-AG33-AL33 -> 0 | AP33: =(AN33+AO33)/(S33+T33) -> #DIV/0! | AQ33: =($AP$1*AN33+$AQ$1*AO33) -> 0 | AR33: =(D33+J33+O33)-(X33+AH33) -> 0
... A65: =CONCATENATE(B65,C65) -> 46234E | B65: =+B63+1 -> 46234 | C65: E | G65: =+D65*E65% -> 0 | H65: =+D65*F65% -> 0 | R65: =+J65+O65 -> 0 | S65: =+J65*K65%+O65*P65% -> 0 | T65: =+J65*L65%+O65*Q65% -> 0 | AA65: =X65*Y65% -> 0 | AB65: =X65*Z65% -> 0 | AF65: =AC65*AD65% -> 0 | AG65: =AC65*AE65% -> 0 | AK65: =AH65*AI65% -> 0 | AL65: =AH65*AJ65% -> 0 | AM65: =+D65+R65-AC65-AH65 -> 0 | AN65: =+G65+S65-AF65-AK65 -> 0 | AO65: =+H65+T65-AG65-AL65 -> 0 | AP65: =(AN65+AO65)/(S65+T65) -> #DIV/0! | AQ65: =($AP$1*AN65+$AQ$1*AO65) -> 0 | AR65: =(D65+J65+O65)-(X65+AH65) -> 0
J66: =SUM(J4:J65) -> 26816.874 | AM66: =-SUM(AM4:AM65) -> 261.126 | AN66: =-SUM(AN4:AN65) -> 48.795753 | AO66: =-SUM(AO4:AO65) -> 20.51428 | AP66: =-SUM(AP4:AP65) -> #DIV/0! | AQ66: =-SUM(AQ4:AQ65) -> 29591.792
Q67: =2126*27 -> 57402
Q68: =2600*37 -> 96200

Sheet Hasanpur
B1: Hasanpur Bmc | AG1: 392 | AP1: =Sumarry!$K$4 -> 480.53255 | AQ1: =Sumarry!$L$4 -> 299.4911
B2: Date | C2: Shift | D2: OB | I2: Milk from MPG in Ltr | M2: Transfer from other BMC/RMC | R2: Total Milk Receipt in Kg | U2: Tanker Dispatch Details | AC2: Plant Receipt | AH2: CB | AM2: Loss/(Gain)
D3: Qty KG | E3: Fat% | F3: Snf% | G3: FAT Kg | H3: SNF Kg | I3: Qty Ltr | J3: Qty Kg | K3: Fat% | L3: Snf% | M3: From | N3: Tanker No | O3: Qty Kg | P3: Fat% | Q3: Snf% | R3: Qty Kg | S3: FAT Kg | T3: SNF Kg | U3: Tanker | V3: Challan | W3: To | X3: Qty KG | Y3: Fat% | Z3: Snf% | AA3: FAT Kg | AB3: SNF Kg | AC3: Qty KG | AD3: Fat% | AE3: Snf% | AF3: FAT Kg | AG3: SNF Kg | AH3: Qty KG | AI3: Fat% | AJ3: Snf% | AK3: FAT Kg | AL3: SNF Kg | AM3: Qty KG | AN3: FAT Kg | AO3: SNF Kg | AP3: TS Loss% | AQ3: Amount
A4: =CONCATENATE(B4,C4) -> 46204M | B4: 46204 | C4: M | D4: 0 | E4: 0 | F4: 0 | G4: =+D4*E4% -> 0 | H4: =+D4*F4% -> 0 | I4: 559.06 | J4: 575.8318 | K4: 4.9612242 | L4: 8.4924302 | M4: 0 | N4: 0 | O4: 0 | P4: 0 | Q4: 0 | R4: =+J4+O4 -> 575.8318 | S4: =+J4*K4%+O4*P4% -> 28.568307 | T4: =+J4*L4%+O4*Q4% -> 48.902113 | U4: 0 | V4: 0 | W4: 0 | X4: 0 | Y4: 0 | Z4: 0 | AA4: =X4*Y4% -> 0 | AB4: =X4*Z4% -> 0 | AF4: =AC4*AD4% -> 0 | AG4: =AC4*AE4% -> 0 | AH4: 576 | AI4: 5 | AJ4: 8.5 | AK4: =AH4*AI4% -> 28.8 | AL4: =AH4*AJ4% -> 48.96 | AM4: =+D4+R4-AC4-AH4 -> -0.1682 | AN4: =+G4+S4-AF4-AK4 -> -0.2316934 | AO4: =+H4+T4-AG4-AL4 -> -0.0578866 | AP4: =(AN4+AO4)/(S4+T4) -> -0.0037379428 | AQ4: =($AP$1*AN4+$AQ$1*AO4) -> -128.67274 | AR4: =(D4+J4+O4)-(X4+AH4) -> -0.1682
A5: =CONCATENATE(B5,C5) -> 46204E | B5: =+B4 -> 46204 | C5: E | D5: 576 | E5: 5 | F5: 8.5 | G5: =+D5*E5% -> 28.8 | H5: =+D5*F5% -> 48.96 | I5: 201.33 | J5: 207.3699 | K5: 5.4829683 | L5: 8.6711618 | M5: Singhiya | N5: 87086 | O5: 1280 | P5: 4.2 | Q5: 8 | R5: =+J5+O5 -> 1487.3699 | S5: =+J5*K5%+O5*P5% -> 65.130026 | T5: =+J5*L5%+O5*Q5% -> 120.38138 | U5: 0 | V5: 0 | W5: 0 | X5: 0 | Y5: 0 | Z5: 0 | AA5: =X5*Y5% -> 0 | AB5: =X5*Z5% -> 0 | AF5: =AC5*AD5% -> 0 | AG5: =AC5*AE5% -> 0 | AH5: 2063 | AI5: 4.55 | AJ5: 8.21 | AK5: =AH5*AI5% -> 93.8665 | AL5: =AH5*AJ5% -> 169.3723 | AM5: =+D5+R5-AC5-AH5 -> 0.3699 | AN5: =+G5+S5-AF5-AK5 -> 0.0635258 | AO5: =+H5+T5-AG5-AL5 -> -0.0309205 | AP5: =(AN5+AO5)/(S5+T5) -> 0.000175759 | AQ5: =($AP$1*AN5+$AQ$1*AO5) -> 21.2658 | AR5: =(D5+J5+O5)-(X5+AH5) -> 0.3699
A6: =CONCATENATE(B6,C6) -> 46205M | B6: =+B4+1 -> 46205 | C6: M | D6: 2063 | E6: 4.55 | F6: 8.21 | G6: =+D6*E6% -> 93.8665 | H6: =+D6*F6% -> 169.3723 | I6: 670.64 | J6: 690.7592 | K6: 4.7663739 | L6: 8.567446 | M6: 0 | N6: 0 | O6: 0 | P6: 0 | Q6: 0 | R6: =+J6+O6 -> 690.7592 | S6: =+J6*K6%+O6*P6% -> 32.924166 | T6: =+J6*L6%+O6*Q6% -> 59.180422 | U6: 0 | V6: 0 | W6: 0 | X6: 0 | Y6: 0 | Z6: 0 | AA6: =X6*Y6% -> 0 | AB6: =X6*Z6% -> 0 | AF6: =AC6*AD6% -> 0 | AG6: =AC6*AE6% -> 0 | AH6: 2754 | AI6: 4.61 | AJ6: 8.3 | AK6: =AH6*AI6% -> 126.9594 | AL6: =AH6*AJ6% -> 228.582 | AM6: =+D6+R6-AC6-AH6 -> -0.2408 | AN6: =+G6+S6-AF6-AK6 -> -0.1687337 | AO6: =+H6+T6-AG6-AL6 -> -0.0292784 | AP6: =(AN6+AO6)/(S6+T6) -> -0.0021498614 | AQ6: =($AP$1*AN6+$AQ$1*AO6) -> -89.850655 | AR6: =(D6+J6+O6)-(X6+AH6) -> -0.2408
A7: =CONCATENATE(B7,C7) -> 46205E | B7: =+B5+1 -> 46205 | C7: E | D7: 2754 | E7: 4.61 | F7: 8.3 | G7: =+D7*E7% -> 126.9594 | H7: =+D7*F7% -> 228.582 | I7: 1004.5 | J7: 1034.635 | K7: 4.5035072 | L7: 8.4406341 | M7: Singhiya | N7: 87087 | O7: 1010 | P7: 4.1 | Q7: 8 | R7: =+J7+O7 -> 2044.635 | S7: =+J7*K7%+O7*P7% -> 88.004862 | T7: =+J7*L7%+O7*Q7% -> 168.12976 | U7: 6545 | V7: 87875 | W7: Munger | X7: 3150 | Y7: 4.2 | Z7: 8.13 | AA7: =X7*Y7% -> 132.3 | AB7: =X7*Z7% -> 256.095 | AC7: 3150 | AD7: 4.1 | AE7: 7.85 | AF7: =AC7*AD7% -> 129.15 | AG7: =AC7*AE7% -> 247.275 | AH7: 1649 | AI7: 4.47 | AJ7: 8.25 | AK7: =AH7*AI7% -> 73.7103 | AL7: =AH7*AJ7% -> 136.0425 | AM7: =+D7+R7-AC7-AH7 -> -0.365 | AN7: =+G7+S7-AF7-AK7 -> 12.103962 | AO7: =+H7+T7-AG7-AL7 -> 13.394255 | AP7: =(AN7+AO7)/(S7+T7) -> 0.099550062 | AQ7: =($AP$1*AN7+$AQ$1*AO7) -> 9827.8078 | AR7: =(D7+J7+O7)-(X7+AH7) -> -0.365
A8: =CONCATENATE(B8,C8) -> 46206M | B8: =+B6+1 -> 46206 | C8: M | D8: 1649 | E8: 4.47 | F8: 8.25 | G8: =+D8*E8% -> 73.7103 | H8: =+D8*F8% -> 136.0425 | I8: 605.05 | J8: 623.2015 | K8: 4.8882307 | L8: 8.6516833 | M8: 0 | N8: 0 | O8: 0 | P8: 0 | Q8: 0 | R8: =+J8+O8 -> 623.2015 | S8: =+J8*K8%+O8*P8% -> 30.463527 | T8: =+J8*L8%+O8*Q8% -> 53.91742 | U8: 0 | V8: 0 | W8: 0 | X8: 0 | Y8: 0 | Z8: 0 | AA8: =X8*Y8% -> 0 | AB8: =X8*Z8% -> 0 | AF8: =AC8*AD8% -> 0 | AG8: =AC8*AE8% -> 0 | AH8: 2110 | AI8: 4.56 | AJ8: 8.33 | AK8: =AH8*AI8% -> 96.216 | AL8: =AH8*AJ8% -> 175.763 | AM8: =+D8+R8-AC8-AH8 -> 162.2015 | AN8: =+G8+S8-AF8-AK8 -> 7.9578272 | AO8: =+H8+T8-AG8-AL8 -> 14.19692 | AP8: =(AN8+AO8)/(S8+T8) -> 0.26255628 | AQ8: =($AP$1*AN8+$AQ$1*AO8) -> 8075.8462 | AR8: =(D8+J8+O8)-(X8+AH8) -> 162.2015
A9: =CONCATENATE(B9,C9) -> 46206E | B9: =+B7+1 -> 46206 | C9: E | D9: 2110 | E9: 4.56 | F9: 8.33 | G9: =+D9*E9% -> 96.216 | H9: =+D9*F9% -> 175.763 | I9: 1083.82 | J9: 1116.3346 | K9: 4.503674 | L9: 8.2500941 | M9: Singhiya | N9: 87693 | O9: 1670 | P9: 4 | Q9: 8 | R9: =+J9+O9 -> 2786.3346 | S9: =+J9*K9%+O9*P9% -> 117.07607 | T9: =+J9*L9%+O9*Q9% -> 225.69866 | U9: 6545 | V9: 87501 | W9: Hajipur | X9: 3150 | Y9: 4.2 | Z9: 8.05 | AA9: =X9*Y9% -> 132.3 | AB9: =X9*Z9% -> 253.575 | AC9: 3170 | AD9: 4.15 | AE9: 7.99 | AF9: =AC9*AD9% -> 131.555 | AG9: =AC9*AE9% -> 253.283 | AH9: 1746 | AI9: 4.35 | AJ9: 8.18 | AK9: =AH9*AI9% -> 75.951 | AL9: =AH9*AJ9% -> 142.8228 | AM9: =+D9+R9-AC9-AH9 -> -19.6654 | AN9: =+G9+S9-AF9-AK9 -> 5.7860716 | AO9: =+H9+T9-AG9-AL9 -> 5.3558551 | AP9: =(AN9+AO9)/(S9+T9) -> 0.0325051 | AQ9: =($AP$1*AN9+$AQ$1*AO9) -> 4384.4266 | AR9: =(D9+J9+O9)-(X9+AH9) -> 0.3346
A10: =CONCATENATE(B10,C10) -> 46207M | B10: =+B8+1 -> 46207 | C10: M | D10: 1746 | E10: 4.35 | F10: 8.18 | G10: =+D10*E10% -> 75.951 | H10: =+D10*F10% -> 142.8228 | I10: 646.32 | J10: 665.7096 | K10: 4.8585221 | L10: 8.3000139 | M10: 0 | N10: 0 | O10: 0 | P10: 0 | Q10: 0 | R10: =+J10+O10 -> 665.7096 | S10: =+J10*K10%+O10*P10% -> 32.343648 | T10: =+J10*L10%+O10*Q10% -> 55.253989 | U10: 0 | V10: 0 | W10: 0 | X10: 0 | Y10: 0 | Z10: 0 | AA10: =X10*Y10% -> 0 | AB10: =X10*Z10% -> 0 | AF10: =AC10*AD10% -> 0 | AG10: =AC10*AE10% -> 0 | AH10: 2412 | AI10: 4.5 | AJ10: 8.21 | AK10: =AH10*AI10% -> 108.54 | AL10: =AH10*AJ10% -> 198.0252 | AM10: =+D10+R10-AC10-AH10 -> -0.2904 | AN10: =+G10+S10-AF10-AK10 -> -0.245352 | AO10: =+H10+T10-AG10-AL10 -> 0.0515895 | AP10: =(AN10+AO10)/(S10+T10) -> -0.0022119603 | AQ10: =($AP$1*AN10+$AQ$1*AO10) -> -102.44903 | AR10: =(D10+J10+O10)-(X10+AH10) -> -0.2904
A11: =CONCATENATE(B11,C11) -> 46207E | B11: =+B9+1 -> 46207 | C11: E | D11: 2412 | E11: 4.5 | F11: 8.21 | G11: =+D11*E11% -> 108.54 | H11: =+D11*F11% -> 198.0252 | I11: 1103.24 | J11: 1136.3372 | K11: 4.2164008 | L11: 8.2083454 | M11: Singhiya | N11: 87694 | O11: 1030 | P11: 4.1 | Q11: 8 | R11: =+J11+O11 -> 2166.3372 | S11: =+J11*K11%+O11*P11% -> 90.142531 | T11: =+J11*L11%+O11*Q11% -> 175.67448 | U11: 00 | V11: 0 | W11: 0 | X11: 0 | Y11: 0 | Z11: 0 | AA11: =X11*Y11% -> 0 | AB11: =X11*Z11% -> 0 | AF11: =AC11*AD11% -> 0 | AG11: =AC11*AE11% -> 0 | AH11: 4578 | AI11: 4.33 | AJ11: 8.16 | AK11: =AH11*AI11% -> 198.2274 | AL11: =AH11*AJ11% -> 373.5648 | AM11: =+D11+R11-AC11-AH11 -> 0.3372 | AN11: =+G11+S11-AF11-AK11 -> 0.4551306 | AO11: =+H11+T11-AG11-AL11 -> 0.1348825 | AP11: =(AN11+AO11)/(S11+T11) -> 0.0022196213 | AQ11: =($AP$1*AN11+$AQ$1*AO11) -> 259.10117 | AR11: =(D11+J11+O11)-(X11+AH11) -> 0.3372
A12: =CONCATENATE(B12,C12) -> 46208M | B12: =+B10+1 -> 46208 | C12: M | D12: 4578 | E12: 4.33 | F12: 8.16 | G12: =+D12*E12% -> 198.2274 | H12: =+D12*F12% -> 373.5648 | I12: 581.52 | J12: 598.9656 | K12: 4.8253439 | L12: 8.2871698 | M12: Bachhwara | N12: 89391 | O12: 3130 | P12: 4.2 | Q12: 8.15 | R12: =+J12+O12 -> 3728.9656 | S12: =+J12*K12%+O12*P12% -> 160.36215 | T12: =+J12*L12%+O12*Q12% -> 304.7323 | U12: 6545 | V12: 87504 | W12: Muzaffurpur | X12: 6280 | Y12: 4.28 | Z12: 8.2 | AA12: =X12*Y12% -> 268.784 | AB12: =X12*Z12% -> 514.96 | AC12: 6240 | AD12: 4.2254808 | AE12: 8.1296795 | AF12: =AC12*AD12% -> 263.67 | AG12: =AC12*AE12% -> 507.292 | AH12: 2027 | AI12: 4.31 | AJ12: 8.16 | AK12: =AH12*AI12% -> 87.3637 | AL12: =AH12*AJ12% -> 165.4032 | AM12: =+D12+R12-AC12-AH12 -> 39.9656 | AN12: =+G12+S12-AF12-AK12 -> 7.5558502 | AO12: =+H12+T12-AG12-AL12 -> 5.6018965 | AP12: =(AN12+AO12)/(S12+T12) -> 0.028290483 | AQ12: =($AP$1*AN12+$AQ$1*AO12) -> 5308.5501 | AR12: =(D12+J12+O12)-(X12+AH12) -> -0.0344
A13: =CONCATENATE(B13,C13) -> 46208E | B13: =+B11+1 -> 46208 | C13: E | D13: 2027 | E13: 4.31 | F13: 8.16 | G13: =+D13*E13% -> 87.3637 | H13: =+D13*F13% -> 165.4032 | I13: 1006.72 | J13: 1036.9216 | K13: 4.1625 | L13: 8.0943947 | M13: Singhiya | N13: 87695 | O13: 1300 | P13: 4.1 | Q13: 7.8 | R13: =+J13+O13 -> 2336.9216 | S13: =+J13*K13%+O13*P13% -> 96.461862 | T13: =+J13*L13%+O13*Q13% -> 185.33253 | U13: 0 | V13: 0 | W13: 0 | X13: 0 | Y13: 0 | Z13: 0 | AA13: =X13*Y13% -> 0 | AB13: =X13*Z13% -> 0 | AF13: =AC13*AD13% -> 0 | AG13: =AC13*AE13% -> 0 | AH13: 4364 | AI13: 4.22 | AJ13: 8.04 | AK13: =AH13*AI13% -> 184.1608 | AL13: =AH13*AJ13% -> 350.8656 | AM13: =+D13+R13-AC13-AH13 -> -0.0784 | AN13: =+G13+S13-AF13-AK13 -> -0.3352384 | AO13: =+H13+T13-AG13-AL13 -> -0.1298733 | AP13: =(AN13+AO13)/(S13+T13) -> -0.0016505357 | AQ13: =($AP$1*AN13+$AQ$1*AO13) -> -199.98886 | AR13: =(D13+J13+O13)-(X13+AH13) -> -0.0784
A14: =CONCATENATE(B14,C14) -> 46209M | B14: =+B12+1 -> 46209 | C14: M | D14: 4364 | E14: 4.22 | F14: 8.04 | G14: =+D14*E14% -> 184.1608 | H14: =+D14*F14% -> 350.8656 | I14: 624.67 | J14: 643.4101 | K14: 4.7318552 | L14: 8.2116157 | M14: Singhiya | N14: 87696 | O14: 1070 | P14: 4.3 | Q14: 8 | R14: =+J14+O14 -> 1713.4101 | S14: =+J14*K14%+O14*P14% -> 76.455234 | T14: =+J14*L14%+O14*Q14% -> 138.43437 | U14: 3461 | V14: 87506 | W14: Muzaffurpur | X14: 6550 | Y14: 4.4 | Z14: 8.23 | AA14: =X14*Y14% -> 288.2 | AB14: =X14*Z14% -> 539.065 | AC14: 6480 | AD14: 4.35 | AE14: 8.09 | AF14: =AC14*AD14% -> 281.88 | AG14: =AC14*AE14% -> 524.232 | AH14: 0 | AI14: 0 | AJ14: 0 | AK14: =AH14*AI14% -> 0 | AL14: =AH14*AJ14% -> 0 | AM14: =+D14+R14-AC14-AH14 -> -402.5899 | AN14: =+G14+S14-AF14-AK14 -> -21.263966 | AO14: =+H14+T14-AG14-AL14 -> -34.932035 | AP14: =(AN14+AO14)/(S14+T14) -> -0.26151103 | AQ14: =($AP$1*AN14+$AQ$1*AO14) -> -20679.861 | AR14: =(D14+J14+O14)-(X14+AH14) -> -472.5899
A15: =CONCATENATE(B15,C15) -> 46209E | B15: =+B13+1 -> 46209 | C15: E | D15: 0 | E15: 0 | F15: 0 | G15: =+D15*E15% -> 0 | H15: =+D15*F15% -> 0 | I15: 1003.46 | J15: 1033.5638 | K15: 4.1482989 | L15: 8.1678443 | M15: 0 | N15: 0 | O15: 0 | P15: 0 | Q15: 0 | R15: =+J15+O15 -> 1033.5638 | S15: =+J15*K15%+O15*P15% -> 42.875316 | T15: =+J15*L15%+O15*Q15% -> 84.419881 | U15: 0 | V15: 0 | W15: 0 | X15: 0 | Y15: 0 | Z15: 0 | AA15: =X15*Y15% -> 0 | AB15: =X15*Z15% -> 0 | AF15: =AC15*AD15% -> 0 | AG15: =AC15*AE15% -> 0 | AH15: 1033.6 | AI15: 4.2 | AJ15: 8.2 | AK15: =AH15*AI15% -> 43.4112 | AL15: =AH15*AJ15% -> 84.7552 | AM15: =+D15+R15-AC15-AH15 -> -0.0362 | AN15: =+G15+S15-AF15-AK15 -> -0.5358844 | AO15: =+H15+T15-AG15-AL15 -> -0.3353185 | AP15: =(AN15+AO15)/(S15+T15) -> -0.0068439574 | AQ15: =($AP$1*AN15+$AQ$1*AO15) -> -357.9348 | AR15: =(D15+J15+O15)-(X15+AH15) -> -0.0362
A16: =CONCATENATE(B16,C16) -> 46210M | B16: =+B14+1 -> 46210 | C16: M | D16: 1033.6 | E16: 4.2 | F16: 8.2 | G16: =+D16*E16% -> 43.4112 | H16: =+D16*F16% -> 84.7552 | I16: 686.61 | J16: 707.2083 | K16: 4.513169 | L16: 8.2835918 | M16: 0 | N16: 0 | O16: 0 | P16: 0 | Q16: 0 | R16: =+J16+O16 -> 707.2083 | S16: =+J16*K16%+O16*P16% -> 31.917506 | T16: =+J16*L16%+O16*Q16% -> 58.582249 | U16: 0 | V16: 0 | W16: 0 | X16: 0 | Y16: 0 | Z16: 0 | AA16: =X16*Y16% -> 0 | AB16: =X16*Z16% -> 0 | AF16: =AC16*AD16% -> 0 | AG16: =AC16*AE16% -> 0 | AH16: 1741 | AI16: 4.32 | AJ16: 8.23 | AK16: =AH16*AI16% -> 75.2112 | AL16: =AH16*AJ16% -> 143.2843 | AM16: =+D16+R16-AC16-AH16 -> -0.1917 | AN16: =+G16+S16-AF16-AK16 -> 0.1175061 | AO16: =+H16+T16-AG16-AL16 -> 0.0531491 | AP16: =(AN16+AO16)/(S16+T16) -> 0.0018856979 | AQ16: =($AP$1*AN16+$AQ$1*AO16) -> 72.383188 | AR16: =(D16+J16+O16)-(X16+AH16) -> -0.1917
A17: =CONCATENATE(B17,C17) -> 46210E | B17: =+B15+1 -> 46210 | C17: E | D17: 1741 | E17: 4.32 | F17: 8.23 | G17: =+D17*E17% -> 75.2112 | H17: =+D17*F17% -> 143.2843 | I17: 965.84 | J17: 994.8152 | K17: 4.2144289 | L17: 8.2241293 | M17: Singhiya/Bachhwara | N17: 87697/89392 | O17: 3910 | P17: 4.2 | Q17: 8.07 | R17: =+J17+O17 -> 4904.8152 | S17: =+J17*K17%+O17*P17% -> 206.14578 | T17: =+J17*L17%+O17*Q17% -> 397.35189 | U17: 3461 | V17: 87507 | W17: Hajipur | X17: 7100 | Y17: 4.33 | Z17: 8.09 | AA17: =X17*Y17% -> 307.43 | AB17: =X17*Z17% -> 574.39 | AC17: 7100 | AD17: 4.33 | AE17: 8.09 | AF17: =AC17*AD17% -> 307.43 | AG17: =AC17*AE17% -> 574.39 | AH17: 0 | AI17: 0 | AJ17: 0 | AK17: =AH17*AI17% -> 0 | AL17: =AH17*AJ17% -> 0 | AM17: =+D17+R17-AC17-AH17 -> -454.1848 | AN17: =+G17+S17-AF17-AK17 -> -26.073021 | AO17: =+H17+T17-AG17-AL17 -> -33.753812 | AP17: =(AN17+AO17)/(S17+T17) -> -0.099133495 | AQ17: =($AP$1*AN17+$AQ$1*AO17) -> -22637.901 | AR17: =(D17+J17+O17)-(X17+AH17) -> -454.1848
A18: =CONCATENATE(B18,C18) -> 46211M | B18: =+B16+1 -> 46211 | C18: M | D18: 0 | E18: 0 | F18: 0 | G18: =+D18*E18% -> 0 | H18: =+D18*F18% -> 0 | I18: 648.89 | J18: 668.3567 | K18: 4.770992 | L18: 8.362741 | M18: 0 | N18: 0 | O18: 0 | P18: 0 | Q18: 0 | R18: =+J18+O18 -> 668.3567 | S18: =+J18*K18%+O18*P18% -> 31.887245 | T18: =+J18*L18%+O18*Q18% -> 55.89294 | U18: 0 | V18: 0 | W18: 0 | X18: 0 | Y18: 0 | Z18: 0 | AA18: =X18*Y18% -> 0 | AB18: =X18*Z18% -> 0 | AF18: =AC18*AD18% -> 0 | AG18: =AC18*AE18% -> 0 | AH18: 668 | AI18: 4.8 | AJ18: 8.4 | AK18: =AH18*AI18% -> 32.064 | AL18: =AH18*AJ18% -> 56.112 | AM18: =+D18+R18-AC18-AH18 -> 0.3567 | AN18: =+G18+S18-AF18-AK18 -> -0.1767553 | AO18: =+H18+T18-AG18-AL18 -> -0.2190603 | AP18: =(AN18+AO18)/(S18+T18) -> -0.004509168 | AQ18: =($AP$1*AN18+$AQ$1*AO18) -> -150.54328 | AR18: =(D18+J18+O18)-(X18+AH18) -> 0.3567
A19: =CONCATENATE(B19,C19) -> 46211E | B19: =+B17+1 -> 46211 | C19: E | D19: 668 | E19: 4.8 | F19: 8.4 | G19: =+D19*E19% -> 32.064 | H19: =+D19*F19% -> 56.112 | I19: 1027.36 | J19: 1058.1808 | K19: 4.1903831 | L19: 8.2399091 | M19: singhiya | N19: 87698 | O19: 1310 | P19: 4.2 | Q19: 8 | R19: =+J19+O19 -> 2368.1808 | S19: =+J19*K19%+O19*P19% -> 99.36183 | T19: =+J19*L19%+O19*Q19% -> 191.99314 | U19: 0 | V19: 0 | W19: 0 | X19: 0 | Y19: 0 | Z19: 0 | AA19: =X19*Y19% -> 0 | AB19: =X19*Z19% -> 0 | AF19: =AC19*AD19% -> 0 | AG19: =AC19*AE19% -> 0 | AH19: 3036 | AI19: 4.33 | AJ19: 8.15 | AK19: =AH19*AI19% -> 131.4588 | AL19: =AH19*AJ19% -> 247.434 | AM19: =+D19+R19-AC19-AH19 -> 0.1808 | AN19: =+G19+S19-AF19-AK19 -> -0.0329704 | AO19: =+H19+T19-AG19-AL19 -> 0.6711359 | AP19: =(AN19+AO19)/(S19+T19) -> 0.0021903368 | AQ19: =($AP$1*AN19+$AQ$1*AO19) -> 185.15588 | AR19: =(D19+J19+O19)-(X19+AH19) -> 0.1808
A20: =CONCATENATE(B20,C20) -> 46212M | B20: =+B18+1 -> 46212 | C20: M | D20: 3036 | E20: 4.33 | F20: 8.15 | G20: =+D20*E20% -> 131.4588 | H20: =+D20*F20% -> 247.434 | I20: 639.54 | J20: 658.7262 | K20: 4.7573553 | L20: 8.2505035 | M20: 0 | N20: 0 | O20: 0 | P20: 0 | Q20: 0 | R20: =+J20+O20 -> 658.7262 | S20: =+J20*K20%+O20*P20% -> 31.337946 | T20: =+J20*L20%+O20*Q20% -> 54.348228 | U20: 6545 | V20: 87508 | W20: Munger | X20: 3150 | Y20: 4.45 | Z20: 8.3 | AA20: =X20*Y20% -> 140.175 | AB20: =X20*Z20% -> 261.45 | AC20: 3150 | AD20: 4.45 | AE20: 8.3 | AF20: =AC20*AD20% -> 140.175 | AG20: =AC20*AE20% -> 261.45 | AH20: 545 | AI20: 4.41 | AJ20: 8.17 | AK20: =AH20*AI20% -> 24.0345 | AL20: =AH20*AJ20% -> 44.5265 | AM20: =+D20+R20-AC20-AH20 -> -0.2738 | AN20: =+G20+S20-AF20-AK20 -> -1.4127543 | AO20: =+H20+T20-AG20-AL20 -> -4.1942719 | AP20: =(AN20+AO20)/(S20+T20) -> -0.065436767 | AQ20: =($AP$1*AN20+$AQ$1*AO20) -> -1935.0215 | AR20: =(D20+J20+O20)-(X20+AH20) -> -0.2738
A21: =CONCATENATE(B21,C21) -> 46212E | B21: =+B19+1 -> 46212 | C21: E | D21: 545 | E21: 4.41 | F21: 8.17 | G21: =+D21*E21% -> 24.0345 | H21: =+D21*F21% -> 44.5265 | I21: 1013.96 | J21: 1044.3788 | K21: 4.2374088 | L21: 8.0157265 | M21: 0 | N21: 0 | O21: 0 | P21: 0 | Q21: 0 | R21: =+J21+O21 -> 1044.3788 | S21: =+J21*K21%+O21*P21% -> 44.254599 | T21: =+J21*L21%+O21*Q21% -> 83.714548 | U21: 0 | V21: 0 | W21: 0 | X21: 0 | Y21: 0 | Z21: 0 | AA21: =X21*Y21% -> 0 | AB21: =X21*Z21% -> 0 | AF21: =AC21*AD21% -> 0 | AG21: =AC21*AE21% -> 0 | AH21: 1589 | AI21: 4.27 | AJ21: 8.06 | AK21: =AH21*AI21% -> 67.8503 | AL21: =AH21*AJ21% -> 128.0734 | AM21: =+D21+R21-AC21-AH21 -> 0.3788 | AN21: =+G21+S21-AF21-AK21 -> 0.4387989 | AO21: =+H21+T21-AG21-AL21 -> 0.1676478 | AP21: =(AN21+AO21)/(S21+T21) -> 0.0047390071 | AQ21: =($AP$1*AN21+$AQ$1*AO21) -> 261.06618 | AR21: =(D21+J21+O21)-(X21+AH21) -> 0.3788
A22: =CONCATENATE(B22,C22) -> 46213M | B22: =+B20+1 -> 46213 | C22: M | G22: =+D22*E22% -> 0 | H22: =+D22*F22% -> 0 | R22: =+J22+O22 -> 0 | S22: =+J22*K22%+O22*P22% -> 0 | T22: =+J22*L22%+O22*Q22% -> 0 | AA22: =X22*Y22% -> 0 | AB22: =X22*Z22% -> 0 | AF22: =AC22*AD22% -> 0 | AG22: =AC22*AE22% -> 0 | AK22: =AH22*AI22% -> 0 | AL22: =AH22*AJ22% -> 0 | AM22: =+D22+R22-AC22-AH22 -> 0 | AN22: =+G22+S22-AF22-AK22 -> 0 | AO22: =+H22+T22-AG22-AL22 -> 0 | AP22: =(AN22+AO22)/(S22+T22) -> #DIV/0! | AQ22: =($AP$1*AN22+$AQ$1*AO22) -> 0 | AR22: =(D22+J22+O22)-(X22+AH22) -> 0
A23: =CONCATENATE(B23,C23) -> 46213E | B23: =+B21+1 -> 46213 | C23: E | G23: =+D23*E23% -> 0 | H23: =+D23*F23% -> 0 | R23: =+J23+O23 -> 0 | S23: =+J23*K23%+O23*P23% -> 0 | T23: =+J23*L23%+O23*Q23% -> 0 | AA23: =X23*Y23% -> 0 | AB23: =X23*Z23% -> 0 | AF23: =AC23*AD23% -> 0 | AG23: =AC23*AE23% -> 0 | AK23: =AH23*AI23% -> 0 | AL23: =AH23*AJ23% -> 0 | AM23: =+D23+R23-AC23-AH23 -> 0 | AN23: =+G23+S23-AF23-AK23 -> 0 | AO23: =+H23+T23-AG23-AL23 -> 0 | AP23: =(AN23+AO23)/(S23+T23) -> #DIV/0! | AQ23: =($AP$1*AN23+$AQ$1*AO23) -> 0 | AR23: =(D23+J23+O23)-(X23+AH23) -> 0
A24: =CONCATENATE(B24,C24) -> 46214M | B24: =+B22+1 -> 46214 | C24: M | G24: =+D24*E24% -> 0 | H24: =+D24*F24% -> 0 | R24: =+J24+O24 -> 0 | S24: =+J24*K24%+O24*P24% -> 0 | T24: =+J24*L24%+O24*Q24% -> 0 | AA24: =X24*Y24% -> 0 | AB24: =X24*Z24% -> 0 | AF24: =AC24*AD24% -> 0 | AG24: =AC24*AE24% -> 0 | AK24: =AH24*AI24% -> 0 | AL24: =AH24*AJ24% -> 0 | AM24: =+D24+R24-AC24-AH24 -> 0 | AN24: =+G24+S24-AF24-AK24 -> 0 | AO24: =+H24+T24-AG24-AL24 -> 0 | AP24: =(AN24+AO24)/(S24+T24) -> #DIV/0! | AQ24: =($AP$1*AN24+$AQ$1*AO24) -> 0 | AR24: =(D24+J24+O24)-(X24+AH24) -> 0
A25: =CONCATENATE(B25,C25) -> 46214E | B25: =+B23+1 -> 46214 | C25: E | G25: =+D25*E25% -> 0 | H25: =+D25*F25% -> 0 | R25: =+J25+O25 -> 0 | S25: =+J25*K25%+O25*P25% -> 0 | T25: =+J25*L25%+O25*Q25% -> 0 | AA25: =X25*Y25% -> 0 | AB25: =X25*Z25% -> 0 | AF25: =AC25*AD25% -> 0 | AG25: =AC25*AE25% -> 0 | AK25: =AH25*AI25% -> 0 | AL25: =AH25*AJ25% -> 0 | AM25: =+D25+R25-AC25-AH25 -> 0 | AN25: =+G25+S25-AF25-AK25 -> 0 | AO25: =+H25+T25-AG25-AL25 -> 0 | AP25: =(AN25+AO25)/(S25+T25) -> #DIV/0! | AQ25: =($AP$1*AN25+$AQ$1*AO25) -> 0 | AR25: =(D25+J25+O25)-(X25+AH25) -> 0
A26: =CONCATENATE(B26,C26) -> 46215M | B26: =+B24+1 -> 46215 | C26: M | G26: =+D26*E26% -> 0 | H26: =+D26*F26% -> 0 | R26: =+J26+O26 -> 0 | S26: =+J26*K26%+O26*P26% -> 0 | T26: =+J26*L26%+O26*Q26% -> 0 | AA26: =X26*Y26% -> 0 | AB26: =X26*Z26% -> 0 | AF26: =AC26*AD26% -> 0 | AG26: =AC26*AE26% -> 0 | AK26: =AH26*AI26% -> 0 | AL26: =AH26*AJ26% -> 0 | AM26: =+D26+R26-AC26-AH26 -> 0 | AN26: =+G26+S26-AF26-AK26 -> 0 | AO26: =+H26+T26-AG26-AL26 -> 0 | AP26: =(AN26+AO26)/(S26+T26) -> #DIV/0! | AQ26: =($AP$1*AN26+$AQ$1*AO26) -> 0 | AR26: =(D26+J26+O26)-(X26+AH26) -> 0
A27: =CONCATENATE(B27,C27) -> 46215E | B27: =+B25+1 -> 46215 | C27: E | G27: =+D27*E27% -> 0 | H27: =+D27*F27% -> 0 | R27: =+J27+O27 -> 0 | S27: =+J27*K27%+O27*P27% -> 0 | T27: =+J27*L27%+O27*Q27% -> 0 | AA27: =X27*Y27% -> 0 | AB27: =X27*Z27% -> 0 | AF27: =AC27*AD27% -> 0 | AG27: =AC27*AE27% -> 0 | AK27: =AH27*AI27% -> 0 | AL27: =AH27*AJ27% -> 0 | AM27: =+D27+R27-AC27-AH27 -> 0 | AN27: =+G27+S27-AF27-AK27 -> 0 | AO27: =+H27+T27-AG27-AL27 -> 0 | AP27: =(AN27+AO27)/(S27+T27) -> #DIV/0! | AQ27: =($AP$1*AN27+$AQ$1*AO27) -> 0 | AR27: =(D27+J27+O27)-(X27+AH27) -> 0
A28: =CONCATENATE(B28,C28) -> 46216M | B28: =+B26+1 -> 46216 | C28: M | G28: =+D28*E28% -> 0 | H28: =+D28*F28% -> 0 | R28: =+J28+O28 -> 0 | S28: =+J28*K28%+O28*P28% -> 0 | T28: =+J28*L28%+O28*Q28% -> 0 | AA28: =X28*Y28% -> 0 | AB28: =X28*Z28% -> 0 | AF28: =AC28*AD28% -> 0 | AG28: =AC28*AE28% -> 0 | AK28: =AH28*AI28% -> 0 | AL28: =AH28*AJ28% -> 0 | AM28: =+D28+R28-AC28-AH28 -> 0 | AN28: =+G28+S28-AF28-AK28 -> 0 | AO28: =+H28+T28-AG28-AL28 -> 0 | AP28: =(AN28+AO28)/(S28+T28) -> #DIV/0! | AQ28: =($AP$1*AN28+$AQ$1*AO28) -> 0 | AR28: =(D28+J28+O28)-(X28+AH28) -> 0
A29: =CONCATENATE(B29,C29) -> 46216E | B29: =+B27+1 -> 46216 | C29: E | G29: =+D29*E29% -> 0 | H29: =+D29*F29% -> 0 | R29: =+J29+O29 -> 0 | S29: =+J29*K29%+O29*P29% -> 0 | T29: =+J29*L29%+O29*Q29% -> 0 | AA29: =X29*Y29% -> 0 | AB29: =X29*Z29% -> 0 | AF29: =AC29*AD29% -> 0 | AG29: =AC29*AE29% -> 0 | AK29: =AH29*AI29% -> 0 | AL29: =AH29*AJ29% -> 0 | AM29: =+D29+R29-AC29-AH29 -> 0 | AN29: =+G29+S29-AF29-AK29 -> 0 | AO29: =+H29+T29-AG29-AL29 -> 0 | AP29: =(AN29+AO29)/(S29+T29) -> #DIV/0! | AQ29: =($AP$1*AN29+$AQ$1*AO29) -> 0 | AR29: =(D29+J29+O29)-(X29+AH29) -> 0
A30: =CONCATENATE(B30,C30) -> 46217M | B30: =+B28+1 -> 46217 | C30: M | G30: =+D30*E30% -> 0 | H30: =+D30*F30% -> 0 | R30: =+J30+O30 -> 0 | S30: =+J30*K30%+O30*P30% -> 0 | T30: =+J30*L30%+O30*Q30% -> 0 | AA30: =X30*Y30% -> 0 | AB30: =X30*Z30% -> 0 | AF30: =AC30*AD30% -> 0 | AG30: =AC30*AE30% -> 0 | AK30: =AH30*AI30% -> 0 | AL30: =AH30*AJ30% -> 0 | AM30: =+D30+R30-AC30-AH30 -> 0 | AN30: =+G30+S30-AF30-AK30 -> 0 | AO30: =+H30+T30-AG30-AL30 -> 0 | AP30: =(AN30+AO30)/(S30+T30) -> #DIV/0! | AQ30: =($AP$1*AN30+$AQ$1*AO30) -> 0 | AR30: =(D30+J30+O30)-(X30+AH30) -> 0
A31: =CONCATENATE(B31,C31) -> 46217E | B31: =+B29+1 -> 46217 | C31: E | G31: =+D31*E31% -> 0 | H31: =+D31*F31% -> 0 | R31: =+J31+O31 -> 0 | S31: =+J31*K31%+O31*P31% -> 0 | T31: =+J31*L31%+O31*Q31% -> 0 | AA31: =X31*Y31% -> 0 | AB31: =X31*Z31% -> 0 | AF31: =AC31*AD31% -> 0 | AG31: =AC31*AE31% -> 0 | AK31: =AH31*AI31% -> 0 | AL31: =AH31*AJ31% -> 0 | AM31: =+D31+R31-AC31-AH31 -> 0 | AN31: =+G31+S31-AF31-AK31 -> 0 | AO31: =+H31+T31-AG31-AL31 -> 0 | AP31: =(AN31+AO31)/(S31+T31) -> #DIV/0! | AQ31: =($AP$1*AN31+$AQ$1*AO31) -> 0 | AR31: =(D31+J31+O31)-(X31+AH31) -> 0
A32: =CONCATENATE(B32,C32) -> 46218M | B32: =+B30+1 -> 46218 | C32: M | G32: =+D32*E32% -> 0 | H32: =+D32*F32% -> 0 | R32: =+J32+O32 -> 0 | S32: =+J32*K32%+O32*P32% -> 0 | T32: =+J32*L32%+O32*Q32% -> 0 | AA32: =X32*Y32% -> 0 | AB32: =X32*Z32% -> 0 | AF32: =AC32*AD32% -> 0 | AG32: =AC32*AE32% -> 0 | AK32: =AH32*AI32% -> 0 | AL32: =AH32*AJ32% -> 0 | AM32: =+D32+R32-AC32-AH32 -> 0 | AN32: =+G32+S32-AF32-AK32 -> 0 | AO32: =+H32+T32-AG32-AL32 -> 0 | AP32: =(AN32+AO32)/(S32+T32) -> #DIV/0! | AQ32: =($AP$1*AN32+$AQ$1*AO32) -> 0 | AR32: =(D32+J32+O32)-(X32+AH32) -> 0
A33: =CONCATENATE(B33,C33) -> 46218E | B33: =+B31+1 -> 46218 | C33: E | G33: =+D33*E33% -> 0 | H33: =+D33*F33% -> 0 | R33: =+J33+O33 -> 0 | S33: =+J33*K33%+O33*P33% -> 0 | T33: =+J33*L33%+O33*Q33% -> 0 | AA33: =X33*Y33% -> 0 | AB33: =X33*Z33% -> 0 | AF33: =AC33*AD33% -> 0 | AG33: =AC33*AE33% -> 0 | AK33: =AH33*AI33% -> 0 | AL33: =AH33*AJ33% -> 0 | AM33: =+D33+R33-AC33-AH33 -> 0 | AN33: =+G33+S33-AF33-AK33 -> 0 | AO33: =+H33+T33-AG33-AL33 -> 0 | AP33: =(AN33+AO33)/(S33+T33) -> #DIV/0! | AQ33: =($AP$1*AN33+$AQ$1*AO33) -> 0 | AR33: =(D33+J33+O33)-(X33+AH33) -> 0
... A65: =CONCATENATE(B65,C65) -> 46234E | B65: =+B63+1 -> 46234 | C65: E | G65: =+D65*E65% -> 0 | H65: =+D65*F65% -> 0 | R65: =+J65+O65 -> 0 | S65: =+J65*K65%+O65*P65% -> 0 | T65: =+J65*L65%+O65*Q65% -> 0 | AA65: =X65*Y65% -> 0 | AB65: =X65*Z65% -> 0 | AF65: =AC65*AD65% -> 0 | AG65: =AC65*AE65% -> 0 | AK65: =AH65*AI65% -> 0 | AL65: =AH65*AJ65% -> 0 | AM65: =+D65+R65-AC65-AH65 -> 0 | AN65: =+G65+S65-AF65-AK65 -> 0 | AO65: =+H65+T65-AG65-AL65 -> 0 | AP65: =(AN65+AO65)/(S65+T65) -> #DIV/0! | AQ65: =($AP$1*AN65+$AQ$1*AO65) -> 0 | AR65: =(D65+J65+O65)-(X65+AH65) -> 0
J66: =SUM(J4:J65) -> 14494.706 | AM66: =-SUM(AM4:AM65) -> 674.2941 | AN66: =-SUM(AN4:AN65) -> 15.997696 | AO66: =-SUM(AO4:AO65) -> 34.055125 | AP66: =-SUM(AP4:AP65) -> #DIV/0! | AQ66: =-SUM(AQ4:AQ65) -> 17886.62

Sheet Singhia 
B1: SInghia Bmc | AG1: 392 | AP1: =Sumarry!$K$4 -> 480.53255 | AQ1: =Sumarry!$L$4 -> 299.4911
B2: Date | C2: Shift | D2: OB | I2: Milk from MPG in Ltr | M2: Transfer from other BMC/RMC | R2: Total Milk Receipt in Kg | U2: Tanker Dispatch Details | AC2: Plant Receipt | AH2: CB | AM2: Loss/(Gain)
D3: Qty KG | E3: Fat% | F3: Snf% | G3: FAT Kg | H3: SNF Kg | I3: Qty Ltr | J3: Qty Kg | K3: Fat% | L3: Snf% | M3: From | N3: Tanker No | O3: Qty Kg | P3: Fat% | Q3: Snf% | R3: Qty Kg | S3: FAT Kg | T3: SNF Kg | U3: Tanker | V3: Challan | W3: To | X3: Qty KG | Y3: Fat% | Z3: Snf% | AA3: FAT Kg | AB3: SNF Kg | AC3: Qty KG | AD3: Fat% | AE3: Snf% | AF3: FAT Kg | AG3: SNF Kg | AH3: Qty KG | AI3: Fat% | AJ3: Snf% | AK3: FAT Kg | AL3: SNF Kg | AM3: Qty KG | AN3: FAT Kg | AO3: SNF Kg | AP3: TS Loss% | AQ3: Amount
A4: =CONCATENATE(B4,C4) -> 46204M | B4: 46204 | C4: M | D4: 2544 | E4: 4.51 | F4: 8.24 | G4: =+D4*E4% -> 114.7344 | H4: =+D4*F4% -> 209.6256 | I4: 309.95 | J4: 319.2485 | K4: 5.5309405 | L4: 8.5948637 | M4: 0 | N4: 0 | O4: 0 | P4: 0 | Q4: 0 | R4: =+J4+O4 -> 319.2485 | S4: =+J4*K4%+O4*P4% -> 17.657445 | T4: =+J4*L4%+O4*Q4% -> 27.438973 | U4: 2950 | V4: 87086 | W4: Hasanpur | X4: 1280 | Y4: 4.2 | Z4: 8 | AA4: =X4*Y4% -> 53.76 | AB4: =X4*Z4% -> 102.4 | AC4: 1280 | AD4: 4.2 | AE4: 8 | AF4: =AC4*AD4% -> 53.76 | AG4: =AC4*AE4% -> 102.4 | AH4: 1580 | AI4: 4.62 | AJ4: 8.28 | AK4: =AH4*AI4% -> 72.996 | AL4: =AH4*AJ4% -> 130.824 | AM4: =+D4+R4-AC4-AH4 -> 3.2485 | AN4: =+G4+S4-AF4-AK4 -> 5.6358445 | AO4: =+H4+T4-AG4-AL4 -> 3.8405734 | AP4: =(AN4+AO4)/(S4+T4) -> 0.21013682 | AQ4: =($AP$1*AN4+$AQ$1*AO4) -> 3858.4243 | AR4: =(D4+J4+O4)-(X4+AH4) -> 3.2485
A5: =CONCATENATE(B5,C5) -> 46204E | B5: =+B4 -> 46204 | C5: E | D5: 1580 | E5: 4.62 | F5: 8.28 | G5: =+D5*E5% -> 72.996 | H5: =+D5*F5% -> 130.824 | I5: 1000.63 | J5: 1030.6489 | K5: 4.43494 | L5: 8.1493269 | M5: 0 | N5: 0 | O5: 0 | P5: 0 | Q5: 0 | R5: =+J5+O5 -> 1030.6489 | S5: =+J5*K5%+O5*P5% -> 45.70866 | T5: =+J5*L5%+O5*Q5% -> 83.990948 | U5: 0 | V5: 0 | W5: 0 | X5: 0 | Y5: 0 | Z5: 0 | AA5: =X5*Y5% -> 0 | AB5: =X5*Z5% -> 0 | AF5: =AC5*AD5% -> 0 | AG5: =AC5*AE5% -> 0 | AH5: 2611 | AI5: 4.53 | AJ5: 8.25 | AK5: =AH5*AI5% -> 118.2783 | AL5: =AH5*AJ5% -> 215.4075 | AM5: =+D5+R5-AC5-AH5 -> -0.3511 | AN5: =+G5+S5-AF5-AK5 -> 0.4263602 | AO5: =+H5+T5-AG5-AL5 -> -0.5925517 | AP5: =(AN5+AO5)/(S5+T5) -> -0.001281357 | AQ5: =($AP$1*AN5+$AQ$1*AO5) -> 27.415994 | AR5: =(D5+J5+O5)-(X5+AH5) -> -0.3511
A6: =CONCATENATE(B6,C6) -> 46205M | B6: =+B4+1 -> 46205 | C6: M | D6: 2611 | E6: 4.53 | F6: 8.25 | G6: =+D6*E6% -> 118.2783 | H6: =+D6*F6% -> 215.4075 | I6: 274.97 | J6: 283.2191 | K6: 5.4145798 | L6: 8.6891552 | M6: 0 | N6: 0 | O6: 0 | P6: 0 | Q6: 0 | R6: =+J6+O6 -> 283.2191 | S6: =+J6*K6%+O6*P6% -> 15.335124 | T6: =+J6*L6%+O6*Q6% -> 24.609347 | U6: 2950 | V6: 87087 | W6: Hasanpur | X6: 1010 | Y6: 4.1 | Z6: 8 | AA6: =X6*Y6% -> 41.41 | AB6: =X6*Z6% -> 80.8 | AC6: 1010 | AD6: 4.1 | AE6: 8 | AF6: =AC6*AD6% -> 41.41 | AG6: =AC6*AE6% -> 80.8 | AH6: 1885 | AI6: 4.61 | AJ6: 8.29 | AK6: =AH6*AI6% -> 86.8985 | AL6: =AH6*AJ6% -> 156.2665 | AM6: =+D6+R6-AC6-AH6 -> -0.7809 | AN6: =+G6+S6-AF6-AK6 -> 5.3049241 | AO6: =+H6+T6-AG6-AL6 -> 2.9503471 | AP6: =(AN6+AO6)/(S6+T6) -> 0.20666868 | AQ6: =($AP$1*AN6+$AQ$1*AO6) -> 3432.7914 | AR6: =(D6+J6+O6)-(X6+AH6) -> -0.7809
A7: =CONCATENATE(B7,C7) -> 46205E | B7: =+B5+1 -> 46205 | C7: E | D7: 1885 | E7: 4.61 | F7: 8.29 | G7: =+D7*E7% -> 86.8985 | H7: =+D7*F7% -> 156.2665 | I7: 1184.79 | J7: 1220.3337 | K7: 4.3576296 | L7: 8.1737911 | M7: 0 | N7: 0 | O7: 0 | P7: 0 | Q7: 0 | R7: =+J7+O7 -> 1220.3337 | S7: =+J7*K7%+O7*P7% -> 53.177623 | T7: =+J7*L7%+O7*Q7% -> 99.747528 | U7: 0 | V7: 0 | W7: 0 | X7: 0 | Y7: 0 | Z7: 0 | AA7: =X7*Y7% -> 0 | AB7: =X7*Z7% -> 0 | AF7: =AC7*AD7% -> 0 | AG7: =AC7*AE7% -> 0 | AH7: 3105 | AI7: 4.52 | AJ7: 8.25 | AK7: =AH7*AI7% -> 140.346 | AL7: =AH7*AJ7% -> 256.1625 | AM7: =+D7+R7-AC7-AH7 -> 0.3337 | AN7: =+G7+S7-AF7-AK7 -> -0.2698772 | AO7: =+H7+T7-AG7-AL7 -> -0.1484722 | AP7: =(AN7+AO7)/(S7+T7) -> -0.0027356481 | AQ7: =($AP$1*AN7+$AQ$1*AO7) -> -174.15088 | AR7: =(D7+J7+O7)-(X7+AH7) -> 0.3337
A8: =CONCATENATE(B8,C8) -> 46206M | B8: =+B6+1 -> 46206 | C8: M | D8: 3105 | E8: 4.52 | F8: 8.25 | G8: =+D8*E8% -> 140.346 | H8: =+D8*F8% -> 256.1625 | I8: 264.57 | J8: 272.5071 | K8: 5.4372151 | L8: 8.5982575 | M8: 0 | N8: 0 | O8: 0 | P8: 0 | Q8: 0 | R8: =+J8+O8 -> 272.5071 | S8: =+J8*K8%+O8*P8% -> 14.816797 | T8: =+J8*L8%+O8*Q8% -> 23.430862 | U8: 2950 | V8: 87693 | W8: Hasanpur | X8: 1670 | Y8: 4 | Z8: 8 | AA8: =X8*Y8% -> 66.8 | AB8: =X8*Z8% -> 133.6 | AC8: 1670 | AD8: 4 | AE8: 8 | AF8: =AC8*AD8% -> 66.8 | AG8: =AC8*AE8% -> 133.6 | AH8: 1507 | AI8: 4.6 | AJ8: 8.28 | AK8: =AH8*AI8% -> 69.322 | AL8: =AH8*AJ8% -> 124.7796 | AM8: =+D8+R8-AC8-AH8 -> 200.5071 | AN8: =+G8+S8-AF8-AK8 -> 19.040797 | AO8: =+H8+T8-AG8-AL8 -> 21.213762 | AP8: =(AN8+AO8)/(S8+T8) -> 1.0524712 | AQ8: =($AP$1*AN8+$AQ$1*AO8) -> 15503.056 | AR8: =(D8+J8+O8)-(X8+AH8) -> 200.5071
A9: =CONCATENATE(B9,C9) -> 46206E | B9: =+B7+1 -> 46206 | C9: E | D9: 1507 | E9: 4.6 | F9: 8.28 | G9: =+D9*E9% -> 69.322 | H9: =+D9*F9% -> 124.7796 | I9: 939.01 | J9: 967.1803 | K9: 4.3473275 | L9: 8.2749076 | M9: 0 | N9: 0 | O9: 0 | P9: 0 | Q9: 0 | R9: =+J9+O9 -> 967.1803 | S9: =+J9*K9%+O9*P9% -> 42.046495 | T9: =+J9*L9%+O9*Q9% -> 80.033276 | U9: 0 | V9: 0 | W9: 0 | X9: 0 | Y9: 0 | Z9: 0 | AA9: =X9*Y9% -> 0 | AB9: =X9*Z9% -> 0 | AF9: =AC9*AD9% -> 0 | AG9: =AC9*AE9% -> 0 | AH9: 2475 | AI9: 4.48 | AJ9: 8.28 | AK9: =AH9*AI9% -> 110.88 | AL9: =AH9*AJ9% -> 204.93 | AM9: =+D9+R9-AC9-AH9 -> -0.8197 | AN9: =+G9+S9-AF9-AK9 -> 0.4884952 | AO9: =+H9+T9-AG9-AL9 -> -0.1171237 | AP9: =(AN9+AO9)/(S9+T9) -> 0.0030420396 | AQ9: =($AP$1*AN9+$AQ$1*AO9) -> 199.66034 | AR9: =(D9+J9+O9)-(X9+AH9) -> -0.8197
A10: =CONCATENATE(B10,C10) -> 46207M | B10: =+B8+1 -> 46207 | C10: M | D10: 2475 | E10: 4.48 | F10: 8.28 | G10: =+D10*E10% -> 110.88 | H10: =+D10*F10% -> 204.93 | I10: 538.93 | J10: 555.0979 | K10: 4.9940122 | L10: 8.365888 | M10: 0 | N10: 0 | O10: 0 | P10: 0 | Q10: 0 | R10: =+J10+O10 -> 555.0979 | S10: =+J10*K10%+O10*P10% -> 27.721657 | T10: =+J10*L10%+O10*Q10% -> 46.438868 | U10: 2950 | V10: 87694 | W10: Hasanpur | X10: 1030 | Y10: 4.1 | Z10: 8 | AA10: =X10*Y10% -> 42.23 | AB10: =X10*Z10% -> 82.4 | AC10: 1030 | AD10: 4.1 | AE10: 8 | AF10: =AC10*AD10% -> 42.23 | AG10: =AC10*AE10% -> 82.4 | AH10: 2000 | AI10: 4.57 | AJ10: 8.3 | AK10: =AH10*AI10% -> 91.4 | AL10: =AH10*AJ10% -> 166 | AM10: =+D10+R10-AC10-AH10 -> 0.0979 | AN10: =+G10+S10-AF10-AK10 -> 4.9716569 | AO10: =+H10+T10-AG10-AL10 -> 2.9688684 | AP10: =(AN10+AO10)/(S10+T10) -> 0.10707213 | AQ10: =($AP$1*AN10+$AQ$1*AO10) -> 3278.1926 | AR10: =(D10+J10+O10)-(X10+AH10) -> 0.0979
A11: =CONCATENATE(B11,C11) -> 46207E | B11: =+B9+1 -> 46207 | C11: E | D11: 2000 | E11: 4.57 | F11: 8.3 | G11: =+D11*E11% -> 91.4 | H11: =+D11*F11% -> 166 | I11: 641.6 | J11: 660.848 | K11: 4.2500904 | L11: 8.0708292 | M11: 0 | N11: 0 | O11: 0 | P11: 0 | Q11: 0 | R11: =+J11+O11 -> 660.848 | S11: =+J11*K11%+O11*P11% -> 28.086637 | T11: =+J11*L11%+O11*Q11% -> 53.335913 | U11: 0 | V11: 0 | W11: 0 | X11: 0 | Y11: 0 | Z11: 0 | AA11: =X11*Y11% -> 0 | AB11: =X11*Z11% -> 0 | AF11: =AC11*AD11% -> 0 | AG11: =AC11*AE11% -> 0 | AH11: 2661 | AI11: 4.48 | AJ11: 8.25 | AK11: =AH11*AI11% -> 119.2128 | AL11: =AH11*AJ11% -> 219.5325 | AM11: =+D11+R11-AC11-AH11 -> -0.152 | AN11: =+G11+S11-AF11-AK11 -> 0.2738374 | AO11: =+H11+T11-AG11-AL11 -> -0.1965868 | AP11: =(AN11+AO11)/(S11+T11) -> 0.00094876173 | AQ11: =($AP$1*AN11+$AQ$1*AO11) -> 72.711787 | AR11: =(D11+J11+O11)-(X11+AH11) -> -0.152
A12: =CONCATENATE(B12,C12) -> 46208M | B12: =+B10+1 -> 46208 | C12: M | D12: 2661 | E12: 4.48 | F12: 8.25 | G12: =+D12*E12% -> 119.2128 | H12: =+D12*F12% -> 219.5325 | I12: 223.4 | J12: 230.102 | K12: 5.1106893 | L12: 8.5202283 | M12: 0 | N12: 0 | O12: 0 | P12: 0 | Q12: 0 | R12: =+J12+O12 -> 230.102 | S12: =+J12*K12%+O12*P12% -> 11.759798 | T12: =+J12*L12%+O12*Q12% -> 19.605216 | U12: 2950 | V12: 87695 | W12: Hasanpur | X12: 1300 | Y12: 4.1 | Z12: 7.8 | AA12: =X12*Y12% -> 53.3 | AB12: =X12*Z12% -> 101.4 | AC12: 1300 | AD12: 4.1 | AE12: 7.8 | AF12: =AC12*AD12% -> 53.3 | AG12: =AC12*AE12% -> 101.4 | AH12: 1591 | AI12: 4.53 | AJ12: 8.27 | AK12: =AH12*AI12% -> 72.0723 | AL12: =AH12*AJ12% -> 131.5757 | AM12: =+D12+R12-AC12-AH12 -> 0.102 | AN12: =+G12+S12-AF12-AK12 -> 5.6002984 | AO12: =+H12+T12-AG12-AL12 -> 6.1620157 | AP12: =(AN12+AO12)/(S12+T12) -> 0.37501383 | AQ12: =($AP$1*AN12+$AQ$1*AO12) -> 4536.5945 | AR12: =(D12+J12+O12)-(X12+AH12) -> 0.102
A13: =CONCATENATE(B13,C13) -> 46208E | B13: =+B11+1 -> 46208 | C13: E | D13: 1591 | E13: 4.53 | F13: 8.27 | G13: =+D13*E13% -> 72.0723 | H13: =+D13*F13% -> 131.5757 | I13: 891.43 | J13: 918.1729 | K13: 4.267256 | L13: 8.2670888 | M13: 0 | N13: 0 | O13: 0 | P13: 0 | Q13: 0 | R13: =+J13+O13 -> 918.1729 | S13: =+J13*K13%+O13*P13% -> 39.180788 | T13: =+J13*L13%+O13*Q13% -> 75.906169 | U13: 0 | V13: 0 | W13: 0 | X13: 0 | Y13: 0 | Z13: 0 | AA13: =X13*Y13% -> 0 | AB13: =X13*Z13% -> 0 | AF13: =AC13*AD13% -> 0 | AG13: =AC13*AE13% -> 0 | AH13: 2509 | AI13: 4.45 | AJ13: 8.28 | AK13: =AH13*AI13% -> 111.6505 | AL13: =AH13*AJ13% -> 207.7452 | AM13: =+D13+R13-AC13-AH13 -> 0.1729 | AN13: =+G13+S13-AF13-AK13 -> -0.397412 | AO13: =+H13+T13-AG13-AL13 -> -0.2633307 | AP13: =(AN13+AO13)/(S13+T13) -> -0.0057412474 | AQ13: =($AP$1*AN13+$AQ$1*AO13) -> -269.8346 | AR13: =(D13+J13+O13)-(X13+AH13) -> 0.1729
A14: =CONCATENATE(B14,C14) -> 46209M | B14: =+B12+1 -> 46209 | C14: M | D14: 2509 | E14: 4.45 | F14: 8.28 | G14: =+D14*E14% -> 111.6505 | H14: =+D14*F14% -> 207.7452 | I14: 263.51 | J14: 271.4153 | K14: 5.8492088 | L14: 8.795336 | M14: 0 | N14: 0 | O14: 0 | P14: 0 | Q14: 0 | R14: =+J14+O14 -> 271.4153 | S14: =+J14*K14%+O14*P14% -> 15.875648 | T14: =+J14*L14%+O14*Q14% -> 23.871888 | U14: 2950 | V14: 87696 | W14: Hasanpur | X14: 1070 | Y14: 4.3 | Z14: 8 | AA14: =X14*Y14% -> 46.01 | AB14: =X14*Z14% -> 85.6 | AC14: 1070 | AD14: 4.3 | AE14: 8 | AF14: =AC14*AD14% -> 46.01 | AG14: =AC14*AE14% -> 85.6 | AH14: 1710 | AI14: 4.6 | AJ14: 8.33 | AK14: =AH14*AI14% -> 78.66 | AL14: =AH14*AJ14% -> 142.443 | AM14: =+D14+R14-AC14-AH14 -> 0.4153 | AN14: =+G14+S14-AF14-AK14 -> 2.8561475 | AO14: =+H14+T14-AG14-AL14 -> 3.5740877 | AP14: =(AN14+AO14)/(S14+T14) -> 0.16177695 | AQ14: =($AP$1*AN14+$AQ$1*AO14) -> 2442.8793 | AR14: =(D14+J14+O14)-(X14+AH14) -> 0.4153
A15: =CONCATENATE(B15,C15) -> 46209E | B15: =+B13+1 -> 46209 | C15: E | D15: 1710 | E15: 4.6 | F15: 8.33 | G15: =+D15*E15% -> 78.66 | H15: =+D15*F15% -> 142.443 | I15: 582.39 | J15: 599.8617 | K15: 4.3363004 | L15: 8.3651539 | M15: 0 | N15: 0 | O15: 0 | P15: 0 | Q15: 0 | R15: =+J15+O15 -> 599.8617 | S15: =+J15*K15%+O15*P15% -> 26.011805 | T15: =+J15*L15%+O15*Q15% -> 50.179355 | U15: 0 | V15: 0 | W15: 0 | X15: 0 | Y15: 0 | Z15: 0 | AA15: =X15*Y15% -> 0 | AB15: =X15*Z15% -> 0 | AF15: =AC15*AD15% -> 0 | AG15: =AC15*AE15% -> 0 | AH15: 2310 | AI15: 4.52 | AJ15: 8.35 | AK15: =AH15*AI15% -> 104.412 | AL15: =AH15*AJ15% -> 192.885 | AM15: =+D15+R15-AC15-AH15 -> -0.1383 | AN15: =+G15+S15-AF15-AK15 -> 0.2598054 | AO15: =+H15+T15-AG15-AL15 -> -0.2626454 | AP15: =(AN15+AO15)/(S15+T15) -> -3.7274665e-05 | AQ15: =($AP$1*AN15+$AQ$1*AO15) -> 46.184991 | AR15: =(D15+J15+O15)-(X15+AH15) -> -0.1383
A16: =CONCATENATE(B16,C16) -> 46210M | B16: =+B14+1 -> 46210 | C16: M | D16: 2310 | E16: 4.52 | F16: 8.35 | G16: =+D16*E16% -> 104.412 | H16: =+D16*F16% -> 192.885 | I16: 292.84 | J16: 301.6252 | K16: 5.4990951 | L16: 8.639175 | M16: 0 | N16: 0 | O16: 0 | P16: 0 | Q16: 0 | R16: =+J16+O16 -> 301.6252 | S16: =+J16*K16%+O16*P16% -> 16.586657 | T16: =+J16*L16%+O16*Q16% -> 26.057929 | U16: 2950 | V16: 87697 | W16: Hasanpur | X16: 1730 | Y16: 4.2 | Z16: 8 | AA16: =X16*Y16% -> 72.66 | AB16: =X16*Z16% -> 138.4 | AC16: 1730 | AD16: 4.2 | AE16: 8 | AF16: =AC16*AD16% -> 72.66 | AG16: =AC16*AE16% -> 138.4 | AH16: 881 | AI16: 4.63 | AJ16: 8.38 | AK16: =AH16*AI16% -> 40.7903 | AL16: =AH16*AJ16% -> 73.8278 | AM16: =+D16+R16-AC16-AH16 -> 0.6252 | AN16: =+G16+S16-AF16-AK16 -> 7.5483565 | AO16: =+H16+T16-AG16-AL16 -> 6.7151288 | AP16: =(AN16+AO16)/(S16+T16) -> 0.33447354 | AQ16: =($AP$1*AN16+$AQ$1*AO16) -> 5638.3523 | AR16: =(D16+J16+O16)-(X16+AH16) -> 0.6252
A17: =CONCATENATE(B17,C17) -> 46210E | B17: =+B15+1 -> 46210 | C17: E | D17: 881 | E17: 4.63 | F17: 8.38 | G17: =+D17*E17% -> 40.7903 | H17: =+D17*F17% -> 73.8278 | I17: 1420.6 | J17: 1463.218 | K17: 4.50971 | L17: 8.4243496 | M17: 0 | N17: 0 | O17: 0 | P17: 0 | Q17: 0 | R17: =+J17+O17 -> 1463.218 | S17: =+J17*K17%+O17*P17% -> 65.986888 | T17: =+J17*L17%+O17*Q17% -> 123.2666 | U17: 0 | V17: 0 | W17: 0 | X17: 0 | Y17: 0 | Z17: 0 | AA17: =X17*Y17% -> 0 | AB17: =X17*Z17% -> 0 | AF17: =AC17*AD17% -> 0 | AG17: =AC17*AE17% -> 0 | AH17: 2344 | AI17: 4.55 | AJ17: 8.39 | AK17: =AH17*AI17% -> 106.652 | AL17: =AH17*AJ17% -> 196.6616 | AM17: =+D17+R17-AC17-AH17 -> 0.218 | AN17: =+G17+S17-AF17-AK17 -> 0.1251882 | AO17: =+H17+T17-AG17-AL17 -> 0.4327993 | AP17: =(AN17+AO17)/(S17+T17) -> 0.0029483605 | AQ17: =($AP$1*AN17+$AQ$1*AO17) -> 189.77654 | AR17: =(D17+J17+O17)-(X17+AH17) -> 0.218
A18: =CONCATENATE(B18,C18) -> 46211M | B18: =+B16+1 -> 46211 | C18: M | D18: 2344 | E18: 4.55 | F18: 8.39 | G18: =+D18*E18% -> 106.652 | H18: =+D18*F18% -> 196.6616 | I18: 300.41 | J18: 309.4223 | K18: 5.5115642 | L18: 8.6965614 | M18: 0 | N18: 0 | O18: 0 | P18: 0 | Q18: 0 | R18: =+J18+O18 -> 309.4223 | S18: =+J18*K18%+O18*P18% -> 17.054009 | T18: =+J18*L18%+O18*Q18% -> 26.9091 | U18: 2950 | V18: 87698 | W18: Hasanpur | X18: 1310 | Y18: 4.2 | Z18: 8 | AA18: =X18*Y18% -> 55.02 | AB18: =X18*Z18% -> 104.8 | AC18: 1310 | AD18: 4.2 | AE18: 8 | AF18: =AC18*AD18% -> 55.02 | AG18: =AC18*AE18% -> 104.8 | AH18: 1343 | AI18: 4.66 | AJ18: 8.43 | AK18: =AH18*AI18% -> 62.5838 | AL18: =AH18*AJ18% -> 113.2149 | AM18: =+D18+R18-AC18-AH18 -> 0.4223 | AN18: =+G18+S18-AF18-AK18 -> 6.1022087 | AO18: =+H18+T18-AG18-AL18 -> 5.5558002 | AP18: =(AN18+AO18)/(S18+T18) -> 0.26517708 | AQ18: =($AP$1*AN18+$AQ$1*AO18) -> 4596.2226 | AR18: =(D18+J18+O18)-(X18+AH18) -> 0.4223
A19: =CONCATENATE(B19,C19) -> 46211E | B19: =+B17+1 -> 46211 | C19: E | D19: 1343 | E19: 4.66 | F19: 8.43 | G19: =+D19*E19% -> 62.5838 | H19: =+D19*F19% -> 113.2149 | I19: 1308.85 | J19: 1348.1155 | K19: 4.4776346 | L19: 8.1877289 | M19: 0 | N19: 0 | O19: 0 | P19: 0 | Q19: 0 | R19: =+J19+O19 -> 1348.1155 | S19: =+J19*K19%+O19*P19% -> 60.363686 | T19: =+J19*L19%+O19*Q19% -> 110.38004 | U19: 0 | V19: 0 | W19: 0 | X19: 0 | Y19: 0 | Z19: 0 | AA19: =X19*Y19% -> 0 | AB19: =X19*Z19% -> 0 | AF19: =AC19*AD19% -> 0 | AG19: =AC19*AE19% -> 0 | AH19: 2691 | AI19: 4.58 | AJ19: 8.31 | AK19: =AH19*AI19% -> 123.2478 | AL19: =AH19*AJ19% -> 223.6221 | AM19: =+D19+R19-AC19-AH19 -> 0.1155 | AN19: =+G19+S19-AF19-AK19 -> -0.3003144 | AO19: =+H19+T19-AG19-AL19 -> -0.0271573 | AP19: =(AN19+AO19)/(S19+T19) -> -0.0019179135 | AQ19: =($AP$1*AN19+$AQ$1*AO19) -> -152.44421 | AR19: =(D19+J19+O19)-(X19+AH19) -> 0.1155
A20: =CONCATENATE(B20,C20) -> 46212M | B20: =+B18+1 -> 46212 | C20: M | D20: 2691 | E20: 4.58 | F20: 8.31 | G20: =+D20*E20% -> 123.2478 | H20: =+D20*F20% -> 223.6221 | I20: 317.4 | J20: 326.922 | K20: 5.5121235 | L20: 8.646317 | M20: 0 | N20: 0 | O20: 0 | P20: 0 | Q20: 0 | R20: =+J20+O20 -> 326.922 | S20: =+J20*K20%+O20*P20% -> 18.020344 | T20: =+J20*L20%+O20*Q20% -> 28.266712 | U20: 0 | V20: 0 | W20: 0 | X20: 0 | Y20: 0 | Z20: 0 | AA20: =X20*Y20% -> 0 | AB20: =X20*Z20% -> 0 | AF20: =AC20*AD20% -> 0 | AG20: =AC20*AE20% -> 0 | AH20: 3018 | AI20: 4.68 | AJ20: 8.34 | AK20: =AH20*AI20% -> 141.2424 | AL20: =AH20*AJ20% -> 251.7012 | AM20: =+D20+R20-AC20-AH20 -> -0.078 | AN20: =+G20+S20-AF20-AK20 -> 0.0257444 | AO20: =+H20+T20-AG20-AL20 -> 0.1876123 | AP20: =(AN20+AO20)/(S20+T20) -> 0.0046094246 | AQ20: =($AP$1*AN20+$AQ$1*AO20) -> 68.559236 | AR20: =(D20+J20+O20)-(X20+AH20) -> -0.078
A21: =CONCATENATE(B21,C21) -> 46212E | B21: =+B19+1 -> 46212 | C21: E | D21: 3018 | E21: 4.68 | F21: 8.34 | G21: =+D21*E21% -> 141.2424 | H21: =+D21*F21% -> 251.7012 | I21: 1113.81 | J21: 1147.2243 | K21: 4.5278468 | L21: 8.2069608 | M21: 0 | N21: 0 | O21: 0 | P21: 0 | Q21: 0 | R21: =+J21+O21 -> 1147.2243 | S21: =+J21*K21%+O21*P21% -> 51.944558 | T21: =+J21*L21%+O21*Q21% -> 94.152249 | U21: 0 | V21: 0 | W21: 0 | X21: 0 | Y21: 0 | Z21: 0 | AA21: =X21*Y21% -> 0 | AB21: =X21*Z21% -> 0 | AF21: =AC21*AD21% -> 0 | AG21: =AC21*AE21% -> 0 | AH21: 4165 | AI21: 4.63 | AJ21: 8.3 | AK21: =AH21*AI21% -> 192.8395 | AL21: =AH21*AJ21% -> 345.695 | AM21: =+D21+R21-AC21-AH21 -> 0.2243 | AN21: =+G21+S21-AF21-AK21 -> 0.3474583 | AO21: =+H21+T21-AG21-AL21 -> 0.1584485 | AP21: =(AN21+AO21)/(S21+T21) -> 0.003462819 | AQ21: =($AP$1*AN21+$AQ$1*AO21) -> 214.41894 | AR21: =(D21+J21+O21)-(X21+AH21) -> 0.2243
A22: =CONCATENATE(B22,C22) -> 46213M | B22: =+B20+1 -> 46213 | C22: M | G22: =+D22*E22% -> 0 | H22: =+D22*F22% -> 0 | R22: =+J22+O22 -> 0 | S22: =+J22*K22%+O22*P22% -> 0 | T22: =+J22*L22%+O22*Q22% -> 0 | AA22: =X22*Y22% -> 0 | AB22: =X22*Z22% -> 0 | AF22: =AC22*AD22% -> 0 | AG22: =AC22*AE22% -> 0 | AK22: =AH22*AI22% -> 0 | AL22: =AH22*AJ22% -> 0 | AM22: =+D22+R22-AC22-AH22 -> 0 | AN22: =+G22+S22-AF22-AK22 -> 0 | AO22: =+H22+T22-AG22-AL22 -> 0 | AP22: =(AN22+AO22)/(S22+T22) -> #DIV/0! | AQ22: =($AP$1*AN22+$AQ$1*AO22) -> 0 | AR22: =(D22+J22+O22)-(X22+AH22) -> 0
A23: =CONCATENATE(B23,C23) -> 46213E | B23: =+B21+1 -> 46213 | C23: E | G23: =+D23*E23% -> 0 | H23: =+D23*F23% -> 0 | R23: =+J23+O23 -> 0 | S23: =+J23*K23%+O23*P23% -> 0 | T23: =+J23*L23%+O23*Q23% -> 0 | AA23: =X23*Y23% -> 0 | AB23: =X23*Z23% -> 0 | AF23: =AC23*AD23% -> 0 | AG23: =AC23*AE23% -> 0 | AK23: =AH23*AI23% -> 0 | AL23: =AH23*AJ23% -> 0 | AM23: =+D23+R23-AC23-AH23 -> 0 | AN23: =+G23+S23-AF23-AK23 -> 0 | AO23: =+H23+T23-AG23-AL23 -> 0 | AP23: =(AN23+AO23)/(S23+T23) -> #DIV/0! | AQ23: =($AP$1*AN23+$AQ$1*AO23) -> 0 | AR23: =(D23+J23+O23)-(X23+AH23) -> 0
A24: =CONCATENATE(B24,C24) -> 46214M | B24: =+B22+1 -> 46214 | C24: M | G24: =+D24*E24% -> 0 | H24: =+D24*F24% -> 0 | R24: =+J24+O24 -> 0 | S24: =+J24*K24%+O24*P24% -> 0 | T24: =+J24*L24%+O24*Q24% -> 0 | AA24: =X24*Y24% -> 0 | AB24: =X24*Z24% -> 0 | AF24: =AC24*AD24% -> 0 | AG24: =AC24*AE24% -> 0 | AK24: =AH24*AI24% -> 0 | AL24: =AH24*AJ24% -> 0 | AM24: =+D24+R24-AC24-AH24 -> 0 | AN24: =+G24+S24-AF24-AK24 -> 0 | AO24: =+H24+T24-AG24-AL24 -> 0 | AP24: =(AN24+AO24)/(S24+T24) -> #DIV/0! | AQ24: =($AP$1*AN24+$AQ$1*AO24) -> 0 | AR24: =(D24+J24+O24)-(X24+AH24) -> 0
A25: =CONCATENATE(B25,C25) -> 46214E | B25: =+B23+1 -> 46214 | C25: E | G25: =+D25*E25% -> 0 | H25: =+D25*F25% -> 0 | R25: =+J25+O25 -> 0 | S25: =+J25*K25%+O25*P25% -> 0 | T25: =+J25*L25%+O25*Q25% -> 0 | AA25: =X25*Y25% -> 0 | AB25: =X25*Z25% -> 0 | AF25: =AC25*AD25% -> 0 | AG25: =AC25*AE25% -> 0 | AK25: =AH25*AI25% -> 0 | AL25: =AH25*AJ25% -> 0 | AM25: =+D25+R25-AC25-AH25 -> 0 | AN25: =+G25+S25-AF25-AK25 -> 0 | AO25: =+H25+T25-AG25-AL25 -> 0 | AP25: =(AN25+AO25)/(S25+T25) -> #DIV/0! | AQ25: =($AP$1*AN25+$AQ$1*AO25) -> 0 | AR25: =(D25+J25+O25)-(X25+AH25) -> 0
A26: =CONCATENATE(B26,C26) -> 46215M | B26: =+B24+1 -> 46215 | C26: M | G26: =+D26*E26% -> 0 | H26: =+D26*F26% -> 0 | R26: =+J26+O26 -> 0 | S26: =+J26*K26%+O26*P26% -> 0 | T26: =+J26*L26%+O26*Q26% -> 0 | AA26: =X26*Y26% -> 0 | AB26: =X26*Z26% -> 0 | AF26: =AC26*AD26% -> 0 | AG26: =AC26*AE26% -> 0 | AK26: =AH26*AI26% -> 0 | AL26: =AH26*AJ26% -> 0 | AM26: =+D26+R26-AC26-AH26 -> 0 | AN26: =+G26+S26-AF26-AK26 -> 0 | AO26: =+H26+T26-AG26-AL26 -> 0 | AP26: =(AN26+AO26)/(S26+T26) -> #DIV/0! | AQ26: =($AP$1*AN26+$AQ$1*AO26) -> 0 | AR26: =(D26+J26+O26)-(X26+AH26) -> 0
A27: =CONCATENATE(B27,C27) -> 46215E | B27: =+B25+1 -> 46215 | C27: E | G27: =+D27*E27% -> 0 | H27: =+D27*F27% -> 0 | R27: =+J27+O27 -> 0 | S27: =+J27*K27%+O27*P27% -> 0 | T27: =+J27*L27%+O27*Q27% -> 0 | AA27: =X27*Y27% -> 0 | AB27: =X27*Z27% -> 0 | AF27: =AC27*AD27% -> 0 | AG27: =AC27*AE27% -> 0 | AK27: =AH27*AI27% -> 0 | AL27: =AH27*AJ27% -> 0 | AM27: =+D27+R27-AC27-AH27 -> 0 | AN27: =+G27+S27-AF27-AK27 -> 0 | AO27: =+H27+T27-AG27-AL27 -> 0 | AP27: =(AN27+AO27)/(S27+T27) -> #DIV/0! | AQ27: =($AP$1*AN27+$AQ$1*AO27) -> 0 | AR27: =(D27+J27+O27)-(X27+AH27) -> 0
A28: =CONCATENATE(B28,C28) -> 46216M | B28: =+B26+1 -> 46216 | C28: M | G28: =+D28*E28% -> 0 | H28: =+D28*F28% -> 0 | R28: =+J28+O28 -> 0 | S28: =+J28*K28%+O28*P28% -> 0 | T28: =+J28*L28%+O28*Q28% -> 0 | AA28: =X28*Y28% -> 0 | AB28: =X28*Z28% -> 0 | AF28: =AC28*AD28% -> 0 | AG28: =AC28*AE28% -> 0 | AK28: =AH28*AI28% -> 0 | AL28: =AH28*AJ28% -> 0 | AM28: =+D28+R28-AC28-AH28 -> 0 | AN28: =+G28+S28-AF28-AK28 -> 0 | AO28: =+H28+T28-AG28-AL28 -> 0 | AP28: =(AN28+AO28)/(S28+T28) -> #DIV/0! | AQ28: =($AP$1*AN28+$AQ$1*AO28) -> 0 | AR28: =(D28+J28+O28)-(X28+AH28) -> 0
A29: =CONCATENATE(B29,C29) -> 46216E | B29: =+B27+1 -> 46216 | C29: E | G29: =+D29*E29% -> 0 | H29: =+D29*F29% -> 0 | R29: =+J29+O29 -> 0 | S29: =+J29*K29%+O29*P29% -> 0 | T29: =+J29*L29%+O29*Q29% -> 0 | AA29: =X29*Y29% -> 0 | AB29: =X29*Z29% -> 0 | AF29: =AC29*AD29% -> 0 | AG29: =AC29*AE29% -> 0 | AK29: =AH29*AI29% -> 0 | AL29: =AH29*AJ29% -> 0 | AM29: =+D29+R29-AC29-AH29 -> 0 | AN29: =+G29+S29-AF29-AK29 -> 0 | AO29: =+H29+T29-AG29-AL29 -> 0 | AP29: =(AN29+AO29)/(S29+T29) -> #DIV/0! | AQ29: =($AP$1*AN29+$AQ$1*AO29) -> 0 | AR29: =(D29+J29+O29)-(X29+AH29) -> 0
A30: =CONCATENATE(B30,C30) -> 46217M | B30: =+B28+1 -> 46217 | C30: M | G30: =+D30*E30% -> 0 | H30: =+D30*F30% -> 0 | R30: =+J30+O30 -> 0 | S30: =+J30*K30%+O30*P30% -> 0 | T30: =+J30*L30%+O30*Q30% -> 0 | AA30: =X30*Y30% -> 0 | AB30: =X30*Z30% -> 0 | AF30: =AC30*AD30% -> 0 | AG30: =AC30*AE30% -> 0 | AK30: =AH30*AI30% -> 0 | AL30: =AH30*AJ30% -> 0 | AM30: =+D30+R30-AC30-AH30 -> 0 | AN30: =+G30+S30-AF30-AK30 -> 0 | AO30: =+H30+T30-AG30-AL30 -> 0 | AP30: =(AN30+AO30)/(S30+T30) -> #DIV/0! | AQ30: =($AP$1*AN30+$AQ$1*AO30) -> 0 | AR30: =(D30+J30+O30)-(X30+AH30) -> 0
A31: =CONCATENATE(B31,C31) -> 46217E | B31: =+B29+1 -> 46217 | C31: E | G31: =+D31*E31% -> 0 | H31: =+D31*F31% -> 0 | R31: =+J31+O31 -> 0 | S31: =+J31*K31%+O31*P31% -> 0 | T31: =+J31*L31%+O31*Q31% -> 0 | AA31: =X31*Y31% -> 0 | AB31: =X31*Z31% -> 0 | AF31: =AC31*AD31% -> 0 | AG31: =AC31*AE31% -> 0 | AK31: =AH31*AI31% -> 0 | AL31: =AH31*AJ31% -> 0 | AM31: =+D31+R31-AC31-AH31 -> 0 | AN31: =+G31+S31-AF31-AK31 -> 0 | AO31: =+H31+T31-AG31-AL31 -> 0 | AP31: =(AN31+AO31)/(S31+T31) -> #DIV/0! | AQ31: =($AP$1*AN31+$AQ$1*AO31) -> 0 | AR31: =(D31+J31+O31)-(X31+AH31) -> 0
A32: =CONCATENATE(B32,C32) -> 46218M | B32: =+B30+1 -> 46218 | C32: M | G32: =+D32*E32% -> 0 | H32: =+D32*F32% -> 0 | R32: =+J32+O32 -> 0 | S32: =+J32*K32%+O32*P32% -> 0 | T32: =+J32*L32%+O32*Q32% -> 0 | AA32: =X32*Y32% -> 0 | AB32: =X32*Z32% -> 0 | AF32: =AC32*AD32% -> 0 | AG32: =AC32*AE32% -> 0 | AK32: =AH32*AI32% -> 0 | AL32: =AH32*AJ32% -> 0 | AM32: =+D32+R32-AC32-AH32 -> 0 | AN32: =+G32+S32-AF32-AK32 -> 0 | AO32: =+H32+T32-AG32-AL32 -> 0 | AP32: =(AN32+AO32)/(S32+T32) -> #DIV/0! | AQ32: =($AP$1*AN32+$AQ$1*AO32) -> 0 | AR32: =(D32+J32+O32)-(X32+AH32) -> 0
A33: =CONCATENATE(B33,C33) -> 46218E | B33: =+B31+1 -> 46218 | C33: E | G33: =+D33*E33% -> 0 | H33: =+D33*F33% -> 0 | R33: =+J33+O33 -> 0 | S33: =+J33*K33%+O33*P33% -> 0 | T33: =+J33*L33%+O33*Q33% -> 0 | AA33: =X33*Y33% -> 0 | AB33: =X33*Z33% -> 0 | AF33: =AC33*AD33% -> 0 | AG33: =AC33*AE33% -> 0 | AK33: =AH33*AI33% -> 0 | AL33: =AH33*AJ33% -> 0 | AM33: =+D33+R33-AC33-AH33 -> 0 | AN33: =+G33+S33-AF33-AK33 -> 0 | AO33: =+H33+T33-AG33-AL33 -> 0 | AP33: =(AN33+AO33)/(S33+T33) -> #DIV/0! | AQ33: =($AP$1*AN33+$AQ$1*AO33) -> 0 | AR33: =(D33+J33+O33)-(X33+AH33) -> 0
... A65: =CONCATENATE(B65,C65) -> 46234E | B65: =+B63+1 -> 46234 | C65: E | G65: =+D65*E65% -> 0 | H65: =+D65*F65% -> 0 | R65: =+J65+O65 -> 0 | S65: =+J65*K65%+O65*P65% -> 0 | T65: =+J65*L65%+O65*Q65% -> 0 | AA65: =X65*Y65% -> 0 | AB65: =X65*Z65% -> 0 | AF65: =AC65*AD65% -> 0 | AG65: =AC65*AE65% -> 0 | AK65: =AH65*AI65% -> 0 | AL65: =AH65*AJ65% -> 0 | AM65: =+D65+R65-AC65-AH65 -> 0 | AN65: =+G65+S65-AF65-AK65 -> 0 | AO65: =+H65+T65-AG65-AL65 -> 0 | AP65: =(AN65+AO65)/(S65+T65) -> #DIV/0! | AQ65: =($AP$1*AN65+$AQ$1*AO65) -> 0 | AR65: =(D65+J65+O65)-(X65+AH65) -> 0
J66: =SUM(J4:J65) -> 12225.163 | AM66: =-SUM(AM4:AM65) -> -204.1627 | AN66: =-SUM(AN4:AN65) -> -58.039519 | AO66: =-SUM(AO4:AO65) -> -52.151576 | AP66: =-SUM(AP4:AP65) -> #DIV/0! | AQ66: =-SUM(AQ4:AQ65) -> -43508.811

Sheet Sahibpur Kamal
B1: S Kamal Bmc | AG1: 392 | AP1: =Sumarry!$K$4 -> 480.53255 | AQ1: =Sumarry!$L$4 -> 299.4911
B2: Date | C2: Shift | D2: OB | I2: Milk from MPG in Ltr | M2: Transfer from other BMC/RMC | R2: Total Milk Receipt in Kg | U2: Tanker Dispatch Details | AC2: Plant Receipt | AH2: CB | AM2: Loss/(Gain)
D3: Qty KG | E3: Fat% | F3: Snf% | G3: FAT Kg | H3: SNF Kg | I3: Qty Ltr | J3: Qty Kg | K3: Fat% | L3: Snf% | M3: From | N3: Tanker No | O3: Qty Kg | P3: Fat% | Q3: Snf% | R3: Qty Kg | S3: FAT Kg | T3: SNF Kg | U3: Tanker | V3: Challan | W3: To | X3: Qty KG | Y3: Fat% | Z3: Snf% | AA3: FAT Kg | AB3: SNF Kg | AC3: Qty KG | AD3: Fat% | AE3: Snf% | AF3: FAT Kg | AG3: SNF Kg | AH3: Qty KG | AI3: Fat% | AJ3: Snf% | AK3: FAT Kg | AL3: SNF Kg | AM3: Qty KG | AN3: FAT Kg | AO3: SNF Kg | AP3: TS Loss% | AQ3: Amount
A4: =CONCATENATE(B4,C4) -> 46204M | B4: 46204 | C4: M | D4: 1474 | E4: 4.05 | F4: 8.18 | G4: =+D4*E4% -> 59.697 | H4: =+D4*F4% -> 120.5732 | I4: 4463.5 | J4: 4597.405 | K4: 4.0541481 | L4: 8.2085807 | M4: Matihani | N4: 5239/7181/80374,75 | O4: 11290 | P4: 3.96 | Q4: 8.08 | R4: =+J4+O4 -> 15887.405 | S4: =+J4*K4%+O4*P4% -> 633.46961 | T4: =+J4*L4%+O4*Q4% -> 1289.6137 | U4: 7181/6102 | V4: 86410/86411 | W4: Itc munger | X4: 13020 | Y4: 4.06 | Z4: 8.12 | AA4: =X4*Y4% -> 528.612 | AB4: =X4*Z4% -> 1057.224 | AC4: 12980 | AD4: 4.0113636 | AE4: 8.0822727 | AF4: =AC4*AD4% -> 520.675 | AG4: =AC4*AE4% -> 1049.079 | AH4: 4342 | AI4: 3.99 | AJ4: 8.14 | AK4: =AH4*AI4% -> 173.2458 | AL4: =AH4*AJ4% -> 353.4388 | AM4: =+D4+R4-AC4-AH4 -> 39.405 | AN4: =+G4+S4-AF4-AK4 -> -0.754193 | AO4: =+H4+T4-AG4-AL4 -> 7.6691 | AP4: =(AN4+AO4)/(S4+T4) -> 0.0035957397 | AQ4: =($AP$1*AN4+$AQ$1*AO4) -> 1934.4129 | AR4: =(D4+J4+O4)-(X4+AH4) -> -0.595
A5: =CONCATENATE(B5,C5) -> 46204E | B5: =+B4 -> 46204 | C5: E | D5: 4342 | E5: 3.99 | F5: 8.14 | G5: =+D5*E5% -> 173.2458 | H5: =+D5*F5% -> 353.4388 | I5: 4842.4 | J5: 4987.672 | K5: 4.1320399 | L5: 8.3110999 | M5: 0 | N5: 0 | O5: 0 | P5: 0 | Q5: 0 | R5: =+J5+O5 -> 4987.672 | S5: =+J5*K5%+O5*P5% -> 206.0926 | T5: =+J5*L5%+O5*Q5% -> 414.5304 | U5: 5239 | V5: 86412 | W5: Muzaffarpur | X5: 9470 | Y5: 4.1 | Z5: 8.23 | AA5: =X5*Y5% -> 388.27 | AB5: =X5*Z5% -> 779.381 | AC5: 9400 | AD5: 4.05 | AE5: 8.16 | AF5: =AC5*AD5% -> 380.7 | AG5: =AC5*AE5% -> 767.04 | AH5: 0 | AI5: 0 | AJ5: 0 | AK5: =AH5*AI5% -> 0 | AL5: =AH5*AJ5% -> 0 | AM5: =+D5+R5-AC5-AH5 -> -70.328 | AN5: =+G5+S5-AF5-AK5 -> -1.361603 | AO5: =+H5+T5-AG5-AL5 -> 0.929201 | AP5: =(AN5+AO5)/(S5+T5) -> -0.00069672249 | AQ5: =($AP$1*AN5+$AQ$1*AO5) -> -376.00713 | AR5: =(D5+J5+O5)-(X5+AH5) -> -140.328
A6: =CONCATENATE(B6,C6) -> 46205M | B6: =+B4+1 -> 46205 | C6: M | D6: 0 | E6: 0 | F6: 0 | G6: =+D6*E6% -> 0 | H6: =+D6*F6% -> 0 | I6: 4351.8 | J6: 4482.354 | K6: 4.1616044 | L6: 8.1799784 | M6: 0 | N6: 0 | O6: 0 | P6: 0 | Q6: 0 | R6: =+J6+O6 -> 4482.354 | S6: =+J6*K6%+O6*P6% -> 186.53784 | T6: =+J6*L6%+O6*Q6% -> 366.65559 | U6: 0 | V6: 0 | W6: 0 | X6: 0 | Y6: 0 | Z6: 0 | AA6: =X6*Y6% -> 0 | AB6: =X6*Z6% -> 0 | AF6: =AC6*AD6% -> 0 | AG6: =AC6*AE6% -> 0 | AH6: 4377 | AI6: 4.14 | AJ6: 8.17 | AK6: =AH6*AI6% -> 181.2078 | AL6: =AH6*AJ6% -> 357.6009 | AM6: =+D6+R6-AC6-AH6 -> 105.354 | AN6: =+G6+S6-AF6-AK6 -> 5.330041 | AO6: =+H6+T6-AG6-AL6 -> 9.054689 | AP6: =(AN6+AO6)/(S6+T6) -> 0.026003075 | AQ6: =($AP$1*AN6+$AQ$1*AO6) -> 5273.0569 | AR6: =(D6+J6+O6)-(X6+AH6) -> 105.354
A7: =CONCATENATE(B7,C7) -> 46205E | B7: =+B5+1 -> 46205 | C7: E | D7: 4377 | E7: 4.14 | F7: 8.17 | G7: =+D7*E7% -> 181.2078 | H7: =+D7*F7% -> 357.6009 | I7: 4341.3 | J7: 4471.539 | K7: 3.8669085 | L7: 8.1581784 | M7: 0 | N7: 0 | O7: 0 | P7: 0 | Q7: 0 | R7: =+J7+O7 -> 4471.539 | S7: =+J7*K7%+O7*P7% -> 172.91032 | T7: =+J7*L7%+O7*Q7% -> 364.79613 | U7: 0 | V7: 00 | W7: 0 | X7: 0 | Y7: 0 | Z7: 0 | AA7: =X7*Y7% -> 0 | AB7: =X7*Z7% -> 0 | AF7: =AC7*AD7% -> 0 | AG7: =AC7*AE7% -> 0 | AH7: 8850 | AI7: 4 | AJ7: 8.17 | AK7: =AH7*AI7% -> 354 | AL7: =AH7*AJ7% -> 723.045 | AM7: =+D7+R7-AC7-AH7 -> -1.461 | AN7: =+G7+S7-AF7-AK7 -> 0.118123 | AO7: =+H7+T7-AG7-AL7 -> -0.64797 | AP7: =(AN7+AO7)/(S7+T7) -> -0.00098538338 | AQ7: =($AP$1*AN7+$AQ$1*AO7) -> -137.2993 | AR7: =(D7+J7+O7)-(X7+AH7) -> -1.461
A8: =CONCATENATE(B8,C8) -> 46206M | B8: =+B6+1 -> 46206 | C8: M | D8: 8850 | E8: 4 | F8: 8.17 | G8: =+D8*E8% -> 354 | H8: =+D8*F8% -> 723.045 | I8: 5235.5 | J8: 5392.565 | K8: 4.0472276 | L8: 8.1323694 | M8: 0 | N8: 0 | O8: 0 | P8: 0 | Q8: 0 | R8: =+J8+O8 -> 5392.565 | S8: =+J8*K8%+O8*P8% -> 218.24938 | T8: =+J8*L8%+O8*Q8% -> 438.54331 | U8: 6102 | V8: 86417 | W8: Muzaffarpur | X8: 10070 | Y8: 4.2 | Z8: 8.25 | AA8: =X8*Y8% -> 422.94 | AB8: =X8*Z8% -> 830.775 | AC8: 10330 | AD8: 4.15 | AE8: 8.17 | AF8: =AC8*AD8% -> 428.695 | AG8: =AC8*AE8% -> 843.961 | AH8: 4174 | AI8: 4.02 | AJ8: 8.15 | AK8: =AH8*AI8% -> 167.7948 | AL8: =AH8*AJ8% -> 340.181 | AM8: =+D8+R8-AC8-AH8 -> -261.435 | AN8: =+G8+S8-AF8-AK8 -> -24.240422 | AO8: =+H8+T8-AG8-AL8 -> -22.553694 | AP8: =(AN8+AO8)/(S8+T8) -> -0.071246403 | AQ8: =($AP$1*AN8+$AQ$1*AO8) -> -18402.942 | AR8: =(D8+J8+O8)-(X8+AH8) -> -1.435
A9: =CONCATENATE(B9,C9) -> 46206E | B9: =+B7+1 -> 46206 | C9: E | D9: 4174 | E9: 4.02 | F9: 8.15 | G9: =+D9*E9% -> 167.7948 | H9: =+D9*F9% -> 340.181 | I9: 4401 | J9: 4533.03 | K9: 3.9655533 | L9: 8.2206339 | M9: 0 | N9: 0 | O9: 0 | P9: 0 | Q9: 0 | R9: =+J9+O9 -> 4533.03 | S9: =+J9*K9%+O9*P9% -> 179.75972 | T9: =+J9*L9%+O9*Q9% -> 372.6438 | U9: 0 | V9: 0 | W9: 0 | X9: 0 | Y9: 0 | Z9: 0 | AA9: =X9*Y9% -> 0 | AB9: =X9*Z9% -> 0 | AF9: =AC9*AD9% -> 0 | AG9: =AC9*AE9% -> 0 | AH9: 8708 | AI9: 3.99 | AJ9: 8.19 | AK9: =AH9*AI9% -> 347.4492 | AL9: =AH9*AJ9% -> 713.1852 | AM9: =+D9+R9-AC9-AH9 -> -0.97 | AN9: =+G9+S9-AF9-AK9 -> 0.10532 | AO9: =+H9+T9-AG9-AL9 -> -0.360397 | AP9: =(AN9+AO9)/(S9+T9) -> -0.00046175846 | AQ9: =($AP$1*AN9+$AQ$1*AO9) -> -57.326005 | AR9: =(D9+J9+O9)-(X9+AH9) -> -0.97
A10: =CONCATENATE(B10,C10) -> 46207M | B10: =+B8+1 -> 46207 | C10: M | D10: 8708 | E10: 3.99 | F10: 8.19 | G10: =+D10*E10% -> 347.4492 | H10: =+D10*F10% -> 713.1852 | I10: 4145.3 | J10: 4269.659 | K10: 4.2052421 | L10: 8.2220201 | M10: Matihani | N10: 7181/86378 | O10: 5900 | P10: 4.05 | Q10: 8.15 | R10: =+J10+O10 -> 10169.659 | S10: =+J10*K10%+O10*P10% -> 418.4995 | T10: =+J10*L10%+O10*Q10% -> 831.90222 | U10: 7181/6102 | V10: 86418/86419 | W10: Hajipur/Muzaffarpur | X10: 15970 | Y10: 4.19 | Z10: 8.29 | AA10: =X10*Y10% -> 669.143 | AB10: =X10*Z10% -> 1323.913 | AC10: 15910 | AD10: 4.1443746 | AE10: 8.2129164 | AF10: =AC10*AD10% -> 659.37 | AG10: =AC10*AE10% -> 1306.675 | AH10: 2915 | AI10: 4.06 | AJ10: 8.18 | AK10: =AH10*AI10% -> 118.349 | AL10: =AH10*AJ10% -> 238.447 | AM10: =+D10+R10-AC10-AH10 -> 52.659 | AN10: =+G10+S10-AF10-AK10 -> -11.770303 | AO10: =+H10+T10-AG10-AL10 -> -0.034578 | AP10: =(AN10+AO10)/(S10+T10) -> -0.0094408707 | AQ10: =($AP$1*AN10+$AQ$1*AO10) -> -5666.3695 | AR10: =(D10+J10+O10)-(X10+AH10) -> -7.341
A11: =CONCATENATE(B11,C11) -> 46207E | B11: =+B9+1 -> 46207 | C11: E | D11: 2915 | E11: 4.06 | F11: 8.18 | G11: =+D11*E11% -> 118.349 | H11: =+D11*F11% -> 238.447 | I11: 4211.3 | J11: 4337.639 | K11: 4.0602474 | L11: 8.199157 | M11: 0 | N11: 0 | O11: 0 | P11: 0 | Q11: 0 | R11: =+J11+O11 -> 4337.639 | S11: =+J11*K11%+O11*P11% -> 176.11888 | T11: =+J11*L11%+O11*Q11% -> 355.64983 | U11: 0 | V11: 0 | W11: 0 | X11: 0 | Y11: 0 | Z11: 0 | AA11: =X11*Y11% -> 0 | AB11: =X11*Z11% -> 0 | AF11: =AC11*AD11% -> 0 | AG11: =AC11*AE11% -> 0 | AH11: 7254 | AI11: 4.06 | AJ11: 8.19 | AK11: =AH11*AI11% -> 294.5124 | AL11: =AH11*AJ11% -> 594.1026 | AM11: =+D11+R11-AC11-AH11 -> -1.361 | AN11: =+G11+S11-AF11-AK11 -> -0.044524 | AO11: =+H11+T11-AG11-AL11 -> -0.005767 | AP11: =(AN11+AO11)/(S11+T11) -> -9.4573071e-05 | AQ11: =($AP$1*AN11+$AQ$1*AO11) -> -23.122396 | AR11: =(D11+J11+O11)-(X11+AH11) -> -1.361
A12: =CONCATENATE(B12,C12) -> 46208M | B12: =+B10+1 -> 46208 | C12: M | D12: 7254 | E12: 4.06 | F12: 8.19 | G12: =+D12*E12% -> 294.5124 | H12: =+D12*F12% -> 594.1026 | I12: 4097.8 | J12: 4220.734 | K12: 4.4225975 | L12: 8.2752623 | M12: Matihani | N12: 5239/86379 | O12: 6575 | P12: 3.65 | Q12: 8.15 | R12: =+J12+O12 -> 10795.734 | S12: =+J12*K12%+O12*P12% -> 426.65358 | T12: =+J12*L12%+O12*Q12% -> 885.13931 | U12: 6102 | V12: 86420 | W12: Muzaffarpur | X12: 10070 | Y12: 4.3 | Z12: 8.33 | AA12: =X12*Y12% -> 433.01 | AB12: =X12*Z12% -> 838.831 | AC12: 10020 | AD12: 4.2516966 | AE12: 8.1983034 | AF12: =AC12*AD12% -> 426.02 | AG12: =AC12*AE12% -> 821.47 | AH12: 8235 | AI12: 4.02 | AJ12: 8.2 | AK12: =AH12*AI12% -> 331.047 | AL12: =AH12*AJ12% -> 675.27 | AM12: =+D12+R12-AC12-AH12 -> -205.266 | AN12: =+G12+S12-AF12-AK12 -> -35.901024 | AO12: =+H12+T12-AG12-AL12 -> -17.498089 | AP12: =(AN12+AO12)/(S12+T12) -> -0.040706969 | AQ12: =($AP$1*AN12+$AQ$1*AO12) -> -22492.132 | AR12: =(D12+J12+O12)-(X12+AH12) -> -255.266
A13: =CONCATENATE(B13,C13) -> 46208E | B13: =+B11+1 -> 46208 | C13: E | D13: 8235 | E13: 4.02 | F13: 8.2 | G13: =+D13*E13% -> 331.047 | H13: =+D13*F13% -> 675.27 | I13: 5341.8 | J13: 5502.054 | K13: 4.0856565 | L13: 8.1371916 | M13: 0 | N13: 0 | O13: 0 | P13: 0 | Q13: 0 | R13: =+J13+O13 -> 5502.054 | S13: =+J13*K13%+O13*P13% -> 224.79503 | T13: =+J13*L13%+O13*Q13% -> 447.71267 | U13: 5239 | V13: 86421 | W13: Itc munger | X13: 9870 | Y13: 4.05 | Z13: 8.28 | AA13: =X13*Y13% -> 399.735 | AB13: =X13*Z13% -> 817.236 | AC13: 9840 | AD13: 3.85 | AE13: 8.18 | AF13: =AC13*AD13% -> 378.84 | AG13: =AC13*AE13% -> 804.912 | AH13: 3918 | AI13: 4.05 | AJ13: 8.18 | AK13: =AH13*AI13% -> 158.679 | AL13: =AH13*AJ13% -> 320.4924 | AM13: =+D13+R13-AC13-AH13 -> -20.946 | AN13: =+G13+S13-AF13-AK13 -> 18.323028 | AO13: =+H13+T13-AG13-AL13 -> -2.421725 | AP13: =(AN13+AO13)/(S13+T13) -> 0.023644789 | AQ13: =($AP$1*AN13+$AQ$1*AO13) -> 8079.5262 | AR13: =(D13+J13+O13)-(X13+AH13) -> -50.946
A14: =CONCATENATE(B14,C14) -> 46209M | B14: =+B12+1 -> 46209 | C14: M | D14: 3918 | E14: 4.05 | F14: 8.18 | G14: =+D14*E14% -> 158.679 | H14: =+D14*F14% -> 320.4924 | I14: 4272 | J14: 4400.16 | K14: 4.390405 | L14: 8.3346723 | M14: 0 | N14: 0 | O14: 0 | P14: 0 | Q14: 0 | R14: =+J14+O14 -> 4400.16 | S14: =+J14*K14%+O14*P14% -> 193.18484 | T14: =+J14*L14%+O14*Q14% -> 366.73892 | U14: 6102 | V14: 86422 | W14: Muzaffarpur | X14: 10070 | Y14: 4.3 | Z14: 8.33 | AA14: =X14*Y14% -> 433.01 | AB14: =X14*Z14% -> 838.831 | AC14: 10030 | AD14: 4.1257228 | AE14: 7.9902891 | AF14: =AC14*AD14% -> 413.81 | AG14: =AC14*AE14% -> 801.426 | AH14: 0 | AI14: 0 | AJ14: 0 | AK14: =AH14*AI14% -> 0 | AL14: =AH14*AJ14% -> 0 | AM14: =+D14+R14-AC14-AH14 -> -1711.84 | AN14: =+G14+S14-AF14-AK14 -> -61.946157 | AO14: =+H14+T14-AG14-AL14 -> -114.19468 | AP14: =(AN14+AO14)/(S14+T14) -> -0.31458004 | AQ14: =($AP$1*AN14+$AQ$1*AO14) -> -63967.436 | AR14: =(D14+J14+O14)-(X14+AH14) -> -1751.84
A15: =CONCATENATE(B15,C15) -> 46209E | B15: =+B13+1 -> 46209 | C15: E | D15: 0 | E15: 0 | F15: 0 | G15: =+D15*E15% -> 0 | H15: =+D15*F15% -> 0 | I15: 4406 | J15: 4538.18 | K15: 4.0982683 | L15: 8.2560486 | M15: 0 | N15: 0 | O15: 0 | P15: 0 | Q15: 0 | R15: =+J15+O15 -> 4538.18 | S15: =+J15*K15%+O15*P15% -> 185.98679 | T15: =+J15*L15%+O15*Q15% -> 374.67435 | U15: 0 | V15: 0 | W15: 0 | X15: 0 | Y15: 0 | Z15: 0 | AA15: =X15*Y15% -> 0 | AB15: =X15*Z15% -> 0 | AF15: =AC15*AD15% -> 0 | AG15: =AC15*AE15% -> 0 | AH15: 4539 | AI15: 4.1 | AJ15: 8.26 | AK15: =AH15*AI15% -> 186.099 | AL15: =AH15*AJ15% -> 374.9214 | AM15: =+D15+R15-AC15-AH15 -> -0.82 | AN15: =+G15+S15-AF15-AK15 -> -0.112209 | AO15: =+H15+T15-AG15-AL15 -> -0.247055 | AP15: =(AN15+AO15)/(S15+T15) -> -0.00064078634 | AQ15: =($AP$1*AN15+$AQ$1*AO15) -> -127.91085 | AR15: =(D15+J15+O15)-(X15+AH15) -> -0.82
A16: =CONCATENATE(B16,C16) -> 46210M | B16: =+B14+1 -> 46210 | C16: M | D16: 4539 | E16: 4.1 | F16: 8.26 | G16: =+D16*E16% -> 186.099 | H16: =+D16*F16% -> 374.9214 | I16: 4827.7 | J16: 4972.531 | K16: 4.1540775 | L16: 8.2609669 | M16: 0 | N16: 0 | O16: 0 | P16: 0 | Q16: 0 | R16: =+J16+O16 -> 4972.531 | S16: =+J16*K16%+O16*P16% -> 206.56279 | T16: =+J16*L16%+O16*Q16% -> 410.77914 | U16: 1842 | V16: 86423 | W16: Muzaffarpur | X16: 10000 | Y16: 4.25 | Z16: 8.26 | AA16: =X16*Y16% -> 425 | AB16: =X16*Z16% -> 826 | AC16: 9970 | AD16: 4.2 | AE16: 8.19 | AF16: =AC16*AD16% -> 418.74 | AG16: =AC16*AE16% -> 816.543 | AH16: 150 | AI16: 4.17 | AJ16: 8.27 | AK16: =AH16*AI16% -> 6.255 | AL16: =AH16*AJ16% -> 12.405 | AM16: =+D16+R16-AC16-AH16 -> -608.469 | AN16: =+G16+S16-AF16-AK16 -> -32.333208 | AO16: =+H16+T16-AG16-AL16 -> -43.247459 | AP16: =(AN16+AO16)/(S16+T16) -> -0.12242918 | AQ16: =($AP$1*AN16+$AQ$1*AO16) -> -28489.388 | AR16: =(D16+J16+O16)-(X16+AH16) -> -638.469
A17: =CONCATENATE(B17,C17) -> 46210E | B17: =+B15+1 -> 46210 | C17: E | D17: 150 | E17: 4.17 | F17: 8.27 | G17: =+D17*E17% -> 6.255 | H17: =+D17*F17% -> 12.405 | I17: 4737 | J17: 4879.11 | K17: 4.0225818 | L17: 8.2189973 | M17: 0 | N17: 0 | O17: 0 | P17: 0 | Q17: 0 | R17: =+J17+O17 -> 4879.11 | S17: =+J17*K17%+O17*P17% -> 196.26619 | T17: =+J17*L17%+O17*Q17% -> 401.01392 | U17: 0 | V17: 0 | W17: 0 | X17: 0 | Y17: 0 | Z17: 0 | AA17: =X17*Y17% -> 0 | AB17: =X17*Z17% -> 0 | AF17: =AC17*AD17% -> 0 | AG17: =AC17*AE17% -> 0 | AH17: 5030 | AI17: 4.03 | AJ17: 8.22 | AK17: =AH17*AI17% -> 202.709 | AL17: =AH17*AJ17% -> 413.466 | AM17: =+D17+R17-AC17-AH17 -> -0.89 | AN17: =+G17+S17-AF17-AK17 -> -0.187809 | AO17: =+H17+T17-AG17-AL17 -> -0.047083 | AP17: =(AN17+AO17)/(S17+T17) -> -0.00039326942 | AQ17: =($AP$1*AN17+$AQ$1*AO17) -> -104.34928 | AR17: =(D17+J17+O17)-(X17+AH17) -> -0.89
A18: =CONCATENATE(B18,C18) -> 46211M | B18: =+B16+1 -> 46211 | C18: M | D18: 5030 | E18: 4.03 | F18: 8.22 | G18: =+D18*E18% -> 202.709 | H18: =+D18*F18% -> 413.466 | I18: 5330 | J18: 5489.9 | K18: 4.2379794 | L18: 8.183546 | M18: Matihani | N18: Route vechile | O18: 2274 | P18: 3.7 | Q18: 8.14 | R18: =+J18+O18 -> 7763.9 | S18: =+J18*K18%+O18*P18% -> 316.79883 | T18: =+J18*L18%+O18*Q18% -> 634.37209 | U18: 5239 | V18: 86424 | W18: Muzaffarpur | X18: 9870 | Y18: 4.1 | Z18: 8.29 | AA18: =X18*Y18% -> 404.67 | AB18: =X18*Z18% -> 818.223 | AC18: 9830 | AD18: 4.05 | AE18: 8.22 | AF18: =AC18*AD18% -> 398.115 | AG18: =AC18*AE18% -> 808.026 | AH18: 2924 | AI18: 4.06 | AJ18: 8.19 | AK18: =AH18*AI18% -> 118.7144 | AL18: =AH18*AJ18% -> 239.4756 | AM18: =+D18+R18-AC18-AH18 -> 39.9 | AN18: =+G18+S18-AF18-AK18 -> 2.678429 | AO18: =+H18+T18-AG18-AL18 -> 0.33649 | AP18: =(AN18+AO18)/(S18+T18) -> 0.0031696922 | AQ18: =($AP$1*AN18+$AQ$1*AO18) -> 1387.8481 | AR18: =(D18+J18+O18)-(X18+AH18) -> -0.1
A19: =CONCATENATE(B19,C19) -> 46211E | B19: =+B17+1 -> 46211 | C19: E | D19: 2924 | E19: 4.06 | F19: 8.19 | G19: =+D19*E19% -> 118.7144 | H19: =+D19*F19% -> 239.4756 | I19: 4775.5 | J19: 4918.765 | K19: 4.1291467 | L19: 8.1674715 | M19: 0 | N19: 0 | O19: 0 | P19: 0 | Q19: 0 | R19: =+J19+O19 -> 4918.765 | S19: =+J19*K19%+O19*P19% -> 203.10302 | T19: =+J19*L19%+O19*Q19% -> 401.73873 | U19: 5337 | V19: 86425 | W19: Itc munger | X19: 5200 | Y19: 4.25 | Z19: 8.32 | AA19: =X19*Y19% -> 221 | AB19: =X19*Z19% -> 432.64 | AC19: 5230 | AD19: 4.2 | AE19: 8.25 | AF19: =AC19*AD19% -> 219.66 | AG19: =AC19*AE19% -> 431.475 | AH19: 2646 | AI19: 4.1 | AJ19: 8.18 | AK19: =AH19*AI19% -> 108.486 | AL19: =AH19*AJ19% -> 216.4428 | AM19: =+D19+R19-AC19-AH19 -> -33.235 | AN19: =+G19+S19-AF19-AK19 -> -6.328578 | AO19: =+H19+T19-AG19-AL19 -> -6.703472 | AP19: =(AN19+AO19)/(S19+T19) -> -0.021546214 | AQ19: =($AP$1*AN19+$AQ$1*AO19) -> -5048.7179 | AR19: =(D19+J19+O19)-(X19+AH19) -> -3.235
A20: =CONCATENATE(B20,C20) -> 46212M | B20: =+B18+1 -> 46212 | C20: M | D20: 2646 | E20: 4.1 | F20: 8.18 | G20: =+D20*E20% -> 108.486 | H20: =+D20*F20% -> 216.4428 | I20: 5505.7 | J20: 5670.871 | K20: 4.2201646 | L20: 8.1765661 | M20: 0 | N20: 0 | O20: 0 | P20: 0 | Q20: 0 | R20: =+J20+O20 -> 5670.871 | S20: =+J20*K20%+O20*P20% -> 239.32009 | T20: =+J20*L20%+O20*Q20% -> 463.68252 | U20: 0 | V20: 00 | W20: 0 | X20: 0 | Y20: 0 | Z20: 0 | AA20: =X20*Y20% -> 0 | AB20: =X20*Z20% -> 0 | AF20: =AC20*AD20% -> 0 | AG20: =AC20*AE20% -> 0 | AH20: 8332 | AI20: 4.18 | AJ20: 8.18 | AK20: =AH20*AI20% -> 348.2776 | AL20: =AH20*AJ20% -> 681.5576 | AM20: =+D20+R20-AC20-AH20 -> -15.129 | AN20: =+G20+S20-AF20-AK20 -> -0.471512 | AO20: =+H20+T20-AG20-AL20 -> -1.432284 | AP20: =(AN20+AO20)/(S20+T20) -> -0.0027080924 | AQ20: =($AP$1*AN20+$AQ$1*AO20) -> -655.53317 | AR20: =(D20+J20+O20)-(X20+AH20) -> -15.129
A21: =CONCATENATE(B21,C21) -> 46212E | B21: =+B19+1 -> 46212 | C21: E | D21: 8332 | E21: 4.18 | F21: 8.18 | G21: =+D21*E21% -> 348.2776 | H21: =+D21*F21% -> 681.5576 | I21: 6786 | J21: 6989.58 | K21: 4.1389419 | L21: 8.2670454 | M21: 0 | N21: 0 | O21: 0 | P21: 0 | Q21: 0 | R21: =+J21+O21 -> 6989.58 | S21: =+J21*K21%+O21*P21% -> 289.29466 | T21: =+J21*L21%+O21*Q21% -> 577.83175 | U21: 5239 | V21: 86428 | W21: Itc munger | X21: 9870 | Y21: 4.3 | Z21: 8.39 | AA21: =X21*Y21% -> 424.41 | AB21: =X21*Z21% -> 828.093 | AC21: 9870 | AD21: 4.3 | AE21: 8.39 | AF21: =AC21*AD21% -> 424.41 | AG21: =AC21*AE21% -> 828.093 | AH21: 3047 | AI21: 4.12 | AJ21: 8.21 | AK21: =AH21*AI21% -> 125.5364 | AL21: =AH21*AJ21% -> 250.1587 | AM21: =+D21+R21-AC21-AH21 -> 2404.58 | AN21: =+G21+S21-AF21-AK21 -> 87.625858 | AO21: =+H21+T21-AG21-AL21 -> 181.13765 | AP21: =(AN21+AO21)/(S21+T21) -> 0.30994732 | AQ21: =($AP$1*AN21+$AQ$1*AO21) -> 96356.191 | AR21: =(D21+J21+O21)-(X21+AH21) -> 2404.58
A22: =CONCATENATE(B22,C22) -> 46213M | B22: =+B20+1 -> 46213 | C22: M | G22: =+D22*E22% -> 0 | H22: =+D22*F22% -> 0 | R22: =+J22+O22 -> 0 | S22: =+J22*K22%+O22*P22% -> 0 | T22: =+J22*L22%+O22*Q22% -> 0 | AA22: =X22*Y22% -> 0 | AB22: =X22*Z22% -> 0 | AF22: =AC22*AD22% -> 0 | AG22: =AC22*AE22% -> 0 | AK22: =AH22*AI22% -> 0 | AL22: =AH22*AJ22% -> 0 | AM22: =+D22+R22-AC22-AH22 -> 0 | AN22: =+G22+S22-AF22-AK22 -> 0 | AO22: =+H22+T22-AG22-AL22 -> 0 | AP22: =(AN22+AO22)/(S22+T22) -> #DIV/0! | AQ22: =($AP$1*AN22+$AQ$1*AO22) -> 0 | AR22: =(D22+J22+O22)-(X22+AH22) -> 0
A23: =CONCATENATE(B23,C23) -> 46213E | B23: =+B21+1 -> 46213 | C23: E | G23: =+D23*E23% -> 0 | H23: =+D23*F23% -> 0 | R23: =+J23+O23 -> 0 | S23: =+J23*K23%+O23*P23% -> 0 | T23: =+J23*L23%+O23*Q23% -> 0 | AA23: =X23*Y23% -> 0 | AB23: =X23*Z23% -> 0 | AF23: =AC23*AD23% -> 0 | AG23: =AC23*AE23% -> 0 | AK23: =AH23*AI23% -> 0 | AL23: =AH23*AJ23% -> 0 | AM23: =+D23+R23-AC23-AH23 -> 0 | AN23: =+G23+S23-AF23-AK23 -> 0 | AO23: =+H23+T23-AG23-AL23 -> 0 | AP23: =(AN23+AO23)/(S23+T23) -> #DIV/0! | AQ23: =($AP$1*AN23+$AQ$1*AO23) -> 0 | AR23: =(D23+J23+O23)-(X23+AH23) -> 0
A24: =CONCATENATE(B24,C24) -> 46214M | B24: =+B22+1 -> 46214 | C24: M | G24: =+D24*E24% -> 0 | H24: =+D24*F24% -> 0 | R24: =+J24+O24 -> 0 | S24: =+J24*K24%+O24*P24% -> 0 | T24: =+J24*L24%+O24*Q24% -> 0 | AA24: =X24*Y24% -> 0 | AB24: =X24*Z24% -> 0 | AF24: =AC24*AD24% -> 0 | AG24: =AC24*AE24% -> 0 | AK24: =AH24*AI24% -> 0 | AL24: =AH24*AJ24% -> 0 | AM24: =+D24+R24-AC24-AH24 -> 0 | AN24: =+G24+S24-AF24-AK24 -> 0 | AO24: =+H24+T24-AG24-AL24 -> 0 | AP24: =(AN24+AO24)/(S24+T24) -> #DIV/0! | AQ24: =($AP$1*AN24+$AQ$1*AO24) -> 0 | AR24: =(D24+J24+O24)-(X24+AH24) -> 0
A25: =CONCATENATE(B25,C25) -> 46214E | B25: =+B23+1 -> 46214 | C25: E | G25: =+D25*E25% -> 0 | H25: =+D25*F25% -> 0 | R25: =+J25+O25 -> 0 | S25: =+J25*K25%+O25*P25% -> 0 | T25: =+J25*L25%+O25*Q25% -> 0 | AA25: =X25*Y25% -> 0 | AB25: =X25*Z25% -> 0 | AF25: =AC25*AD25% -> 0 | AG25: =AC25*AE25% -> 0 | AK25: =AH25*AI25% -> 0 | AL25: =AH25*AJ25% -> 0 | AM25: =+D25+R25-AC25-AH25 -> 0 | AN25: =+G25+S25-AF25-AK25 -> 0 | AO25: =+H25+T25-AG25-AL25 -> 0 | AP25: =(AN25+AO25)/(S25+T25) -> #DIV/0! | AQ25: =($AP$1*AN25+$AQ$1*AO25) -> 0 | AR25: =(D25+J25+O25)-(X25+AH25) -> 0
A26: =CONCATENATE(B26,C26) -> 46215M | B26: =+B24+1 -> 46215 | C26: M | G26: =+D26*E26% -> 0 | H26: =+D26*F26% -> 0 | R26: =+J26+O26 -> 0 | S26: =+J26*K26%+O26*P26% -> 0 | T26: =+J26*L26%+O26*Q26% -> 0 | AA26: =X26*Y26% -> 0 | AB26: =X26*Z26% -> 0 | AF26: =AC26*AD26% -> 0 | AG26: =AC26*AE26% -> 0 | AK26: =AH26*AI26% -> 0 | AL26: =AH26*AJ26% -> 0 | AM26: =+D26+R26-AC26-AH26 -> 0 | AN26: =+G26+S26-AF26-AK26 -> 0 | AO26: =+H26+T26-AG26-AL26 -> 0 | AP26: =(AN26+AO26)/(S26+T26) -> #DIV/0! | AQ26: =($AP$1*AN26+$AQ$1*AO26) -> 0 | AR26: =(D26+J26+O26)-(X26+AH26) -> 0
A27: =CONCATENATE(B27,C27) -> 46215E | B27: =+B25+1 -> 46215 | C27: E | G27: =+D27*E27% -> 0 | H27: =+D27*F27% -> 0 | R27: =+J27+O27 -> 0 | S27: =+J27*K27%+O27*P27% -> 0 | T27: =+J27*L27%+O27*Q27% -> 0 | AA27: =X27*Y27% -> 0 | AB27: =X27*Z27% -> 0 | AF27: =AC27*AD27% -> 0 | AG27: =AC27*AE27% -> 0 | AK27: =AH27*AI27% -> 0 | AL27: =AH27*AJ27% -> 0 | AM27: =+D27+R27-AC27-AH27 -> 0 | AN27: =+G27+S27-AF27-AK27 -> 0 | AO27: =+H27+T27-AG27-AL27 -> 0 | AP27: =(AN27+AO27)/(S27+T27) -> #DIV/0! | AQ27: =($AP$1*AN27+$AQ$1*AO27) -> 0 | AR27: =(D27+J27+O27)-(X27+AH27) -> 0
A28: =CONCATENATE(B28,C28) -> 46216M | B28: =+B26+1 -> 46216 | C28: M | G28: =+D28*E28% -> 0 | H28: =+D28*F28% -> 0 | R28: =+J28+O28 -> 0 | S28: =+J28*K28%+O28*P28% -> 0 | T28: =+J28*L28%+O28*Q28% -> 0 | AA28: =X28*Y28% -> 0 | AB28: =X28*Z28% -> 0 | AF28: =AC28*AD28% -> 0 | AG28: =AC28*AE28% -> 0 | AK28: =AH28*AI28% -> 0 | AL28: =AH28*AJ28% -> 0 | AM28: =+D28+R28-AC28-AH28 -> 0 | AN28: =+G28+S28-AF28-AK28 -> 0 | AO28: =+H28+T28-AG28-AL28 -> 0 | AP28: =(AN28+AO28)/(S28+T28) -> #DIV/0! | AQ28: =($AP$1*AN28+$AQ$1*AO28) -> 0 | AR28: =(D28+J28+O28)-(X28+AH28) -> 0
A29: =CONCATENATE(B29,C29) -> 46216E | B29: =+B27+1 -> 46216 | C29: E | G29: =+D29*E29% -> 0 | H29: =+D29*F29% -> 0 | R29: =+J29+O29 -> 0 | S29: =+J29*K29%+O29*P29% -> 0 | T29: =+J29*L29%+O29*Q29% -> 0 | AA29: =X29*Y29% -> 0 | AB29: =X29*Z29% -> 0 | AF29: =AC29*AD29% -> 0 | AG29: =AC29*AE29% -> 0 | AK29: =AH29*AI29% -> 0 | AL29: =AH29*AJ29% -> 0 | AM29: =+D29+R29-AC29-AH29 -> 0 | AN29: =+G29+S29-AF29-AK29 -> 0 | AO29: =+H29+T29-AG29-AL29 -> 0 | AP29: =(AN29+AO29)/(S29+T29) -> #DIV/0! | AQ29: =($AP$1*AN29+$AQ$1*AO29) -> 0 | AR29: =(D29+J29+O29)-(X29+AH29) -> 0
A30: =CONCATENATE(B30,C30) -> 46217M | B30: =+B28+1 -> 46217 | C30: M | G30: =+D30*E30% -> 0 | H30: =+D30*F30% -> 0 | R30: =+J30+O30 -> 0 | S30: =+J30*K30%+O30*P30% -> 0 | T30: =+J30*L30%+O30*Q30% -> 0 | AA30: =X30*Y30% -> 0 | AB30: =X30*Z30% -> 0 | AF30: =AC30*AD30% -> 0 | AG30: =AC30*AE30% -> 0 | AK30: =AH30*AI30% -> 0 | AL30: =AH30*AJ30% -> 0 | AM30: =+D30+R30-AC30-AH30 -> 0 | AN30: =+G30+S30-AF30-AK30 -> 0 | AO30: =+H30+T30-AG30-AL30 -> 0 | AP30: =(AN30+AO30)/(S30+T30) -> #DIV/0! | AQ30: =($AP$1*AN30+$AQ$1*AO30) -> 0 | AR30: =(D30+J30+O30)-(X30+AH30) -> 0
A31: =CONCATENATE(B31,C31) -> 46217E | B31: =+B29+1 -> 46217 | C31: E | G31: =+D31*E31% -> 0 | H31: =+D31*F31% -> 0 | R31: =+J31+O31 -> 0 | S31: =+J31*K31%+O31*P31% -> 0 | T31: =+J31*L31%+O31*Q31% -> 0 | AA31: =X31*Y31% -> 0 | AB31: =X31*Z31% -> 0 | AF31: =AC31*AD31% -> 0 | AG31: =AC31*AE31% -> 0 | AK31: =AH31*AI31% -> 0 | AL31: =AH31*AJ31% -> 0 | AM31: =+D31+R31-AC31-AH31 -> 0 | AN31: =+G31+S31-AF31-AK31 -> 0 | AO31: =+H31+T31-AG31-AL31 -> 0 | AP31: =(AN31+AO31)/(S31+T31) -> #DIV/0! | AQ31: =($AP$1*AN31+$AQ$1*AO31) -> 0 | AR31: =(D31+J31+O31)-(X31+AH31) -> 0
A32: =CONCATENATE(B32,C32) -> 46218M | B32: =+B30+1 -> 46218 | C32: M | G32: =+D32*E32% -> 0 | H32: =+D32*F32% -> 0 | R32: =+J32+O32 -> 0 | S32: =+J32*K32%+O32*P32% -> 0 | T32: =+J32*L32%+O32*Q32% -> 0 | AA32: =X32*Y32% -> 0 | AB32: =X32*Z32% -> 0 | AF32: =AC32*AD32% -> 0 | AG32: =AC32*AE32% -> 0 | AK32: =AH32*AI32% -> 0 | AL32: =AH32*AJ32% -> 0 | AM32: =+D32+R32-AC32-AH32 -> 0 | AN32: =+G32+S32-AF32-AK32 -> 0 | AO32: =+H32+T32-AG32-AL32 -> 0 | AP32: =(AN32+AO32)/(S32+T32) -> #DIV/0! | AQ32: =($AP$1*AN32+$AQ$1*AO32) -> 0 | AR32: =(D32+J32+O32)-(X32+AH32) -> 0
A33: =CONCATENATE(B33,C33) -> 46218E | B33: =+B31+1 -> 46218 | C33: E | G33: =+D33*E33% -> 0 | H33: =+D33*F33% -> 0 | R33: =+J33+O33 -> 0 | S33: =+J33*K33%+O33*P33% -> 0 | T33: =+J33*L33%+O33*Q33% -> 0 | AA33: =X33*Y33% -> 0 | AB33: =X33*Z33% -> 0 | AF33: =AC33*AD33% -> 0 | AG33: =AC33*AE33% -> 0 | AK33: =AH33*AI33% -> 0 | AL33: =AH33*AJ33% -> 0 | AM33: =+D33+R33-AC33-AH33 -> 0 | AN33: =+G33+S33-AF33-AK33 -> 0 | AO33: =+H33+T33-AG33-AL33 -> 0 | AP33: =(AN33+AO33)/(S33+T33) -> #DIV/0! | AQ33: =($AP$1*AN33+$AQ$1*AO33) -> 0 | AR33: =(D33+J33+O33)-(X33+AH33) -> 0
... A62: =CONCATENATE(B62,C62) -> 46233M | B62: =+B60+1 -> 46233 | C62: M | G62: =+D62*E62% -> 0 | H62: =+D62*F62% -> 0 | R62: =+J62+O62 -> 0 | S62: =+J62*K62%+O62*P62% -> 0 | T62: =+J62*L62%+O62*Q62% -> 0 | AA62: =X62*Y62% -> 0 | AB62: =X62*Z62% -> 0 | AF62: =AC62*AD62% -> 0 | AG62: =AC62*AE62% -> 0 | AK62: =AH62*AI62% -> 0 | AL62: =AH62*AJ62% -> 0 | AM62: =+D62+R62-AC62-AH62 -> 0 | AN62: =+G62+S62-AF62-AK62 -> 0 | AO62: =+H62+T62-AG62-AL62 -> 0 | AP62: =(AN62+AO62)/(S62+T62) -> #DIV/0! | AQ62: =($AP$1*AN62+$AQ$1*AO62) -> 0 | AR62: =(D62+J62+O62)-(X62+AH62) -> 0
A63: =CONCATENATE(B63,C63) -> 46233E | B63: =+B61+1 -> 46233 | C63: E | G63: =+D63*E63% -> 0 | H63: =+D63*F63% -> 0 | R63: =+J63+O63 -> 0 | S63: =+J63*K63%+O63*P63% -> 0 | T63: =+J63*L63%+O63*Q63% -> 0 | AA63: =X63*Y63% -> 0 | AB63: =X63*Z63% -> 0 | AF63: =AC63*AD63% -> 0 | AG63: =AC63*AE63% -> 0 | AK63: =AH63*AI63% -> 0 | AL63: =AH63*AJ63% -> 0 | AM63: =+D63+R63-AC63-AH63 -> 0 | AN63: =+G63+S63-AF63-AK63 -> 0 | AO63: =+H63+T63-AG63-AL63 -> 0 | AP63: =(AN63+AO63)/(S63+T63) -> #DIV/0! | AQ63: =($AP$1*AN63+$AQ$1*AO63) -> 0 | AR63: 0
A64: =CONCATENATE(B64,C64) -> 46234M | B64: =+B62+1 -> 46234 | C64: M | G64: =+D64*E64% -> 0 | H64: =+D64*F64% -> 0 | R64: =+J64+O64 -> 0 | S64: =+J64*K64%+O64*P64% -> 0 | T64: =+J64*L64%+O64*Q64% -> 0 | AA64: =X64*Y64% -> 0 | AB64: =X64*Z64% -> 0 | AF64: =AC64*AD64% -> 0 | AG64: =AC64*AE64% -> 0 | AK64: =AH64*AI64% -> 0 | AL64: =AH64*AJ64% -> 0 | AM64: =+D64+R64-AC64-AH64 -> 0 | AN64: =+G64+S64-AF64-AK64 -> 0 | AO64: =+H64+T64-AG64-AL64 -> 0 | AP64: =(AN64+AO64)/(S64+T64) -> #DIV/0! | AQ64: =($AP$1*AN64+$AQ$1*AO64) -> 0 | AR64: =(D64+J64+O64)-(X64+AH64) -> 0
A65: =CONCATENATE(B65,C65) -> 46234E | B65: =+B63+1 -> 46234 | C65: E | G65: =+D65*E65% -> 0 | H65: =+D65*F65% -> 0 | R65: =+J65+O65 -> 0 | S65: =+J65*K65%+O65*P65% -> 0 | T65: =+J65*L65%+O65*Q65% -> 0 | AA65: =X65*Y65% -> 0 | AB65: =X65*Z65% -> 0 | AF65: =AC65*AD65% -> 0 | AG65: =AC65*AE65% -> 0 | AK65: =AH65*AI65% -> 0 | AL65: =AH65*AJ65% -> 0 | AM65: =+D65+R65-AC65-AH65 -> 0 | AN65: =+G65+S65-AF65-AK65 -> 0 | AO65: =+H65+T65-AG65-AL65 -> 0 | AP65: =(AN65+AO65)/(S65+T65) -> #DIV/0! | AQ65: =($AP$1*AN65+$AQ$1*AO65) -> 0 | AR65: =(D65+J65+O65)-(X65+AH65) -> 0
J66: =SUM(J4:J65) -> 88653.748 | R66: =SUM(R4:R65) -> 114692.75 | S66: =SUM(S4:S65) -> 4673.6037 | T66: =SUM(T4:T65) -> 9398.0184 | AM66: =-SUM(AM4:AM65) -> 290.252 | AN66: =-SUM(AN4:AN65) -> 61.270743 | AO66: =-SUM(AO4:AO65) -> 10.267126 | AQ66: =-SUM(AQ4:AQ65) -> 32517.499
V69: 4640 | W69: 4.9 | X69: 8.39 | Y69: =+V69*W69% -> 227.36 | Z69: =+V69*X69% -> 389.296
V70: 5300 | W70: 4.3 | X70: 8.52 | Y70: =+V70*W70% -> 227.9 | Z70: =+V70*X70% -> 451.56
V71: =SUM(V69:V70) -> 9940 | W71: =+Y71/V71% -> 4.5800805 | X71: =+Z71/V71% -> 8.4593159 | Y71: =SUM(Y69:Y70) -> 455.26 | Z71: =SUM(Z69:Z70) -> 840.856

Sheet Matihani
B1: Mathani Bmc | AG1: 392 | AP1: =Sumarry!$K$4 -> 480.53255 | AQ1: =Sumarry!$L$4 -> 299.4911
B2: Date | C2: Shift | D2: OB | I2: Milk from MPG in Ltr | M2: Transfer from other BMC/RMC | R2: Total Milk Receipt in Kg | U2: Tanker Dispatch Details | AC2: Plant Receipt | AH2: CB | AM2: Loss/(Gain)
D3: Qty KG | E3: Fat% | F3: Snf% | G3: FAT Kg | H3: SNF Kg | I3: Qty Ltr | J3: Qty Kg | K3: Fat% | L3: Snf% | M3: From | N3: Tanker No | O3: Qty Kg | P3: Fat% | Q3: Snf% | R3: Qty Kg | S3: FAT Kg | T3: SNF Kg | U3: Tanker | V3: Challan | W3: To | X3: Qty KG | Y3: Fat% | Z3: Snf% | AA3: FAT Kg | AB3: SNF Kg | AC3: Qty KG | AD3: Fat% | AE3: Snf% | AF3: FAT Kg | AG3: SNF Kg | AH3: Qty KG | AI3: Fat% | AJ3: Snf% | AK3: FAT Kg | AL3: SNF Kg | AM3: Qty KG | AN3: FAT Kg | AO3: SNF Kg | AP3: TS Loss% | AQ3: Amount
A4: =CONCATENATE(B4,C4) -> 46204M | B4: 46204 | C4: M | D4: 0 | E4: 0 | F4: 0 | G4: =+D4*E4% -> 0 | H4: =+D4*F4% -> 0 | I4: 1151.5 | J4: 1186.045 | K4: 4.4469822 | L4: 8.282614 | M4: 0 | N4: 0 | O4: 0 | P4: 0 | Q4: 0 | R4: =+J4+O4 -> 1186.045 | S4: =+J4*K4%+O4*P4% -> 52.74321 | T4: =+J4*L4%+O4*Q4% -> 98.235529 | U4: 00 | V4: 0 | W4: 0 | X4: 0 | Y4: 0 | Z4: 0 | AA4: =X4*Y4% -> 0 | AB4: =X4*Z4% -> 0 | AF4: =AC4*AD4% -> 0 | AG4: =AC4*AE4% -> 0 | AH4: 1187 | AI4: 4.45 | AJ4: 8.28 | AK4: =AH4*AI4% -> 52.8215 | AL4: =AH4*AJ4% -> 98.2836 | AM4: =+D4+R4-AC4-AH4 -> -0.955 | AN4: =+G4+S4-AF4-AK4 -> -0.07829 | AO4: =+H4+T4-AG4-AL4 -> -0.048071 | AP4: =(AN4+AO4)/(S4+T4) -> -0.00083694566 | AQ4: =($AP$1*AN4+$AQ$1*AO4) -> -52.01773 | AR4: =(D4+J4+O4)-(X4+AH4) -> -0.955
A5: =CONCATENATE(B5,C5) -> 46204E | B5: =+B4 -> 46204 | C5: E | D5: 1187 | E5: 4.45 | F5: 8.28 | G5: =+D5*E5% -> 52.8215 | H5: =+D5*F5% -> 98.2836 | I5: 3189.8 | J5: 3285.494 | K5: 3.8768888 | L5: 8.094636 | M5: 0 | N5: 0 | O5: 0 | P5: 0 | Q5: 0 | R5: =+J5+O5 -> 3285.494 | S5: =+J5*K5%+O5*P5% -> 127.37495 | T5: =+J5*L5%+O5*Q5% -> 265.94878 | U5: 0 | V5: 0 | W5: 0 | X5: 0 | Y5: 0 | Z5: 0 | AA5: =X5*Y5% -> 0 | AB5: =X5*Z5% -> 0 | AF5: =AC5*AD5% -> 0 | AG5: =AC5*AE5% -> 0 | AH5: 4473 | AI5: 4.03 | AJ5: 8.14 | AK5: =AH5*AI5% -> 180.2619 | AL5: =AH5*AJ5% -> 364.1022 | AM5: =+D5+R5-AC5-AH5 -> -0.506 | AN5: =+G5+S5-AF5-AK5 -> -0.06545 | AO5: =+H5+T5-AG5-AL5 -> 0.130181 | AP5: =(AN5+AO5)/(S5+T5) -> 0.00016457436 | AQ5: =($AP$1*AN5+$AQ$1*AO5) -> 7.5371954 | AR5: =(D5+J5+O5)-(X5+AH5) -> -0.506
A6: =CONCATENATE(B6,C6) -> 46205M | B6: =+B4+1 -> 46205 | C6: M | D6: 4473 | E6: 4.03 | F6: 8.14 | G6: =+D6*E6% -> 180.2619 | H6: =+D6*F6% -> 364.1022 | I6: 787.3 | J6: 810.919 | K6: 4.4900038 | L6: 8.4000762 | M6: 0 | N6: 0 | O6: 0 | P6: 0 | Q6: 0 | R6: =+J6+O6 -> 810.919 | S6: =+J6*K6%+O6*P6% -> 36.410294 | T6: =+J6*L6%+O6*Q6% -> 68.117814 | U6: 0 | V6: 0 | W6: 0 | X6: 0 | Y6: 0 | Z6: 0 | AA6: =X6*Y6% -> 0 | AB6: =X6*Z6% -> 0 | AF6: =AC6*AD6% -> 0 | AG6: =AC6*AE6% -> 0 | AH6: 5281 | AI6: 4.1 | AJ6: 8.18 | AK6: =AH6*AI6% -> 216.521 | AL6: =AH6*AJ6% -> 431.9858 | AM6: =+D6+R6-AC6-AH6 -> 2.919 | AN6: =+G6+S6-AF6-AK6 -> 0.151194 | AO6: =+H6+T6-AG6-AL6 -> 0.234214 | AP6: =(AN6+AO6)/(S6+T6) -> 0.0036871231 | AQ6: =($AP$1*AN6+$AQ$1*AO6) -> 142.79865 | AR6: =(D6+J6+O6)-(X6+AH6) -> 2.919
A7: =CONCATENATE(B7,C7) -> 46205E | B7: =+B5+1 -> 46205 | C7: E | D7: 5281 | E7: 4.1 | F7: 8.18 | G7: =+D7*E7% -> 216.521 | H7: =+D7*F7% -> 431.9858 | I7: 4210.3 | J7: 4336.609 | K7: 4.0064865 | L7: 8.1015961 | M7: 0 | N7: 0 | O7: 0 | P7: 0 | Q7: 0 | R7: =+J7+O7 -> 4336.609 | S7: =+J7*K7%+O7*P7% -> 173.74565 | T7: =+J7*L7%+O7*Q7% -> 351.33454 | U7: 3461 | V7: 86376 | W7: itc munger | X7: 7130 | Y7: 4.1 | Z7: 8.11 | AA7: =X7*Y7% -> 292.33 | AB7: =X7*Z7% -> 578.243 | AC7: 7160 | AD7: 4 | AE7: 8.0411173 | AF7: =AC7*AD7% -> 286.4 | AG7: =AC7*AE7% -> 575.744 | AH7: 2488 | AI7: 4.06 | AJ7: 8.14 | AK7: =AH7*AI7% -> 101.0128 | AL7: =AH7*AJ7% -> 202.5232 | AM7: =+D7+R7-AC7-AH7 -> -30.391 | AN7: =+G7+S7-AF7-AK7 -> 2.853853 | AO7: =+H7+T7-AG7-AL7 -> 5.053145 | AP7: =(AN7+AO7)/(S7+T7) -> 0.015058648 | AQ7: =($AP$1*AN7+$AQ$1*AO7) -> 2884.7412 | AR7: =(D7+J7+O7)-(X7+AH7) -> -0.391
A8: =CONCATENATE(B8,C8) -> 46206M | B8: =+B6+1 -> 46206 | C8: M | D8: 2488 | E8: 4.06 | F8: 8.14 | G8: =+D8*E8% -> 101.0128 | H8: =+D8*F8% -> 202.5232 | I8: 731.4 | J8: 753.342 | K8: 4.5911403 | L8: 8.4923981 | M8: 0 | N8: 0 | O8: 0 | P8: 0 | Q8: 0 | R8: =+J8+O8 -> 753.342 | S8: =+J8*K8%+O8*P8% -> 34.586988 | T8: =+J8*L8%+O8*Q8% -> 63.976802 | U8: 0 | V8: 00 | W8: 0 | X8: 0 | Y8: 0 | Z8: 0 | AA8: =X8*Y8% -> 0 | AB8: =X8*Z8% -> 0 | AF8: =AC8*AD8% -> 0 | AG8: =AC8*AE8% -> 0 | AH8: 3242 | AI8: 4.18 | AJ8: 8.22 | AK8: =AH8*AI8% -> 135.5156 | AL8: =AH8*AJ8% -> 266.4924 | AM8: =+D8+R8-AC8-AH8 -> -0.658 | AN8: =+G8+S8-AF8-AK8 -> 0.084188 | AO8: =+H8+T8-AG8-AL8 -> 0.007602 | AP8: =(AN8+AO8)/(S8+T8) -> 0.00093127507 | AQ8: =($AP$1*AN8+$AQ$1*AO8) -> 42.731805 | AR8: =(D8+J8+O8)-(X8+AH8) -> -0.658
A9: =CONCATENATE(B9,C9) -> 46206E | B9: =+B7+1 -> 46206 | C9: E | D9: 3242 | E9: 4.18 | F9: 8.22 | G9: =+D9*E9% -> 135.5156 | H9: =+D9*F9% -> 266.4924 | I9: 5596 | J9: 5763.88 | K9: 3.9045157 | L9: 8.0822838 | M9: 0 | N9: 0 | O9: 0 | P9: 0 | Q9: 0 | R9: =+J9+O9 -> 5763.88 | S9: =+J9*K9%+O9*P9% -> 225.0516 | T9: =+J9*L9%+O9*Q9% -> 465.85314 | U9: 7181 | V9: 86378 | W9: Skamal | X9: 5900 | Y9: 4.05 | Z9: 8.15 | AA9: =X9*Y9% -> 238.95 | AB9: =X9*Z9% -> 480.85 | AC9: 5900 | AD9: 4.05 | AE9: 8.15 | AF9: =AC9*AD9% -> 238.95 | AG9: =AC9*AE9% -> 480.85 | AH9: 3106 | AI9: 4 | AJ9: 8.13 | AK9: =AH9*AI9% -> 124.24 | AL9: =AH9*AJ9% -> 252.5178 | AM9: =+D9+R9-AC9-AH9 -> -0.12 | AN9: =+G9+S9-AF9-AK9 -> -2.622799 | AO9: =+H9+T9-AG9-AL9 -> -1.022262 | AP9: =(AN9+AO9)/(S9+T9) -> -0.0052757794 | AQ9: =($AP$1*AN9+$AQ$1*AO9) -> -1566.4987 | AR9: =(D9+J9+O9)-(X9+AH9) -> -0.12
A10: =CONCATENATE(B10,C10) -> 46207M | B10: =+B8+1 -> 46207 | C10: M | D10: 3106 | E10: 4 | F10: 8.13 | G10: =+D10*E10% -> 124.24 | H10: =+D10*F10% -> 252.5178 | I10: 726.3 | J10: 748.089 | K10: 4.7815916 | L10: 8.4429162 | M10: 0 | N10: 0 | O10: 0 | P10: 0 | Q10: 0 | R10: =+J10+O10 -> 748.089 | S10: =+J10*K10%+O10*P10% -> 35.770561 | T10: =+J10*L10%+O10*Q10% -> 63.160527 | U10: 0 | V10: 0 | W10: 0 | X10: 0 | Y10: 0 | Z10: 0 | AA10: =X10*Y10% -> 0 | AB10: =X10*Z10% -> 0 | AF10: =AC10*AD10% -> 0 | AG10: =AC10*AE10% -> 0 | AH10: 3855 | AI10: 4.15 | AJ10: 8.19 | AK10: =AH10*AI10% -> 159.9825 | AL10: =AH10*AJ10% -> 315.7245 | AM10: =+D10+R10-AC10-AH10 -> -0.911 | AN10: =+G10+S10-AF10-AK10 -> 0.028061 | AO10: =+H10+T10-AG10-AL10 -> -0.046173 | AP10: =(AN10+AO10)/(S10+T10) -> -0.00018307693 | AQ10: =($AP$1*AN10+$AQ$1*AO10) -> -0.34417866 | AR10: =(D10+J10+O10)-(X10+AH10) -> -0.911
A11: =CONCATENATE(B11,C11) -> 46207E | B11: =+B9+1 -> 46207 | C11: E | D11: 3855 | E11: 4.15 | F11: 8.19 | G11: =+D11*E11% -> 159.9825 | H11: =+D11*F11% -> 315.7245 | I11: 2135.7 | J11: 2199.771 | K11: 3.7745891 | L11: 8.2267406 | M11: 0 | N11: 0 | O11: 0 | P11: 0 | Q11: 0 | R11: =+J11+O11 -> 2199.771 | S11: =+J11*K11%+O11*P11% -> 83.032317 | T11: =+J11*L11%+O11*Q11% -> 180.96945 | U11: 0 | V11: 0 | W11: 0 | X11: 0 | Y11: 0 | Z11: 0 | AA11: =X11*Y11% -> 0 | AB11: =X11*Z11% -> 0 | AF11: =AC11*AD11% -> 0 | AG11: =AC11*AE11% -> 0 | AH11: 6138 | AI11: 4.01 | AJ11: 8.2 | AK11: =AH11*AI11% -> 246.1338 | AL11: =AH11*AJ11% -> 503.316 | AM11: =+D11+R11-AC11-AH11 -> -83.229 | AN11: =+G11+S11-AF11-AK11 -> -3.118983 | AO11: =+H11+T11-AG11-AL11 -> -6.622045 | AP11: =(AN11+AO11)/(S11+T11) -> -0.036897586 | AQ11: =($AP$1*AN11+$AQ$1*AO11) -> -3482.0164 | AR11: =(D11+J11+O11)-(X11+AH11) -> -83.229
A12: =CONCATENATE(B12,C12) -> 46208M | B12: =+B10+1 -> 46208 | C12: M | D12: 6138 | E12: 4.01 | F12: 8.2 | G12: =+D12*E12% -> 246.1338 | H12: =+D12*F12% -> 503.316 | I12: 3654.8 | J12: 3764.444 | K12: 3.4305543 | L12: 8.0671008 | M12: 0 | N12: 0 | O12: 0 | P12: 0 | Q12: 0 | R12: =+J12+O12 -> 3764.444 | S12: =+J12*K12%+O12*P12% -> 129.1413 | T12: =+J12*L12%+O12*Q12% -> 303.68149 | U12: 3461 | V12: 86377 | W12: Muzaffarpur | X12: 7130 | Y12: 3.6 | Z12: 8.16 | AA12: =X12*Y12% -> 256.68 | AB12: =X12*Z12% -> 581.808 | AC12: 7130 | AD12: 3.6 | AE12: 8.16 | AF12: =AC12*AD12% -> 256.68 | AG12: =AC12*AE12% -> 581.808 | AH12: 2990 | AI12: 3.79 | AJ12: 8.15 | AK12: =AH12*AI12% -> 113.321 | AL12: =AH12*AJ12% -> 243.685 | AM12: =+D12+R12-AC12-AH12 -> -217.556 | AN12: =+G12+S12-AF12-AK12 -> 5.274097 | AO12: =+H12+T12-AG12-AL12 -> -18.495508 | AP12: =(AN12+AO12)/(S12+T12) -> -0.030546938 | AQ12: =($AP$1*AN12+$AQ$1*AO12) -> -3004.8647 | AR12: =(D12+J12+O12)-(X12+AH12) -> -217.556
A13: =CONCATENATE(B13,C13) -> 46208E | B13: =+B11+1 -> 46208 | C13: E | D13: 2990 | E13: 3.79 | F13: 8.15 | G13: =+D13*E13% -> 113.321 | H13: =+D13*F13% -> 243.685 | I13: 3432.3 | J13: 3535.269 | K13: 3.454596 | L13: 8.0693063 | M13: 0 | N13: 0 | O13: 0 | P13: 0 | Q13: 0 | R13: =+J13+O13 -> 3535.269 | S13: =+J13*K13%+O13*P13% -> 122.12926 | T13: =+J13*L13%+O13*Q13% -> 285.27168 | U13: 5239 | V13: 86379 | W13: Skamal | X13: 6575 | Y13: 3.65 | Z13: 8.15 | AA13: =X13*Y13% -> 239.9875 | AB13: =X13*Z13% -> 535.8625 | AC13: 6575 | AD13: 3.65 | AE13: 8.15 | AF13: =AC13*AD13% -> 239.9875 | AG13: =AC13*AE13% -> 535.8625 | AH13: 0 | AI13: 0 | AJ13: 0 | AK13: =AH13*AI13% -> 0 | AL13: =AH13*AJ13% -> 0 | AM13: =+D13+R13-AC13-AH13 -> -49.731 | AN13: =+G13+S13-AF13-AK13 -> -4.537237 | AO13: =+H13+T13-AG13-AL13 -> -6.905816 | AP13: =(AN13+AO13)/(S13+T13) -> -0.028087939 | AQ13: =($AP$1*AN13+$AQ$1*AO13) -> -4248.5205 | AR13: =(D13+J13+O13)-(X13+AH13) -> -49.731
A14: =CONCATENATE(B14,C14) -> 46209M | B14: =+B12+1 -> 46209 | C14: M | D14: 0 | E14: 0 | F14: 0 | G14: =+D14*E14% -> 0 | H14: =+D14*F14% -> 0 | I14: 737.9 | J14: 760.037 | K14: 4.5558341 | L14: 8.3826806 | M14: 0 | N14: 0 | O14: 0 | P14: 0 | Q14: 0 | R14: =+J14+O14 -> 760.037 | S14: =+J14*K14%+O14*P14% -> 34.626025 | T14: =+J14*L14%+O14*Q14% -> 63.711474 | U14: 0 | V14: 0 | W14: 0 | X14: 0 | Y14: 0 | Z14: 0 | AA14: =X14*Y14% -> 0 | AB14: =X14*Z14% -> 0 | AF14: =AC14*AD14% -> 0 | AG14: =AC14*AE14% -> 0 | AH14: 761 | AI14: 4.56 | AJ14: 8.38 | AK14: =AH14*AI14% -> 34.7016 | AL14: =AH14*AJ14% -> 63.7718 | AM14: =+D14+R14-AC14-AH14 -> -0.963 | AN14: =+G14+S14-AF14-AK14 -> -0.075575 | AO14: =+H14+T14-AG14-AL14 -> -0.060326 | AP14: =(AN14+AO14)/(S14+T14) -> -0.0013819855 | AQ14: =($AP$1*AN14+$AQ$1*AO14) -> -54.383347 | AR14: =(D14+J14+O14)-(X14+AH14) -> -0.963
A15: =CONCATENATE(B15,C15) -> 46209E | B15: =+B13+1 -> 46209 | C15: E | D15: 761 | E15: 4.56 | F15: 8.38 | G15: =+D15*E15% -> 34.7016 | H15: =+D15*F15% -> 63.7718 | I15: 1280.2 | J15: 1318.606 | K15: 4.1088424 | L15: 8.3064443 | M15: 0 | N15: 0 | O15: 0 | P15: 0 | Q15: 0 | R15: =+J15+O15 -> 1318.606 | S15: =+J15*K15%+O15*P15% -> 54.179442 | T15: =+J15*L15%+O15*Q15% -> 109.52927 | U15: 0 | V15: 0 | W15: 0 | X15: 0 | Y15: 0 | Z15: 0 | AA15: =X15*Y15% -> 0 | AB15: =X15*Z15% -> 0 | AF15: =AC15*AD15% -> 0 | AG15: =AC15*AE15% -> 0 | AH15: 2081 | AI15: 4.27 | AJ15: 8.34 | AK15: =AH15*AI15% -> 88.8587 | AL15: =AH15*AJ15% -> 173.5554 | AM15: =+D15+R15-AC15-AH15 -> -1.394 | AN15: =+G15+S15-AF15-AK15 -> 0.022342 | AO15: =+H15+T15-AG15-AL15 -> -0.254327 | AP15: =(AN15+AO15)/(S15+T15) -> -0.0014170596 | AQ15: =($AP$1*AN15+$AQ$1*AO15) -> -65.432614 | AR15: =(D15+J15+O15)-(X15+AH15) -> -1.394
A16: =CONCATENATE(B16,C16) -> 46210M | B16: =+B14+1 -> 46210 | C16: M | D16: 2081 | E16: 4.27 | F16: 8.34 | G16: =+D16*E16% -> 88.8587 | H16: =+D16*F16% -> 173.5554 | I16: 1225.6 | J16: 1262.368 | K16: 4.3174608 | L16: 8.0875898 | M16: 0 | N16: 0 | O16: 0 | P16: 0 | Q16: 0 | R16: =+J16+O16 -> 1262.368 | S16: =+J16*K16%+O16*P16% -> 54.502244 | T16: =+J16*L16%+O16*Q16% -> 102.09515 | U16: 7181 | V16: 86380 | W16: Teghra | X16: 2950 | Y16: 4.25 | Z16: 8.51 | AA16: =X16*Y16% -> 125.375 | AB16: =X16*Z16% -> 251.045 | AC16: 2960 | AD16: 4.2 | AE16: 8.31 | AF16: =AC16*AD16% -> 124.32 | AG16: =AC16*AE16% -> 245.976 | AH16: 394 | AI16: 4.29 | AJ16: 8.25 | AK16: =AH16*AI16% -> 16.9026 | AL16: =AH16*AJ16% -> 32.505 | AM16: =+D16+R16-AC16-AH16 -> -10.632 | AN16: =+G16+S16-AF16-AK16 -> 2.138344 | AO16: =+H16+T16-AG16-AL16 -> -2.830455 | AP16: =(AN16+AO16)/(S16+T16) -> -0.0044196842 | AQ16: =($AP$1*AN16+$AQ$1*AO16) -> 179.84781 | AR16: =(D16+J16+O16)-(X16+AH16) -> -0.632
A17: =CONCATENATE(B17,C17) -> 46210E | B17: =+B15+1 -> 46210 | C17: E | D17: 394 | E17: 4.29 | F17: 8.25 | G17: =+D17*E17% -> 16.9026 | H17: =+D17*F17% -> 32.505 | I17: 3250.5 | J17: 3348.015 | K17: 3.969377 | L17: 8.1275558 | M17: 0 | N17: 0 | O17: 0 | P17: 0 | Q17: 0 | R17: =+J17+O17 -> 3348.015 | S17: =+J17*K17%+O17*P17% -> 132.89534 | T17: =+J17*L17%+O17*Q17% -> 272.11179 | U17: 0 | V17: 0 | W17: 0 | X17: 0 | Y17: 0 | Z17: 0 | AA17: =X17*Y17% -> 0 | AB17: =X17*Z17% -> 0 | AF17: =AC17*AD17% -> 0 | AG17: =AC17*AE17% -> 0 | AH17: 3743 | AI17: 4 | AJ17: 8.14 | AK17: =AH17*AI17% -> 149.72 | AL17: =AH17*AJ17% -> 304.6802 | AM17: =+D17+R17-AC17-AH17 -> -0.985 | AN17: =+G17+S17-AF17-AK17 -> 0.077938 | AO17: =+H17+T17-AG17-AL17 -> -0.063414 | AP17: =(AN17+AO17)/(S17+T17) -> 3.5861098e-05 | AQ17: =($AP$1*AN17+$AQ$1*AO17) -> 18.459817 | AR17: =(D17+J17+O17)-(X17+AH17) -> -0.985
A18: =CONCATENATE(B18,C18) -> 46211M | B18: =+B16+1 -> 46211 | C18: M | D18: 3743 | E18: 4 | F18: 8.14 | G18: =+D18*E18% -> 149.72 | H18: =+D18*F18% -> 304.6802 | I18: 810.2 | J18: 834.506 | K18: 4.5392743 | L18: 8.4101333 | M18: 0 | N18: 0 | O18: 0 | P18: 0 | Q18: 0 | R18: =+J18+O18 -> 834.506 | S18: =+J18*K18%+O18*P18% -> 37.880516 | T18: =+J18*L18%+O18*Q18% -> 70.183067 | U18: 0 | V18: 00 | W18: 0 | X18: 0 | Y18: 0 | Z18: 0 | AA18: =X18*Y18% -> 0 | AB18: =X18*Z18% -> 0 | AF18: =AC18*AD18% -> 0 | AG18: =AC18*AE18% -> 0 | AH18: 4579 | AI18: 4.1 | AJ18: 8.19 | AK18: =AH18*AI18% -> 187.739 | AL18: =AH18*AJ18% -> 375.0201 | AM18: =+D18+R18-AC18-AH18 -> -1.494 | AN18: =+G18+S18-AF18-AK18 -> -0.138484 | AO18: =+H18+T18-AG18-AL18 -> -0.156833 | AP18: =(AN18+AO18)/(S18+T18) -> -0.0027328078 | AQ18: =($AP$1*AN18+$AQ$1*AO18) -> -113.51616 | AR18: =(D18+J18+O18)-(X18+AH18) -> -1.494
A19: =CONCATENATE(B19,C19) -> 46211E | B19: =+B17+1 -> 46211 | C19: E | D19: 4579 | E19: 4.1 | F19: 8.19 | G19: =+D19*E19% -> 187.739 | H19: =+D19*F19% -> 375.0201 | I19: 6111.9 | J19: 6295.257 | K19: 3.2741193 | L19: 8.0660662 | M19: 0 | N19: 0 | O19: 0 | P19: 0 | Q19: 0 | R19: =+J19+O19 -> 6295.257 | S19: =+J19*K19%+O19*P19% -> 206.11423 | T19: =+J19*L19%+O19*Q19% -> 507.7796 | U19: 6545 | V19: 86381/Route Vechile | W19: Muzaffarpur/skamal | X19: 8554 | Y19: 3.64 | Z19: 8.18 | AA19: =X19*Y19% -> 311.3656 | AB19: =X19*Z19% -> 699.7172 | AC19: 8554 | AD19: 3.64 | AE19: 8.18 | AF19: =AC19*AD19% -> 311.3656 | AG19: =AC19*AE19% -> 699.7172 | AH19: 2321 | AI19: 3.62 | AJ19: 8.12 | AK19: =AH19*AI19% -> 84.0202 | AL19: =AH19*AJ19% -> 188.4652 | AM19: =+D19+R19-AC19-AH19 -> -0.743 | AN19: =+G19+S19-AF19-AK19 -> -1.532573 | AO19: =+H19+T19-AG19-AL19 -> -5.382703 | AP19: =(AN19+AO19)/(S19+T19) -> -0.009686701 | AQ19: =($AP$1*AN19+$AQ$1*AO19) -> -2348.5228 | AR19: =(D19+J19+O19)-(X19+AH19) -> -0.743
A20: =CONCATENATE(B20,C20) -> 46212M | B20: =+B18+1 -> 46212 | C20: M | D20: 2321 | E20: 3.62 | F20: 8.12 | G20: =+D20*E20% -> 84.0202 | H20: =+D20*F20% -> 188.4652 | I20: 4456.2 | J20: 4589.886 | K20: 4.1443292 | L20: 8.0855258 | M20: 0 | N20: 0 | O20: 0 | P20: 0 | Q20: 0 | R20: =+J20+O20 -> 4589.886 | S20: =+J20*K20%+O20*P20% -> 190.21999 | T20: =+J20*L20%+O20*Q20% -> 371.11642 | U20: 0 | V20: 0 | W20: 0 | X20: 0 | Y20: 0 | Z20: 0 | AA20: =X20*Y20% -> 0 | AB20: =X20*Z20% -> 0 | AF20: =AC20*AD20% -> 0 | AG20: =AC20*AE20% -> 0 | AH20: 6912 | AI20: 3.97 | AJ20: 8.1 | AK20: =AH20*AI20% -> 274.4064 | AL20: =AH20*AJ20% -> 559.872 | AM20: =+D20+R20-AC20-AH20 -> -1.114 | AN20: =+G20+S20-AF20-AK20 -> -0.166212 | AO20: =+H20+T20-AG20-AL20 -> -0.290384 | AP20: =(AN20+AO20)/(S20+T20) -> -0.00081340885 | AQ20: =($AP$1*AN20+$AQ$1*AO20) -> -166.8377 | AR20: =(D20+J20+O20)-(X20+AH20) -> -1.114
A21: =CONCATENATE(B21,C21) -> 46212E | B21: =+B19+1 -> 46212 | C21: E | D21: 6912 | E21: 3.97 | F21: 8.1 | G21: =+D21*E21% -> 274.4064 | H21: =+D21*F21% -> 559.872 | I21: 4632.4 | J21: 4771.372 | K21: 3.9065625 | L21: 8.1355734 | M21: 0 | N21: 0 | O21: 0 | P21: 0 | Q21: 0 | R21: =+J21+O21 -> 4771.372 | S21: =+J21*K21%+O21*P21% -> 186.39663 | T21: =+J21*L21%+O21*Q21% -> 388.17847 | U21: 3461 | V21: 86382 | W21: Hajipur | X21: 7130 | Y21: 4 | Z21: 8.02 | AA21: =X21*Y21% -> 285.2 | AB21: =X21*Z21% -> 571.826 | AC21: 7130 | AD21: 4 | AE21: 8.02 | AF21: =AC21*AD21% -> 285.2 | AG21: =AC21*AE21% -> 571.826 | AH21: 4456 | AI21: 3.94 | AJ21: 8.11 | AK21: =AH21*AI21% -> 175.5664 | AL21: =AH21*AJ21% -> 361.3816 | AM21: =+D21+R21-AC21-AH21 -> 97.372 | AN21: =+G21+S21-AF21-AK21 -> 0.036628 | AO21: =+H21+T21-AG21-AL21 -> 14.842869 | AP21: =(AN21+AO21)/(S21+T21) -> 0.025896523 | AQ21: =($AP$1*AN21+$AQ$1*AO21) -> 4462.9081 | AR21: =(D21+J21+O21)-(X21+AH21) -> 97.372
A22: =CONCATENATE(B22,C22) -> 46213M | B22: =+B20+1 -> 46213 | C22: M | G22: =+D22*E22% -> 0 | H22: =+D22*F22% -> 0 | R22: =+J22+O22 -> 0 | S22: =+J22*K22%+O22*P22% -> 0 | T22: =+J22*L22%+O22*Q22% -> 0 | AA22: =X22*Y22% -> 0 | AB22: =X22*Z22% -> 0 | AF22: =AC22*AD22% -> 0 | AG22: =AC22*AE22% -> 0 | AK22: =AH22*AI22% -> 0 | AL22: =AH22*AJ22% -> 0 | AM22: =+D22+R22-AC22-AH22 -> 0 | AN22: =+G22+S22-AF22-AK22 -> 0 | AO22: =+H22+T22-AG22-AL22 -> 0 | AP22: =(AN22+AO22)/(S22+T22) -> #DIV/0! | AQ22: =($AP$1*AN22+$AQ$1*AO22) -> 0 | AR22: =(D22+J22+O22)-(X22+AH22) -> 0
A23: =CONCATENATE(B23,C23) -> 46213E | B23: =+B21+1 -> 46213 | C23: E | G23: =+D23*E23% -> 0 | H23: =+D23*F23% -> 0 | R23: =+J23+O23 -> 0 | S23: =+J23*K23%+O23*P23% -> 0 | T23: =+J23*L23%+O23*Q23% -> 0 | AA23: =X23*Y23% -> 0 | AB23: =X23*Z23% -> 0 | AF23: =AC23*AD23% -> 0 | AG23: =AC23*AE23% -> 0 | AK23: =AH23*AI23% -> 0 | AL23: =AH23*AJ23% -> 0 | AM23: =+D23+R23-AC23-AH23 -> 0 | AN23: =+G23+S23-AF23-AK23 -> 0 | AO23: =+H23+T23-AG23-AL23 -> 0 | AP23: =(AN23+AO23)/(S23+T23) -> #DIV/0! | AQ23: =($AP$1*AN23+$AQ$1*AO23) -> 0 | AR23: =(D23+J23+O23)-(X23+AH23) -> 0
A24: =CONCATENATE(B24,C24) -> 46214M | B24: =+B22+1 -> 46214 | C24: M | G24: =+D24*E24% -> 0 | H24: =+D24*F24% -> 0 | R24: =+J24+O24 -> 0 | S24: =+J24*K24%+O24*P24% -> 0 | T24: =+J24*L24%+O24*Q24% -> 0 | AA24: =X24*Y24% -> 0 | AB24: =X24*Z24% -> 0 | AF24: =AC24*AD24% -> 0 | AG24: =AC24*AE24% -> 0 | AK24: =AH24*AI24% -> 0 | AL24: =AH24*AJ24% -> 0 | AM24: =+D24+R24-AC24-AH24 -> 0 | AN24: =+G24+S24-AF24-AK24 -> 0 | AO24: =+H24+T24-AG24-AL24 -> 0 | AP24: =(AN24+AO24)/(S24+T24) -> #DIV/0! | AQ24: =($AP$1*AN24+$AQ$1*AO24) -> 0 | AR24: =(D24+J24+O24)-(X24+AH24) -> 0
A25: =CONCATENATE(B25,C25) -> 46214E | B25: =+B23+1 -> 46214 | C25: E | G25: =+D25*E25% -> 0 | H25: =+D25*F25% -> 0 | R25: =+J25+O25 -> 0 | S25: =+J25*K25%+O25*P25% -> 0 | T25: =+J25*L25%+O25*Q25% -> 0 | AA25: =X25*Y25% -> 0 | AB25: =X25*Z25% -> 0 | AF25: =AC25*AD25% -> 0 | AG25: =AC25*AE25% -> 0 | AK25: =AH25*AI25% -> 0 | AL25: =AH25*AJ25% -> 0 | AM25: =+D25+R25-AC25-AH25 -> 0 | AN25: =+G25+S25-AF25-AK25 -> 0 | AO25: =+H25+T25-AG25-AL25 -> 0 | AP25: =(AN25+AO25)/(S25+T25) -> #DIV/0! | AQ25: =($AP$1*AN25+$AQ$1*AO25) -> 0 | AR25: =(D25+J25+O25)-(X25+AH25) -> 0
A26: =CONCATENATE(B26,C26) -> 46215M | B26: =+B24+1 -> 46215 | C26: M | G26: =+D26*E26% -> 0 | H26: =+D26*F26% -> 0 | R26: =+J26+O26 -> 0 | S26: =+J26*K26%+O26*P26% -> 0 | T26: =+J26*L26%+O26*Q26% -> 0 | AA26: =X26*Y26% -> 0 | AB26: =X26*Z26% -> 0 | AF26: =AC26*AD26% -> 0 | AG26: =AC26*AE26% -> 0 | AK26: =AH26*AI26% -> 0 | AL26: =AH26*AJ26% -> 0 | AM26: =+D26+R26-AC26-AH26 -> 0 | AN26: =+G26+S26-AF26-AK26 -> 0 | AO26: =+H26+T26-AG26-AL26 -> 0 | AP26: =(AN26+AO26)/(S26+T26) -> #DIV/0! | AQ26: =($AP$1*AN26+$AQ$1*AO26) -> 0 | AR26: =(D26+J26+O26)-(X26+AH26) -> 0
A27: =CONCATENATE(B27,C27) -> 46215E | B27: =+B25+1 -> 46215 | C27: E | G27: =+D27*E27% -> 0 | H27: =+D27*F27% -> 0 | R27: =+J27+O27 -> 0 | S27: =+J27*K27%+O27*P27% -> 0 | T27: =+J27*L27%+O27*Q27% -> 0 | AA27: =X27*Y27% -> 0 | AB27: =X27*Z27% -> 0 | AF27: =AC27*AD27% -> 0 | AG27: =AC27*AE27% -> 0 | AK27: =AH27*AI27% -> 0 | AL27: =AH27*AJ27% -> 0 | AM27: =+D27+R27-AC27-AH27 -> 0 | AN27: =+G27+S27-AF27-AK27 -> 0 | AO27: =+H27+T27-AG27-AL27 -> 0 | AP27: =(AN27+AO27)/(S27+T27) -> #DIV/0! | AQ27: =($AP$1*AN27+$AQ$1*AO27) -> 0 | AR27: =(D27+J27+O27)-(X27+AH27) -> 0
A28: =CONCATENATE(B28,C28) -> 46216M | B28: =+B26+1 -> 46216 | C28: M | G28: =+D28*E28% -> 0 | H28: =+D28*F28% -> 0 | R28: =+J28+O28 -> 0 | S28: =+J28*K28%+O28*P28% -> 0 | T28: =+J28*L28%+O28*Q28% -> 0 | AA28: =X28*Y28% -> 0 | AB28: =X28*Z28% -> 0 | AF28: =AC28*AD28% -> 0 | AG28: =AC28*AE28% -> 0 | AK28: =AH28*AI28% -> 0 | AL28: =AH28*AJ28% -> 0 | AM28: =+D28+R28-AC28-AH28 -> 0 | AN28: =+G28+S28-AF28-AK28 -> 0 | AO28: =+H28+T28-AG28-AL28 -> 0 | AP28: =(AN28+AO28)/(S28+T28) -> #DIV/0! | AQ28: =($AP$1*AN28+$AQ$1*AO28) -> 0 | AR28: =(D28+J28+O28)-(X28+AH28) -> 0
A29: =CONCATENATE(B29,C29) -> 46216E | B29: =+B27+1 -> 46216 | C29: E | G29: =+D29*E29% -> 0 | H29: =+D29*F29% -> 0 | R29: =+J29+O29 -> 0 | S29: =+J29*K29%+O29*P29% -> 0 | T29: =+J29*L29%+O29*Q29% -> 0 | AA29: =X29*Y29% -> 0 | AB29: =X29*Z29% -> 0 | AF29: =AC29*AD29% -> 0 | AG29: =AC29*AE29% -> 0 | AK29: =AH29*AI29% -> 0 | AL29: =AH29*AJ29% -> 0 | AM29: =+D29+R29-AC29-AH29 -> 0 | AN29: =+G29+S29-AF29-AK29 -> 0 | AO29: =+H29+T29-AG29-AL29 -> 0 | AP29: =(AN29+AO29)/(S29+T29) -> #DIV/0! | AQ29: =($AP$1*AN29+$AQ$1*AO29) -> 0 | AR29: =(D29+J29+O29)-(X29+AH29) -> 0
A30: =CONCATENATE(B30,C30) -> 46217M | B30: =+B28+1 -> 46217 | C30: M | G30: =+D30*E30% -> 0 | H30: =+D30*F30% -> 0 | R30: =+J30+O30 -> 0 | S30: =+J30*K30%+O30*P30% -> 0 | T30: =+J30*L30%+O30*Q30% -> 0 | AA30: =X30*Y30% -> 0 | AB30: =X30*Z30% -> 0 | AF30: =AC30*AD30% -> 0 | AG30: =AC30*AE30% -> 0 | AK30: =AH30*AI30% -> 0 | AL30: =AH30*AJ30% -> 0 | AM30: =+D30+R30-AC30-AH30 -> 0 | AN30: =+G30+S30-AF30-AK30 -> 0 | AO30: =+H30+T30-AG30-AL30 -> 0 | AP30: =(AN30+AO30)/(S30+T30) -> #DIV/0! | AQ30: =($AP$1*AN30+$AQ$1*AO30) -> 0 | AR30: =(D30+J30+O30)-(X30+AH30) -> 0
A31: =CONCATENATE(B31,C31) -> 46217E | B31: =+B29+1 -> 46217 | C31: E | G31: =+D31*E31% -> 0 | H31: =+D31*F31% -> 0 | R31: =+J31+O31 -> 0 | S31: =+J31*K31%+O31*P31% -> 0 | T31: =+J31*L31%+O31*Q31% -> 0 | AA31: =X31*Y31% -> 0 | AB31: =X31*Z31% -> 0 | AF31: =AC31*AD31% -> 0 | AG31: =AC31*AE31% -> 0 | AK31: =AH31*AI31% -> 0 | AL31: =AH31*AJ31% -> 0 | AM31: =+D31+R31-AC31-AH31 -> 0 | AN31: =+G31+S31-AF31-AK31 -> 0 | AO31: =+H31+T31-AG31-AL31 -> 0 | AP31: =(AN31+AO31)/(S31+T31) -> #DIV/0! | AQ31: =($AP$1*AN31+$AQ$1*AO31) -> 0 | AR31: =(D31+J31+O31)-(X31+AH31) -> 0
A32: =CONCATENATE(B32,C32) -> 46218M | B32: =+B30+1 -> 46218 | C32: M | G32: =+D32*E32% -> 0 | H32: =+D32*F32% -> 0 | R32: =+J32+O32 -> 0 | S32: =+J32*K32%+O32*P32% -> 0 | T32: =+J32*L32%+O32*Q32% -> 0 | AA32: =X32*Y32% -> 0 | AB32: =X32*Z32% -> 0 | AF32: =AC32*AD32% -> 0 | AG32: =AC32*AE32% -> 0 | AK32: =AH32*AI32% -> 0 | AL32: =AH32*AJ32% -> 0 | AM32: =+D32+R32-AC32-AH32 -> 0 | AN32: =+G32+S32-AF32-AK32 -> 0 | AO32: =+H32+T32-AG32-AL32 -> 0 | AP32: =(AN32+AO32)/(S32+T32) -> #DIV/0! | AQ32: =($AP$1*AN32+$AQ$1*AO32) -> 0 | AR32: =(D32+J32+O32)-(X32+AH32) -> 0
A33: =CONCATENATE(B33,C33) -> 46218E | B33: =+B31+1 -> 46218 | C33: E | G33: =+D33*E33% -> 0 | H33: =+D33*F33% -> 0 | R33: =+J33+O33 -> 0 | S33: =+J33*K33%+O33*P33% -> 0 | T33: =+J33*L33%+O33*Q33% -> 0 | AA33: =X33*Y33% -> 0 | AB33: =X33*Z33% -> 0 | AF33: =AC33*AD33% -> 0 | AG33: =AC33*AE33% -> 0 | AK33: =AH33*AI33% -> 0 | AL33: =AH33*AJ33% -> 0 | AM33: =+D33+R33-AC33-AH33 -> 0 | AN33: =+G33+S33-AF33-AK33 -> 0 | AO33: =+H33+T33-AG33-AL33 -> 0 | AP33: =(AN33+AO33)/(S33+T33) -> #DIV/0! | AQ33: =($AP$1*AN33+$AQ$1*AO33) -> 0 | AR33: =(D33+J33+O33)-(X33+AH33) -> 0
... A62: =CONCATENATE(B62,C62) -> 46233M | B62: =+B60+1 -> 46233 | C62: M | G62: =+D62*E62% -> 0 | H62: =+D62*F62% -> 0 | R62: =+J62+O62 -> 0 | S62: =+J62*K62%+O62*P62% -> 0 | T62: =+J62*L62%+O62*Q62% -> 0 | AA62: =X62*Y62% -> 0 | AB62: =X62*Z62% -> 0 | AF62: =AC62*AD62% -> 0 | AG62: =AC62*AE62% -> 0 | AK62: =AH62*AI62% -> 0 | AL62: =AH62*AJ62% -> 0 | AM62: =+D62+R62-AC62-AH62 -> 0 | AN62: =+G62+S62-AF62-AK62 -> 0 | AO62: =+H62+T62-AG62-AL62 -> 0 | AP62: =(AN62+AO62)/(S62+T62) -> #DIV/0! | AQ62: =($AP$1*AN62+$AQ$1*AO62) -> 0 | AR62: =(D62+J62+O62)-(X62+AH62) -> 0
A63: =CONCATENATE(B63,C63) -> 46233E | B63: =+B61+1 -> 46233 | C63: E | G63: =+D63*E63% -> 0 | H63: =+D63*F63% -> 0 | R63: =+J63+O63 -> 0 | S63: =+J63*K63%+O63*P63% -> 0 | T63: =+J63*L63%+O63*Q63% -> 0 | AA63: =X63*Y63% -> 0 | AB63: =X63*Z63% -> 0 | AF63: =AC63*AD63% -> 0 | AG63: =AC63*AE63% -> 0 | AK63: =AH63*AI63% -> 0 | AL63: =AH63*AJ63% -> 0 | AM63: =+D63+R63-AC63-AH63 -> 0 | AN63: =+G63+S63-AF63-AK63 -> 0 | AO63: =+H63+T63-AG63-AL63 -> 0 | AP63: =(AN63+AO63)/(S63+T63) -> #DIV/0! | AQ63: =($AP$1*AN63+$AQ$1*AO63) -> 0 | AR63: 0
A64: =CONCATENATE(B64,C64) -> 46234M | B64: =+B62+1 -> 46234 | C64: M | G64: =+D64*E64% -> 0 | H64: =+D64*F64% -> 0 | R64: =+J64+O64 -> 0 | S64: =+J64*K64%+O64*P64% -> 0 | T64: =+J64*L64%+O64*Q64% -> 0 | AA64: =X64*Y64% -> 0 | AB64: =X64*Z64% -> 0 | AF64: =AC64*AD64% -> 0 | AG64: =AC64*AE64% -> 0 | AK64: =AH64*AI64% -> 0 | AL64: =AH64*AJ64% -> 0 | AM64: =+D64+R64-AC64-AH64 -> 0 | AN64: =+G64+S64-AF64-AK64 -> 0 | AO64: =+H64+T64-AG64-AL64 -> 0 | AP64: =(AN64+AO64)/(S64+T64) -> #DIV/0! | AQ64: =($AP$1*AN64+$AQ$1*AO64) -> 0 | AR64: =(D64+J64+O64)-(X64+AH64) -> 0
A65: =CONCATENATE(B65,C65) -> 46234E | B65: =+B63+1 -> 46234 | C65: E | G65: =+D65*E65% -> 0 | H65: =+D65*F65% -> 0 | R65: =+J65+O65 -> 0 | S65: =+J65*K65%+O65*P65% -> 0 | T65: =+J65*L65%+O65*Q65% -> 0 | AA65: =X65*Y65% -> 0 | AB65: =X65*Z65% -> 0 | AF65: =AC65*AD65% -> 0 | AG65: =AC65*AE65% -> 0 | AK65: =AH65*AI65% -> 0 | AL65: =AH65*AJ65% -> 0 | AM65: =+D65+R65-AC65-AH65 -> 0 | AN65: =+G65+S65-AF65-AK65 -> 0 | AO65: =+H65+T65-AG65-AL65 -> 0 | AP65: =(AN65+AO65)/(S65+T65) -> #DIV/0! | AQ65: =($AP$1*AN65+$AQ$1*AO65) -> 0 | AR65: =(D65+J65+O65)-(X65+AH65) -> 0
J66: =SUM(J4:J65) -> 49563.909 | R66: =SUM(R4:R65) -> 49563.909 | S66: =SUM(S4:S65) -> 1916.8005 | T66: =SUM(T4:T65) -> 4031.255 | AM66: =-SUM(AM4:AM65) -> 301.091 | AN66: =-SUM(AN4:AN65) -> 1.668958 | AO66: =-SUM(AO4:AO65) -> 21.910306 | AQ66: =-SUM(AQ4:AQ65) -> 7363.9302
V69: 4640 | W69: 4.9 | X69: 8.39 | Y69: =+V69*W69% -> 227.36 | Z69: =+V69*X69% -> 389.296
V70: 5300 | W70: 4.3 | X70: 8.52 | Y70: =+V70*W70% -> 227.9 | Z70: =+V70*X70% -> 451.56
V71: =SUM(V69:V70) -> 9940 | W71: =+Y71/V71% -> 4.5800805 | X71: =+Z71/V71% -> 8.4593159 | Y71: =SUM(Y69:Y70) -> 455.26 | Z71: =SUM(Z69:Z70) -> 840.856

Sheet Daily Losses
A1: Date | B1: Shift | C1: Own BMC | I1: Service Provider BMC
C2: Majhaul | D2: Sahibpur Kamal | E2: Dalsingsarai | F2: Musrigharari | G2: Kalyanpur | H2: Dumrao | I2: Laldiyara | J2: Asarganj | K2: Mahadatpur | L2: Sonvarsha | M2: Aariya | N2: Teghra | O2: Halsi
A3: =Manjhaul!B4 -> 46204 | B3: =Manjhaul!C4 -> M | C3: =Manjhaul!AQ4 -> 37.686646 | D3: ='Sahibpur Kamal'!AQ4 -> 1934.4129 | E3: =Dalsingsarai!AQ4 -> 290.70934 | F3: =Musrigharari!AQ4 -> -8245.0214 | H3: =Buxar!AQ4 -> 432.99259 | I3: =Laldiyara!AQ4 -> 25639.229 | J3: =Asarganj!AQ4 -> -4068.808 | K3: =Madhatpur!AQ4 -> 106.97099 | L3: =Sonvarsha!AQ4 -> 375.39198 | M3: =Araiya!AQ4 -> 8555.6573 | N3: =Teghra!AQ4 -> 394.75267 | O3: =Halsi!AQ4 -> 7459.7783
A4: =Manjhaul!B5 -> 46204 | B4: =Manjhaul!C5 -> E | C4: =Manjhaul!AQ5 -> -214.43812 | D4: ='Sahibpur Kamal'!AQ5 -> -376.00713 | E4: =Dalsingsarai!AQ5 -> 8860.8145 | F4: =Musrigharari!AQ5 -> 612.80881 | H4: =Buxar!AQ5 -> 8718.586 | I4: =Laldiyara!AQ5 -> 224.22356 | J4: =Asarganj!AQ5 -> -9362.7808 | K4: =Madhatpur!AQ5 -> 1855.0641 | L4: =Sonvarsha!AQ5 -> -109.21127 | M4: =Araiya!AQ5 -> 7650.9561 | N4: =Teghra!AQ5 -> -272.66843 | O4: =Halsi!AQ5 -> -42075.239
A5: =Manjhaul!B6 -> 46205 | B5: =Manjhaul!C6 -> M | C5: =Manjhaul!AQ6 -> 1645.1555 | D5: ='Sahibpur Kamal'!AQ6 -> 5273.0569 | E5: =Dalsingsarai!AQ6 -> -43484.112 | F5: =Musrigharari!AQ6 -> -136.10678 | H5: =Buxar!AQ6 -> 346.59154 | I5: =Laldiyara!AQ6 -> 21599.578 | J5: =Asarganj!AQ6 -> 572.36276 | K5: =Madhatpur!AQ6 -> 56.590284 | L5: =Sonvarsha!AQ6 -> -3.5333534 | M5: =Araiya!AQ6 -> 700.16339 | N5: =Teghra!AQ6 -> 3995.4145 | O5: =Halsi!AQ6 -> 5160.469
A6: =Manjhaul!B7 -> 46205 | B6: =Manjhaul!C7 -> E | C6: =Manjhaul!AQ7 -> 643.14465 | D6: ='Sahibpur Kamal'!AQ7 -> -137.2993 | E6: =Dalsingsarai!AQ7 -> 35814.211 | F6: =Musrigharari!AQ7 -> 1292.2711 | H6: =Buxar!AQ7 -> 15868.193 | I6: =Laldiyara!AQ7 -> -46538.986 | J6: =Asarganj!AQ7 -> 13264.538 | K6: =Madhatpur!AQ7 -> 154.83747 | L6: =Sonvarsha!AQ7 -> 5644.9409 | M6: =Araiya!AQ7 -> -15363.694 | N6: =Teghra!AQ7 -> -5410.9994 | O6: =Halsi!AQ7 -> 28500.742
A7: =Manjhaul!B8 -> 46206 | B7: =Manjhaul!C8 -> M | C7: =Manjhaul!AQ8 -> 967.54384 | D7: ='Sahibpur Kamal'!AQ8 -> -18402.942 | E7: =Dalsingsarai!AQ8 -> 856.25203 | F7: =Musrigharari!AQ8 -> 604.98656 | H7: =Buxar!AQ8 -> 42.516957 | I7: =Laldiyara!AQ8 -> 22051.461 | J7: =Asarganj!AQ8 -> 792.44043 | K7: =Madhatpur!AQ8 -> 44.971748 | L7: =Sonvarsha!AQ8 -> 348.34052 | M7: =Araiya!AQ8 -> -3976.8467 | N7: =Teghra!AQ8 -> 425.55016 | O7: =Halsi!AQ8 -> -6823.6489
A8: =Manjhaul!B9 -> 46206 | B8: =Manjhaul!C9 -> E | C8: =Manjhaul!AQ9 -> 361.3939 | D8: ='Sahibpur Kamal'!AQ9 -> -57.326005 | E8: =Dalsingsarai!AQ9 -> -18123.416 | F8: =Musrigharari!AQ9 -> 333.34116 | H8: =Buxar!AQ9 -> 291.34247 | I8: =Laldiyara!AQ9 -> 10510.304 | J8: =Asarganj!AQ9 -> 8268.492 | K8: =Madhatpur!AQ9 -> 140.30349 | L8: =Sonvarsha!AQ9 -> 327.08476 | M8: =Araiya!AQ9 -> 158.07874 | N8: =Teghra!AQ9 -> -1135.2109 | O8: =Halsi!AQ9 -> 13138.983
A9: =Manjhaul!B10 -> 46207 | B9: =Manjhaul!C10 -> M | C9: =Manjhaul!AQ10 -> -199.37013 | D9: ='Sahibpur Kamal'!AQ10 -> -5666.3695 | E9: =Dalsingsarai!AQ10 -> 314.05562 | F9: =Musrigharari!AQ10 -> 396.40114 | H9: =Buxar!AQ10 -> -21882.087 | I9: =Laldiyara!AQ10 -> 56.437609 | J9: =Asarganj!AQ10 -> -2934.4288 | K9: =Madhatpur!AQ10 -> 2222.0154 | L9: =Sonvarsha!AQ10 -> -128.34837 | M9: =Araiya!AQ10 -> -3382.351 | N9: =Teghra!AQ10 -> -2240.4008 | O9: =Halsi!AQ10 -> -12710.958
A10: =Manjhaul!B11 -> 46207 | B10: =Manjhaul!C11 -> E | C10: =Manjhaul!AQ11 -> 166.43532 | D10: ='Sahibpur Kamal'!AQ11 -> -23.122396 | E10: =Dalsingsarai!AQ11 -> 699.70556 | F10: =Musrigharari!AQ11 -> 249.85244 | H10: =Buxar!AQ11 -> 25.221064 | I10: =Laldiyara!AQ11 -> 36681.308 | J10: =Asarganj!AQ11 -> -2232.9485 | K10: =Madhatpur!AQ11 -> 71.416851 | L10: =Sonvarsha!AQ11 -> 402.81387 | M10: =Araiya!AQ11 -> -3934.6378 | N10: =Teghra!AQ11 -> 346.79784 | O10: =Halsi!AQ11 -> 0.39596265
A11: =Manjhaul!B12 -> 46208 | B11: =Manjhaul!C12 -> M | C11: =Manjhaul!AQ12 -> 173.31829 | D11: ='Sahibpur Kamal'!AQ12 -> -22492.132 | E11: =Dalsingsarai!AQ12 -> 893.10958 | F11: =Musrigharari!AQ12 -> -2038.5399 | H11: =Buxar!AQ12 -> 89.788437 | I11: =Laldiyara!AQ12 -> 157.55831 | J11: =Asarganj!AQ12 -> 9052.3178 | K11: =Madhatpur!AQ12 -> 94.219748 | L11: =Sonvarsha!AQ12 -> 237.39265 | M11: =Araiya!AQ12 -> -1849.9095 | N11: =Teghra!AQ12 -> -3217.7063 | O11: =Halsi!AQ12 -> 19269.992
A12: =Manjhaul!B13 -> 46208 | B12: =Manjhaul!C13 -> E | C12: =Manjhaul!AQ13 -> -83.902684 | D12: ='Sahibpur Kamal'!AQ13 -> 8079.5262 | E12: =Dalsingsarai!AQ13 -> 13815.602 | F12: =Musrigharari!AQ13 -> 670.69303 | H12: =Buxar!AQ13 -> -9799.5234 | I12: =Laldiyara!AQ13 -> 9245.3071 | J12: =Asarganj!AQ13 -> 535.94869 | K12: =Madhatpur!AQ13 -> 149.09409 | L12: =Sonvarsha!AQ13 -> 2037.3256 | M12: =Araiya!AQ13 -> 1701.7043 | N12: =Teghra!AQ13 -> 317.87379 | O12: =Halsi!AQ13 -> -25817.081
A13: =Manjhaul!B14 -> 46209 | B13: =Manjhaul!C14 -> M | C13: =Manjhaul!AQ14 -> 443.51149 | D13: ='Sahibpur Kamal'!AQ14 -> -63967.436 | E13: =Dalsingsarai!AQ14 -> 1195.1118 | F13: =Musrigharari!AQ14 -> 868.85017 | H13: =Buxar!AQ14 -> 74.03147 | I13: =Laldiyara!AQ14 -> 13126.011 | J13: =Asarganj!AQ14 -> -12440.732 | K13: =Madhatpur!AQ14 -> 77.232446 | L13: =Sonvarsha!AQ14 -> 1639.3628 | M13: =Araiya!AQ14 -> 8691.9072 | N13: =Teghra!AQ14 -> 461.51014 | O13: =Halsi!AQ14 -> 21942.003
A14: =Manjhaul!B15 -> 46209 | B14: =Manjhaul!C15 -> E | C14: =Manjhaul!AQ15 -> -13738.418 | D14: ='Sahibpur Kamal'!AQ15 -> -127.91085 | E14: =Dalsingsarai!AQ15 -> -2041.7129 | F14: =Musrigharari!AQ15 -> -186.37078 | H14: =Buxar!AQ15 -> 26.038143 | I14: =Laldiyara!AQ15 -> 12071.169 | J14: =Asarganj!AQ15 -> 176.19609 | K14: =Madhatpur!AQ15 -> 137.69978 | L14: =Sonvarsha!AQ15 -> 85.291879 | M14: =Araiya!AQ15 -> 363.21463 | N14: =Teghra!AQ15 -> 10042.239 | O14: =Halsi!AQ15 -> -11382.996
... A58: =Manjhaul!B59 -> 46231 | B58: =Manjhaul!C59 -> E | C58: =Manjhaul!AQ59 -> 0 | D58: ='Sahibpur Kamal'!AQ59 -> 0 | E58: =Dalsingsarai!AQ59 -> 0 | F58: =Musrigharari!AQ59 -> 0 | H58: =Buxar!AQ59 -> 0 | I58: =Laldiyara!AQ59 -> 0 | J58: =Asarganj!AQ59 -> 0 | K58: =Madhatpur!AQ59 -> 0 | L58: =Sonvarsha!AQ59 -> 0 | M58: =Araiya!AQ59 -> 0 | N58: =Teghra!AQ59 -> 0 | O58: =Halsi!AQ59 -> 0
A59: =Manjhaul!B60 -> 46232 | B59: =Manjhaul!C60 -> M | C59: =Manjhaul!AQ60 -> 0 | D59: ='Sahibpur Kamal'!AQ60 -> 0 | E59: =Dalsingsarai!AQ60 -> 0 | F59: =Musrigharari!AQ60 -> 0 | H59: =Buxar!AQ60 -> 0 | I59: =Laldiyara!AQ60 -> 0 | J59: =Asarganj!AQ60 -> 0 | K59: =Madhatpur!AQ60 -> 0 | L59: =Sonvarsha!AQ60 -> 0 | M59: =Araiya!#REF! -> #REF! | N59: =Teghra!AQ60 -> 0 | O59: =Halsi!#REF! -> #REF!
A60: =Manjhaul!B61 -> 46232 | B60: =Manjhaul!C61 -> E | C60: =Manjhaul!AQ61 -> 0 | D60: ='Sahibpur Kamal'!AQ61 -> 0 | E60: =Dalsingsarai!AQ61 -> 0 | F60: =Musrigharari!AQ61 -> 0 | H60: =Buxar!AQ61 -> 0 | I60: =Laldiyara!AQ61 -> 0 | J60: =Asarganj!AQ61 -> 0 | K60: =Madhatpur!AQ61 -> 0 | L60: =Sonvarsha!AQ61 -> 0 | M60: =Araiya!#REF! -> #REF! | N60: =Teghra!AQ61 -> 0 | O60: =Halsi!#REF! -> #REF!
A61: =Manjhaul!B62 -> 46233 | B61: =Manjhaul!C62 -> M | C61: =Manjhaul!AQ62 -> 0 | D61: ='Sahibpur Kamal'!AQ62 -> 0 | E61: =Dalsingsarai!AQ62 -> 0 | F61: =Musrigharari!AQ62 -> 0 | H61: =Buxar!AQ62 -> 0 | I61: =Laldiyara!AQ62 -> 0 | J61: =Asarganj!AQ62 -> 0 | K61: =Madhatpur!AQ62 -> 0 | L61: =Sonvarsha!AQ62 -> 0 | M61: =Araiya!#REF! -> #REF! | N61: =Teghra!AQ62 -> 0 | O61: =Halsi!#REF! -> #REF!
A62: =Manjhaul!B63 -> 46233 | B62: =Manjhaul!C63 -> E | C62: =Manjhaul!AQ63 -> 0 | D62: ='Sahibpur Kamal'!AQ63 -> 0 | E62: =Dalsingsarai!AQ63 -> 0 | F62: =Musrigharari!AQ63 -> 0 | H62: =Buxar!AQ63 -> 0 | I62: =Laldiyara!AQ63 -> 0 | J62: =Asarganj!AQ63 -> 0 | K62: =Madhatpur!AQ63 -> 0 | L62: =Sonvarsha!AQ63 -> 0 | M62: =Araiya!#REF! -> #REF! | N62: =Teghra!AQ63 -> 0 | O62: =Halsi!#REF! -> #REF!
A63: =Manjhaul!B64 -> 46234 | B63: =Manjhaul!C64 -> M | C63: =Manjhaul!AQ64 -> 0 | D63: ='Sahibpur Kamal'!AQ64 -> 0 | E63: =Dalsingsarai!AQ64 -> 0 | F63: =Musrigharari!AQ64 -> 0 | H63: =Buxar!AQ64 -> 0 | I63: =Laldiyara!AQ64 -> 0 | J63: =Asarganj!AQ64 -> 0 | K63: =Madhatpur!AQ64 -> 0 | L63: =Sonvarsha!AQ64 -> 0 | M63: =Araiya!#REF! -> #REF! | N63: =Teghra!AQ64 -> 0 | O63: =Halsi!#REF! -> #REF!
A64: =Manjhaul!B65 -> 46234 | B64: =Manjhaul!C65 -> E | C64: =Manjhaul!AQ65 -> 0 | D64: ='Sahibpur Kamal'!AQ65 -> 0 | E64: =Dalsingsarai!AQ65 -> 0 | F64: =Musrigharari!AQ65 -> 0 | H64: =Buxar!AQ65 -> 0 | I64: =Laldiyara!AQ65 -> 0 | J64: =Asarganj!AQ65 -> 0 | K64: =Madhatpur!AQ65 -> 0 | L64: =Sonvarsha!AQ65 -> 0 | M64: =Araiya!#REF! -> #REF! | N64: =Teghra!AQ65 -> 0 | O64: =Halsi!#REF! -> #REF!
A65: Total | C65: =SUM(C3:C64) -> -29591.792 | D65: =SUM(D3:D64) -> -32517.499 | E65: =SUM(E3:E64) -> 16357.402 | F65: =SUM(F3:F64) -> -9099.6964 | G65: =SUM(G3:G64) -> 0 | H65: =SUM(H3:H64) -> -4276.2861 | I65: =SUM(I3:I64) -> -15962.391 | J65: =SUM(J3:J64) -> -7702.3219 | ... O65: =SUM(O3:O64) -> #REF!

Sheet Bachhwara
B1: Bachhwara Bmc | AG1: 392 | AP1: =Sumarry!$K$4 -> 480.53255 | AQ1: =Sumarry!$L$4 -> 299.4911
B2: Date | C2: Shift | D2: OB | I2: Milk from MPG in Ltr | M2: Transfer from other BMC/RMC | R2: Total Milk Receipt in Kg | U2: Tanker Dispatch Details | AC2: Plant Receipt | AH2: CB | AM2: Loss/(Gain)
D3: Qty KG | E3: Fat% | F3: Snf% | G3: FAT Kg | H3: SNF Kg | I3: Qty Ltr | J3: Qty Kg | K3: Fat% | L3: Snf% | M3: From | N3: Tanker No | O3: Qty Kg | P3: Fat% | Q3: Snf% | R3: Qty Kg | S3: FAT Kg | T3: SNF Kg | U3: Tanker | V3: Challan | W3: To | X3: Qty KG | Y3: Fat% | Z3: Snf% | AA3: FAT Kg | AB3: SNF Kg | AC3: Qty KG | AD3: Fat% | AE3: Snf% | AF3: FAT Kg | AG3: SNF Kg | AH3: Qty KG | AI3: Fat% | AJ3: Snf% | AK3: FAT Kg | AL3: SNF Kg | AM3: Qty KG | AN3: FAT Kg | AO3: SNF Kg | AP3: TS Loss% | AQ3: Amount
A4: =CONCATENATE(B4,C4) -> 46204M | B4: 46204 | C4: M | D4: 70 | E4: 4.2 | F4: 8.2 | G4: =+D4*E4% -> 2.94 | H4: =+D4*F4% -> 5.74 | I4: 344.6 | J4: 354.938 | K4: 4.398433 | L4: 8.1995357 | M4: 0 | N4: 0 | O4: 0 | P4: 0 | Q4: 0 | R4: =+J4+O4 -> 354.938 | S4: =+J4*K4%+O4*P4% -> 15.61171 | T4: =+J4*L4%+O4*Q4% -> 29.103268 | U4: 0 | V4: 0 | W4: 0 | X4: 0 | Y4: 0 | Z4: 0 | AA4: =X4*Y4% -> 0 | AB4: =X4*Z4% -> 0 | AF4: =AC4*AD4% -> 0 | AG4: =AC4*AE4% -> 0 | AH4: 425 | AI4: 4.35 | AJ4: 8.2 | AK4: =AH4*AI4% -> 18.4875 | AL4: =AH4*AJ4% -> 34.85 | AM4: =+D4+R4-AC4-AH4 -> -0.062 | AN4: =+G4+S4-AF4-AK4 -> 0.06421 | AO4: =+H4+T4-AG4-AL4 -> -0.006732 | AP4: =(AN4+AO4)/(S4+T4) -> 0.0012854306 | AQ4: =($AP$1*AN4+$AQ$1*AO4) -> 28.838821 | AR4: =(D4+J4+O4)-(X4+AH4) -> -0.062
A5: =CONCATENATE(B5,C5) -> 46204E | B5: =+B4 -> 46204 | C5: E | D5: 425 | E5: 4.35 | F5: 8.2 | G5: =+D5*E5% -> 18.4875 | H5: =+D5*F5% -> 34.85 | I5: 421.3 | J5: 433.939 | K5: 3.9788037 | L5: 8.2309756 | M5: 0 | N5: 0 | O5: 0 | P5: 0 | Q5: 0 | R5: =+J5+O5 -> 433.939 | S5: =+J5*K5%+O5*P5% -> 17.265581 | T5: =+J5*L5%+O5*Q5% -> 35.717413 | U5: 0 | V5: 0 | W5: 0 | X5: 0 | Y5: 0 | Z5: 0 | AA5: =X5*Y5% -> 0 | AB5: =X5*Z5% -> 0 | AF5: =AC5*AD5% -> 0 | AG5: =AC5*AE5% -> 0 | AH5: 855 | AI5: 4.2 | AJ5: 8.22 | AK5: =AH5*AI5% -> 35.91 | AL5: =AH5*AJ5% -> 70.281 | AM5: =+D5+R5-AC5-AH5 -> 3.939 | AN5: =+G5+S5-AF5-AK5 -> -0.156919 | AO5: =+H5+T5-AG5-AL5 -> 0.286413 | AP5: =(AN5+AO5)/(S5+T5) -> 0.0024440672 | AQ5: =($AP$1*AN5+$AQ$1*AO5) -> 10.373457 | AR5: =(D5+J5+O5)-(X5+AH5) -> 3.939
A6: =CONCATENATE(B6,C6) -> 46205M | B6: =+B4+1 -> 46205 | C6: M | D6: 855 | E6: 4.2 | F6: 8.22 | G6: =+D6*E6% -> 35.91 | H6: =+D6*F6% -> 70.281 | I6: 379.1 | J6: 390.473 | K6: 4.1632815 | L6: 8.1887629 | M6: 0 | N6: 0 | O6: 0 | P6: 0 | Q6: 0 | R6: =+J6+O6 -> 390.473 | S6: =+J6*K6%+O6*P6% -> 16.25649 | T6: =+J6*L6%+O6*Q6% -> 31.974908 | U6: 0 | V6: 0 | W6: 0 | X6: 0 | Y6: 0 | Z6: 0 | AA6: =X6*Y6% -> 0 | AB6: =X6*Z6% -> 0 | AF6: =AC6*AD6% -> 0 | AG6: =AC6*AE6% -> 0 | AH6: 1246 | AI6: 4.2 | AJ6: 8.21 | AK6: =AH6*AI6% -> 52.332 | AL6: =AH6*AJ6% -> 102.2966 | AM6: =+D6+R6-AC6-AH6 -> -0.527 | AN6: =+G6+S6-AF6-AK6 -> -0.16551 | AO6: =+H6+T6-AG6-AL6 -> -0.040692 | AP6: =(AN6+AO6)/(S6+T6) -> -0.0042752648 | AQ6: =($AP$1*AN6+$AQ$1*AO6) -> -91.719833 | AR6: =(D6+J6+O6)-(X6+AH6) -> -0.527
A7: =CONCATENATE(B7,C7) -> 46205E | B7: =+B5+1 -> 46205 | C7: E | D7: 1246 | E7: 4.2 | F7: 8.21 | G7: =+D7*E7% -> 52.332 | H7: =+D7*F7% -> 102.2966 | I7: 454.8 | J7: 468.444 | K7: 3.8377089 | L7: 8.0950088 | M7: 0 | N7: 0 | O7: 0 | P7: 0 | Q7: 0 | R7: =+J7+O7 -> 468.444 | S7: =+J7*K7%+O7*P7% -> 17.977517 | T7: =+J7*L7%+O7*Q7% -> 37.920583 | U7: 0 | V7: 0 | W7: 0 | X7: 0 | Y7: 0 | Z7: 0 | AA7: =X7*Y7% -> 0 | AB7: =X7*Z7% -> 0 | AF7: =AC7*AD7% -> 0 | AG7: =AC7*AE7% -> 0 | AH7: 1756 | AI7: 4.1 | AJ7: 8.16 | AK7: =AH7*AI7% -> 71.996 | AL7: =AH7*AJ7% -> 143.2896 | AM7: =+D7+R7-AC7-AH7 -> -41.556 | AN7: =+G7+S7-AF7-AK7 -> -1.686483 | AO7: =+H7+T7-AG7-AL7 -> -3.072417 | AP7: =(AN7+AO7)/(S7+T7) -> -0.085135273 | AQ7: =($AP$1*AN7+$AQ$1*AO7) -> -1730.5715 | AR7: =(D7+J7+O7)-(X7+AH7) -> -41.556
A8: =CONCATENATE(B8,C8) -> 46206M | B8: =+B6+1 -> 46206 | C8: M | D8: 1756 | E8: 4.1 | F8: 8.16 | G8: =+D8*E8% -> 71.996 | H8: =+D8*F8% -> 143.2896 | I8: 299 | J8: 307.97 | K8: 4.3914047 | L8: 8.1870234 | M8: 0 | N8: 0 | O8: 0 | P8: 0 | Q8: 0 | R8: =+J8+O8 -> 307.97 | S8: =+J8*K8%+O8*P8% -> 13.524209 | T8: =+J8*L8%+O8*Q8% -> 25.213576 | U8: 0 | V8: 00 | W8: 0 | X8: 0 | Y8: 0 | Z8: 0 | AA8: =X8*Y8% -> 0 | AB8: =X8*Z8% -> 0 | AF8: =AC8*AD8% -> 0 | AG8: =AC8*AE8% -> 0 | AH8: 2064 | AI8: 4.14 | AJ8: 8.16 | AK8: =AH8*AI8% -> 85.4496 | AL8: =AH8*AJ8% -> 168.4224 | AM8: =+D8+R8-AC8-AH8 -> -0.03 | AN8: =+G8+S8-AF8-AK8 -> 0.070609 | AO8: =+H8+T8-AG8-AL8 -> 0.080776 | AP8: =(AN8+AO8)/(S8+T8) -> 0.0039079416 | AQ8: =($AP$1*AN8+$AQ$1*AO8) -> 58.121615 | AR8: =(D8+J8+O8)-(X8+AH8) -> -0.03
A9: =CONCATENATE(B9,C9) -> 46206E | B9: =+B7+1 -> 46206 | C9: E | D9: 2064 | E9: 4.14 | F9: 8.16 | G9: =+D9*E9% -> 85.4496 | H9: =+D9*F9% -> 168.4224 | I9: 413.2 | J9: 425.596 | K9: 3.8663359 | L9: 8.1428848 | M9: 0 | N9: 0 | O9: 0 | P9: 0 | Q9: 0 | R9: =+J9+O9 -> 425.596 | S9: =+J9*K9%+O9*P9% -> 16.454971 | T9: =+J9*L9%+O9*Q9% -> 34.655792 | U9: 0 | V9: 00 | W9: 0 | X9: 0 | Y9: 0 | Z9: 0 | AA9: =X9*Y9% -> 0 | AB9: =X9*Z9% -> 0 | AF9: =AC9*AD9% -> 0 | AG9: =AC9*AE9% -> 0 | AH9: 2490 | AI9: 4.1 | AJ9: 8.16 | AK9: =AH9*AI9% -> 102.09 | AL9: =AH9*AJ9% -> 203.184 | AM9: =+D9+R9-AC9-AH9 -> -0.404 | AN9: =+G9+S9-AF9-AK9 -> -0.185429 | AO9: =+H9+T9-AG9-AL9 -> -0.105808 | AP9: =(AN9+AO9)/(S9+T9) -> -0.005698154 | AQ9: =($AP$1*AN9+$AQ$1*AO9) -> -120.79322 | AR9: =(D9+J9+O9)-(X9+AH9) -> -0.404
A10: =CONCATENATE(B10,C10) -> 46207M | B10: =+B8+1 -> 46207 | C10: M | D10: 2490 | E10: 4.1 | F10: 8.16 | G10: =+D10*E10% -> 102.09 | H10: =+D10*F10% -> 203.184 | I10: 334.8 | J10: 344.844 | K10: 4.4709677 | L10: 8.2061529 | M10: 0 | N10: 0 | O10: 0 | P10: 0 | Q10: 0 | R10: =+J10+O10 -> 344.844 | S10: =+J10*K10%+O10*P10% -> 15.417864 | T10: =+J10*L10%+O10*Q10% -> 28.298426 | U10: 0 | V10: 0 | W10: 0 | X10: 0 | Y10: 0 | Z10: 0 | AA10: =X10*Y10% -> 0 | AB10: =X10*Z10% -> 0 | AF10: =AC10*AD10% -> 0 | AG10: =AC10*AE10% -> 0 | AH10: 2835 | AI10: 4.15 | AJ10: 8.16 | AK10: =AH10*AI10% -> 117.6525 | AL10: =AH10*AJ10% -> 231.336 | AM10: =+D10+R10-AC10-AH10 -> -0.156 | AN10: =+G10+S10-AF10-AK10 -> -0.144636 | AO10: =+H10+T10-AG10-AL10 -> 0.146426 | AP10: =(AN10+AO10)/(S10+T10) -> 4.0945835e-05 | AQ10: =($AP$1*AN10+$AQ$1*AO10) -> -25.649022 | AR10: =(D10+J10+O10)-(X10+AH10) -> -0.156
A11: =CONCATENATE(B11,C11) -> 46207E | B11: =+B9+1 -> 46207 | C11: E | D11: 2835 | E11: 4.15 | F11: 8.16 | G11: =+D11*E11% -> 117.6525 | H11: =+D11*F11% -> 231.336 | I11: 413.6 | J11: 426.008 | K11: 3.9634429 | L11: 8.1654739 | M11: 0 | N11: 0 | O11: 0 | P11: 0 | Q11: 0 | R11: =+J11+O11 -> 426.008 | S11: =+J11*K11%+O11*P11% -> 16.884584 | T11: =+J11*L11%+O11*Q11% -> 34.785572 | U11: 6545 | V11: 89391 | W11: Hasanpur | X11: 3130 | Y11: 4.35 | Z11: 8.15 | AA11: =X11*Y11% -> 136.155 | AB11: =X11*Z11% -> 255.095 | AC11: 3130 | AD11: 4.2 | AE11: 8.15 | AF11: =AC11*AD11% -> 131.46 | AG11: =AC11*AE11% -> 255.095 | AH11: 131 | AI11: 4.3 | AJ11: 8.1 | AK11: =AH11*AI11% -> 5.633 | AL11: =AH11*AJ11% -> 10.611 | AM11: =+D11+R11-AC11-AH11 -> 0.008 | AN11: =+G11+S11-AF11-AK11 -> -2.555916 | AO11: =+H11+T11-AG11-AL11 -> 0.415572 | AP11: =(AN11+AO11)/(S11+T11) -> -0.041423215 | AQ11: =($AP$1*AN11+$AQ$1*AO11) -> -1103.7407 | AR11: =(D11+J11+O11)-(X11+AH11) -> 0.008
A12: =CONCATENATE(B12,C12) -> 46208M | B12: =+B10+1 -> 46208 | C12: M | D12: 131 | E12: 4.3 | F12: 8.1 | G12: =+D12*E12% -> 5.633 | H12: =+D12*F12% -> 10.611 | I12: 333.5 | J12: 343.505 | K12: 4.5995802 | L12: 8.2233283 | M12: 0 | N12: 0 | O12: 0 | P12: 0 | Q12: 0 | R12: =+J12+O12 -> 343.505 | S12: =+J12*K12%+O12*P12% -> 15.799788 | T12: =+J12*L12%+O12*Q12% -> 28.247544 | U12: 0 | V12: 0 | W12: 0 | X12: 0 | Y12: 0 | Z12: 0 | AA12: =X12*Y12% -> 0 | AB12: =X12*Z12% -> 0 | AF12: =AC12*AD12% -> 0 | AG12: =AC12*AE12% -> 0 | AH12: 475 | AI12: 4.5 | AJ12: 8.2 | AK12: =AH12*AI12% -> 21.375 | AL12: =AH12*AJ12% -> 38.95 | AM12: =+D12+R12-AC12-AH12 -> -0.495 | AN12: =+G12+S12-AF12-AK12 -> 0.057788 | AO12: =+H12+T12-AG12-AL12 -> -0.091456 | AP12: =(AN12+AO12)/(S12+T12) -> -0.00076435958 | AQ12: =($AP$1*AN12+$AQ$1*AO12) -> 0.37875698 | AR12: =(D12+J12+O12)-(X12+AH12) -> -0.495
A13: =CONCATENATE(B13,C13) -> 46208E | B13: =+B11+1 -> 46208 | C13: E | D13: 475 | E13: 4.5 | F13: 8.2 | G13: =+D13*E13% -> 21.375 | H13: =+D13*F13% -> 38.95 | I13: 552.7 | J13: 569.281 | K13: 4.0055003 | L13: 8.1142754 | M13: 0 | N13: 0 | O13: 0 | P13: 0 | Q13: 0 | R13: =+J13+O13 -> 569.281 | S13: =+J13*K13%+O13*P13% -> 22.802552 | T13: =+J13*L13%+O13*Q13% -> 46.193028 | U13: 0 | V13: 0 | W13: 0 | X13: 0 | Y13: 0 | Z13: 0 | AA13: =X13*Y13% -> 0 | AB13: =X13*Z13% -> 0 | AF13: =AC13*AD13% -> 0 | AG13: =AC13*AE13% -> 0 | AH13: 1044 | AI13: 4.23 | AJ13: 8.15 | AK13: =AH13*AI13% -> 44.1612 | AL13: =AH13*AJ13% -> 85.086 | AM13: =+D13+R13-AC13-AH13 -> 0.281 | AN13: =+G13+S13-AF13-AK13 -> 0.016352 | AO13: =+H13+T13-AG13-AL13 -> 0.057028 | AP13: =(AN13+AO13)/(S13+T13) -> 0.0010635464 | AQ13: =($AP$1*AN13+$AQ$1*AO13) -> 24.937047 | AR13: =(D13+J13+O13)-(X13+AH13) -> 0.281
A14: =CONCATENATE(B14,C14) -> 46209M | B14: =+B12+1 -> 46209 | C14: M | D14: 1044 | E14: 4.23 | F14: 8.15 | G14: =+D14*E14% -> 44.1612 | H14: =+D14*F14% -> 85.086 | I14: 309.6 | J14: 318.888 | K14: 4.630814 | L14: 8.2320736 | M14: 0 | N14: 0 | O14: 0 | P14: 0 | Q14: 0 | R14: =+J14+O14 -> 318.888 | S14: =+J14*K14%+O14*P14% -> 14.76711 | T14: =+J14*L14%+O14*Q14% -> 26.251095 | U14: 00 | V14: 0 | W14: 0 | X14: 0 | Y14: 0 | Z14: 0 | AA14: =X14*Y14% -> 0 | AB14: =X14*Z14% -> 0 | AF14: =AC14*AD14% -> 0 | AG14: =AC14*AE14% -> 0 | AH14: 1363 | AI14: 4.32 | AJ14: 8.17 | AK14: =AH14*AI14% -> 58.8816 | AL14: =AH14*AJ14% -> 111.3571 | AM14: =+D14+R14-AC14-AH14 -> -0.112 | AN14: =+G14+S14-AF14-AK14 -> 0.04671 | AO14: =+H14+T14-AG14-AL14 -> -0.020005 | AP14: =(AN14+AO14)/(S14+T14) -> 0.00065105238 | AQ14: =($AP$1*AN14+$AQ$1*AO14) -> 16.454356 | AR14: =(D14+J14+O14)-(X14+AH14) -> -0.112
A15: =CONCATENATE(B15,C15) -> 46209E | B15: =+B13+1 -> 46209 | C15: E | D15: 1363 | E15: 4.32 | F15: 8.17 | G15: =+D15*E15% -> 58.8816 | H15: =+D15*F15% -> 111.3571 | I15: 436.2 | J15: 449.286 | K15: 4.1553645 | L15: 8.1894315 | M15: 0 | N15: 0 | O15: 0 | P15: 0 | Q15: 0 | R15: =+J15+O15 -> 449.286 | S15: =+J15*K15%+O15*P15% -> 18.669471 | T15: =+J15*L15%+O15*Q15% -> 36.793969 | U15: 0 | V15: 0 | W15: 0 | X15: 0 | Y15: 0 | Z15: 0 | AA15: =X15*Y15% -> 0 | AB15: =X15*Z15% -> 0 | AF15: =AC15*AD15% -> 0 | AG15: =AC15*AE15% -> 0 | AH15: 1812 | AI15: 4.28 | AJ15: 8.17 | AK15: =AH15*AI15% -> 77.5536 | AL15: =AH15*AJ15% -> 148.0404 | AM15: =+D15+R15-AC15-AH15 -> 0.286 | AN15: =+G15+S15-AF15-AK15 -> -0.002529 | AO15: =+H15+T15-AG15-AL15 -> 0.110669 | AP15: =(AN15+AO15)/(S15+T15) -> 0.0019497528 | AQ15: =($AP$1*AN15+$AQ$1*AO15) -> 31.929113 | AR15: =(D15+J15+O15)-(X15+AH15) -> 0.286
A16: =CONCATENATE(B16,C16) -> 46210M | B16: =+B14+1 -> 46210 | C16: M | D16: 1812 | E16: 4.28 | F16: 8.17 | G16: =+D16*E16% -> 77.5536 | H16: =+D16*F16% -> 148.0404 | I16: 308.8 | J16: 318.064 | K16: 4.4166775 | L16: 8.2191062 | M16: 0 | N16: 0 | O16: 0 | P16: 0 | Q16: 0 | R16: =+J16+O16 -> 318.064 | S16: =+J16*K16%+O16*P16% -> 14.047861 | T16: =+J16*L16%+O16*Q16% -> 26.142018 | U16: 3461 | V16: 89392 | W16: Hasanpur | X16: 2180 | Y16: 4.3 | Z16: 8.15 | AA16: =X16*Y16% -> 93.74 | AB16: =X16*Z16% -> 177.67 | AC16: 2180 | AD16: 4.2 | AE16: 8.12 | AF16: =AC16*AD16% -> 91.56 | AG16: =AC16*AE16% -> 177.016 | AH16: 0 | AI16: 0 | AJ16: 0 | AK16: =AH16*AI16% -> 0 | AL16: =AH16*AJ16% -> 0 | AM16: =+D16+R16-AC16-AH16 -> -49.936 | AN16: =+G16+S16-AF16-AK16 -> 0.041461 | AO16: =+H16+T16-AG16-AL16 -> -2.833582 | AP16: =(AN16+AO16)/(S16+T16) -> -0.069473237 | AQ16: =($AP$1*AN16+$AQ$1*AO16) -> -828.70922 | AR16: =(D16+J16+O16)-(X16+AH16) -> -49.936
A17: =CONCATENATE(B17,C17) -> 46210E | B17: =+B15+1 -> 46210 | C17: E | D17: 0 | E17: 0 | F17: 0 | G17: =+D17*E17% -> 0 | H17: =+D17*F17% -> 0 | I17: 405.7 | J17: 417.871 | K17: 4.0474242 | L17: 8.1997782 | M17: 0 | N17: 0 | O17: 0 | P17: 0 | Q17: 0 | R17: =+J17+O17 -> 417.871 | S17: =+J17*K17%+O17*P17% -> 16.913012 | T17: =+J17*L17%+O17*Q17% -> 34.264495 | U17: 0 | V17: 0 | W17: 0 | X17: 0 | Y17: 0 | Z17: 0 | AA17: =X17*Y17% -> 0 | AB17: =X17*Z17% -> 0 | AF17: =AC17*AD17% -> 0 | AG17: =AC17*AE17% -> 0 | AH17: 418 | AI17: 4.05 | AJ17: 8.2 | AK17: =AH17*AI17% -> 16.929 | AL17: =AH17*AJ17% -> 34.276 | AM17: =+D17+R17-AC17-AH17 -> -0.129 | AN17: =+G17+S17-AF17-AK17 -> -0.015988 | AO17: =+H17+T17-AG17-AL17 -> -0.011505 | AP17: =(AN17+AO17)/(S17+T17) -> -0.00053720866 | AQ17: =($AP$1*AN17+$AQ$1*AO17) -> -11.128399 | AR17: =(D17+J17+O17)-(X17+AH17) -> -0.129
A18: =CONCATENATE(B18,C18) -> 46211M | B18: =+B16+1 -> 46211 | C18: M | D18: 418 | E18: 4.05 | F18: 8.2 | G18: =+D18*E18% -> 16.929 | H18: =+D18*F18% -> 34.276 | I18: 331.4 | J18: 341.342 | K18: 4.3685275 | L18: 8.189137 | M18: 0 | N18: 0 | O18: 0 | P18: 0 | Q18: 0 | R18: =+J18+O18 -> 341.342 | S18: =+J18*K18%+O18*P18% -> 14.911619 | T18: =+J18*L18%+O18*Q18% -> 27.952964 | U18: 00 | V18: 0 | W18: 0 | X18: 0 | Y18: 0 | Z18: 0 | AA18: =X18*Y18% -> 0 | AB18: =X18*Z18% -> 0 | AF18: =AC18*AD18% -> 0 | AG18: =AC18*AE18% -> 0 | AH18: 759 | AI18: 4.2 | AJ18: 8.2 | AK18: =AH18*AI18% -> 31.878 | AL18: =AH18*AJ18% -> 62.238 | AM18: =+D18+R18-AC18-AH18 -> 0.342 | AN18: =+G18+S18-AF18-AK18 -> -0.037381 | AO18: =+H18+T18-AG18-AL18 -> -0.009036 | AP18: =(AN18+AO18)/(S18+T18) -> -0.0010828753 | AQ18: =($AP$1*AN18+$AQ$1*AO18) -> -20.668989 | AR18: =(D18+J18+O18)-(X18+AH18) -> 0.342
A19: =CONCATENATE(B19,C19) -> 46211E | B19: =+B17+1 -> 46211 | C19: E | D19: 759 | E19: 4.2 | F19: 8.2 | G19: =+D19*E19% -> 31.878 | H19: =+D19*F19% -> 62.238 | I19: 450.3 | J19: 463.809 | K19: 4.0610926 | L19: 8.1781923 | M19: 0 | N19: 0 | O19: 0 | P19: 0 | Q19: 0 | R19: =+J19+O19 -> 463.809 | S19: =+J19*K19%+O19*P19% -> 18.835713 | T19: =+J19*L19%+O19*Q19% -> 37.931192 | U19: 0 | V19: 00 | W19: 0 | X19: 0 | Y19: 0 | Z19: 0 | AA19: =X19*Y19% -> 0 | AB19: =X19*Z19% -> 0 | AF19: =AC19*AD19% -> 0 | AG19: =AC19*AE19% -> 0 | AH19: 1182 | AI19: 4.15 | AJ19: 8.19 | AK19: =AH19*AI19% -> 49.053 | AL19: =AH19*AJ19% -> 96.8058 | AM19: =+D19+R19-AC19-AH19 -> 40.809 | AN19: =+G19+S19-AF19-AK19 -> 1.660713 | AO19: =+H19+T19-AG19-AL19 -> 3.363392 | AP19: =(AN19+AO19)/(S19+T19) -> 0.08850412 | AQ19: =($AP$1*AN19+$AQ$1*AO19) -> 1805.3326 | AR19: =(D19+J19+O19)-(X19+AH19) -> 40.809
A20: =CONCATENATE(B20,C20) -> 46212M | B20: =+B18+1 -> 46212 | C20: M | D20: 1182 | E20: 4.15 | F20: 8.19 | G20: =+D20*E20% -> 49.053 | H20: =+D20*F20% -> 96.8058 | I20: 354.9 | J20: 365.547 | K20: 4.3678219 | L20: 8.245224 | M20: 0 | N20: 0 | O20: 0 | P20: 0 | Q20: 0 | R20: =+J20+O20 -> 365.547 | S20: =+J20*K20%+O20*P20% -> 15.966442 | T20: =+J20*L20%+O20*Q20% -> 30.140169 | U20: 0 | V20: 0 | W20: 0 | X20: 0 | Y20: 0 | Z20: 0 | AA20: =X20*Y20% -> 0 | AB20: =X20*Z20% -> 0 | AF20: =AC20*AD20% -> 0 | AG20: =AC20*AE20% -> 0 | AH20: 1548 | AI20: 4.2 | AJ20: 8.2 | AK20: =AH20*AI20% -> 65.016 | AL20: =AH20*AJ20% -> 126.936 | AM20: =+D20+R20-AC20-AH20 -> -0.453 | AN20: =+G20+S20-AF20-AK20 -> 0.003442 | AO20: =+H20+T20-AG20-AL20 -> 0.009969 | AP20: =(AN20+AO20)/(S20+T20) -> 0.00029086935 | AQ20: =($AP$1*AN20+$AQ$1*AO20) -> 4.6396198 | AR20: =(D20+J20+O20)-(X20+AH20) -> -0.453
A21: =CONCATENATE(B21,C21) -> 46212E | B21: =+B19+1 -> 46212 | C21: E | D21: 1548 | E21: 4.2 | F21: 8.2 | G21: =+D21*E21% -> 65.016 | H21: =+D21*F21% -> 126.936 | I21: 421.3 | J21: 433.939 | K21: 4.0098505 | L21: 8.150273 | M21: 0 | N21: 0 | O21: 0 | P21: 0 | Q21: 0 | R21: =+J21+O21 -> 433.939 | S21: =+J21*K21%+O21*P21% -> 17.400305 | T21: =+J21*L21%+O21*Q21% -> 35.367213 | U21: 00 | V21: 0 | W21: 0 | X21: 0 | Y21: 0 | Z21: 0 | AA21: =X21*Y21% -> 0 | AB21: =X21*Z21% -> 0 | AF21: =AC21*AD21% -> 0 | AG21: =AC21*AE21% -> 0 | AH21: 1982 | AI21: 4.16 | AJ21: 8.2 | AK21: =AH21*AI21% -> 82.4512 | AL21: =AH21*AJ21% -> 162.524 | AM21: =+D21+R21-AC21-AH21 -> -0.061 | AN21: =+G21+S21-AF21-AK21 -> -0.034895 | AO21: =+H21+T21-AG21-AL21 -> -0.220787 | AP21: =(AN21+AO21)/(S21+T21) -> -0.004845443 | AQ21: =($AP$1*AN21+$AQ$1*AO21) -> -82.891924 | AR21: =(D21+J21+O21)-(X21+AH21) -> -0.061
A22: =CONCATENATE(B22,C22) -> 46213M | B22: =+B20+1 -> 46213 | C22: M | G22: =+D22*E22% -> 0 | H22: =+D22*F22% -> 0 | R22: =+J22+O22 -> 0 | S22: =+J22*K22%+O22*P22% -> 0 | T22: =+J22*L22%+O22*Q22% -> 0 | AA22: =X22*Y22% -> 0 | AB22: =X22*Z22% -> 0 | AF22: =AC22*AD22% -> 0 | AG22: =AC22*AE22% -> 0 | AK22: =AH22*AI22% -> 0 | AL22: =AH22*AJ22% -> 0 | AM22: =+D22+R22-AC22-AH22 -> 0 | AN22: =+G22+S22-AF22-AK22 -> 0 | AO22: =+H22+T22-AG22-AL22 -> 0 | AP22: =(AN22+AO22)/(S22+T22) -> #DIV/0! | AQ22: =($AP$1*AN22+$AQ$1*AO22) -> 0 | AR22: =(D22+J22+O22)-(X22+AH22) -> 0
A23: =CONCATENATE(B23,C23) -> 46213E | B23: =+B21+1 -> 46213 | C23: E | G23: =+D23*E23% -> 0 | H23: =+D23*F23% -> 0 | R23: =+J23+O23 -> 0 | S23: =+J23*K23%+O23*P23% -> 0 | T23: =+J23*L23%+O23*Q23% -> 0 | AA23: =X23*Y23% -> 0 | AB23: =X23*Z23% -> 0 | AF23: =AC23*AD23% -> 0 | AG23: =AC23*AE23% -> 0 | AK23: =AH23*AI23% -> 0 | AL23: =AH23*AJ23% -> 0 | AM23: =+D23+R23-AC23-AH23 -> 0 | AN23: =+G23+S23-AF23-AK23 -> 0 | AO23: =+H23+T23-AG23-AL23 -> 0 | AP23: =(AN23+AO23)/(S23+T23) -> #DIV/0! | AQ23: =($AP$1*AN23+$AQ$1*AO23) -> 0 | AR23: =(D23+J23+O23)-(X23+AH23) -> 0
A24: =CONCATENATE(B24,C24) -> 46214M | B24: =+B22+1 -> 46214 | C24: M | G24: =+D24*E24% -> 0 | H24: =+D24*F24% -> 0 | R24: =+J24+O24 -> 0 | S24: =+J24*K24%+O24*P24% -> 0 | T24: =+J24*L24%+O24*Q24% -> 0 | AA24: =X24*Y24% -> 0 | AB24: =X24*Z24% -> 0 | AF24: =AC24*AD24% -> 0 | AG24: =AC24*AE24% -> 0 | AK24: =AH24*AI24% -> 0 | AL24: =AH24*AJ24% -> 0 | AM24: =+D24+R24-AC24-AH24 -> 0 | AN24: =+G24+S24-AF24-AK24 -> 0 | AO24: =+H24+T24-AG24-AL24 -> 0 | AP24: =(AN24+AO24)/(S24+T24) -> #DIV/0! | AQ24: =($AP$1*AN24+$AQ$1*AO24) -> 0 | AR24: =(D24+J24+O24)-(X24+AH24) -> 0
A25: =CONCATENATE(B25,C25) -> 46214E | B25: =+B23+1 -> 46214 | C25: E | G25: =+D25*E25% -> 0 | H25: =+D25*F25% -> 0 | R25: =+J25+O25 -> 0 | S25: =+J25*K25%+O25*P25% -> 0 | T25: =+J25*L25%+O25*Q25% -> 0 | AA25: =X25*Y25% -> 0 | AB25: =X25*Z25% -> 0 | AF25: =AC25*AD25% -> 0 | AG25: =AC25*AE25% -> 0 | AK25: =AH25*AI25% -> 0 | AL25: =AH25*AJ25% -> 0 | AM25: =+D25+R25-AC25-AH25 -> 0 | AN25: =+G25+S25-AF25-AK25 -> 0 | AO25: =+H25+T25-AG25-AL25 -> 0 | AP25: =(AN25+AO25)/(S25+T25) -> #DIV/0! | AQ25: =($AP$1*AN25+$AQ$1*AO25) -> 0 | AR25: =(D25+J25+O25)-(X25+AH25) -> 0
A26: =CONCATENATE(B26,C26) -> 46215M | B26: =+B24+1 -> 46215 | C26: M | G26: =+D26*E26% -> 0 | H26: =+D26*F26% -> 0 | R26: =+J26+O26 -> 0 | S26: =+J26*K26%+O26*P26% -> 0 | T26: =+J26*L26%+O26*Q26% -> 0 | AA26: =X26*Y26% -> 0 | AB26: =X26*Z26% -> 0 | AF26: =AC26*AD26% -> 0 | AG26: =AC26*AE26% -> 0 | AK26: =AH26*AI26% -> 0 | AL26: =AH26*AJ26% -> 0 | AM26: =+D26+R26-AC26-AH26 -> 0 | AN26: =+G26+S26-AF26-AK26 -> 0 | AO26: =+H26+T26-AG26-AL26 -> 0 | AP26: =(AN26+AO26)/(S26+T26) -> #DIV/0! | AQ26: =($AP$1*AN26+$AQ$1*AO26) -> 0 | AR26: =(D26+J26+O26)-(X26+AH26) -> 0
A27: =CONCATENATE(B27,C27) -> 46215E | B27: =+B25+1 -> 46215 | C27: E | G27: =+D27*E27% -> 0 | H27: =+D27*F27% -> 0 | R27: =+J27+O27 -> 0 | S27: =+J27*K27%+O27*P27% -> 0 | T27: =+J27*L27%+O27*Q27% -> 0 | AA27: =X27*Y27% -> 0 | AB27: =X27*Z27% -> 0 | AF27: =AC27*AD27% -> 0 | AG27: =AC27*AE27% -> 0 | AK27: =AH27*AI27% -> 0 | AL27: =AH27*AJ27% -> 0 | AM27: =+D27+R27-AC27-AH27 -> 0 | AN27: =+G27+S27-AF27-AK27 -> 0 | AO27: =+H27+T27-AG27-AL27 -> 0 | AP27: =(AN27+AO27)/(S27+T27) -> #DIV/0! | AQ27: =($AP$1*AN27+$AQ$1*AO27) -> 0 | AR27: =(D27+J27+O27)-(X27+AH27) -> 0
A28: =CONCATENATE(B28,C28) -> 46216M | B28: =+B26+1 -> 46216 | C28: M | G28: =+D28*E28% -> 0 | H28: =+D28*F28% -> 0 | R28: =+J28+O28 -> 0 | S28: =+J28*K28%+O28*P28% -> 0 | T28: =+J28*L28%+O28*Q28% -> 0 | AA28: =X28*Y28% -> 0 | AB28: =X28*Z28% -> 0 | AF28: =AC28*AD28% -> 0 | AG28: =AC28*AE28% -> 0 | AK28: =AH28*AI28% -> 0 | AL28: =AH28*AJ28% -> 0 | AM28: =+D28+R28-AC28-AH28 -> 0 | AN28: =+G28+S28-AF28-AK28 -> 0 | AO28: =+H28+T28-AG28-AL28 -> 0 | AP28: =(AN28+AO28)/(S28+T28) -> #DIV/0! | AQ28: =($AP$1*AN28+$AQ$1*AO28) -> 0 | AR28: =(D28+J28+O28)-(X28+AH28) -> 0
A29: =CONCATENATE(B29,C29) -> 46216E | B29: =+B27+1 -> 46216 | C29: E | G29: =+D29*E29% -> 0 | H29: =+D29*F29% -> 0 | R29: =+J29+O29 -> 0 | S29: =+J29*K29%+O29*P29% -> 0 | T29: =+J29*L29%+O29*Q29% -> 0 | AA29: =X29*Y29% -> 0 | AB29: =X29*Z29% -> 0 | AF29: =AC29*AD29% -> 0 | AG29: =AC29*AE29% -> 0 | AK29: =AH29*AI29% -> 0 | AL29: =AH29*AJ29% -> 0 | AM29: =+D29+R29-AC29-AH29 -> 0 | AN29: =+G29+S29-AF29-AK29 -> 0 | AO29: =+H29+T29-AG29-AL29 -> 0 | AP29: =(AN29+AO29)/(S29+T29) -> #DIV/0! | AQ29: =($AP$1*AN29+$AQ$1*AO29) -> 0 | AR29: =(D29+J29+O29)-(X29+AH29) -> 0
A30: =CONCATENATE(B30,C30) -> 46217M | B30: =+B28+1 -> 46217 | C30: M | G30: =+D30*E30% -> 0 | H30: =+D30*F30% -> 0 | R30: =+J30+O30 -> 0 | S30: =+J30*K30%+O30*P30% -> 0 | T30: =+J30*L30%+O30*Q30% -> 0 | AA30: =X30*Y30% -> 0 | AB30: =X30*Z30% -> 0 | AF30: =AC30*AD30% -> 0 | AG30: =AC30*AE30% -> 0 | AK30: =AH30*AI30% -> 0 | AL30: =AH30*AJ30% -> 0 | AM30: =+D30+R30-AC30-AH30 -> 0 | AN30: =+G30+S30-AF30-AK30 -> 0 | AO30: =+H30+T30-AG30-AL30 -> 0 | AP30: =(AN30+AO30)/(S30+T30) -> #DIV/0! | AQ30: =($AP$1*AN30+$AQ$1*AO30) -> 0 | AR30: =(D30+J30+O30)-(X30+AH30) -> 0
A31: =CONCATENATE(B31,C31) -> 46217E | B31: =+B29+1 -> 46217 | C31: E | G31: =+D31*E31% -> 0 | H31: =+D31*F31% -> 0 | R31: =+J31+O31 -> 0 | S31: =+J31*K31%+O31*P31% -> 0 | T31: =+J31*L31%+O31*Q31% -> 0 | AA31: =X31*Y31% -> 0 | AB31: =X31*Z31% -> 0 | AF31: =AC31*AD31% -> 0 | AG31: =AC31*AE31% -> 0 | AK31: =AH31*AI31% -> 0 | AL31: =AH31*AJ31% -> 0 | AM31: =+D31+R31-AC31-AH31 -> 0 | AN31: =+G31+S31-AF31-AK31 -> 0 | AO31: =+H31+T31-AG31-AL31 -> 0 | AP31: =(AN31+AO31)/(S31+T31) -> #DIV/0! | AQ31: =($AP$1*AN31+$AQ$1*AO31) -> 0 | AR31: =(D31+J31+O31)-(X31+AH31) -> 0
A32: =CONCATENATE(B32,C32) -> 46218M | B32: =+B30+1 -> 46218 | C32: M | G32: =+D32*E32% -> 0 | H32: =+D32*F32% -> 0 | R32: =+J32+O32 -> 0 | S32: =+J32*K32%+O32*P32% -> 0 | T32: =+J32*L32%+O32*Q32% -> 0 | AA32: =X32*Y32% -> 0 | AB32: =X32*Z32% -> 0 | AF32: =AC32*AD32% -> 0 | AG32: =AC32*AE32% -> 0 | AK32: =AH32*AI32% -> 0 | AL32: =AH32*AJ32% -> 0 | AM32: =+D32+R32-AC32-AH32 -> 0 | AN32: =+G32+S32-AF32-AK32 -> 0 | AO32: =+H32+T32-AG32-AL32 -> 0 | AP32: =(AN32+AO32)/(S32+T32) -> #DIV/0! | AQ32: =($AP$1*AN32+$AQ$1*AO32) -> 0 | AR32: =(D32+J32+O32)-(X32+AH32) -> 0
A33: =CONCATENATE(B33,C33) -> 46218E | B33: =+B31+1 -> 46218 | C33: E | G33: =+D33*E33% -> 0 | H33: =+D33*F33% -> 0 | R33: =+J33+O33 -> 0 | S33: =+J33*K33%+O33*P33% -> 0 | T33: =+J33*L33%+O33*Q33% -> 0 | AA33: =X33*Y33% -> 0 | AB33: =X33*Z33% -> 0 | AF33: =AC33*AD33% -> 0 | AG33: =AC33*AE33% -> 0 | AK33: =AH33*AI33% -> 0 | AL33: =AH33*AJ33% -> 0 | AM33: =+D33+R33-AC33-AH33 -> 0 | AN33: =+G33+S33-AF33-AK33 -> 0 | AO33: =+H33+T33-AG33-AL33 -> 0 | AP33: =(AN33+AO33)/(S33+T33) -> #DIV/0! | AQ33: =($AP$1*AN33+$AQ$1*AO33) -> 0 | AR33: =(D33+J33+O33)-(X33+AH33) -> 0
... A65: =CONCATENATE(B65,C65) -> 46234E | B65: =+B63+1 -> 46234 | C65: E | G65: =+D65*E65% -> 0 | H65: =+D65*F65% -> 0 | R65: =+J65+O65 -> 0 | S65: =+J65*K65%+O65*P65% -> 0 | T65: =+J65*L65%+O65*Q65% -> 0 | AA65: =X65*Y65% -> 0 | AB65: =X65*Z65% -> 0 | AF65: =AC65*AD65% -> 0 | AG65: =AC65*AE65% -> 0 | AK65: =AH65*AI65% -> 0 | AL65: =AH65*AJ65% -> 0 | AM65: =+D65+R65-AC65-AH65 -> 0 | AN65: =+G65+S65-AF65-AK65 -> 0 | AO65: =+H65+T65-AG65-AL65 -> 0 | AP65: =(AN65+AO65)/(S65+T65) -> #DIV/0! | AQ65: =($AP$1*AN65+$AQ$1*AO65) -> 0 | AR65: =(D65+J65+O65)-(X65+AH65) -> 0
J66: =SUM(J4:J65) -> 7173.744 | AM66: =-SUM(AM4:AM65) -> 48.256 | AN66: =-SUM(AN4:AN65) -> 3.024401 | AO66: =-SUM(AO4:AO65) -> 1.941775 | AP66: =-SUM(AP4:AP65) -> #DIV/0! | AQ66: =-SUM(AQ4:AQ65) -> 2034.8674

Sheet Alauli
B1: Alauli Bmc | AG1: 392 | AP1: =Sumarry!$K$4 -> 480.53255 | AQ1: =Sumarry!$L$4 -> 299.4911
B2: Date | C2: Shift | D2: OB | I2: Milk from MPG in Ltr | M2: Transfer from other BMC/RMC | R2: Total Milk Receipt in Kg | U2: Tanker Dispatch Details | AC2: Plant Receipt | AH2: CB | AM2: Loss/(Gain)
D3: Qty KG | E3: Fat% | F3: Snf% | G3: FAT Kg | H3: SNF Kg | I3: Qty Ltr | J3: Qty Kg | K3: Fat% | L3: Snf% | M3: From | N3: Tanker No | O3: Qty Kg | P3: Fat% | Q3: Snf% | R3: Qty Kg | S3: FAT Kg | T3: SNF Kg | U3: Tanker | V3: Challan | W3: To | X3: Qty KG | Y3: Fat% | Z3: Snf% | AA3: FAT Kg | AB3: SNF Kg | AC3: Qty KG | AD3: Fat% | AE3: Snf% | AF3: FAT Kg | AG3: SNF Kg | AH3: Qty KG | AI3: Fat% | AJ3: Snf% | AK3: FAT Kg | AL3: SNF Kg | AM3: Qty KG | AN3: FAT Kg | AO3: SNF Kg | AP3: TS Loss% | AQ3: Amount
A4: =CONCATENATE(B4,C4) -> 46204M | B4: 46204 | C4: M | D4: 6247.3 | E4: 4.46 | F4: 8.14 | G4: =+D4*E4% -> 278.62958 | H4: =+D4*F4% -> 508.53022 | I4: 2337 | J4: 2407.11 | K4: 4.7702011 | L4: 8.2137612 | M4: 0 | N4: 0 | O4: 0 | P4: 0 | Q4: 0 | R4: =+J4+O4 -> 2407.11 | S4: =+J4*K4%+O4*P4% -> 114.82399 | T4: =+J4*L4%+O4*Q4% -> 197.71427 | U4: 0 | V4: 0 | W4: 0 | X4: 0 | Y4: 0 | Z4: 0 | AA4: =X4*Y4% -> 0 | AB4: =X4*Z4% -> 0 | AF4: =AC4*AD4% -> 0 | AG4: =AC4*AE4% -> 0 | AH4: 8654.4 | AI4: 4.54 | AJ4: 8.15 | AK4: =AH4*AI4% -> 392.90976 | AL4: =AH4*AJ4% -> 705.3336 | AM4: =+D4+R4-AC4-AH4 -> 0.01 | AN4: =+G4+S4-AF4-AK4 -> 0.543808 | AO4: =+H4+T4-AG4-AL4 -> 0.910888 | AP4: =(AN4+AO4)/(S4+T4) -> 0.0046544574 | AQ4: =($AP$1*AN4+$AQ$1*AO4) -> 534.12029 | AR4: =(D4+J4+O4)-(X4+AH4) -> 0.01
A5: =CONCATENATE(B5,C5) -> 46204E | B5: =+B4 -> 46204 | C5: E | D5: 8654.4 | E5: 4.54 | F5: 8.15 | G5: =+D5*E5% -> 392.90976 | H5: =+D5*F5% -> 705.3336 | I5: 2156.5 | J5: 2221.195 | K5: 4.2869604 | L5: 8.1812567 | M5: 0 | N5: 0 | O5: 0 | P5: 0 | Q5: 0 | R5: =+J5+O5 -> 2221.195 | S5: =+J5*K5%+O5*P5% -> 95.221749 | T5: =+J5*L5%+O5*Q5% -> 181.72166 | U5: 1842 | V5: 86617 | W5: Hajipur | X5: 10000 | Y5: 4.58 | Z5: 8.26 | AA5: =X5*Y5% -> 458 | AB5: =X5*Z5% -> 826 | AC5: 9940 | AD5: 4.425 | AE5: 7.98 | AF5: =AC5*AD5% -> 439.845 | AG5: =AC5*AE5% -> 793.212 | AH5: 875.5 | AI5: 4.48 | AJ5: 8.15 | AK5: =AH5*AI5% -> 39.2224 | AL5: =AH5*AJ5% -> 71.35325 | AM5: =+D5+R5-AC5-AH5 -> 60.095 | AN5: =+G5+S5-AF5-AK5 -> 9.064109 | AO5: =+H5+T5-AG5-AL5 -> 22.490014 | AP5: =(AN5+AO5)/(S5+T5) -> 0.11393708 | AQ5: =($AP$1*AN5+$AQ$1*AO5) -> 11091.158 | AR5: =(D5+J5+O5)-(X5+AH5) -> 0.095
A6: =CONCATENATE(B6,C6) -> 46205M | B6: =+B4+1 -> 46205 | C6: M | D6: 875.5 | E6: 4.48 | F6: 8.15 | G6: =+D6*E6% -> 39.2224 | H6: =+D6*F6% -> 71.35325 | I6: 2546.5 | J6: 2622.895 | K6: 4.7120675 | L6: 8.1096564 | M6: 0 | N6: 0 | O6: 0 | P6: 0 | Q6: 0 | R6: =+J6+O6 -> 2622.895 | S6: =+J6*K6%+O6*P6% -> 123.59258 | T6: =+J6*L6%+O6*Q6% -> 212.70777 | U6: 0 | V6: 0 | W6: 0 | X6: 0 | Y6: 0 | Z6: 0 | AA6: =X6*Y6% -> 0 | AB6: =X6*Z6% -> 0 | AF6: =AC6*AD6% -> 0 | AG6: =AC6*AE6% -> 0 | AH6: 3498.3 | AI6: 4.65 | AJ6: 8.12 | AK6: =AH6*AI6% -> 162.67095 | AL6: =AH6*AJ6% -> 284.06196 | AM6: =+D6+R6-AC6-AH6 -> 0.095 | AN6: =+G6+S6-AF6-AK6 -> 0.144034 | AO6: =+H6+T6-AG6-AL6 -> -0.000938 | AP6: =(AN6+AO6)/(S6+T6) -> 0.00042550059 | AQ6: =($AP$1*AN6+$AQ$1*AO6) -> 68.932102 | AR6: =(D6+J6+O6)-(X6+AH6) -> 0.095
A7: =CONCATENATE(B7,C7) -> 46205E | B7: =+B5+1 -> 46205 | C7: E | D7: 3498.3 | E7: 4.65 | F7: 8.12 | G7: =+D7*E7% -> 162.67095 | H7: =+D7*F7% -> 284.06196 | I7: 2493.1 | J7: 2567.893 | K7: 4.3036019 | L7: 8.1012916 | M7: 0 | N7: 0 | O7: 0 | P7: 0 | Q7: 0 | R7: =+J7+O7 -> 2567.893 | S7: =+J7*K7%+O7*P7% -> 110.51189 | T7: =+J7*L7%+O7*Q7% -> 208.0325 | U7: 00 | V7: 0 | W7: 0 | X7: 0 | Y7: 0 | Z7: 0 | AA7: =X7*Y7% -> 0 | AB7: =X7*Z7% -> 0 | AF7: =AC7*AD7% -> 0 | AG7: =AC7*AE7% -> 0 | AH7: 6066.1 | AI7: 4.5 | AJ7: 8.11 | AK7: =AH7*AI7% -> 272.9745 | AL7: =AH7*AJ7% -> 491.96071 | AM7: =+D7+R7-AC7-AH7 -> 0.093 | AN7: =+G7+S7-AF7-AK7 -> 0.208343 | AO7: =+H7+T7-AG7-AL7 -> 0.133749 | AP7: =(AN7+AO7)/(S7+T7) -> 0.0010739225 | AQ7: =($AP$1*AN7+$AQ$1*AO7) -> 140.17223 | AR7: =(D7+J7+O7)-(X7+AH7) -> 0.093
A8: =CONCATENATE(B8,C8) -> 46206M | B8: =+B6+1 -> 46206 | C8: M | D8: 6066.1 | E8: 4.5 | F8: 8.11 | G8: =+D8*E8% -> 272.9745 | H8: =+D8*F8% -> 491.96071 | I8: 2532.1 | J8: 2608.063 | K8: 4.6655582 | L8: 8.2366968 | M8: 0 | N8: 0 | O8: 0 | P8: 0 | Q8: 0 | R8: =+J8+O8 -> 2608.063 | S8: =+J8*K8%+O8*P8% -> 121.6807 | T8: =+J8*L8%+O8*Q8% -> 214.81824 | U8: 0 | V8: 0 | W8: 0 | X8: 0 | Y8: 0 | Z8: 0 | AA8: =X8*Y8% -> 0 | AB8: =X8*Z8% -> 0 | AF8: =AC8*AD8% -> 0 | AG8: =AC8*AE8% -> 0 | AH8: 8674.1 | AI8: 4.55 | AJ8: 8.14 | AK8: =AH8*AI8% -> 394.67155 | AL8: =AH8*AJ8% -> 706.07174 | AM8: =+D8+R8-AC8-AH8 -> 0.063 | AN8: =+G8+S8-AF8-AK8 -> -0.016352 | AO8: =+H8+T8-AG8-AL8 -> 0.707212 | AP8: =(AN8+AO8)/(S8+T8) -> 0.0020530822 | AQ8: =($AP$1*AN8+$AQ$1*AO8) -> 203.94603 | AR8: =(D8+J8+O8)-(X8+AH8) -> 0.063
A9: =CONCATENATE(B9,C9) -> 46206E | B9: =+B7+1 -> 46206 | C9: E | D9: 8674.1 | E9: 4.55 | F9: 8.14 | G9: =+D9*E9% -> 394.67155 | H9: =+D9*F9% -> 706.07174 | I9: 2252.1 | J9: 2319.663 | K9: 4.2561742 | L9: 8.1722304 | M9: 0 | N9: 0 | O9: 0 | P9: 0 | Q9: 0 | R9: =+J9+O9 -> 2319.663 | S9: =+J9*K9%+O9*P9% -> 98.728899 | T9: =+J9*L9%+O9*Q9% -> 189.5682 | U9: 1842 | V9: 86618 | W9: Itc munger | X9: 10000 | Y9: 4.63 | Z9: 8.3 | AA9: =X9*Y9% -> 463 | AB9: =X9*Z9% -> 830 | AC9: 9960 | AD9: 4.6249498 | AE9: 8.2698594 | AF9: =AC9*AD9% -> 460.645 | AG9: =AC9*AE9% -> 823.678 | AH9: 1003.2 | AI9: 4.48 | AJ9: 8.14 | AK9: =AH9*AI9% -> 44.94336 | AL9: =AH9*AJ9% -> 81.66048 | AM9: =+D9+R9-AC9-AH9 -> 30.563 | AN9: =+G9+S9-AF9-AK9 -> -12.187911 | AO9: =+H9+T9-AG9-AL9 -> -9.698536 | AP9: =(AN9+AO9)/(S9+T9) -> -0.075916292 | AQ9: =($AP$1*AN9+$AQ$1*AO9) -> -8761.3131 | AR9: =(D9+J9+O9)-(X9+AH9) -> -9.437
A10: =CONCATENATE(B10,C10) -> 46207M | B10: =+B8+1 -> 46207 | C10: M | D10: 1003.2 | E10: 4.48 | F10: 8.14 | G10: =+D10*E10% -> 44.94336 | H10: =+D10*F10% -> 81.66048 | I10: 2648.6 | J10: 2728.058 | K10: 4.6655743 | L10: 8.164872 | M10: 0 | N10: 0 | O10: 0 | P10: 0 | Q10: 0 | R10: =+J10+O10 -> 2728.058 | S10: =+J10*K10%+O10*P10% -> 127.27957 | T10: =+J10*L10%+O10*Q10% -> 222.74244 | U10: 0 | V10: 0 | W10: 0 | X10: 0 | Y10: 0 | Z10: 0 | AA10: =X10*Y10% -> 0 | AB10: =X10*Z10% -> 0 | AF10: =AC10*AD10% -> 0 | AG10: =AC10*AE10% -> 0 | AH10: 3731.2 | AI10: 4.61 | AJ10: 8.15 | AK10: =AH10*AI10% -> 172.00832 | AL10: =AH10*AJ10% -> 304.0928 | AM10: =+D10+R10-AC10-AH10 -> 0.058 | AN10: =+G10+S10-AF10-AK10 -> 0.214612 | AO10: =+H10+T10-AG10-AL10 -> 0.310124 | AP10: =(AN10+AO10)/(S10+T10) -> 0.0014991514 | AQ10: =($AP$1*AN10+$AQ$1*AO10) -> 196.00743 | AR10: =(D10+J10+O10)-(X10+AH10) -> 0.058
A11: =CONCATENATE(B11,C11) -> 46207E | B11: =+B9+1 -> 46207 | C11: E | D11: 3731.2 | E11: 4.61 | F11: 8.15 | G11: =+D11*E11% -> 172.00832 | H11: =+D11*F11% -> 304.0928 | I11: 2482.5 | J11: 2556.975 | K11: 4.5022477 | L11: 8.1174058 | M11: 0 | N11: 0 | O11: 0 | P11: 0 | Q11: 0 | R11: =+J11+O11 -> 2556.975 | S11: =+J11*K11%+O11*P11% -> 115.12135 | T11: =+J11*L11%+O11*Q11% -> 207.56004 | U11: 0 | V11: 00 | W11: 0 | X11: 0 | Y11: 0 | Z11: 0 | AA11: =X11*Y11% -> 0 | AB11: =X11*Z11% -> 0 | AF11: =AC11*AD11% -> 0 | AG11: =AC11*AE11% -> 0 | AH11: 6288.1 | AI11: 4.56 | AJ11: 8.13 | AK11: =AH11*AI11% -> 286.73736 | AL11: =AH11*AJ11% -> 511.22253 | AM11: =+D11+R11-AC11-AH11 -> 0.075 | AN11: =+G11+S11-AF11-AK11 -> 0.392309 | AO11: =+H11+T11-AG11-AL11 -> 0.430308 | AP11: =(AN11+AO11)/(S11+T11) -> 0.0025493165 | AQ11: =($AP$1*AN11+$AQ$1*AO11) -> 317.39066 | AR11: =(D11+J11+O11)-(X11+AH11) -> 0.075
A12: =CONCATENATE(B12,C12) -> 46208M | B12: =+B10+1 -> 46208 | C12: M | D12: 6288.1 | E12: 4.56 | F12: 8.13 | G12: =+D12*E12% -> 286.73736 | H12: =+D12*F12% -> 511.22253 | I12: 2432.1 | J12: 2505.063 | K12: 4.9412236 | L12: 8.3166029 | M12: 0 | N12: 0 | O12: 0 | P12: 0 | Q12: 0 | R12: =+J12+O12 -> 2505.063 | S12: =+J12*K12%+O12*P12% -> 123.78077 | T12: =+J12*L12%+O12*Q12% -> 208.33614 | U12: 0 | V12: 0 | W12: 00 | X12: 0 | Y12: 0 | Z12: 0 | AA12: =X12*Y12% -> 0 | AB12: =X12*Z12% -> 0 | AF12: =AC12*AD12% -> 0 | AG12: =AC12*AE12% -> 0 | AH12: 8793.1 | AI12: 4.66 | AJ12: 8.18 | AK12: =AH12*AI12% -> 409.75846 | AL12: =AH12*AJ12% -> 719.27558 | AM12: =+D12+R12-AC12-AH12 -> 0.063 | AN12: =+G12+S12-AF12-AK12 -> 0.759665 | AO12: =+H12+T12-AG12-AL12 -> 0.283093 | AP12: =(AN12+AO12)/(S12+T12) -> 0.0031397317 | AQ12: =($AP$1*AN12+$AQ$1*AO12) -> 449.82759 | AR12: =(D12+J12+O12)-(X12+AH12) -> 0.063
A13: =CONCATENATE(B13,C13) -> 46208E | B13: =+B11+1 -> 46208 | C13: E | D13: 8793.1 | E13: 4.66 | F13: 8.18 | G13: =+D13*E13% -> 409.75846 | H13: =+D13*F13% -> 719.27558 | I13: 2440.1 | J13: 2513.303 | K13: 4.4411049 | L13: 8.1557108 | M13: 0 | N13: 0 | O13: 0 | P13: 0 | Q13: 0 | R13: =+J13+O13 -> 2513.303 | S13: =+J13*K13%+O13*P13% -> 111.61842 | T13: =+J13*L13%+O13*Q13% -> 204.97772 | U13: 1842 | V13: 86619 | W13: Itc munger | X13: 10000 | Y13: 4.63 | Z13: 8.3 | AA13: =X13*Y13% -> 463 | AB13: =X13*Z13% -> 830 | AC13: 9960 | AD13: 4.5 | AE13: 8.25 | AF13: =AC13*AD13% -> 448.2 | AG13: =AC13*AE13% -> 821.7 | AH13: 1306.4 | AI13: 4.61 | AJ13: 8.17 | AK13: =AH13*AI13% -> 60.22504 | AL13: =AH13*AJ13% -> 106.73288 | AM13: =+D13+R13-AC13-AH13 -> 40.003 | AN13: =+G13+S13-AF13-AK13 -> 12.951842 | AO13: =+H13+T13-AG13-AL13 -> -4.179575 | AP13: =(AN13+AO13)/(S13+T13) -> 0.027708066 | AQ13: =($AP$1*AN13+$AQ$1*AO13) -> 4972.0361 | AR13: =(D13+J13+O13)-(X13+AH13) -> 0.003
A14: =CONCATENATE(B14,C14) -> 46209M | B14: =+B12+1 -> 46209 | C14: M | D14: 1306.4 | E14: 4.61 | F14: 8.17 | G14: =+D14*E14% -> 60.22504 | H14: =+D14*F14% -> 106.73288 | I14: 2463.2 | J14: 2537.096 | K14: 4.7666207 | L14: 8.2532559 | M14: 0 | N14: 0 | O14: 0 | P14: 0 | Q14: 0 | R14: =+J14+O14 -> 2537.096 | S14: =+J14*K14%+O14*P14% -> 120.93374 | T14: =+J14*L14%+O14*Q14% -> 209.39303 | U14: 0 | V14: 0 | W14: 0 | X14: 0 | Y14: 0 | Z14: 0 | AA14: =X14*Y14% -> 0 | AB14: =X14*Z14% -> 0 | AF14: =AC14*AD14% -> 0 | AG14: =AC14*AE14% -> 0 | AH14: 3843.4 | AI14: 4.71 | AJ14: 8.22 | AK14: =AH14*AI14% -> 181.02414 | AL14: =AH14*AJ14% -> 315.92748 | AM14: =+D14+R14-AC14-AH14 -> 0.096 | AN14: =+G14+S14-AF14-AK14 -> 0.134642 | AO14: =+H14+T14-AG14-AL14 -> 0.198426 | AP14: =(AN14+AO14)/(S14+T14) -> 0.0010082985 | AQ14: =($AP$1*AN14+$AQ$1*AO14) -> 124.12668 | AR14: =(D14+J14+O14)-(X14+AH14) -> 0.096
A15: =CONCATENATE(B15,C15) -> 46209E | B15: =+B13+1 -> 46209 | C15: E | D15: 3843.4 | E15: 4.71 | F15: 8.22 | G15: =+D15*E15% -> 181.02414 | H15: =+D15*F15% -> 315.92748 | I15: 2404.5 | J15: 2476.635 | K15: 4.406047 | L15: 8.1999667 | M15: 0 | N15: 0 | O15: 0 | P15: 0 | Q15: 0 | R15: =+J15+O15 -> 2476.635 | S15: =+J15*K15%+O15*P15% -> 109.1217 | T15: =+J15*L15%+O15*Q15% -> 203.08325 | U15: 0 | V15: 0 | W15: 00 | X15: 0 | Y15: 0 | Z15: 0 | AA15: =X15*Y15% -> 0 | AB15: =X15*Z15% -> 0 | AF15: =AC15*AD15% -> 0 | AG15: =AC15*AE15% -> 0 | AH15: 6320 | AI15: 4.59 | AJ15: 8.21 | AK15: =AH15*AI15% -> 290.088 | AL15: =AH15*AJ15% -> 518.872 | AM15: =+D15+R15-AC15-AH15 -> 0.035 | AN15: =+G15+S15-AF15-AK15 -> 0.057842 | AO15: =+H15+T15-AG15-AL15 -> 0.138726 | AP15: =(AN15+AO15)/(S15+T15) -> 0.00062961206 | AQ15: =($AP$1*AN15+$AQ$1*AO15) -> 69.342166 | AR15: =(D15+J15+O15)-(X15+AH15) -> 0.035
A16: =CONCATENATE(B16,C16) -> 46210M | B16: =+B14+1 -> 46210 | C16: M | D16: 6320 | E16: 4.59 | F16: 8.21 | G16: =+D16*E16% -> 290.088 | H16: =+D16*F16% -> 518.872 | I16: 2495 | J16: 2569.85 | K16: 4.6993347 | L16: 8.2297154 | M16: 0 | N16: 0 | O16: 0 | P16: 0 | Q16: 0 | R16: =+J16+O16 -> 2569.85 | S16: =+J16*K16%+O16*P16% -> 120.76585 | T16: =+J16*L16%+O16*Q16% -> 211.49134 | U16: 0 | V16: 0 | W16: 0 | X16: 0 | Y16: 0 | Z16: 0 | AA16: =X16*Y16% -> 0 | AB16: =X16*Z16% -> 0 | AF16: =AC16*AD16% -> 0 | AG16: =AC16*AE16% -> 0 | AH16: 8889.8 | AI16: 4.62 | AJ16: 8.21 | AK16: =AH16*AI16% -> 410.70876 | AL16: =AH16*AJ16% -> 729.85258 | AM16: =+D16+R16-AC16-AH16 -> 0.05 | AN16: =+G16+S16-AF16-AK16 -> 0.145092 | AO16: =+H16+T16-AG16-AL16 -> 0.510762 | AP16: =(AN16+AO16)/(S16+T16) -> 0.0019739347 | AQ16: =($AP$1*AN16+$AQ$1*AO16) -> 222.6901 | AR16: =(D16+J16+O16)-(X16+AH16) -> 0.05
A17: =CONCATENATE(B17,C17) -> 46210E | B17: =+B15+1 -> 46210 | C17: E | D17: 8889.8 | E17: 4.62 | F17: 8.21 | G17: =+D17*E17% -> 410.70876 | H17: =+D17*F17% -> 729.85258 | I17: 2159.6 | J17: 2224.388 | K17: 4.3510789 | L17: 8.1878542 | M17: 0 | N17: 0 | O17: 0 | P17: 0 | Q17: 0 | R17: =+J17+O17 -> 2224.388 | S17: =+J17*K17%+O17*P17% -> 96.784877 | T17: =+J17*L17%+O17*Q17% -> 182.12965 | U17: 6102 | V17: 86620 | W17: Itc munger | X17: 10070 | Y17: 4.55 | Z17: 8.29 | AA17: =X17*Y17% -> 458.185 | AB17: =X17*Z17% -> 834.803 | AC17: 10100 | AD17: 4.4726238 | AE17: 8.2415842 | AF17: =AC17*AD17% -> 451.735 | AG17: =AC17*AE17% -> 832.4 | AH17: 1044.1 | AI17: 4.56 | AJ17: 8.2 | AK17: =AH17*AI17% -> 47.61096 | AL17: =AH17*AJ17% -> 85.6162 | AM17: =+D17+R17-AC17-AH17 -> -29.912 | AN17: =+G17+S17-AF17-AK17 -> 8.147677 | AO17: =+H17+T17-AG17-AL17 -> -6.033973 | AP17: =(AN17+AO17)/(S17+T17) -> 0.0075783217 | AQ17: =($AP$1*AN17+$AQ$1*AO17) -> 2108.1028 | AR17: =(D17+J17+O17)-(X17+AH17) -> 0.088
A18: =CONCATENATE(B18,C18) -> 46211M | B18: =+B16+1 -> 46211 | C18: M | D18: 1044.1 | E18: 4.56 | F18: 8.2 | G18: =+D18*E18% -> 47.61096 | H18: =+D18*F18% -> 85.6162 | I18: 2201.3 | J18: 2267.339 | K18: 4.7941762 | L18: 8.1824785 | M18: 0 | N18: 0 | O18: 0 | P18: 0 | Q18: 0 | R18: =+J18+O18 -> 2267.339 | S18: =+J18*K18%+O18*P18% -> 108.70023 | T18: =+J18*L18%+O18*Q18% -> 185.52453 | U18: 0 | V18: 0 | W18: 0 | X18: 0 | Y18: 0 | Z18: 0 | AA18: =X18*Y18% -> 0 | AB18: =X18*Z18% -> 0 | AF18: =AC18*AD18% -> 0 | AG18: =AC18*AE18% -> 0 | AH18: 3311.4 | AI18: 4.71 | AJ18: 8.18 | AK18: =AH18*AI18% -> 155.96694 | AL18: =AH18*AJ18% -> 270.87252 | AM18: =+D18+R18-AC18-AH18 -> 0.039 | AN18: =+G18+S18-AF18-AK18 -> 0.344246 | AO18: =+H18+T18-AG18-AL18 -> 0.268207 | AP18: =(AN18+AO18)/(S18+T18) -> 0.0020815822 | AQ18: =($AP$1*AN18+$AQ$1*AO18) -> 245.74702 | AR18: =(D18+J18+O18)-(X18+AH18) -> 0.039
A19: =CONCATENATE(B19,C19) -> 46211E | B19: =+B17+1 -> 46211 | C19: E | D19: 3311.4 | E19: 4.71 | F19: 8.18 | G19: =+D19*E19% -> 155.96694 | H19: =+D19*F19% -> 270.87252 | I19: 2459.8 | J19: 2533.594 | K19: 4.3242987 | L19: 8.1365111 | M19: 0 | N19: 0 | O19: 0 | P19: 0 | Q19: 0 | R19: =+J19+O19 -> 2533.594 | S19: =+J19*K19%+O19*P19% -> 109.56017 | T19: =+J19*L19%+O19*Q19% -> 206.14616 | U19: 00 | V19: 0 | W19: 0 | X19: 0 | Y19: 0 | Z19: 0 | AA19: =X19*Y19% -> 0 | AB19: =X19*Z19% -> 0 | AF19: =AC19*AD19% -> 0 | AG19: =AC19*AE19% -> 0 | AH19: 5844.9 | AI19: 4.54 | AJ19: 8.16 | AK19: =AH19*AI19% -> 265.35846 | AL19: =AH19*AJ19% -> 476.94384 | AM19: =+D19+R19-AC19-AH19 -> 0.094 | AN19: =+G19+S19-AF19-AK19 -> 0.168653 | AO19: =+H19+T19-AG19-AL19 -> 0.074837 | AP19: =(AN19+AO19)/(S19+T19) -> 0.00077125473 | AQ19: =($AP$1*AN19+$AQ$1*AO19) -> 103.45627 | AR19: =(D19+J19+O19)-(X19+AH19) -> 0.094
A20: =CONCATENATE(B20,C20) -> 46212M | B20: =+B18+1 -> 46212 | C20: M | D20: 5844.9 | E20: 4.54 | F20: 8.16 | G20: =+D20*E20% -> 265.35846 | H20: =+D20*F20% -> 476.94384 | I20: 2740.5 | J20: 2822.715 | K20: 4.6851706 | L20: 8.2493341 | M20: 0 | N20: 0 | O20: 0 | P20: 0 | Q20: 0 | R20: =+J20+O20 -> 2822.715 | S20: =+J20*K20%+O20*P20% -> 132.24901 | T20: =+J20*L20%+O20*Q20% -> 232.85519 | U20: 0 | V20: 0 | W20: 0 | X20: 0 | Y20: 0 | Z20: 0 | AA20: =X20*Y20% -> 0 | AB20: =X20*Z20% -> 0 | AF20: =AC20*AD20% -> 0 | AG20: =AC20*AE20% -> 0 | AH20: 8667.6 | AI20: 4.58 | AJ20: 8.18 | AK20: =AH20*AI20% -> 396.97608 | AL20: =AH20*AJ20% -> 709.00968 | AM20: =+D20+R20-AC20-AH20 -> 0.015 | AN20: =+G20+S20-AF20-AK20 -> 0.631393 | AO20: =+H20+T20-AG20-AL20 -> 0.78935 | AP20: =(AN20+AO20)/(S20+T20) -> 0.0038913356 | AQ20: =($AP$1*AN20+$AQ$1*AO20) -> 539.80818 | AR20: =(D20+J20+O20)-(X20+AH20) -> 0.015
A21: =CONCATENATE(B21,C21) -> 46212E | B21: =+B19+1 -> 46212 | C21: E | D21: 8667.6 | E21: 4.58 | F21: 8.18 | G21: =+D21*E21% -> 396.97608 | H21: =+D21*F21% -> 709.00968 | I21: 2232.3 | J21: 2299.269 | K21: 4.4225104 | L21: 8.1723872 | M21: 0 | N21: 0 | O21: 0 | P21: 0 | Q21: 0 | R21: =+J21+O21 -> 2299.269 | S21: =+J21*K21%+O21*P21% -> 101.68541 | T21: =+J21*L21%+O21*Q21% -> 187.90517 | U21: 6102 | V21: 86621 | W21: Itc munger | X21: 10070 | Y21: 4.55 | Z21: 8.28 | AA21: =X21*Y21% -> 458.185 | AB21: =X21*Z21% -> 833.796 | AC21: 10070 | AD21: 4.55 | AE21: 8.28 | AF21: =AC21*AD21% -> 458.185 | AG21: =AC21*AE21% -> 833.796 | AH21: 896.8 | AI21: 4.54 | AJ21: 8.17 | AK21: =AH21*AI21% -> 40.71472 | AL21: =AH21*AJ21% -> 73.26856 | AM21: =+D21+R21-AC21-AH21 -> 0.069 | AN21: =+G21+S21-AF21-AK21 -> -0.238229 | AO21: =+H21+T21-AG21-AL21 -> -10.149714 | AP21: =(AN21+AO21)/(S21+T21) -> -0.035871136 | AQ21: =($AP$1*AN21+$AQ$1*AO21) -> -3154.2258 | AR21: =(D21+J21+O21)-(X21+AH21) -> 0.069
A22: =CONCATENATE(B22,C22) -> 46213M | B22: =+B20+1 -> 46213 | C22: M | G22: =+D22*E22% -> 0 | H22: =+D22*F22% -> 0 | R22: =+J22+O22 -> 0 | S22: =+J22*K22%+O22*P22% -> 0 | T22: =+J22*L22%+O22*Q22% -> 0 | AA22: =X22*Y22% -> 0 | AB22: =X22*Z22% -> 0 | AF22: =AC22*AD22% -> 0 | AG22: =AC22*AE22% -> 0 | AK22: =AH22*AI22% -> 0 | AL22: =AH22*AJ22% -> 0 | AM22: =+D22+R22-AC22-AH22 -> 0 | AN22: =+G22+S22-AF22-AK22 -> 0 | AO22: =+H22+T22-AG22-AL22 -> 0 | AP22: =(AN22+AO22)/(S22+T22) -> #DIV/0! | AQ22: =($AP$1*AN22+$AQ$1*AO22) -> 0 | AR22: =(D22+J22+O22)-(X22+AH22) -> 0
A23: =CONCATENATE(B23,C23) -> 46213E | B23: =+B21+1 -> 46213 | C23: E | G23: =+D23*E23% -> 0 | H23: =+D23*F23% -> 0 | R23: =+J23+O23 -> 0 | S23: =+J23*K23%+O23*P23% -> 0 | T23: =+J23*L23%+O23*Q23% -> 0 | AA23: =X23*Y23% -> 0 | AB23: =X23*Z23% -> 0 | AF23: =AC23*AD23% -> 0 | AG23: =AC23*AE23% -> 0 | AK23: =AH23*AI23% -> 0 | AL23: =AH23*AJ23% -> 0 | AM23: =+D23+R23-AC23-AH23 -> 0 | AN23: =+G23+S23-AF23-AK23 -> 0 | AO23: =+H23+T23-AG23-AL23 -> 0 | AP23: =(AN23+AO23)/(S23+T23) -> #DIV/0! | AQ23: =($AP$1*AN23+$AQ$1*AO23) -> 0 | AR23: =(D23+J23+O23)-(X23+AH23) -> 0
A24: =CONCATENATE(B24,C24) -> 46214M | B24: =+B22+1 -> 46214 | C24: M | G24: =+D24*E24% -> 0 | H24: =+D24*F24% -> 0 | R24: =+J24+O24 -> 0 | S24: =+J24*K24%+O24*P24% -> 0 | T24: =+J24*L24%+O24*Q24% -> 0 | AA24: =X24*Y24% -> 0 | AB24: =X24*Z24% -> 0 | AF24: =AC24*AD24% -> 0 | AG24: =AC24*AE24% -> 0 | AK24: =AH24*AI24% -> 0 | AL24: =AH24*AJ24% -> 0 | AM24: =+D24+R24-AC24-AH24 -> 0 | AN24: =+G24+S24-AF24-AK24 -> 0 | AO24: =+H24+T24-AG24-AL24 -> 0 | AP24: =(AN24+AO24)/(S24+T24) -> #DIV/0! | AQ24: =($AP$1*AN24+$AQ$1*AO24) -> 0 | AR24: =(D24+J24+O24)-(X24+AH24) -> 0
A25: =CONCATENATE(B25,C25) -> 46214E | B25: =+B23+1 -> 46214 | C25: E | G25: =+D25*E25% -> 0 | H25: =+D25*F25% -> 0 | R25: =+J25+O25 -> 0 | S25: =+J25*K25%+O25*P25% -> 0 | T25: =+J25*L25%+O25*Q25% -> 0 | AA25: =X25*Y25% -> 0 | AB25: =X25*Z25% -> 0 | AF25: =AC25*AD25% -> 0 | AG25: =AC25*AE25% -> 0 | AK25: =AH25*AI25% -> 0 | AL25: =AH25*AJ25% -> 0 | AM25: =+D25+R25-AC25-AH25 -> 0 | AN25: =+G25+S25-AF25-AK25 -> 0 | AO25: =+H25+T25-AG25-AL25 -> 0 | AP25: =(AN25+AO25)/(S25+T25) -> #DIV/0! | AQ25: =($AP$1*AN25+$AQ$1*AO25) -> 0 | AR25: =(D25+J25+O25)-(X25+AH25) -> 0
A26: =CONCATENATE(B26,C26) -> 46215M | B26: =+B24+1 -> 46215 | C26: M | G26: =+D26*E26% -> 0 | H26: =+D26*F26% -> 0 | R26: =+J26+O26 -> 0 | S26: =+J26*K26%+O26*P26% -> 0 | T26: =+J26*L26%+O26*Q26% -> 0 | AA26: =X26*Y26% -> 0 | AB26: =X26*Z26% -> 0 | AF26: =AC26*AD26% -> 0 | AG26: =AC26*AE26% -> 0 | AK26: =AH26*AI26% -> 0 | AL26: =AH26*AJ26% -> 0 | AM26: =+D26+R26-AC26-AH26 -> 0 | AN26: =+G26+S26-AF26-AK26 -> 0 | AO26: =+H26+T26-AG26-AL26 -> 0 | AP26: =(AN26+AO26)/(S26+T26) -> #DIV/0! | AQ26: =($AP$1*AN26+$AQ$1*AO26) -> 0 | AR26: =(D26+J26+O26)-(X26+AH26) -> 0
A27: =CONCATENATE(B27,C27) -> 46215E | B27: =+B25+1 -> 46215 | C27: E | G27: =+D27*E27% -> 0 | H27: =+D27*F27% -> 0 | R27: =+J27+O27 -> 0 | S27: =+J27*K27%+O27*P27% -> 0 | T27: =+J27*L27%+O27*Q27% -> 0 | AA27: =X27*Y27% -> 0 | AB27: =X27*Z27% -> 0 | AF27: =AC27*AD27% -> 0 | AG27: =AC27*AE27% -> 0 | AK27: =AH27*AI27% -> 0 | AL27: =AH27*AJ27% -> 0 | AM27: =+D27+R27-AC27-AH27 -> 0 | AN27: =+G27+S27-AF27-AK27 -> 0 | AO27: =+H27+T27-AG27-AL27 -> 0 | AP27: =(AN27+AO27)/(S27+T27) -> #DIV/0! | AQ27: =($AP$1*AN27+$AQ$1*AO27) -> 0 | AR27: =(D27+J27+O27)-(X27+AH27) -> 0
A28: =CONCATENATE(B28,C28) -> 46216M | B28: =+B26+1 -> 46216 | C28: M | G28: =+D28*E28% -> 0 | H28: =+D28*F28% -> 0 | R28: =+J28+O28 -> 0 | S28: =+J28*K28%+O28*P28% -> 0 | T28: =+J28*L28%+O28*Q28% -> 0 | AA28: =X28*Y28% -> 0 | AB28: =X28*Z28% -> 0 | AF28: =AC28*AD28% -> 0 | AG28: =AC28*AE28% -> 0 | AK28: =AH28*AI28% -> 0 | AL28: =AH28*AJ28% -> 0 | AM28: =+D28+R28-AC28-AH28 -> 0 | AN28: =+G28+S28-AF28-AK28 -> 0 | AO28: =+H28+T28-AG28-AL28 -> 0 | AP28: =(AN28+AO28)/(S28+T28) -> #DIV/0! | AQ28: =($AP$1*AN28+$AQ$1*AO28) -> 0 | AR28: =(D28+J28+O28)-(X28+AH28) -> 0
A29: =CONCATENATE(B29,C29) -> 46216E | B29: =+B27+1 -> 46216 | C29: E | G29: =+D29*E29% -> 0 | H29: =+D29*F29% -> 0 | R29: =+J29+O29 -> 0 | S29: =+J29*K29%+O29*P29% -> 0 | T29: =+J29*L29%+O29*Q29% -> 0 | AA29: =X29*Y29% -> 0 | AB29: =X29*Z29% -> 0 | AF29: =AC29*AD29% -> 0 | AG29: =AC29*AE29% -> 0 | AK29: =AH29*AI29% -> 0 | AL29: =AH29*AJ29% -> 0 | AM29: =+D29+R29-AC29-AH29 -> 0 | AN29: =+G29+S29-AF29-AK29 -> 0 | AO29: =+H29+T29-AG29-AL29 -> 0 | AP29: =(AN29+AO29)/(S29+T29) -> #DIV/0! | AQ29: =($AP$1*AN29+$AQ$1*AO29) -> 0 | AR29: =(D29+J29+O29)-(X29+AH29) -> 0
A30: =CONCATENATE(B30,C30) -> 46217M | B30: =+B28+1 -> 46217 | C30: M | G30: =+D30*E30% -> 0 | H30: =+D30*F30% -> 0 | R30: =+J30+O30 -> 0 | S30: =+J30*K30%+O30*P30% -> 0 | T30: =+J30*L30%+O30*Q30% -> 0 | AA30: =X30*Y30% -> 0 | AB30: =X30*Z30% -> 0 | AF30: =AC30*AD30% -> 0 | AG30: =AC30*AE30% -> 0 | AK30: =AH30*AI30% -> 0 | AL30: =AH30*AJ30% -> 0 | AM30: =+D30+R30-AC30-AH30 -> 0 | AN30: =+G30+S30-AF30-AK30 -> 0 | AO30: =+H30+T30-AG30-AL30 -> 0 | AP30: =(AN30+AO30)/(S30+T30) -> #DIV/0! | AQ30: =($AP$1*AN30+$AQ$1*AO30) -> 0 | AR30: =(D30+J30+O30)-(X30+AH30) -> 0
A31: =CONCATENATE(B31,C31) -> 46217E | B31: =+B29+1 -> 46217 | C31: E | G31: =+D31*E31% -> 0 | H31: =+D31*F31% -> 0 | R31: =+J31+O31 -> 0 | S31: =+J31*K31%+O31*P31% -> 0 | T31: =+J31*L31%+O31*Q31% -> 0 | AA31: =X31*Y31% -> 0 | AB31: =X31*Z31% -> 0 | AF31: =AC31*AD31% -> 0 | AG31: =AC31*AE31% -> 0 | AK31: =AH31*AI31% -> 0 | AL31: =AH31*AJ31% -> 0 | AM31: =+D31+R31-AC31-AH31 -> 0 | AN31: =+G31+S31-AF31-AK31 -> 0 | AO31: =+H31+T31-AG31-AL31 -> 0 | AP31: =(AN31+AO31)/(S31+T31) -> #DIV/0! | AQ31: =($AP$1*AN31+$AQ$1*AO31) -> 0 | AR31: =(D31+J31+O31)-(X31+AH31) -> 0
A32: =CONCATENATE(B32,C32) -> 46218M | B32: =+B30+1 -> 46218 | C32: M | G32: =+D32*E32% -> 0 | H32: =+D32*F32% -> 0 | R32: =+J32+O32 -> 0 | S32: =+J32*K32%+O32*P32% -> 0 | T32: =+J32*L32%+O32*Q32% -> 0 | AA32: =X32*Y32% -> 0 | AB32: =X32*Z32% -> 0 | AF32: =AC32*AD32% -> 0 | AG32: =AC32*AE32% -> 0 | AK32: =AH32*AI32% -> 0 | AL32: =AH32*AJ32% -> 0 | AM32: =+D32+R32-AC32-AH32 -> 0 | AN32: =+G32+S32-AF32-AK32 -> 0 | AO32: =+H32+T32-AG32-AL32 -> 0 | AP32: =(AN32+AO32)/(S32+T32) -> #DIV/0! | AQ32: =($AP$1*AN32+$AQ$1*AO32) -> 0 | AR32: =(D32+J32+O32)-(X32+AH32) -> 0
A33: =CONCATENATE(B33,C33) -> 46218E | B33: =+B31+1 -> 46218 | C33: E | G33: =+D33*E33% -> 0 | H33: =+D33*F33% -> 0 | R33: =+J33+O33 -> 0 | S33: =+J33*K33%+O33*P33% -> 0 | T33: =+J33*L33%+O33*Q33% -> 0 | AA33: =X33*Y33% -> 0 | AB33: =X33*Z33% -> 0 | AF33: =AC33*AD33% -> 0 | AG33: =AC33*AE33% -> 0 | AK33: =AH33*AI33% -> 0 | AL33: =AH33*AJ33% -> 0 | AM33: =+D33+R33-AC33-AH33 -> 0 | AN33: =+G33+S33-AF33-AK33 -> 0 | AO33: =+H33+T33-AG33-AL33 -> 0 | AP33: =(AN33+AO33)/(S33+T33) -> #DIV/0! | AQ33: =($AP$1*AN33+$AQ$1*AO33) -> 0 | AR33: =(D33+J33+O33)-(X33+AH33) -> 0
... A62: =CONCATENATE(B62,C62) -> 46233M | B62: =+B60+1 -> 46233 | C62: M | G62: =+D62*E62% -> 0 | H62: =+D62*F62% -> 0 | R62: =+J62+O62 -> 0 | S62: =+J62*K62%+O62*P62% -> 0 | T62: =+J62*L62%+O62*Q62% -> 0 | AA62: =X62*Y62% -> 0 | AB62: =X62*Z62% -> 0 | AF62: =AC62*AD62% -> 0 | AG62: =AC62*AE62% -> 0 | AK62: =AH62*AI62% -> 0 | AL62: =AH62*AJ62% -> 0 | AM62: =+D62+R62-AC62-AH62 -> 0 | AN62: =+G62+S62-AF62-AK62 -> 0 | AO62: =+H62+T62-AG62-AL62 -> 0 | AP62: =(AN62+AO62)/(S62+T62) -> #DIV/0! | AQ62: =($AP$1*AN62+$AQ$1*AO62) -> 0 | AR62: =(D62+J62+O62)-(X62+AH62) -> 0
A63: =CONCATENATE(B63,C63) -> 46233E | B63: =+B61+1 -> 46233 | C63: E | G63: =+D63*E63% -> 0 | H63: =+D63*F63% -> 0 | R63: =+J63+O63 -> 0 | S63: =+J63*K63%+O63*P63% -> 0 | T63: =+J63*L63%+O63*Q63% -> 0 | AA63: =X63*Y63% -> 0 | AB63: =X63*Z63% -> 0 | AF63: =AC63*AD63% -> 0 | AG63: =AC63*AE63% -> 0 | AK63: =AH63*AI63% -> 0 | AL63: =AH63*AJ63% -> 0 | AM63: =+D63+R63-AC63-AH63 -> 0 | AN63: =+G63+S63-AF63-AK63 -> 0 | AO63: =+H63+T63-AG63-AL63 -> 0 | AP63: =(AN63+AO63)/(S63+T63) -> #DIV/0! | AQ63: =($AP$1*AN63+$AQ$1*AO63) -> 0 | AR63: 0
