Workbook

Sheet PCB Details 
B7: Date | C7: Serial No | D7: New Code | E7: MPG Name | F7: BMC Name | G7: Total Qty | H7: Recovery Basis | I7: Non -Recovery Basis | J7: AMCU Repair | K7: Approved By | L7: Delivered By | M7: Receive by | N7: Remarks
B8: 45783 | C8: Stipl | D8: 10140007 | E8: English Dubauli | F8: Dumroan | G8: 1 | H8: =+G8 -> 1 | I8: 0 | J8: 0 | K8: Manish Sir | L8: Gaurav | M8: Courier | N8: Cost on recovery basis
B9: 45783 | C9: Stipl | D9: 10140013 | E9: Mathura Dera | F9: Dumroan | G9: 1 | H9: =+G9 -> 1 | I9: 0 | J9: 0 | K9: Manish Sir | L9: Gaurav | M9: Courier | N9: Cost on recovery basis
B10: 45783 | C10: Stipl | D10: 10510001 | E10: Arak | F10: Dumroan | G10: 1 | H10: =+G10 -> 1 | I10: 0 | J10: 0 | K10: Manish Sir | L10: Gaurav | M10: Courier | N10: Cost on recovery basis
B11: 45783 | C11: Stipl | D11: 10140001 | E11: Dumri Purvi | F11: Dumroan | G11: 1 | H11: 1 | I11: 0 | J11: 0 | K11: Manish Sir | L11: Gaurav | M11: Courier | N11: Cost on recovery basis
B12: 45784 | C12: GREP041400D4FQH077 | D12: 10030030 | E12: Mirahati-2 | F12: Asarganj | G12: 1 | H12: 0 | I12: 1 | J12: 0 | K12: Manish Sir | L12: Gaurav | M12: Babul | N12: used on non recovery basis in MPG
B13: 45784 | C13: GREP041400D4FQH103 | D13: 10030037 | E13: Launa | F13: Asarganj | G13: 1 | H13: 1 | I13: 0 | J13: 0 | K13: Manish Sir | L13: Gaurav | M13: Babul (paid) | N13: Cost on recovery basis
B14: 45787 | C14: GREP041400D4FQH079 | D14: 10060090 | E14: Sangrampur | F14: Sonvarsa | G14: 1 | H14: 0 | I14: 1 | J14: 0 | K14: Manish Sir | L14: Gaurav | M14: Umakant | N14: used on non recovery basis in MPG
B15: 45787 | C15: GREP041400D4FQH138 | D15: 10020021 | E15: Mohanpur | F15: Laldiyara | G15: 1 | H15: 1 | I15: 0 | J15: 0 | K15: Manish Sir | L15: Gaurav | M15: Umakant | N15: Cost on recovery basis
B16: 45787 | C16: GREP041400D4FQH080 | D16: 10090032 | E16: DHARSANDA | F16: Halsi | G16: 1 | H16: 1 | I16: 0 | J16: 0 | K16: Manish Sir | L16: Gaurav | M16: Umakant | N16: Cost on recovery basis
B17: 45787 | C17: GREP041400D4FQH084 | D17: 1009 | E17: Halsi BMC | F17: Halsi | G17: 1 | H17: 0 | I17: 1 | J17: 0 | K17: Manish Sir | L17: Gaurav | M17: Umakant | N17: Used on Non recovery basis in BMC
B18: 45800 | C18: GREP041400D4FQH070 | D18: 0 | E18: Munger Store | F18: Munger | G18: 1 | H18: 0 | I18: 0 | J18: 1 | K18: Manish Sir | L18: Gaurav | M18: Dharmendra Tiwari | N18: AMCU Repair
B19: 45803 | C19: GREP041400D4FQH126 | D19: 10010076 | E19: Gomukh Bhith | F19: Manjhaul | G19: 1 | H19: 1 | I19: 0 | J19: 0 | K19: Manish Sir | L19: Gaurav | M19: transport | N19: Used on Non recovery basis in BMC
B20: 45803 | C20: GREP041400D4FQH095 | D20: 10140022 | E20: Hemadpur | F20: Dumroan | G20: 1 | H20: 1 | I20: 0 | J20: 0 | K20: Verma Sir | L20: Gaurav | M20: transport | N20: Cost on recovery basis
B21: 45812 | C21: GREP041400D4FQH134 | D21: 10060077 | E21: Tilathi | F21: Sonvarsa | G21: 1 | H21: 0 | I21: 1 | J21: 0 | K21: Manish Sir | L21: Gaurav | M21: Arun AI | N21: used on non recovery basis in MPG
B22: 45814 | C22: GREP041400D4FQH100 | D22: 10140131 | E22: Basawkala | F22: Dumroan | G22: 1 | H22: 0 | I22: 1 | J22: 0 | K22: Verma Sir | L22: Gaurav | M22: DTDC Courier | N22: used on non recovery basis in MPG
... B30: 45834 | C30: GREP041400D4FQH094 | D30: 10130012 | E30: Arniyaganj | F30: Musrigharari | G30: 1 | H30: 1 | I30: 0 | J30: 0 | K30: Shankar sir | L30: Shahid | M30: Dev Prakash(AI | N30: Cost on recovery basis
B31: 45989 | C31: PFD-09258522 | D31: 1013 | E31: Musrigharari BMC | F31: Musrigharari | G31: 1 | H31: 0 | I31: 1 | J31: 0 | K31: Shankar sir | L31: Shahid | M31: Dev Prakash(AI | N31: Used on Non recovery basis in BMC | O31: Replace GREP041400D4FQH141
B32: 45834 | C32: GREP041400D4FQH140 | D32: 1012 | E32: Simri Store | F32: Simri | G32: 1 | H32: 0 | I32: 0 | J32: 1 | K32: Shankar sir | L32: Shahid | M32: Dev Prakash(AI | N32: AMCU Repair
B33: 45845 | C33: GREP041400D4FQH120 | D33: 10140129 | E33: Gomukh Paharpur | F33: Dumroan | G33: 1 | H33: 0 | I33: 1 | J33: 0 | K33: Shankar sir | L33: Gaurav | M33: Rakesh Sir | N33: used on non recovery basis in MPG
B34: 45845 | C34: GREP041400D4FQH127 | D34: 10090036 | E34: TAAL-SHAHARSHA | F34: Halsi | G34: 1 | H34: 1 | I34: 0 | J34: 0 | K34: Manish Sir | L34: Gaurav | M34: Gaurav | N34: Cost on recovery basis
B35: 45852 | C35: GREP041400D4FQH111 | D35: 10310001 | E35: Manikpur | F35: Sonvarsa | G35: 1 | H35: 1 | I35: 0 | J35: 0 | K35: Manish Sir | L35: Gaurav | M35: Umakant(done) | N35: Cost on recovery basis
B36: 45852 | C36: GREP041400D4FQH132 | D36: 10020037 | E36: Jaitpur | F36: Laldiyara | G36: 1 | H36: 1 | I36: 0 | J36: 0 | K36: Manish Sir | L36: Gaurav | M36: Umakant | N36: Cost on recovery basis
B37: 45852 | C37: GREP041400D4FQH118 | D37: 10120082 | E37: Dedua Balo Tol | F37: Simri | G37: 1 | H37: 1 | I37: 0 | J37: 0 | K37: Shankar sir | L37: Gaurav | M37: Kamesh ji | N37: Cost on recovery basis
B38: 45852 | C38: GREP041400D4FQH135 | E38: Transfer to WB | G38: 1 | H38: 0 | I38: 0 | J38: 1 | K38: Rakesh Sir | L38: Gaurav | M38: Asto | N38: AMCU Repair
B39: 45852 | C39: GREP041400D4FQH133 | E39: Transfer to WB | G39: 1 | H39: 0 | I39: 0 | J39: 1 | K39: Rakesh Sir | L39: Gaurav | M39: Asto | N39: AMCU Repair
B40: 45852 | C40: GREP041400D4FQH067 | E40: Transfer to WB | G40: 1 | H40: 0 | I40: 0 | J40: 1 | K40: Rakesh Sir | L40: Gaurav | M40: Asto | N40: AMCU Repair
B41: 45852 | C41: GREP041400D4FQH066 | E41: Transfer to WB | G41: 1 | H41: 0 | I41: 0 | J41: 1 | K41: Rakesh Sir | L41: Gaurav | M41: Asto | N41: AMCU Repair
B42: 45852 | C42: GREP041400D4FQH099 | E42: Transfer to WB | G42: 1 | H42: 0 | I42: 0 | J42: 1 | K42: Rakesh Sir | L42: Gaurav | M42: Asto | N42: AMCU Repair
B43: 45852 | C43: GREP041400D4FQH073 | E43: Transfer to WB | G43: 1 | H43: 0 | I43: 0 | J43: 1 | K43: Rakesh Sir | L43: Gaurav | M43: Asto | N43: AMCU Repair
B44: 45852 | C44: GREP041400D4FQH104 | E44: Transfer to WB | G44: 1 | H44: 0 | I44: 0 | J44: 1 | K44: Rakesh Sir | L44: Gaurav | M44: Asto | N44: AMCU Repair
B45: 45852 | C45: GREP041400D4FQH106 | E45: Transfer to WB | G45: 1 | H45: 0 | I45: 0 | J45: 1 | K45: Rakesh Sir | L45: Gaurav | M45: Asto | N45: AMCU Repair
B46: 45852 | C46: GREP041400D4FQH124 | E46: Transfer to WB | G46: 1 | H46: 0 | I46: 0 | J46: 1 | K46: Rakesh Sir | L46: Gaurav | M46: Asto | N46: AMCU Repair
B47: 45852 | C47: GREP041400D4FQH074 | E47: Transfer to WB | G47: 1 | H47: 0 | I47: 0 | J47: 1 | K47: Rakesh Sir | L47: Gaurav | M47: Asto | N47: AMCU Repair
B48: 45852 | C48: GREP041400D4FQH087 | E48: Transfer to WB | G48: 1 | H48: 0 | I48: 0 | J48: 1 | K48: Rakesh Sir | L48: Gaurav | M48: Asto | N48: AMCU Repair
B49: 45856 | C49: GREP041400D4FQH129 | D49: 10080100 | E49: Sibutol-2 | F49: Teghra | G49: 1 | H49: 0 | I49: 1 | J49: 0 | K49: Manish Sir | L49: Gaurav | M49: Navnit kumar | N49: used on non recovery basis in MPG
B50: 45867 | C50: GREP041400D4FQH091 | D50: 10090046 | E50: Rata | F50: Halsi | G50: 1 | H50: 1 | I50: 0 | J50: 0 | K50: Manish Sir | L50: Gaurav | M50: Ranjeet | N50: Cost on recovery basis
B51: 45869 | E51: Munger Store | F51: Munger | G51: 23 | H51: 0 | I51: 0 | J51: 23 | K51: Manish Sir | L51: Gaurav | M51: Dharmendra Tiwari | N51: AMCU Repair
B52: 45874 | C52: GREP041400D4FQH075 | D52: 10030010 | E52: Katni | F52: Asarganj | G52: 1 | H52: 1 | I52: 0 | J52: 0 | K52: Manish Sir | L52: Gaurav | M52: Tinku (Paid) | N52: Cost on recovery basis
B53: 45908 | C53: GREP041400D4FQH081 | D53: 10090008 | E53: Mahasoni | F53: Halsi | G53: 1 | H53: 1 | I53: 0 | J53: 0 | K53: Manish Sir | L53: Gaurav | M53: Umakant (Paid) | N53: Cost on recovery basis
B54: 45908 | C54: PFD-09258547 | D54: 10060114 | E54: Mano-2 | F54: Sonvarsa | G54: 1 | H54: 0 | I54: 1 | J54: 0 | K54: Manish Sir | L54: Gaurav | M54: Umakant | N54: used on non recovery basis in MPG
B55: 45917 | C55: PFD-12243761 | D55: 1002 | E55: Laladiyara | F55: Laldiyara | G55: 1 | H55: 0 | I55: 1 | J55: 0 | K55: Manish Sir | L55: Gaurav | M55: Akash kumar | N55: used on non recovery basis in BMC
B56: 45946 | C56: PFD-10258649 | D56: 10090045 | E56: Manjosh | F56: Halsi | G56: 1 | H56: 1 | I56: 0 | J56: 0 | K56: Manish Sir | L56: Gaurav | M56: Umakant (Paid) | N56: Paid
B57: 45948 | C57: PFD-09258542 | D57: 10130026 | E57: Rasalpur | F57: Musrigharari | G57: 1 | H57: 1 | I57: 0 | J57: 0 | K57: Verma Sir | L57: Gaurav | M57: Amardeep | N57: Cost on recovery basis
B58: 45948 | C58: PFD-09258510 | D58: 10120104 | E58: Mordiwa East | F58: Simri | G58: 1 | H58: 0 | I58: 1 | J58: 0 | K58: Verma Sir | L58: Gaurav | M58: Amardeep | N58: used on non recovery basis in MPG
B59: 45948 | C59: PFD-09258545 | D59: 10120094 | E59: Gomukh Bochaha | F59: Simri | G59: 1 | H59: 0 | I59: 1 | J59: 0 | K59: Verma Sir | L59: Gaurav | M59: Amardeep | N59: used on non recovery basis in MPG
B60: 45948 | C60: PFD-09258544 | D60: 10130006 | E60: Gomukh Andaha | F60: Simri | G60: 1 | H60: 1 | I60: 0 | J60: 0 | K60: Verma Sir | L60: Gaurav | M60: Amardeep | N60: Cost on recovery basis
B61: 45948 | C61: PFD-12243762 | D61: 10120094 | E61: Gomukh Bochaha | F61: Simri | G61: 1 | H61: 1 | I61: 0 | J61: 0 | K61: Verma Sir | L61: Gaurav | M61: Amardeep | N61: Cost on recovery basis
B62: 45954 | C62: PFD-09258541 | D62: 10060026 | E62: Arma | F62: Sonvarsa | G62: 1 | H62: 1 | I62: 0 | J62: 0 | K62: Manish Sir | L62: Gaurav | M62: Umakant (Paid) | N62: Paid
B63: 45954 | C63: PFD-09258539 | D63: 10060069 | E63: Bhandar | F63: Sonvarsa | G63: 1 | H63: 1 | I63: 0 | J63: 0 | K63: Manish Sir | L63: Gaurav | M63: Umakant | N63: Cost on recovery basis
... B134: 46125 | C134: PFD-032611340 | D134: 10090078 | E134: TIYAY | F134: Halsi | G134: 1 | H134: 0 | I134: 1 | J134: 0 | K134: jayant sir | L134: Gaurav | M134: Umakant | N134: used on non recovery basis in MPG
B135: 46125 | C135: PFD-032611707 | E135: Amcu Repair | F135: Laldiyara | G135: 1 | H135: 0 | I135: 0 | J135: 1 | K135: jayant sir | L135: Gaurav | M135: Umakant | N135: used on non recovery basis in MPG
B136: 46125 | C136: PFD-032611708 | E136: Amcu Repair | F136: Laldiyara | G136: 1 | H136: 0 | I136: 0 | J136: 1 | K136: jayant sir | L136: Gaurav | M136: Umakant | N136: used on non recovery basis in MPG
B137: 46133 | C137: PFD-10258643 | D137: 10110095 | E137: GOMUKH LAXMIPUR | F137: S kamal | G137: 1 | H137: 1 | I137: 0 | J137: 0 | K137: jayant sir | L137: Gaurav | M137: Bittu Kumar | N137: Cost on recovery basis
B138: 46133 | C138: PFD-10258652 | D138: 10440001 | E138: Gomukh Sadananpur | F138: S kamal | G138: 1 | H138: 1 | I138: 0 | J138: 0 | K138: jayant sir | L138: Gaurav | M138: Bittu Kumar | N138: Cost on recovery basis
B139: 46133 | C139: PFD-032611705 | D139: 10100001 | E139: Vishan pur | F139: Parbatta | G139: 1 | H139: 1 | I139: 0 | J139: 0 | K139: jayant sir | L139: Gaurav | M139: Devanand | N139: Cost on recovery basis
B140: 46133 | C140: PFD-032611715 | D140: 10070043 | E140: Araria | F140: Araria | G140: 1 | H140: 1 | I140: 0 | J140: 0 | K140: jayant sir | L140: Gaurav | M140: Devanand | N140: Cost on recovery basis
B141: 46142 | C141: PFD-032611714 | E141: Amcu Repair | F141: Laldiyara | G141: 1 | H141: 0 | I141: 0 | J141: 1 | K141: jayant sir | L141: Gaurav | M141: Umakant | N141: used on non recovery basis in MPG
B155: Total Qty | G155: =SUM(G8:G154) -> 156 | H155: =SUM(H8:H154) -> 77 | I155: =SUM(I8:I154) -> 37 | J155: =SUM(J8:J154) -> 42

Sheet Recovery Detail
A1: Issue Date | B1: MPG Code | C1: New MPG Code | D1: Name | E1: Total AMT | F1: In Bank | G1: Apr'25 | H1: May'25 | I1: Jun'25 | J1: July'25 | K1: Aug'25 | L1: Sep'25 | M1: Oct'25 | N1: Nov'25 | O1: Dec'25 | P1: Jan'26 | Q1: Feb'26 | R1: Mar'26 | S1: Due | T1: Remarks
B2: 1704 | C2: 10130027 | D2: Vishnupatti | E2: 640 | R2: 0 | S2: =E2-SUM(F2:R2) -> 640
B3: 9786 | C3: 10080014 | D3: Rachiyahi | E3: 7142 | G3: 1011 | H3: 481 | O3: 3000 | P3: 3517 | S3: =E3-SUM(F3:R3) -> -867
B4: 0314 | C4: #N/A | D4: Madhepur | E4: 8500 | S4: =E4-SUM(F4:R4) -> 8500
B5: 7101 | C5: #N/A | D5: Pachgachiya | E5: 6618 | S5: =E5-SUM(F5:R5) -> 6618
B6: 9149 | C6: 10080017 | D6: Bachhwara | E6: 14200 | S6: =E6-SUM(F6:R6) -> 14200
B7: 9759 | C7: 10110022 | D7: Sukhdeo Babutol | E7: 1878 | S7: =E7-SUM(F7:R7) -> 1878
B8: 8574 | C8: 10100004 | D8: Muradpur | E8: 7316 | G8: 146 | I8: 1265 | S8: =E8-SUM(F8:R8) -> 5905
B9: 5119 | C9: 10030020 | D9: Barui | E9: 14200 | S9: =E9-SUM(F9:R9) -> 14200
B10: 1198 | C10: 10090023 | D10: Tetharhat | E10: 9996 | S10: =E10-SUM(F10:R10) -> 9996
B11: 2121 | C11: 10120024 | D11: Badiya | E11: 704 | P11: 704 | S11: =E11-SUM(F11:R11) -> 0
B12: 2027 | C12: 10120022 | D12: Jaunapur | E12: 4825 | Q12: 63 | S12: =E12-SUM(F12:R12) -> 4762
B13: 7107 | C13: 10480004 | D13: Mirror Tola | E13: 6241 | S13: =E13-SUM(F13:R13) -> 6241
B14: 8649 | C14: 10100036 | D14: Bishauni | E14: 8196 | S14: =E14-SUM(F14:R14) -> 8196
A15: 45418 | B15: 1770 | C15: 10130045 | D15: Mahipura | E15: 7592 | S15: =E15-SUM(F15:R15) -> 7592
A16: 45510 | C16: 10140020 | D16: Rajapur | E16: 5683 | I16: 125 | S16: =E16-SUM(F16:R16) -> 5558
A17: 45561 | B17: 8594 | C17: 10100019 | D17: Bari Lagar | E17: 7238 | S17: =E17-SUM(F17:R17) -> 7238
A18: 45570 | B18: 1235 | C18: 10060030 | D18: Ramsir(10700-4000) | E18: 1420 | G18: 294 | H18: 547 | I18: 535 | S18: =E18-SUM(F18:R18) -> 44
A19: 45583 | B19: 0393 | C19: 10120034 | D19: Matior | E19: 4162 | G19: 1165 | H19: 395 | I19: 1005 | S19: =E19-SUM(F19:R19) -> 1597
A20: 45586 | B20: 2460 | C20: 10140043 | D20: Kaithi | E20: 6303 | G20: 415 | S20: =E20-SUM(F20:R20) -> 5888
A21: 45591 | B21: 1907 | C21: 10130013 | D21: Gomukh Sarmaspur | E21: 3401 | G21: 733 | H21: 1113 | I21: 642 | S21: =E21-SUM(F21:R21) -> 913
A22: 45640 | B22: 1287 | C22: 10090048 | D22: Noma(10700-5400) | E22: 10700 | F22: 5400 | S22: =E22-SUM(F22:R22) -> 5300
A23: 45719 | B23: 1723 | C23: 10130009 | D23: Gomukh BARDIHA TUTRI PETROL PUMP | E23: 10700 | S23: =E23-SUM(F23:R23) -> 10700
A24: 45766 | B24: 8582 | C24: 10100009 | D24: Gomukh Kanhaiyachak Pachhim | E24: 10700 | G24: 5000 | I24: 5000 | K24: 700 | S24: =E24-SUM(F24:R24) -> 0
A25: 45766 | B25: 7118 | C25: 10480014 | D25: Gomukh Amghatta Shreepur | E25: 10700 | G25: 3834 | H25: 497 | I25: 2476 | K25: 342 | S25: =E25-SUM(F25:R25) -> 3551
A26: 45783 | B26: 2401 | C26: 10140001 | D26: Dumri Purvi Tola | E26: 10700 | O26: 439 | P26: 2326 | Q26: 1172 | R26: 696 | S26: =E26-SUM(F26:R26) -> 6067
A27: 45787 | B27: 1224 | C27: 10090032 | D27: Dharsanda(10700-5000) | E27: 10700 | F27: 5000 | I27: 587 | S27: =E27-SUM(F27:R27) -> 5113
A28: 45787 | B28: 1196 | C28: 10020021 | D28: Mohanpur (10700-5000) | E28: 10700 | F28: 5000 | Q28: 3000 | R28: 2700 | S28: =E28-SUM(F28:R28) -> 0
A29: 45803 | B29: 2435 | C29: 10140022 | D29: HEMDAPUR | E29: 10700 | I29: 634 | P29: 1104 | Q29: 3000 | R29: 1211 | S29: =E29-SUM(F29:R29) -> 4751
A30: 45814 | B30: 2415 | C30: 10140008 | D30: Ramo Bariya | E30: 10700 | I30: 3000 | K30: 1373 | M30: 3000 | N30: 3000 | O30: 327 | S30: =E30-SUM(F30:R30) -> 0
A31: 45814 | B31: 2430 | C31: 10140015 | D31: Harnaha | E31: 10700 | S31: =E31-SUM(F31:R31) -> 10700
A32: 45828 | B32: 8613 | C32: 10070033 | D32: Gomukh Kabela | E32: 10700 | I32: 1173 | M32: 48 | O32: 829 | P32: 316 | Q32: 757 | S32: =E32-SUM(F32:R32) -> 7577
A33: 45828 | B33: 8650 | C33: 10100037 | D33: Gomukh Tehay | E33: 10700 | I33: 3000 | S33: =E33-SUM(F33:R33) -> 7700
A34: 45828 | B34: 10070049 | C34: 10070049 | D34: Sondiha | E34: 10700 | I34: 890 | J34: 3073 | K34: 2290 | L34: 2237 | S34: =E34-SUM(F34:R34) -> 2210
A35: 45834 | B35: 10120083 | C35: 10120083 | D35: Beri East | E35: 10700 | I35: 266 | K35: 443 | L35: 1030 | M35: 1825 | N35: 301 | O35: 1064 | P35: 678 | Q35: 618 | S35: =E35-SUM(F35:R35) -> 4475
A36: 45834 | B36: 2058 | C36: 10120046 | D36: Gomukh Ghataho | E36: 10700 | I36: 3000 | J36: 5000 | K36: 2700 | S36: =E36-SUM(F36:R36) -> 0
A37: 45834 | B37: 1901 | C37: 10130012 | D37: Gomukha Arniya Ganj | E37: 10700 | I37: 3000 | J37: 5000 | K37: 2700 | S37: =E37-SUM(F37:R37) -> 0
A38: 45845 | B38: 1244 | C38: 10090036 | D38: TAAL-SHAHARSHA (10700-5000) | E38: 10700 | F38: 5000 | L38: 562 | M38: 570 | N38: 1080 | O38: 3000 | P38: 488 | S38: =E38-SUM(F38:R38) -> 0
A39: 45852 | B39: 1225 | C39: 10020037 | D39: JAITPUR (10700-1000) | E39: 10700 | F39: 1000 | J39: 1620 | K39: 1088 | S39: =E39-SUM(F39:R39) -> 6992
A40: 45852 | B40: 10120082 | C40: 10120082 | D40: Dedua Balo Tol | E40: 10700 | S40: =E40-SUM(F40:R40) -> 10700
A41: 45867 | B41: 1306 | C41: 10090046 | D41: Rata(10700-5000) | E41: 10700 | F41: 5000 | K41: 606 | L41: 999 | O41: 639 | S41: =E41-SUM(F41:R41) -> 3456
A42: 45946 | B42: 1305 | C42: 10090045 | D42: MANJOS(10700-5000) | E42: 10700 | F42: 5000 | S42: =E42-SUM(F42:R42) -> 5700
A43: 45948 | C43: 10130026 | D43: Rasalpur | E43: 10700 | O43: 5 | S43: =E43-SUM(F43:R43) -> 10695
A44: 45948 | C44: 10130006 | D44: Gomukh Andaha | E44: 10700 | N44: 2777 | O44: 3000 | P44: 2399 | Q44: 2235 | R44: 289 | S44: =E44-SUM(F44:R44) -> 0
A45: 45948 | C45: 10120094 | D45: Gomukh Bochaha | E45: 10700 | N45: 1383 | O45: 2218 | P45: 2149 | Q45: 2929 | S45: =E45-SUM(F45:R45) -> 2021
A46: 45954 | C46: 10060069 | D46: Bhandar(10700-3000) | E46: 10700 | F46: 3000 | S46: =E46-SUM(F46:R46) -> 7700
A47: 45960 | C47: 10360001 | D47: Mahadatpur | E47: 10700 | N47: 3000 | O47: 3000 | P47: 4700 | S47: =E47-SUM(F47:R47) -> 0
A48: 45960 | C48: 10070013 | D48: Fathepur | E48: 10700 | O48: 27 | P48: 1205 | Q48: 3000 | R48: 614 | S48: =E48-SUM(F48:R48) -> 5854
A49: 45960 | C49: 10100021 | D49: Bandera | E49: 10700 | N49: 3000 | O49: 1494 | P49: 836 | Q49: 2279 | R49: 610 | S49: =E49-SUM(F49:R49) -> 2481
A50: 45960 | C50: 10070008 | D50: Pipra | E50: 10700 | N50: 3000 | O50: 3000 | P50: 3000 | Q50: 1700 | S50: =E50-SUM(F50:R50) -> 0
A51: 45969 | B51: 2407 | C51: 10140003 | D51: Sahiyar | E51: 10700 | M51: 3088 | N51: 6925 | O51: 687 | P51: 3000 | S51: =E51-SUM(F51:R51) -> -3000
A52: 45974 | B52: 1236 | C52: 10020041 | D52: ADARSH LAXMIPUR-3(10700-5000) | E52: 10700 | F52: 5000 | P52: 94 | Q52: 138 | S52: =E52-SUM(F52:R52) -> 5468
A53: 45974 | B53: 1077 | C53: 10090003 | D53: Parsama (10700-5000) | E53: 10700 | F53: 5000 | S53: =E53-SUM(F53:R53) -> 5700
A54: 45974 | B54: 1217 | C54: 10090037 | D54: Dhira (10700-5000) | E54: 10700 | F54: 5000 | N54: 294 | O54: 250 | Q54: 751 | S54: =E54-SUM(F54:R54) -> 4405
A55: 45974 | C55: 10090058 | D55: Nawadih | E55: 10700 | N55: 2081 | O55: 3000 | P55: 2302 | Q55: 2789 | S55: =E55-SUM(F55:R55) -> 528 | T55: Deduct for milk gain amount payment
A56: 45974 | C56: 10010076 | D56: Bithh | E56: 10700 | S56: =E56-SUM(F56:R56) -> 10700 | T56: Deduct for milk gain amount payment
A57: 45989 | C57: 10130093 | D57: Sherpur narsari east | E57: 10700 | Q57: 1127 | S57: =E57-SUM(F57:R57) -> 9573
A58: 45989 | C58: 10130047 | D58: Shekhpura | E58: 10700 | O58: 3000 | S58: =E58-SUM(F58:R58) -> 7700
A59: 46004 | C59: 10140132 | D59: Gomukh Mangolpur | E59: 10700 | O59: 1043 | P59: 259 | Q59: 328 | S59: =E59-SUM(F59:R59) -> 9070
A60: 46004 | C60: 10140054 | D60: Showa | E60: 10700 | O60: 200 | P60: 663 | Q60: 3000 | S60: =E60-SUM(F60:R60) -> 6837
A61: 46004 | C61: 10140068 | D61: Naat | E61: 10700 | O61: 2011 | P61: 1108 | Q61: 781 | S61: =E61-SUM(F61:R61) -> 6800
A62: 46004 | C62: 10140098 | D62: Kulahriya | E62: 10700 | O62: 3000 | P62: 3000 | Q62: 3000 | R62: 1700 | S62: =E62-SUM(F62:R62) -> 0
A63: 46006 | C63: 10090002 | D63: Aure | E63: 10700 | F63: 5000 | O63: 3000 | P63: 2700 | S63: =E63-SUM(F63:R63) -> 0
A64: 46006 | C64: 10060011 | D64: Balahpur | E64: 10700 | F64: 2000 | O64: 2296 | P64: 2203 | Q64: 3000 | R64: 424 | S64: =E64-SUM(F64:R64) -> 777
A65: 46039 | C65: 10140018 | D65: Nandan | E65: 10700 | P65: 2123 | Q65: 3000 | R65: 2541 | S65: =E65-SUM(F65:R65) -> 3036
A66: 46039 | C66: 10510004 | D66: Henwa | E66: 10700 | P66: 3000 | Q66: 3000 | R66: 3000 | S66: =E66-SUM(F66:R66) -> 1700
A67: 46044 | C67: 10360001 | D67: Mahadatpur | E67: 10700 | P67: 1300 | Q67: 3000 | R67: 3000 | S67: =E67-SUM(F67:R67) -> 3400
A68: 46050 | C68: 10110071 | D68: Sadpur | E68: 10700 | F68: 5000 | S68: =E68-SUM(F68:R68) -> 5700
A69: 46050 | C69: 10110001 | D69: Mahendrapur | E69: 10700 | P69: 3000 | Q69: 3000 | R69: 3000 | S69: =E69-SUM(F69:R69) -> 1700
A70: 46050 | C70: 10110055 | D70: Mathar | E70: 10700 | P70: 2458 | Q70: 2838 | S70: =E70-SUM(F70:R70) -> 5404
A71: 46050 | C71: 10140033 | D71: Akalupur | E71: 10700 | P71: 2061 | Q71: 2932 | R71: 1033 | S71: =E71-SUM(F71:R71) -> 4674
A72: 46099 | C72: 10140020 | D72: RAJAPUR | E72: 10700 | S72: =E72-SUM(F72:R72) -> 10700
A73: 46099 | C73: 10140058 | D73: Gomukh Lewar | E73: 10700 | S73: =E73-SUM(F73:R73) -> 10700
A74: 46099 | C74: 10140137 | D74: Gomukh Rakshanagar_tola | E74: 10700 | S74: =E74-SUM(F74:R74) -> 10700
A75: 46099 | C75: 10140002 | D75: Simri | E75: 10700 | R75: 3000 | S75: =E75-SUM(F75:R75) -> 7700
A76: 46099 | C76: 10020017 | D76: GOMUKH RAMCHANDARPUR II | E76: 10700 | F76: 5000 | R76: 3000 | S76: =E76-SUM(F76:R76) -> 2700
A77: 46099 | C77: 10090033 | D77: SANDH MAAF 2 | E77: 10700 | F77: 5000 | R77: 3000 | S77: =E77-SUM(F77:R77) -> 2700
A78: 46099 | C78: 10060049 | D78: MALIYA | E78: 10700 | F78: 3000 | S78: =E78-SUM(F78:R78) -> 7700
A79: 46099 | C79: 10090009 | D79: SONDHI | E79: 10700 | F79: 3000 | S79: =E79-SUM(F79:R79) -> 7700
A80: 46099 | C80: 10090043 | D80: BAKHIYA | E80: 10700 | F80: 4000 | S80: =E80-SUM(F80:R80) -> 6700
A81: 46099 | C81: 10020070 | D81: LAXMIPUR | E81: 10700 | F81: 5000 | S81: =E81-SUM(F81:R81) -> 5700
A82: 46101 | C82: 10110043 | D82: Barkhanditol | E82: 10700 | S82: =E82-SUM(F82:R82) -> 10700
A83: 46101 | C83: 10120002 | D83: Bajangama | E83: 10700 | S83: =E83-SUM(F83:R83) -> 10700
A84: 46101 | C84: 10120107 | D84: Ramiya | E84: 10700 | S84: =E84-SUM(F84:R84) -> 10700
A85: 46101 | C85: 10120080 | D85: Manikatol | E85: 10700 | S85: =E85-SUM(F85:R85) -> 10700
A86: 46101 | C86: 10120035 | D86: Telgama | E86: 10700 | S86: =E86-SUM(F86:R86) -> 10700
A87: 46101 | C87: 10130014 | D87: Tara Dhamaun dakshin | E87: 10700 | S87: =E87-SUM(F87:R87) -> 10700
A88: 46101 | C88: 10130015 | D88: Vishnupatti-2 | E88: 10700 | S88: =E88-SUM(F88:R88) -> 10700
A89: 46120 | C89: 10030053 | D89: Mirahati-2 | E89: 10700 | F89: 5000 | S89: =E89-SUM(F89:R89) -> 5700
A90: 46133 | C90: 10110095 | D90: GOMUKH LAXMIPUR | E90: 10700 | F90: 5000 | S90: =E90-SUM(F90:R90) -> 5700
A91: 46133 | C91: 10440001 | D91: Gomukh Sadananpur | E91: 10700 | F91: 5000 | S91: =E91-SUM(F91:R91) -> 5700
A92: 46133 | C92: 10100001 | D92: Vishan pur | E92: 10700 | S92: =E92-SUM(F92:R92) -> 10700
A93: 46133 | C93: 10070043 | D93: Araria | E93: 10700 | S93: =E93-SUM(F93:R93) -> 10700
S94: =E94-SUM(F94:R94) -> 0
S95: =E95-SUM(F95:R95) -> 0
S96: =E96-SUM(F96:R96) -> 0
S97: =E97-SUM(F97:R97) -> 0
S98: =E98-SUM(F98:R98) -> 0
S99: =E99-SUM(F99:R99) -> 0
E100: 896655 | F100: 101400 | G100: 12598 | H100: 3033 | I100: 26598 | J100: 14693 | K100: 12242 | L100: 4828 | M100: 8531 | N100: 26841 | O100: 40529 | P100: 52693 | Q100: 53437 | R100: 29818 | S100: =SUM(S2:S41) -> 198391

Sheet Deductable for Apr'26
C3: New MPG Code | D3: Name | E3: Amount
C4: 10130027 | D4: Vishnupatti | E4: 640
C5: 10080017 | D5: Bachhwara | E5: 14200
C6: 10110022 | D6: Sukhdeo Babutol | E6: 1878 | J6: New MPG Code | K6: MPG Name | L6: Due | M6: Deduction | N6: Remarks
C7: 10100004 | D7: Muradpur | E7: 5905 | J7: 10140020 | K7: RAJAPUR | L7: 10700 | M7: 5700 | N7: Deduct from milk bill payment
C8: 10030020 | D8: Barui | E8: 14200 | J8: 10140058 | K8: Gomukh Lewar | L8: 10700 | M8: 5700 | N8: Deduct from milk bill payment
C9: 10090023 | D9: Tetharhat | E9: 9996 | J9: 10120080 | K9: Manikatol | L9: 10700 | M9: 2000 | N9: Deduct from milk bill payment
C10: 10120022 | D10: Jaunapur | E10: 4762 | J10: 10130014 | K10: Tara Dhamaun dakshin | L10: 10700 | M10: 2000 | N10: Deduct from milk bill payment
C11: 10480004 | D11: Mirror Tola | E11: 6241
C12: 10100036 | D12: Bishauni | E12: 5000
C13: 10130045 | D13: Mahipura | E13: 5000
C14: 10140020 | D14: RAJAPUR | E14: 5558
C15: 10100019 | D15: Bari Lagar | E15: 5000
C16: 10060030 | D16: Ramsir(10700-4000) | E16: 44
C17: 10120034 | D17: Matior | E17: 1597
C18: 10140043 | D18: Kaithi | E18: 5888
C19: 10130013 | D19: Gomukh Sarmaspur | E19: 913
C20: 10090048 | D20: Noma(10700-5400) | E20: 5300
C21: 10130009 | D21: Gomukh BARDIHA TUTRI PETROL PUMP | E21: 5000
C22: 10480014 | D22: Gomukh Amghatta Shreepur | E22: 3551
... C78: 10070043 | D78: Araria | E78: 3000
C79: Total Amount | E79: =SUM(E4:E78) -> 274263

Sheet Purchase
C4: Date | D4: From Purhcase | E4: Opening | F4: Receive | G4: Issue | H4: Closing | I4: Fresh Faulty | J4: Total Closing Stock | K4: Remarks
C5: 45775 | D5: STIPL | E5: 0 | F5: 76 | G5: =+'PCB Details '!G155 -> 156 | H5: =D23 -> 14 | I5: =D22 -> 2 | J5: =+H5+I5 -> 16 | K5: 2 PCB sent from Store to STIPL for Replace
C6: 45939 | D6: EIPL | E6: 0 | F6: 25 | G6: =+'PCB Details '!G156 -> 0
C7: 45946 | D7: EIPL | E7: 0 | F7: 25 | G7: =+'PCB Details '!G157 -> 0
C8: 45732 | D8: EIPL | E8: 1 | F8: 25
C9: 45747 | D9: EIPL | E9: 0 | F9: 21
F11: =SUM(F5:F10) -> 172
C14: Particular | D14: Qty | E14: Rate | F14: Amout
C15: Purchase | D15: =F11 -> 172 | E15: 9598.3684 | F15: =D15*E15 -> 1650919.4
C16: Total Received | D16: =D15 -> 172 | E16: 9598.3684 | F16: 1209394.4
C17: PCB Issued on recoverable Basis | D17: ='PCB Details '!H155 -> 77 | E17: 9598.3684 | F17: =D17*E17 -> 739074.37
C18: PCB Issued on no recoverable basis | D18: ='PCB Details '!I155 -> 37 | E18: 9598.3684 | F18: =D18*E18 -> 355139.63 | G18: =+F18+F19 -> 758271.11
C19: AMCU Repair | D19: ='PCB Details '!J155 -> 42 | E19: 9598.3684 | F19: =D19*E19 -> 403131.47
C20: Total Issue | D20: =SUM(D17:D19) -> 156 | E20: 9598.3684 | F20: =SUM(F17:F19) -> 1497345.5
C22: Fresh Foulty | D22: 2 | E22: 9598.3684 | F22: =+D22*E22 -> 19196.737
C23: Closing in Stock | D23: =D16-(D20+D22) -> 14 | E23: 9598.3684 | F23: =+D23*E23 -> 134377.16

Sheet Old Purchase 
C5: Date | D5: Purchase Qty | E5: Purchase Amount | F5: Recovery from LY'23 | G5: Remarks
C6: 45139 | D6: Opening | E6: 393677 | F6: =1480226+258102 -> 1738328
C7: 45168 | D7: 20 | E7: 270722
C8: 45272 | D8: 25 | E8: 338041
C9: 45414 | D9: 20 | E9: 212400
C10: 45427 | D10: 20 | E10: 212400
C11: 45559 | D11: 30 | E11: =10620*30 -> 318600
C12: 45660 | D12: 25 | E12: =10620*25 -> 265500 | G12: Purchased from CSR
C13: 45661 | D13: 25 | E13: =10620*25 -> 265500 | G13: Purchased from CSR
C14: 45775 | D14: 76 | E14: 729476 | G14: Purchased from CSR
D15: =SUM(D6:D14) -> 241 | E15: =SUM(E6:E14) -> 3006316 | F15: =+E19 -> 0 | G15: Net Recoverable Amount

Sheet Not recover Old data
A1: SL No. | B1: BMC Name | C1: MPG Code | D1: Name | E1: Total AMT | F1: Due | G1: Remarks
A2: 1 | B2: Lakhisarai Area | C2: 1167 | D2: SANDH MAAF | E2: 14200 | F2: 2957 | G2: Close
A3: =+A2+1 -> 2 | B3: Samastipur Area | C3: 1726 | D3: Husainipur | E3: =14200+14200+14200 -> 42600 | F3: =4670+14200+431 -> 19301 | G3: Close
A4: =+A3+1 -> 3 | B4: Samastipur Area | C4: 1916 | D4: Gomukh Laxminarayanpur | E4: 14200 | F4: 5894 | G4: Close
A5: =+A4+1 -> 4 | B5: Samastipur Area | C5: 1703 | D5: Mahisor | E5: 14200 | F5: 14200 | G5: Close
A6: =+A5+1 -> 5 | B6: Samastipur Area | C6: 2020 | D6: Balthara | E6: 14200 | F6: 14200 | G6: Close
A7: =+A6+1 -> 6 | B7: Samastipur Area | C7: 1745 | D7: Banvira | E7: 14200 | F7: 14200 | G7: Close
A8: =+A7+1 -> 7 | B8: Samastipur Area | C8: 2001 | D8: Bagnoucha | E8: 14200 | F8: 14200 | G8: Close
A9: =+A8+1 -> 8 | B9: Samastipur Area | C9: 2011 | D9: Hentanpur | E9: 14200 | F9: 14200 | G9: Close
A10: =+A9+1 -> 9 | B10: Samastipur Area | C10: 0007 | D10: Jhandapur BMC | E10: 14200 | F10: 14200 | G10: Close
A11: =+A10+1 -> 10 | B11: Samastipur Area | C11: 0936 | D11: Rachiyahi | E11: 14200 | F11: 5650 | G11: Close
A12: =+A11+1 -> 11 | B12: Samastipur Area | C12: 1701 | D12: Madhopur | E12: 14200 | F12: 14200 | G12: Close
A13: =+A12+1 -> 12 | B13: Samastipur Area | C13: 0386 | D13: KURSAHATOL | E13: =14200+14200 -> 28400 | F13: =14200+14200 -> 28400 | G13: Close
A14: =+A13+1 -> 13 | B14: Samastipur Area | C14: 0342 | D14: PACHPAIKA | E14: 14200 | F14: 12275 | G14: Close
A15: =+A14+1 -> 14 | B15: Samastipur Area | C15: 0316 | D15: ASHINCHAK | E15: 14200 | F15: 14200 | G15: Close
A16: =+A15+1 -> 15 | B16: Samastipur Area | C16: 0356 | D16: BHOJPUR | E16: 14200 | F16: 14200 | G16: Close
A17: =+A16+1 -> 16 | B17: Samastipur Area | C17: 0380 | D17: Hargingpur kothi | E17: 14200 | F17: 13336 | G17: Close
A18: =+A17+1 -> 17 | B18: Samastipur Area | C18: 0314 | D18: Madhepur | E18: =14200+8500 -> 22700 | F18: 22700 | G18: Close
A19: =+A18+1 -> 18 | B19: Lakhisarai Area | C19: 0118 | D19: Nandpur | E19: 14200 | F19: 0 | G19: 0
A20: =+A19+1 -> 19 | B20: Bhagalpur Area | C20: 7101 | D20: Pachgachiya | E20: 14200 | F20: 6618 | G20: No deduction from One years
A21: =+A20+1 -> 20 | B21: Begusarai Area | C21: 9148 | D21: Gehuni | E21: 14200 | F21: 0 | G21: No deduction from Six Month
A22: =+A21+1 -> 21 | B22: Begusarai Area | C22: 9149 | D22: Bachhwara | E22: 14200 | F22: 14200 | G22: No deduction from One years
A23: =+A22+1 -> 22 | B23: Samastipur Area | C23: 2026 | D23: Bisunpur Beri | E23: 14200 | F23: 0 | G23: No deduction from One years
A24: =+A23+1 -> 23 | B24: Bhagalpur Area | C24: 5119 | D24: Barui | E24: 14200 | F24: 14200 | G24: No deduction from Six Month
A25: =+A24+1 -> 24 | B25: Lakhisarai Area | C25: 1198 | D25: Tetharhat | E25: 14200 | F25: 9996 | G25: No deduction from Six Month
E26: =SUM(E2:E25) -> 391900 | F26: =SUM(F2:F25) -> 283327
