Workbook
Name Proposed_Rate: #REF!
Name Proposed_Rate: #REF!
Name Proposed_Rate: #REF!
Name Sudha_rate: #REF!
Name Sudha_rate: #REF!
Name Sudha_rate: #REF!

Sheet Charts
C3: ALL | D3: 23-24 | E3: 24-25 | F3: 25-26 | G3: GOLY
C4: Q1 | D4: {=TRANSPOSE(Consolidate!Q9:U9)/1000} -> 165.47478 | E4: {=TRANSPOSE(Consolidate!Q14:U14)/1000} -> 171.2651 | F4: {=TRANSPOSE(Consolidate!Q19:U19)/1000} -> 194.65177 | G4: =+(F4-E4)/E4 -> 0.13655247
C5: Q2 | D5: 165.76916 | E5: 166.07731 | F5: 220.22352 | G5: =+(F5-E5)/E5 -> 0.32603015
C6: Q3 | D6: 174.09512 | E6: 158.77369 | F6: 216.27384 | G6: =+(F6-E6)/E6 -> 0.36215165
C7: Q4 (OL) | D7: 205.91769 | E7: 206.93885 | F7: 278.32653 | G7: =+(F7-E7)/E7 -> 0.34496988
C8: Total | D8: 177.78012 | E8: 175.61424 | F8: 227.17933 | G8: =+(F8-E8)/E8 -> 0.29362704
C17: BIHAR | D17: 23-24 | E17: 24-25 | F17: 25-26 | G17: GOLY
C18: Q1 | D18: {=TRANSPOSE(BIHAR!Q59:U59)/1000} -> 77.671396 | E18: {=TRANSPOSE(BIHAR!Q64:U64)/1000} -> 94.953511 | F18: {=TRANSPOSE(BIHAR!Q69:U69)/1000} -> 105.8037 | G18: =+(F18-E18)/E18 -> 0.1142684
C19: Q2 | D19: 97.55419 | E19: 101.18849 | F19: 115.10707 | G19: =+(F19-E19)/E19 -> 0.13755109
C20: Q3 | D20: 109.9413 | E20: 99.953328 | F20: 114.52539 | G20: =+(F20-E20)/E20 -> 0.14578867
C21: Q4 (OL) | D21: 139.82255 | E21: 147.11542 | F21: 174.20615 | G21: =+(F21-E21)/E21 -> 0.18414608
C22: Total | D22: 106.2427 | E22: 110.65614 | F22: 127.21336 | G22: =+(F22-E22)/E22 -> 0.14962772
C33: WB | D33: 23-24 | E33: 24-25 | F33: 25-26 | G33: GOLY
C34: Q1 | D34: {=TRANSPOSE('WEST BENGAL'!Q38:U38)/1000} -> 87.803386 | E34: {=TRANSPOSE('WEST BENGAL'!Q42:U42)/1000} -> 67.025841 | F34: {=TRANSPOSE('WEST BENGAL'!Q46:U46)/1000} -> 70.468206 | G34: =+(F34-E34)/E34 -> 0.051358777
C35: Q2 | D35: 67.763271 | E35: 53.65737 | F35: 84.668521 | G35: =+(F35-E35)/E35 -> 0.57794765
C36: Q3 | D36: 60.54968 | E36: 48.50834 | F36: 82.881054 | G36: =+(F36-E36)/E36 -> 0.70859392
C37: Q4 (OL) | D37: 59.59332 | E37: 48.583064 | F37: 86.614883 | G37: =+(F37-E37)/E37 -> 0.78282051
C38: Total | D38: 68.901344 | E38: 54.441295 | F38: 81.157554 | G38: =+(F38-E38)/E38 -> 0.49073519
D42: Vol Kg/day | H42: Supply Chain Cost
C43: Year | D43: BR | E43: WB | F43: JH | G43: Total Vol | H43: BR | I43: WB | J43: JH | K43: Total SCC
C44: FY 23-24 | D44: 106242.7 | E44: 68901.344 | F44: 4523.7654 | G44: =SUM(D44:F44) -> 179667.81 | H44: 2.9625336 | I44: 2.89 | J44: 4.1516524 | K44: =(D44*H44+E44*I44+F44*J44)/(F44+E44+D44) -> 2.9646577
C45: FY 24-25 | D45: 110656.14 | E45: 54441.295 | F45: =JHARKHAND!U20 -> 10516.81 | G45: =SUM(D45:F45) -> 175614.24 | H45: 2.8713666 | I45: 2.8986351 | J45: =JHARKHAND!U38 -> 3.6553669 | K45: =(D45*H45+E45*I45+F45*J45)/(F45+E45+D45) -> 2.9267705
C46: FY 25-26 | D46: =BIHAR!U69 -> 127213.36 | E46: ='WEST BENGAL'!U46 -> 81157.554 | F46: 19000 | G46: =SUM(D46:F46) -> 227370.91 | H46: 2.75 | I46: 2.86 | J46: 3.76 | K46: =(D46*H46+E46*I46+F46*J46)/(F46+E46+D46) -> 2.8736628
C47: PY 25-26 | D47: 201017.92 | E47: 120878.99 | F47: 31536.81 | G47: =SUM(D47:F47) -> 353433.72 | H47: 2.9046318 | I47: 2.8526454 | J47: 3.5 | K47: =(D47*H47+E47*I47+F47*J47)/(F47+E47+D47) -> 2.9399763
C49: Year | D49: =H43 -> BR | E49: =I43 -> WB | F49: =J43 -> JH | G49: =K43 -> Total SCC
C50: FY 23-24 | D50: =H44 -> 2.9625336 | E50: =I44 -> 2.89 | F50: =J44 -> 4.1516524 | G50: =K44 -> 2.9646577
C51: FY 24-25 | D51: =H45 -> 2.8713666 | E51: =I45 -> 2.8986351 | F51: =J45 -> 3.6553669 | G51: =K45 -> 2.9267705
C52: FY 25-26 | D52: =H46 -> 2.75 | E52: =I46 -> 2.86 | F52: =J46 -> 3.76 | G52: =K46 -> 2.8736628
C53: PY 1 | D53: =H47 -> 2.9046318 | E53: =I47 -> 2.8526454 | F53: =J47 -> 3.5 | G53: =K47 -> 2.9399763
C54: PY 3 | D54: 2.74 | E54: 2.8 | F54: 3.45 | G54: 2.8
C55: PY 5 | D55: 2.65 | E55: 2.75 | F55: 3.42 | G55: 2.72
C62: Farmers
C63: Year | D63: BR | E63: WB | F63: JH | G63: Total
C64: FY 23-24 | D64: 16.2 | E64: 6.4 | F64: 0.2 | G64: =SUM(D64:F64) -> 22.8
C65: FY 24-25 | D65: 19 | E65: 4.6 | F65: 2.2 | G65: =SUM(D65:F65) -> 25.8
C66: FY 25-26 | D66: 23 | E66: 6.8 | F66: 2.5 | G66: =SUM(D66:F66) -> 32.3
C67: PY 1 | D67: 29 | E67: 9 | F67: 3 | G67: =SUM(D67:F67) -> 41
C68: PY 3 | D68: 36 | E68: 13.5 | F68: 3.5 | G68: =SUM(D68:F68) -> 53
C69: PY 5 | D69: 43 | E69: 17 | F69: 3.7 | G69: =SUM(D69:F69) -> 63.7
C72: Capacity Utilization
C73: Year | D73: BR | E73: WB | F73: JH
C74: LY | D74: 0.69453803 | E74: 0.68081148 | F74: 0.74433148
C75: CY | D75: 0.67349142 | E75: 0.6 | F75: 0.65
C76: PY 1 | D76: 0.93 | E76: 0.79 | F76: 0.77
C77: PY 3 | D77: 1 | E77: 0.9 | F77: 0.85
C78: PY 5 | D78: 1.1 | E78: 1 | F78: 0.93

Sheet Volume Summary
B3: Year | C3: BR | D3: WB | E3: JH | F3: Total | G3: GOLY
B4: 2017-18 | C4: =BIHAR!U40 -> 63237.577 | F4: =C4+D4+E4 -> 63237.577 | G4: 1
B5: 2018-19 | C5: =BIHAR!U42 -> 95322.951 | F5: =C5+D5+E5 -> 95322.951 | G5: =F5/F4 -> 1.5073783
B6: 2019-20 | C6: =BIHAR!U45 -> 78700.6 | D6: ='WEST BENGAL'!U26 -> 30847.099 | F6: =C6+D6+E6 -> 109547.7 | G6: =F6/F5 -> 1.1492269
B7: 2020-21 | C7: =BIHAR!U49 -> 85718.639 | D7: ='WEST BENGAL'!U29 -> 49747.2 | F7: =C7+D7+E7 -> 135465.84 | G7: =F7/F6 -> 1.2365923
B8: 2021-22 | C8: =BIHAR!U53 -> 110324.25 | D8: ='WEST BENGAL'!U33 -> 54835.418 | F8: =C8+D8+E8 -> 165159.67 | G8: =F8/F7 -> 1.2191979
B9: 2022-23 | C9: =BIHAR!U58 -> 137845.63 | D9: ='WEST BENGAL'!U37 -> 60401.684 | F9: =C9+D9+E9 -> 198247.31 | G9: =F9/F8 -> 1.2003373
B10: 2023-24 | C10: =BIHAR!U63 -> 142133.71 | D10: ='WEST BENGAL'!U41 -> 63798.738 | E10: =JHARKHAND!U19 -> 19848.561 | F10: =C10+D10+E10 -> 225781.01 | G10: =F10/F9 -> 1.1388856
B11: 2024-25 | C11: =BIHAR!U68 -> 154571.98 | D11: ='WEST BENGAL'!U45 -> 67664.381 | E11: =JHARKHAND!U24 -> 32342.837 | F11: =C11+D11+E11 -> 254579.19 | G11: =F11/F10 -> 1.1275492
B12: 2025-26 | C12: =BIHAR!U73 -> 199773.06 | D12: ='WEST BENGAL'!U49 -> 93620.165 | E12: =JHARKHAND!U29 -> 38794.675 | F12: =C12+D12+E12 -> 332187.9 | G12: =F12/F11 -> 1.3048509
B16: Particulars | C16: UoM | D16: 23-24 | E16: 24-25 | F16: YTD Sep’25
B17: Milk Producing Group (MPG) | C17: Nos. | D17: =BIHAR!P14+'WEST BENGAL'!V9+JHARKHAND!N4 -> 896 | E17: =BIHAR!P15+'WEST BENGAL'!V10+JHARKHAND!O5 -> 1038 | F17: =BIHAR!P16+'WEST BENGAL'!V11+JHARKHAND!H6 -> 1452
B18: Milk Volume | C18: Kg./Day | D18: =BIHAR!U59+'WEST BENGAL'!U38+JHARKHAND!U15 -> 179667.81 | E18: =BIHAR!U64+'WEST BENGAL'!U42+JHARKHAND!U20 -> 175614.24 | F18: =BIHAR!U69+'WEST BENGAL'!U46+JHARKHAND!U25 -> 227179.33
B19: Farmers | C19: Nos. | D19: =BIHAR!P28+'WEST BENGAL'!V18+JHARKHAND!O9 -> 20828 | E19: =BIHAR!P29+'WEST BENGAL'!V19+JHARKHAND!O10 -> 14119 | F19: =BIHAR!D30+'WEST BENGAL'!E20+JHARKHAND!H11 -> 12935
B20: Bulk Milk Chiller (BMC) | C20: Nos. | D20: =13+1+10 -> 24 | E20: =14+1+7 -> 22 | F20: =18+2+11 -> 31
B21: BMC Capacity | C21: KL/Day | D21: =93+80+5 -> 178 | E21: =110+5+62 -> 177 | F21: =125+82+10 -> 217
B22: BMC Utilization % | D22: 0.66 | E22: 0.7 | F22: 0.68
B23: Rapid Milk Chiller (RMC) | C23: KL/Day | D23: =39+4+10 -> 53 | E23: =29+8.5+29 -> 66.5 | F23: =32+11+22 -> 65
B24: RMC Utilization % | D24: 0.65 | E24: 0.44 | F24: 0.72
B29: Year | C29: 2020-21 | D29: 2021-22 | E29: 2022-23 | F29: 2023-24 | G29: 2024-25 | H29: 2025-26 | I29: 2026-27 Plan | J29: PY-1 | K29: PY-2 | L29: PY-3 | M29: PY-4 | N29: PY-5
B30: No of State | C30: 2 | D30: 2 | E30: 2 | F30: 3 | G30: 3 | H30: 3 | I30: 3 | J30: 3 | K30: 3 | L30: 3 | M30: 3 | N30: 3
B31: No of District | C31: 9 | D31: 10 | E31: 11 | F31: 12 | G31: 13
B32: No of Plant | C32: 2 | D32: 3 | E32: 3 | F32: 5 | G32: 6 | H32: 7 | I32: 7
B33: No of MPG | C33: {=TRANSPOSE(BIHAR!AA12:AA17)} -> 626 | D33: 618 | E33: 692 | F33: 894 | G33: 1038 | H33: 1464 | I33: =1602+342+205 -> 2149
B34: Total milk procured | C34: {=TRANSPOSE(F7:F12)} -> 135465.84 | D34: 165159.67 | E34: 198247.31 | F34: 225781.01 | G34: 254579.19 | H34: 332187.9 | I34: 502540.47 | J34: 569954 | K34: 669365 | L34: 790154 | M34: 934694 | N34: 1094380
B35: No of Farmers | C35: 16080.571 | D35: 14920.418 | E35: 16544.271 | F35: 23508.118 | G35: 25532.33 | H35: 25532.33 | I35: 25532.33

Sheet BR Slide SCC and Cost
B2: Bihar Network Volume Supply Chain Cost
B3: Particulars | C3: Actual | D3: Plan | E3: 2024-25 (YTD Dec) | G3: Jan Mar: 2024-25 | I3: Outlook
C4: 2023-24 | D4: 2024-25 | E4: Plan | F4: Actual | G4: Plan | H4: Outlook | I4: 2024-25
B5: Network Vol | C5: =BIHAR!#REF! -> #REF! | D5: 133366.8 | E5: 126070.42 | F5: 98847.558 | G5: 155661.27 | H5: 149990.18 | I5: 111458.07
B6: Procurement | C6: =BIHAR!#REF! -> #REF! | D6: 0.58121593 | E6: 0.5820299 | F6: 0.57592833 | G6: 0.57919447 | H6: 0.53592774 | I6: 0.56246821
B7: Inward | C7: =BIHAR!#REF! -> #REF! | D7: 0.93064174 | E7: 0.97272727 | F7: 1.0596895 | G7: 0.8261248 | H7: 0.76134258 | I7: 0.9592964
B8: Chilling | C8: =BIHAR!#REF! -> #REF! | D8: 0.45089134 | E8: 0.45827484 | F8: 0.52806338 | G8: 0.43255484 | H8: 0.45889161 | I8: 0.50478723
B9: Outward | C9: =BIHAR!#REF! -> #REF! | D9: 0.66388691 | E9: 0.66586288 | F9: 0.74057157 | G9: 0.65897972 | H9: 0.63082968 | I9: 0.70364366
B10: NGO Cost | C10: =BIHAR!#REF! -> #REF! | D10: 0.15338305 | E10: 0.15877001 | F10: 0.16915929 | G10: 0.14000485 | H10: 0.11185548 | I10: 0.14987668
B11: Network SCC | C11: =SUM(C6:C10) -> #REF! | D11: =SUM(D6:D10) -> 2.780019 | E11: =SUM(E6:E10) -> 2.8376649 | F11: =SUM(F6:F10) -> 3.0734121 | G11: =SUM(G6:G10) -> 2.6368587 | H11: =SUM(H6:H10) -> 2.4988471 | I11: =SUM(I6:I10) -> 2.8800722
B16: Bihar source wise milk cost
B17: Particulars | C17: Actual | D17: Plan | E17: 2024-25 (YTD Dec) | G17: Jan Mar: 2024-25 | I17: Outlook
C18: 2023-24 | D18: 2024-25 | E18: Plan | F18: Actual | G18: Plan | H18: Outlook | I18: 2024-25
B19: Network | C19: 40.354218 | D19: 40.375863 | E19: =37.5+E11 -> 40.337665 | F19: 40.243259 | G19: 40.350964 | H19: 39.976858 | I19: 40.153616
B20: WB Transfer | C20: 44.942229 | D20: 0 | E20: 0 | F20: 42.482687 | G20: 0 | H20: 0 | I20: 42.482687
B21: Moomark | C21: 41.221847 | D21: 38.964204 | E21: 38.944717 | F21: 41.26458 | G21: 39.011362 | H21: 0 | I21: 41.26458
B22: Outside Milk | C22: 41.705129 | D22: 38.554848 | E22: 38.554848 | F22: 39.545986 | G22: 0 | H22: 39.674024 | I22: 39.56548
B23: Total Landed Cost | C23: 40.774101 | D23: 40.121254 | E23: 40.121105 | F23: 40.005589 | G23: 40.260858 | H23: 39.930267 | I23: 39.984742
B26: Bihar Source wise milk cost FY 24-25
B27: Particulars | C27: Q1 | D27: Q2 | E27: Q3 | F27: Q4
C28: Actual | D28: Actual | E28: Actual | F28: Outlook | G28: FY24-25
B29: Network Milk | C29: 40.266068 | D29: 40.27255 | E29: 40.192012 | F29: 39.976858 | G29: 40.033094
B30: WB Transfer | C30: 42.572705 | D30: 42.264179 | E30: 42.934462 | F30: 0 | G30: 42.482687
B31: Moomark | C31: 40.612169 | D31: 42.146667 | E31: 42.146667 | F31: #DIV/0! | G31: 42.146667
B32: Outside Milk | C32: 39.296484 | D32: 39.701967 | E32: 39.609246 | F32: 39.674024 | G32: 39.571366
B33: Overall Cost | C33: 39.982095 | D33: 40.101607 | E33: 39.934709 | F33: 39.930267 | G33: 39.934111
B36: BIHAR: MILK COLLECTION (000 Kg/day)
B37: Period | C37: LY 23-24 | D37: Plan 24-25 | E37: Actual | F37: Collection 24-25
E38: Reqt | F38: BR | G38: 3P | H38: Outside | I38: Transfer | J38: Total
B39: Q1 | C39: {=TRANSPOSE(BIHAR!Q63:U63)/1000} -> 142.10088 | D39: 163.69097 | F39: {=TRANSPOSE(BIHAR!Q64:U67)/1000} -> 94.953511 | G39: 7.4086964 | H39: 45.192038 | I39: 1.9698104 | J39: =SUM(F39:I39) -> 149.52406
B40: Q2 | C40: 129.9635 | D40: 156.04419 | F40: 101.18849 | G40: 3.8657364 | H40: 48.936038 | I40: 0.71756454 | J40: =SUM(F40:I40) -> 154.70783
B41: Q3 | C41: 137.44905 | D41: 151.04432 | F41: 99.953328 | G41: 1.584606 | H41: 57.895009 | I41: 0.11219429 | J41: =SUM(F41:I41) -> 159.54514
B42: Q4 OL | C42: 159.17045 | D42: 167.67238 | F42: 147.11542 | G42: 0.45897778 | H42: 11.549487 | I42: -4.7069528 | J42: =SUM(F42:I42) -> 154.41693
B43: FY 23-24 | C43: 142.13371 | D43: 159.55763 | F43: 110.65614 | G43: 3.3340572 | H43: 41.042153 | I43: -0.46037038 | J43: =SUM(F43:I43) -> 154.57198

Sheet BR Slide Volume
B3: BIHAR Network Vol (MT)
C4: 21-22 | D4: 22-23 | E4: 23-24 | F4: 24-25 | G4: GOFY23 | H4: GOFY24
B5: Q1 | C5: {=TRANSPOSE(BIHAR!Q50:U50)/1000} -> 68.853737 | D5: {=TRANSPOSE(BIHAR!Q54:U54)/1000} -> 53.596667 | E5: {=TRANSPOSE(BIHAR!Q59:U59)/1000} -> 77.671396 | F5: {=TRANSPOSE(BIHAR!Q64:U64)/1000} -> 94.953511 | G5: =+(E5-D5)/D5 -> 0.44918333 | H5: =+(F5-E5)/E5 -> 0.22250295
B6: Q2 | C6: 51.136633 | D6: 73.824345 | E6: 97.55419 | F6: 101.18849 | G6: =+(E6-D6)/D6 -> 0.32143658 | H6: =+(F6-E6)/E6 -> 0.037254141
B7: Q3 | C7: 35.20158 | D7: 69.481634 | E7: 109.9413 | F7: 99.953328 | G7: =+(E7-D7)/D7 -> 0.58230733 | H7: =+(F7-E7)/E7 -> -0.090848223
B8: Q4 (OL) | C8: 60.999295 | D8: 87.775453 | E8: 139.82255 | F8: 147.11542 | G8: =+(E8-D8)/D8 -> 0.59295732 | H8: =+(F8-E8)/E8 -> 0.052158048
B9: Total | C9: 53.969157 | D9: 71.126678 | E9: 106.2427 | F9: 110.65614 | G9: =+(E9-D9)/D9 -> 0.49371097 | H9: =+(F9-E9)/E9 -> 0.041541071
B14: Sources | C14: 2019-20 | D14: 2020-21 | E14: 2021-22 | F14: 2022-23 | G14: 2023-24 | H14: 2024-25
B15: Own Network | C15: 78691 | D15: 56244 | E15: =BIHAR!U50 -> 53969.157 | F15: =BIHAR!U54 -> 71126.678 | G15: =BIHAR!U59 -> 106242.7 | H15: =BIHAR!U64 -> 110656.14
B16: Moo Mark | E16: =BIHAR!U51 -> 16078.224 | F16: =BIHAR!U55 -> 20981.02 | G16: =BIHAR!U60 -> 19164.621 | H16: =BIHAR!U65 -> 3334.0572
B17: Vendor | D17: 24567 | E17: =BIHAR!U52 -> 40276.87 | F17: =BIHAR!U56 -> 13372.743 | G17: =BIHAR!U61 -> 9652.8389 | H17: =BIHAR!U66 -> 41042.153
B18: Transfer | E18: 0 | F18: =BIHAR!U57 -> 32272.185 | G18: =BIHAR!U62 -> 7073.5547 | H18: =BIHAR!U67 -> -460.37038
B19: Avg Milk/Day @4% | C19: =SUM(C15:C18) -> 78691 | D19: =SUM(D15:D18) -> 80811 | E19: =SUM(E15:E18) -> 110324.25 | F19: =SUM(F15:F18) -> 137752.63 | G19: =SUM(G15:G18) -> 142133.71 | H19: =SUM(H15:H18) -> 154571.98
B22: OUTSIDE MILK IN BIHAR
B23: 2022-23 | C23: 2023-24 | D23: 2024-25
B24: 25% (34MT/day) | C24: 20% (29MT/day) | D24: 30% (48MT/day)
B25: =('BR Slide Volume'!F16+'BR Slide Volume'!F17)/'BR Slide Volume'!F19 -> 0.24938735 | C25: =('BR Slide Volume'!G16+'BR Slide Volume'!G17)/'BR Slide Volume'!G19 -> 0.20274894 | D25: =('BR Slide Volume'!H16+'BR Slide Volume'!H17)/'BR Slide Volume'!H19 -> 0.28709091
B26: =('BR Slide Volume'!F16+'BR Slide Volume'!F17)/1000 -> 34.353762 | C26: =('BR Slide Volume'!G16+'BR Slide Volume'!G17)/1000 -> 28.81746 | D26: =('BR Slide Volume'!H16+'BR Slide Volume'!H17)/1000 -> 44.37621
B30: Network Volume Growth
B31: Year | C31: 000"kg/day | D31: GOLY
B32: 21-22 | C32: =C5 -> 68.853737 | D32: =+(BIHAR!U50-BIHAR!U46)/BIHAR!U46 -> -0.040449158
B33: 22-23 | C33: =D5 -> 53.596667 | D33: =+(C33-C32)/C32 -> -0.22158667
B34: 23-24 | C34: =E5 -> 77.671396 | D34: =+(C34-C33)/C33 -> 0.44918333
B35: 24-25 | C35: =F5 -> 94.953511 | D35: =+(C35-C34)/C34 -> 0.22250295
B44: Pouring Farmers
B45: Year | C45: *000 Farmers | D45: GOLY
B46: 21-22 | C46: =+BIHAR!U26/1000 -> 7.8949945 | D46: =+(BIHAR!U26-BIHAR!U25)/BIHAR!U25 -> 0.084171668
B47: 22-23 | C47: =+BIHAR!U27/1000 -> 9.5779882 | D47: =+(C47-C46)/C46 -> 0.21317225
B48: 23-24 | C48: =+BIHAR!U28/1000 -> 6.4216202 | D48: =+(C48-C47)/C47 -> -0.32954394
B49: 23-24 | C49: =+BIHAR!U29/1000 -> 6.370137 | D49: =+(C49-C48)/C48 -> -0.0080171718

Sheet Consolidate
A1: Milk Procurement Historical Data- Overall
D2: 30 | E2: 31 | F2: 30 | G2: 31 | H2: 31 | I2: 30 | J2: 31 | K2: 30 | L2: 31 | M2: 31 | N2: 28 | O2: 31 | Q2: Quarterly | U2: =SUM(D2:O2) -> 365
D3: 30 | E3: 31 | F3: 30 | G3: 31 | H3: 31 | I3: 30 | J3: 31 | K3: 30 | L3: 31 | M3: 31 | N3: 29 | O3: 31 | Q3: Quarterly | U3: =SUM(D3:O3) -> 366
A4: Particulas | B4: UOM | C4: Months | D4: Apr | E4: May | F4: Jun | G4: Jul | H4: Aug | I4: Sep | J4: Oct | K4: Nov | L4: Dec | M4: Jan | N4: Feb | O4: Mar | Q4: Q1 | R4: Q2 | S4: Q3 | T4: Q4 | U4: FY
A5: No. of MPGs | B5: Nos | C5: FY 23-24 | D5: =BIHAR!D14+'WEST BENGAL'!D9+JHARKHAND!D4 -> 717 | E5: =BIHAR!E14+'WEST BENGAL'!E9+JHARKHAND!E4 -> 693 | F5: =BIHAR!F14+'WEST BENGAL'!F9+JHARKHAND!F4 -> 709 | G5: =BIHAR!G14+'WEST BENGAL'!G9+JHARKHAND!G4 -> 722 | H5: =BIHAR!H14+'WEST BENGAL'!H9+JHARKHAND!H4 -> 717 | I5: =BIHAR!I14+'WEST BENGAL'!I9+JHARKHAND!I4 -> 733 | J5: =BIHAR!J14+'WEST BENGAL'!J9+JHARKHAND!J4 -> 814 | K5: =BIHAR!K14+'WEST BENGAL'!K9+JHARKHAND!K4 -> 827 | ... O5: =BIHAR!O14+'WEST BENGAL'!O9+JHARKHAND!O4 -> 852 | P5: =MAX(D5:O5) -> 878 | Q5: =SUMPRODUCT(D5:F5,$D$2:$F$2)/SUM($D$2:$F$2) -> 706.18681 | R5: =SUMPRODUCT(G5:I5,$G$2:$I$2)/SUM($G$2:$I$2) -> 723.90217 | S5: =SUMPRODUCT(J5:L5,$J$2:$L$2)/SUM($J$2:$L$2) -> 828.68478 | T5: =SUMPRODUCT(M5:O5,$M$3:$O$3)/SUM($M$3:$O$3) -> 857.56044 | U5: =O5 -> 852
A6: No. of MPGs | B6: Nos | C6: FY 24-25 | D6: =BIHAR!D15+'WEST BENGAL'!D10+JHARKHAND!D5 -> 851 | E6: =BIHAR!E15+'WEST BENGAL'!E10+JHARKHAND!E5 -> 864 | F6: =BIHAR!F15+'WEST BENGAL'!F10+JHARKHAND!F5 -> 842 | G6: =BIHAR!G15+'WEST BENGAL'!G10+JHARKHAND!G5 -> 837 | H6: =BIHAR!H15+'WEST BENGAL'!H10+JHARKHAND!H5 -> 821 | I6: =BIHAR!I15+'WEST BENGAL'!I10+JHARKHAND!I5 -> 842 | J6: =BIHAR!J15+'WEST BENGAL'!J10+JHARKHAND!J5 -> 818 | K6: =BIHAR!K15+'WEST BENGAL'!K10+JHARKHAND!K5 -> 810 | ... O6: =BIHAR!O15+'WEST BENGAL'!O10+JHARKHAND!O5 -> 1038 | P6: =MAX(D6:O6) -> 1038 | Q6: =SUMPRODUCT(D6:F6,$D$2:$F$2)/SUM($D$2:$F$2) -> 852.46154 | R6: =SUMPRODUCT(G6:I6,$G$2:$I$2)/SUM($G$2:$I$2) -> 833.23913 | S6: =SUMPRODUCT(J6:L6,$J$2:$L$2)/SUM($J$2:$L$2) -> 829.88043 | T6: =SUMPRODUCT(M6:O6,$M$2:$O$2)/SUM($M$2:$O$2) -> 970.1 | U6: =O6 -> 1038
A7: No. of MPGs | B7: Nos | C7: FY 25-26 | D7: =BIHAR!D16+'WEST BENGAL'!D11+JHARKHAND!D6 -> 1075 | E7: =BIHAR!E16+'WEST BENGAL'!E11+JHARKHAND!E6 -> 1096 | F7: =BIHAR!F16+'WEST BENGAL'!F11+JHARKHAND!F6 -> 1107 | G7: =BIHAR!G16+'WEST BENGAL'!G11+JHARKHAND!G6 -> 1185 | H7: =BIHAR!H16+'WEST BENGAL'!H11+JHARKHAND!H6 -> 1241 | I7: =BIHAR!I16+'WEST BENGAL'!I11+JHARKHAND!I6 -> 1254 | J7: =BIHAR!J16+'WEST BENGAL'!J11+JHARKHAND!J6 -> 1260 | K7: =BIHAR!K16+'WEST BENGAL'!K11+JHARKHAND!K6 -> 1238 | ... O7: =BIHAR!O16+'WEST BENGAL'!O11+JHARKHAND!O6 -> 1464 | P7: =MAX(D7:O7) -> 1464 | Q7: =SUMPRODUCT(D7:F7,$D$2:$F$2)/SUM($D$2:$F$2) -> 1092.7033 | R7: =SUMPRODUCT(G7:I7,$G$2:$I$2)/SUM($G$2:$I$2) -> 1226.3696 | S7: =SUMPRODUCT(J7:L7,$J$2:$L$2)/SUM($J$2:$L$2) -> 1250.1304 | T7: =SUMPRODUCT(M7:O7,$M$2:$O$2)/SUM($M$2:$O$2) -> 1393.1444 | U7: =O7 -> 1464
A9: Own Network | B9: KG | C9: FY 23-24 | D9: =BIHAR!D59+'WEST BENGAL'!D38+JHARKHAND!D15 -> 159606.82 | E9: =BIHAR!E59+'WEST BENGAL'!E38+JHARKHAND!E15 -> 163904.2 | F9: =BIHAR!F59+'WEST BENGAL'!F38+JHARKHAND!F15 -> 172965.68 | G9: =BIHAR!G59+'WEST BENGAL'!G38+JHARKHAND!G15 -> 172933.75 | H9: =BIHAR!H59+'WEST BENGAL'!H38+JHARKHAND!H15 -> 152809.31 | I9: =BIHAR!I59+'WEST BENGAL'!I38+JHARKHAND!I15 -> 171757.59 | J9: =BIHAR!J59+'WEST BENGAL'!J38+JHARKHAND!J15 -> 179037.24 | K9: =BIHAR!K59+'WEST BENGAL'!K38+JHARKHAND!K15 -> 157367.23 | ... O9: =BIHAR!O59+'WEST BENGAL'!O38+JHARKHAND!O15 -> 205705.11 | Q9: =SUMPRODUCT(D9:F9,$D$2:$F$2)/SUM($D$2:$F$2) -> 165474.78 | R9: =SUMPRODUCT(G9:I9,$G$2:$I$2)/SUM($G$2:$I$2) -> 165769.16 | S9: =SUMPRODUCT(J9:L9,$J$2:$L$2)/SUM($J$2:$L$2) -> 174095.12 | T9: =SUMPRODUCT(M9:O9,$M$3:$O$3)/SUM($M$3:$O$3) -> 205917.69 | U9: =SUMPRODUCT(D9:O9,D$3:O$3)/SUM($D$3:$O$3)+9 -> 177780.12 | V9: =SUMPRODUCT(D9:I9,$D$3:$I$3)/SUM($D$3:$I$3) -> 165622.78
A10: Moo Mark | B10: KG | C10: FY 23-24 | D10: =BIHAR!D60+JHARKHAND!D16 -> 44467.283 | E10: =BIHAR!E60+JHARKHAND!E16 -> 38013.143 | F10: =BIHAR!F60+JHARKHAND!F16 -> 34917.698 | G10: =BIHAR!G60+JHARKHAND!G16 -> 22173.239 | H10: =BIHAR!H60+JHARKHAND!H16 -> 13835.113 | I10: =BIHAR!I60+JHARKHAND!I16 -> 23964.871 | J10: =BIHAR!J60+JHARKHAND!J16 -> 24633.355 | K10: =BIHAR!K60+JHARKHAND!K16 -> 22571.575 | ... O10: =BIHAR!O60+JHARKHAND!O16 -> 26217.621 | Q10: =SUMPRODUCT(D10:F10,$D$2:$F$2)/SUM($D$2:$F$2) -> 39120.405 | R10: =SUMPRODUCT(G10:I10,$G$2:$I$2)/SUM($G$2:$I$2) -> 19947.881 | S10: =SUMPRODUCT(J10:L10,$J$2:$L$2)/SUM($J$2:$L$2) -> 24445.094 | T10: =SUMPRODUCT(M10:O10,$M$3:$O$3)/SUM($M$3:$O$3) -> 24287.554 | U10: =SUMPRODUCT(D10:O10,D$3:O$3)/SUM($D$3:$O$3) -> 26924.256 | V10: =SUMPRODUCT(D10:I10,$D$3:$I$3)/SUM($D$3:$I$3) -> 29481.759
A11: Vendor | B11: KG | C11: FY 23-24 | D11: =BIHAR!D61+'WEST BENGAL'!D39+JHARKHAND!D17 -> 5063.1965 | E11: =BIHAR!E61+'WEST BENGAL'!E39+JHARKHAND!E17 -> 19366.883 | F11: =BIHAR!F61+'WEST BENGAL'!F39+JHARKHAND!F17 -> 0 | G11: =BIHAR!G61+'WEST BENGAL'!G39+JHARKHAND!G17 -> 0 | H11: =BIHAR!H61+'WEST BENGAL'!H39+JHARKHAND!H17 -> 9244.9395 | I11: =BIHAR!I61+'WEST BENGAL'!I39+JHARKHAND!I17 -> 8168.9708 | J11: =BIHAR!J61+'WEST BENGAL'!J39+JHARKHAND!J17 -> 6028.3266 | K11: =BIHAR!K61+'WEST BENGAL'!K39+JHARKHAND!K17 -> 25182.733 | ... O11: =BIHAR!O61+'WEST BENGAL'!O39+JHARKHAND!O17 -> 17368.069 | Q11: =SUMPRODUCT(D11:F11,$D$2:$F$2)/SUM($D$2:$F$2) -> 8266.6953 | R11: =SUMPRODUCT(G11:I11,$G$2:$I$2)/SUM($G$2:$I$2) -> 5778.9375 | S11: =SUMPRODUCT(J11:L11,$J$2:$L$2)/SUM($J$2:$L$2) -> 17445.743 | T11: =SUMPRODUCT(M11:O11,$M$3:$O$3)/SUM($M$3:$O$3) -> 19701.199 | U11: =SUMPRODUCT(D11:O11,D$3:O$3)/SUM($D$3:$O$3) -> 12791.664 | V11: =SUMPRODUCT(D11:I11,$D$3:$I$3)/SUM($D$3:$I$3) -> 7016.0192 | W11: =SUM(V10:V11) -> 36497.778
A12: Transfer | B12: KG | C12: FY 23-24 | D12: =BIHAR!D62+'WEST BENGAL'!D40+JHARKHAND!D18 -> -1.1368684e-13 | E12: =BIHAR!E62+'WEST BENGAL'!E40+JHARKHAND!E18 -> 2.1827873e-11 | F12: =BIHAR!F62+'WEST BENGAL'!F40+JHARKHAND!F18 -> -2.910383e-11 | G12: =BIHAR!G62+'WEST BENGAL'!G40+JHARKHAND!G18 -> 0 | H12: =BIHAR!H62+'WEST BENGAL'!H40+JHARKHAND!H18 -> 1.8189894e-12 | I12: =BIHAR!I62+'WEST BENGAL'!I40+JHARKHAND!I18 -> 0 | J12: =BIHAR!J62+'WEST BENGAL'!J40+JHARKHAND!J18 -> 0 | K12: =BIHAR!K62+'WEST BENGAL'!K40+JHARKHAND!K18 -> 0 | ... O12: =BIHAR!O62+'WEST BENGAL'!O40+JHARKHAND!O18 -> 0 | Q12: =SUMPRODUCT(D12:F12,$D$2:$F$2)/SUM($D$2:$F$2) -> -2.1962798e-12 | R12: =SUMPRODUCT(G12:I12,$G$2:$I$2)/SUM($G$2:$I$2) -> 6.1292034e-13 | S12: =SUMPRODUCT(J12:L12,$J$2:$L$2)/SUM($J$2:$L$2) -> 0 | T12: =SUMPRODUCT(M12:O12,$M$3:$O$3)/SUM($M$3:$O$3) -> 0 | U12: =SUMPRODUCT(D12:O12,D$3:O$3)/SUM($D$3:$O$3) -> -3.9200216e-13 | V12: =SUMPRODUCT(D12:I12,$D$3:$I$3)/SUM($D$3:$I$3) -> -7.8400431e-13
A13: Avg Milk/Day @4% | B13: KG | C13: FY 23-24 | D13: =SUM(D9:D12) -> 209137.3 | E13: =SUM(E9:E12) -> 221284.23 | F13: =SUM(F9:F12) -> 207883.38 | G13: =SUM(G9:G12) -> 195106.99 | H13: =SUM(H9:H12) -> 175889.36 | I13: =SUM(I9:I12) -> 203891.43 | J13: =SUM(J9:J12) -> 209698.92 | K13: =SUM(K9:K12) -> 205121.54 | ... O13: =SUM(O9:O12) -> 249290.8 | Q13: =SUMPRODUCT(D13:F13,$D$2:$F$2)/SUM($D$2:$F$2) -> 212861.88 | R13: =SUMPRODUCT(G13:I13,$G$2:$I$2)/SUM($G$2:$I$2) -> 191495.98 | S13: =SUMPRODUCT(J13:L13,$J$2:$L$2)/SUM($J$2:$L$2) -> 215985.96 | T13: =SUMPRODUCT(M13:O13,$M$3:$O$3)/SUM($M$3:$O$3) -> 249906.44 | U13: =SUMPRODUCT(D13:O13,D$3:O$3)/SUM($D$3:$O$3)+9 -> 217496.04 | V13: =SUMPRODUCT(D13:I13,$D$3:$I$3)/SUM($D$3:$I$3) -> 202120.55
A14: Own Network | B14: KG | C14: FY 24-25 | D14: =BIHAR!D64+'WEST BENGAL'!D42+JHARKHAND!D20 -> 166189.34 | E14: =BIHAR!E64+'WEST BENGAL'!E42+JHARKHAND!E20 -> 176072.69 | F14: =BIHAR!F64+'WEST BENGAL'!F42+JHARKHAND!F20 -> 171373.01 | G14: =BIHAR!G64+'WEST BENGAL'!G42+JHARKHAND!G20 -> 170587.54 | H14: =BIHAR!H64+'WEST BENGAL'!H42+JHARKHAND!H20 -> 154526.95 | I14: =BIHAR!I64+'WEST BENGAL'!I42+JHARKHAND!I20 -> 173352.11 | J14: =BIHAR!J64+'WEST BENGAL'!J42+JHARKHAND!J20 -> 160234.19 | K14: =BIHAR!K64+'WEST BENGAL'!K42+JHARKHAND!K20 -> 140828.89 | ... O14: =BIHAR!O64+'WEST BENGAL'!O42+JHARKHAND!O20 -> 203497.28 | Q14: =SUMPRODUCT(D14:F14,$D$2:$F$2)/SUM($D$2:$F$2) -> 171265.1 | R14: =SUMPRODUCT(G14:I14,$G$2:$I$2)/SUM($G$2:$I$2) -> 166077.31 | S14: =SUMPRODUCT(J14:L14,$J$2:$L$2)/SUM($J$2:$L$2) -> 158773.69 | T14: =SUMPRODUCT(M14:O14,$M$2:$O$2)/SUM($M$2:$O$2) -> 206938.85 | U14: =SUMPRODUCT(D14:O14,D$2:O$2)/SUM($D$2:$O$2)+9 -> 175614.24 | V14: =SUMPRODUCT(D14:I14,$D$2:$I$2)/SUM($D$2:$I$2) -> 168657.03
A15: Moo Mark | B15: KG | C15: FY 24-25 | D15: =BIHAR!D65+JHARKHAND!D21 -> 17483.704 | E15: =BIHAR!E65+JHARKHAND!E21 -> 9497.0202 | F15: =BIHAR!F65+JHARKHAND!F21 -> 6629.4625 | G15: =BIHAR!G65+JHARKHAND!G21 -> 9914.5948 | H15: =BIHAR!H65+JHARKHAND!H21 -> 8504.1956 | I15: =BIHAR!I65+JHARKHAND!I21 -> 18437.29 | J15: =BIHAR!J65+JHARKHAND!J21 -> 17470.823 | K15: =BIHAR!K65+JHARKHAND!K21 -> 12530.154 | ... O15: =BIHAR!O65+JHARKHAND!O21 -> 18197.323 | Q15: =SUMPRODUCT(D15:F15,$D$2:$F$2)/SUM($D$2:$F$2) -> 11184.644 | R15: =SUMPRODUCT(G15:I15,$G$2:$I$2)/SUM($G$2:$I$2) -> 12218.491 | S15: =SUMPRODUCT(J15:L15,$J$2:$L$2)/SUM($J$2:$L$2) -> 14768.11 | T15: =SUMPRODUCT(M15:O15,$M$2:$O$2)/SUM($M$2:$O$2) -> 18656.45 | U15: =SUMPRODUCT(D15:O15,D$2:O$2)/SUM($D$2:$O$2) -> 14190.823 | V15: =SUMPRODUCT(D15:I15,$D$2:$I$2)/SUM($D$2:$I$2) -> 11704.392
A16: Vendor | B16: KG | C16: FY 24-25 | D16: =BIHAR!D66+'WEST BENGAL'!D43+JHARKHAND!D22 -> 66174.279 | E16: =BIHAR!E66+'WEST BENGAL'!E43+JHARKHAND!E22 -> 53107.114 | F16: =BIHAR!F66+'WEST BENGAL'!F43+JHARKHAND!F22 -> 56589.874 | G16: =BIHAR!G66+'WEST BENGAL'!G43+JHARKHAND!G22 -> 55507.549 | H16: =BIHAR!H66+'WEST BENGAL'!H43+JHARKHAND!H22 -> 83820.342 | I16: =BIHAR!I66+'WEST BENGAL'!I43+JHARKHAND!I22 -> 54121.473 | J16: =BIHAR!J66+'WEST BENGAL'!J43+JHARKHAND!J22 -> 61280.42 | K16: =BIHAR!K66+'WEST BENGAL'!K43+JHARKHAND!K22 -> 116721.94 | ... O16: =BIHAR!O66+'WEST BENGAL'!O43+JHARKHAND!O22 -> 46927.335 | Q16: =SUMPRODUCT(D16:F16,$D$2:$F$2)/SUM($D$2:$F$2) -> 58563.133 | R16: =SUMPRODUCT(G16:I16,$G$2:$I$2)/SUM($G$2:$I$2) -> 64595.748 | S16: =SUMPRODUCT(J16:L16,$J$2:$L$2)/SUM($J$2:$L$2) -> 87274.698 | T16: =SUMPRODUCT(M16:O16,$M$2:$O$2)/SUM($M$2:$O$2) -> 48235.986 | U16: =SUMPRODUCT(D16:O16,D$2:O$2)/SUM($D$2:$O$2) -> 64774.15 | V16: =SUMPRODUCT(D16:I16,$D$2:$I$2)/SUM($D$2:$I$2) -> 61595.923 | W16: =V16+V15 -> 73300.315
A17: Transfer | B17: KG | C17: FY 24-25 | D17: =BIHAR!D67+'WEST BENGAL'!D44+'WEST BENGAL'!#REF!+JHARKHAND!D23 -> #REF! | E17: =BIHAR!E67+'WEST BENGAL'!E44+'WEST BENGAL'!#REF!+JHARKHAND!E23 -> #REF! | F17: =BIHAR!F67+'WEST BENGAL'!F44+'WEST BENGAL'!#REF!+JHARKHAND!F23 -> #REF! | G17: =BIHAR!G67+'WEST BENGAL'!G44+'WEST BENGAL'!#REF!+JHARKHAND!G23 -> #REF! | H17: =BIHAR!H67+'WEST BENGAL'!H44+'WEST BENGAL'!#REF!+JHARKHAND!H23 -> #REF! | I17: =BIHAR!I67+'WEST BENGAL'!I44+'WEST BENGAL'!#REF!+JHARKHAND!I23 -> #REF! | J17: =BIHAR!J67+'WEST BENGAL'!J44+'WEST BENGAL'!#REF!+JHARKHAND!J23 -> #REF! | K17: =BIHAR!K67+'WEST BENGAL'!K44+'WEST BENGAL'!#REF!+JHARKHAND!K23 -> #REF! | ... O17: =BIHAR!O67+'WEST BENGAL'!O44+'WEST BENGAL'!#REF!+JHARKHAND!O23 -> #REF! | Q17: =SUMPRODUCT(D17:F17,$D$2:$F$2)/SUM($D$2:$F$2) -> #REF! | R17: =SUMPRODUCT(G17:I17,$G$2:$I$2)/SUM($G$2:$I$2) -> #REF! | S17: =SUMPRODUCT(J17:L17,$J$2:$L$2)/SUM($J$2:$L$2) -> #REF! | T17: =SUMPRODUCT(M17:O17,$M$2:$O$2)/SUM($M$2:$O$2) -> #REF! | U17: =SUMPRODUCT(D17:O17,D$2:O$2)/SUM($D$2:$O$2) -> #REF! | V17: =SUMPRODUCT(D17:I17,$D$2:$I$2)/SUM($D$2:$I$2) -> #REF!
A18: Avg Milk/Day @4% | B18: KG | C18: FY 24-25 | D18: =SUM(D14:D17) -> #REF! | E18: =SUM(E14:E17) -> #REF! | F18: =SUM(F14:F17) -> #REF! | G18: =SUM(G14:G17) -> #REF! | H18: =SUM(H14:H17) -> #REF! | I18: =SUM(I14:I17) -> #REF! | J18: =SUM(J14:J17) -> #REF! | K18: =SUM(K14:K17) -> #REF! | ... O18: =SUM(O14:O17) -> #REF! | Q18: =SUMPRODUCT(D18:F18,$D$2:$F$2)/SUM($D$2:$F$2) -> #REF! | R18: =SUMPRODUCT(G18:I18,$G$2:$I$2)/SUM($G$2:$I$2) -> #REF! | S18: =SUMPRODUCT(J18:L18,$J$2:$L$2)/SUM($J$2:$L$2) -> #REF! | T18: =SUMPRODUCT(M18:O18,$M$2:$O$2)/SUM($M$2:$O$2) -> #REF! | U18: =SUMPRODUCT(D18:O18,D$2:O$2)/SUM($D$2:$O$2)+9 -> #REF! | V18: =SUMPRODUCT(D18:I18,$D$2:$I$2)/SUM($D$2:$I$2) -> #REF!
A19: Own Network | B19: KG | C19: FY 25-26 | D19: =BIHAR!D69+'WEST BENGAL'!D46+JHARKHAND!D25 -> 175408.74 | E19: =BIHAR!E69+'WEST BENGAL'!E46+JHARKHAND!E25 -> 192377.71 | F19: =BIHAR!F69+'WEST BENGAL'!F46+JHARKHAND!F25 -> 216244.66 | G19: =BIHAR!G69+'WEST BENGAL'!G46+JHARKHAND!G25 -> 230776.39 | H19: =BIHAR!H69+'WEST BENGAL'!H46+JHARKHAND!H25 -> 210409.23 | I19: =BIHAR!I69+'WEST BENGAL'!I46+JHARKHAND!I25 -> 219460.31 | J19: =BIHAR!J69+'WEST BENGAL'!J46+JHARKHAND!J25 -> 202010.17 | K19: =BIHAR!K69+'WEST BENGAL'!K46+JHARKHAND!K25 -> 196517.7 | ... O19: =BIHAR!O69+'WEST BENGAL'!O46+JHARKHAND!O25 -> 296431.23 | Q19: =SUMPRODUCT(D19:F19,$D$2:$F$2)/SUM($D$2:$F$2) -> 194651.77 | R19: =SUMPRODUCT(G19:I19,$G$2:$I$2)/SUM($G$2:$I$2) -> 220223.52 | S19: =SUMPRODUCT(J19:L19,$J$2:$L$2)/SUM($J$2:$L$2) -> 216273.84 | T19: =SUMPRODUCT(M19:O19,$M$2:$O$2)/SUM($M$2:$O$2) -> 278326.53 | U19: =SUMPRODUCT(D19:O19,D$2:O$2)/SUM($D$2:$O$2) -> 227179.33
A20: Moo Mark | B20: KG | C20: FY 25-26 | D20: =BIHAR!D70+JHARKHAND!D26 -> 16702.662 | E20: =BIHAR!E70+JHARKHAND!E26 -> 8841.0565 | F20: =BIHAR!F70+JHARKHAND!F26 -> 10478.258 | G20: =BIHAR!G70+JHARKHAND!G26 -> 9590.3105 | H20: =BIHAR!H70+JHARKHAND!H26 -> 10931.427 | I20: =BIHAR!I70+JHARKHAND!I26 -> 15192.413 | J20: =BIHAR!J70+JHARKHAND!J26 -> 21830.266 | K20: =BIHAR!K70+JHARKHAND!K26 -> 25080.375 | ... O20: =BIHAR!O70+JHARKHAND!O26 -> 33037.141 | Q20: =SUMPRODUCT(D20:F20,$D$2:$F$2)/SUM($D$2:$F$2) -> 11972.532 | R20: =SUMPRODUCT(G20:I20,$G$2:$I$2)/SUM($G$2:$I$2) -> 11868.981 | S20: =SUMPRODUCT(J20:L20,$J$2:$L$2)/SUM($J$2:$L$2) -> 24927.315 | T20: =SUMPRODUCT(M20:O20,$M$2:$O$2)/SUM($M$2:$O$2) -> 36133.789 | U20: =SUMPRODUCT(D20:O20,D$2:O$2)/SUM($D$2:$O$2) -> 21169.317
A21: Vendor | B21: KG | C21: FY 25-26 | D21: =BIHAR!D71+'WEST BENGAL'!D47+JHARKHAND!D27 -> 110264.15 | E21: =BIHAR!E71+'WEST BENGAL'!E47+JHARKHAND!E27 -> 136999.4 | F21: =BIHAR!F71+'WEST BENGAL'!F47+JHARKHAND!F27 -> 79832.755 | G21: =BIHAR!G71+'WEST BENGAL'!G47+JHARKHAND!G27 -> 60749.254 | H21: =BIHAR!H71+'WEST BENGAL'!H47+JHARKHAND!H27 -> 120094.59 | I21: =BIHAR!I71+'WEST BENGAL'!I47+JHARKHAND!I27 -> 106233.4 | J21: =BIHAR!J71+'WEST BENGAL'!J47+JHARKHAND!J27 -> 97864.39 | K21: =BIHAR!K71+'WEST BENGAL'!K47+JHARKHAND!K27 -> 101276.23 | ... O21: =BIHAR!O71+'WEST BENGAL'!O47+JHARKHAND!O27 -> 53445.056 | Q21: =SUMPRODUCT(D21:F21,$D$2:$F$2)/SUM($D$2:$F$2) -> 109339.43 | R21: =SUMPRODUCT(G21:I21,$G$2:$I$2)/SUM($G$2:$I$2) -> 95577.84 | S21: =SUMPRODUCT(J21:L21,$J$2:$L$2)/SUM($J$2:$L$2) -> 78871.597 | T21: =SUMPRODUCT(M21:O21,$M$2:$O$2)/SUM($M$2:$O$2) -> 51134.328 | U21: =SUMPRODUCT(D21:O21,D$2:O$2)/SUM($D$2:$O$2) -> 83839.25
A22: Transfer | B22: KG | C22: FY 25-26 | D22: =BIHAR!D72+'WEST BENGAL'!D48+'WEST BENGAL'!#REF!+JHARKHAND!D28 -> #REF! | E22: =BIHAR!E72+'WEST BENGAL'!E48+'WEST BENGAL'!#REF!+JHARKHAND!E28 -> #REF! | F22: =BIHAR!F72+'WEST BENGAL'!F48+'WEST BENGAL'!#REF!+JHARKHAND!F28 -> #REF! | G22: =BIHAR!G72+'WEST BENGAL'!G48+'WEST BENGAL'!#REF!+JHARKHAND!G28 -> #REF! | H22: =BIHAR!H72+'WEST BENGAL'!H48+'WEST BENGAL'!#REF!+JHARKHAND!H28 -> #REF! | I22: =BIHAR!I72+'WEST BENGAL'!I48+'WEST BENGAL'!#REF!+JHARKHAND!I28 -> #REF! | J22: =BIHAR!J72+'WEST BENGAL'!J48+'WEST BENGAL'!#REF!+JHARKHAND!J28 -> #REF! | K22: =BIHAR!K72+'WEST BENGAL'!K48+'WEST BENGAL'!#REF!+JHARKHAND!K28 -> #REF! | ... O22: =BIHAR!O72+'WEST BENGAL'!O48+'WEST BENGAL'!#REF!+JHARKHAND!O28 -> #REF! | Q22: =SUMPRODUCT(D22:F22,$D$2:$F$2)/SUM($D$2:$F$2) -> #REF! | R22: =SUMPRODUCT(G22:I22,$G$2:$I$2)/SUM($G$2:$I$2) -> #REF! | S22: =SUMPRODUCT(J22:L22,$J$2:$L$2)/SUM($J$2:$L$2) -> #REF! | T22: =SUMPRODUCT(M22:O22,$M$2:$O$2)/SUM($M$2:$O$2) -> #REF! | U22: =SUMPRODUCT(D22:O22,D$2:O$2)/SUM($D$2:$O$2) -> #REF!
A23: Avg Milk/Day @4% | B23: KG | C23: FY 25-26 | D23: =SUM(D19:D22) -> #REF! | E23: =SUM(E19:E22) -> #REF! | F23: =SUM(F19:F22) -> #REF! | G23: =SUM(G19:G22) -> #REF! | H23: =SUM(H19:H22) -> #REF! | I23: =SUM(I19:I22) -> #REF! | J23: =SUM(J19:J22) -> #REF! | K23: =SUM(K19:K22) -> #REF! | ... O23: =SUM(O19:O22) -> #REF! | Q23: =SUMPRODUCT(D23:F23,$D$2:$F$2)/SUM($D$2:$F$2) -> #REF! | R23: =SUMPRODUCT(G23:I23,$G$2:$I$2)/SUM($G$2:$I$2) -> #REF! | S23: =SUMPRODUCT(J23:L23,$J$2:$L$2)/SUM($J$2:$L$2) -> #REF! | T23: =SUMPRODUCT(M23:O23,$M$2:$O$2)/SUM($M$2:$O$2) -> #REF! | U23: =SUMPRODUCT(D23:O23,D$2:O$2)/SUM($D$2:$O$2) -> #REF!
A25: Supply chain Cost | B25: Rs/Kg | C25: FY 23-24 | D25: =(BIHAR!D59*BIHAR!D87+'WEST BENGAL'!D38*'WEST BENGAL'!D60+JHARKHAND!D15*JHARKHAND!D37)/Consolidate!D9 -> 3.0529488 | E25: =(BIHAR!E59*BIHAR!E87+'WEST BENGAL'!E38*'WEST BENGAL'!E60+JHARKHAND!E15*JHARKHAND!E37)/Consolidate!E9 -> 3.1859219 | F25: =(BIHAR!F59*BIHAR!F87+'WEST BENGAL'!F38*'WEST BENGAL'!F60+JHARKHAND!F15*JHARKHAND!F37)/Consolidate!F9 -> 3.093475 | G25: =(BIHAR!G59*BIHAR!G87+'WEST BENGAL'!G38*'WEST BENGAL'!G60+JHARKHAND!G15*JHARKHAND!G37)/Consolidate!G9 -> 3.1704964 | H25: =(BIHAR!H59*BIHAR!H87+'WEST BENGAL'!H38*'WEST BENGAL'!H60+JHARKHAND!H15*JHARKHAND!H37)/Consolidate!H9 -> 3.2370379 | I25: =(BIHAR!I59*BIHAR!I87+'WEST BENGAL'!I38*'WEST BENGAL'!I60+JHARKHAND!I15*JHARKHAND!I37)/Consolidate!I9 -> 3.2104731 | J25: =(BIHAR!J59*BIHAR!J87+'WEST BENGAL'!J38*'WEST BENGAL'!J60+JHARKHAND!J15*JHARKHAND!J37)/Consolidate!J9 -> 3.0744134 | K25: =(BIHAR!K59*BIHAR!K87+'WEST BENGAL'!K38*'WEST BENGAL'!K60+JHARKHAND!K15*JHARKHAND!K37)/Consolidate!K9 -> 2.9628136 | ... O25: =(BIHAR!O59*BIHAR!O87+'WEST BENGAL'!O38*'WEST BENGAL'!O60+JHARKHAND!O15*JHARKHAND!O37)/Consolidate!O9 -> 2.555034 | Q25: =SUMPRODUCT(D25:F25,D9:F9)/SUM(D9:F9) -> 3.1109666 | R25: =SUMPRODUCT(G25:I25,G9:I9)/SUM(G9:I9) -> 3.2047365 | S25: =SUMPRODUCT(J25:L25,J9:L9)/SUM(J9:L9) -> 2.9448557 | T25: =SUMPRODUCT(M25:O25,M9:O9)/SUM(M9:O9) -> 2.5548888 | U25: =SUMPRODUCT(D25:O25,D9:O9)/SUM(D9:O9) -> 2.9310789
A26: Supply chain Cost | B26: Rs/Kg | C26: FY 24-25 | D26: =(BIHAR!D64*BIHAR!D88+'WEST BENGAL'!D42*'WEST BENGAL'!D61+JHARKHAND!D20*JHARKHAND!D38)/Consolidate!D14 -> 3.0129284 | E26: =(BIHAR!E64*BIHAR!E88+'WEST BENGAL'!E42*'WEST BENGAL'!E61+JHARKHAND!E20*JHARKHAND!E38)/Consolidate!E14 -> 2.942535 | F26: =(BIHAR!F64*BIHAR!F88+'WEST BENGAL'!F42*'WEST BENGAL'!F61+JHARKHAND!F20*JHARKHAND!F38)/Consolidate!F14 -> 3.1648239 | G26: =(BIHAR!G64*BIHAR!G88+'WEST BENGAL'!G42*'WEST BENGAL'!G61+JHARKHAND!G20*JHARKHAND!G38)/Consolidate!G14 -> 2.9596152 | H26: =(BIHAR!H64*BIHAR!H88+'WEST BENGAL'!H42*'WEST BENGAL'!H61+JHARKHAND!H20*JHARKHAND!H38)/Consolidate!H14 -> 3.210469 | I26: =(BIHAR!I64*BIHAR!I88+'WEST BENGAL'!I42*'WEST BENGAL'!I61+JHARKHAND!I20*JHARKHAND!I38)/Consolidate!I14 -> 3.0213372 | J26: =(BIHAR!J64*BIHAR!J88+'WEST BENGAL'!J42*'WEST BENGAL'!J61+JHARKHAND!J20*JHARKHAND!J38)/Consolidate!J14 -> 3.052242 | K26: =(BIHAR!K64*BIHAR!K88+'WEST BENGAL'!K42*'WEST BENGAL'!K61+JHARKHAND!K20*JHARKHAND!K38)/Consolidate!K14 -> 3.1229431 | ... O26: =(BIHAR!O64*BIHAR!O88+'WEST BENGAL'!O42*'WEST BENGAL'!O61+JHARKHAND!O20*JHARKHAND!O38)/Consolidate!O14 -> 2.6364921 | Q26: =SUMPRODUCT(D26:F26,$D$14:$F$14)/SUM($D$14:$F$14) -> 3.0394773 | R26: =SUMPRODUCT(G26:I26,$G$14:$I$14)/SUM($G$14:$I$14) -> 3.0588461 | S26: =SUMPRODUCT(J26:L26,$J$14:$L$14)/SUM($J$14:$L$14) -> 2.9852958 | T26: =SUMPRODUCT(M26:O26,$M$14:$O$14)/SUM($M$14:$O$14) -> 2.6841698 | U26: =SUMPRODUCT(D26:O26,$D$14:$O$14)/SUM($D$14:$O$14) -> 2.9271026
A27: Supply chain Cost | B27: Rs/Kg | C27: FY 25-26 | D27: =(BIHAR!D69*BIHAR!D89+'WEST BENGAL'!D46*'WEST BENGAL'!D62+JHARKHAND!D29*JHARKHAND!D39)/Consolidate!D19 -> 3.4200312 | E27: =(BIHAR!E69*BIHAR!E89+'WEST BENGAL'!E46*'WEST BENGAL'!E62+JHARKHAND!E29*JHARKHAND!E39)/Consolidate!E19 -> 3.0950463 | F27: =(BIHAR!F69*BIHAR!F89+'WEST BENGAL'!F46*'WEST BENGAL'!F62+JHARKHAND!F29*JHARKHAND!F39)/Consolidate!F19 -> 3.129632 | G27: =(BIHAR!G69*BIHAR!G89+'WEST BENGAL'!G46*'WEST BENGAL'!G62+JHARKHAND!G29*JHARKHAND!G39)/Consolidate!G19 -> 3.1463961 | H27: =(BIHAR!H69*BIHAR!H89+'WEST BENGAL'!H46*'WEST BENGAL'!H62+JHARKHAND!H29*JHARKHAND!H39)/Consolidate!H19 -> 3.3553903 | I27: =(BIHAR!I69*BIHAR!I89+'WEST BENGAL'!I46*'WEST BENGAL'!I62+JHARKHAND!I29*JHARKHAND!I39)/Consolidate!I19 -> 3.4633218 | J27: =(BIHAR!J69*BIHAR!J89+'WEST BENGAL'!J46*'WEST BENGAL'!J62+JHARKHAND!J29*JHARKHAND!J39)/Consolidate!J19 -> 3.4500593 | K27: =(BIHAR!K69*BIHAR!K89+'WEST BENGAL'!K46*'WEST BENGAL'!K62+JHARKHAND!K29*JHARKHAND!K39)/Consolidate!K19 -> 3.4364832 | ... O27: =(BIHAR!O69*BIHAR!O89+'WEST BENGAL'!O46*'WEST BENGAL'!O62+JHARKHAND!O29*JHARKHAND!O39)/Consolidate!O19 -> 3.0026764 | Q27: =SUMPRODUCT(D27:F27,$D$14:$F$14)/SUM($D$14:$F$14) -> 3.2117363 | R27: =SUMPRODUCT(G27:I27,$G$14:$I$14)/SUM($G$14:$I$14) -> 3.3214028 | S27: =SUMPRODUCT(J27:L27,$J$14:$L$14)/SUM($J$14:$L$14) -> 3.3226259 | T27: =SUMPRODUCT(M27:O27,$M$14:$O$14)/SUM($M$14:$O$14) -> 3.0900145 | U27: =SUMPRODUCT(D27:O27,$D$14:$O$14)/SUM($D$14:$O$14) -> 3.2267734
A29: Network Milk @ 4% & 8.5%
A30: Landed Cost | B30: Rs/Kg | C30: =+C25 -> FY 23-24 | D30: 39.505867 | E30: 43.16434 | F30: 41.883471 | G30: 40.488292 | H30: 40.366275 | I30: 40.278411 | J30: 40.135896 | K30: 40.171526 | L30: 40.17219 | M30: 39.954948 | N30: 39.765445 | O30: 37.668034 | Q30: =SUMPRODUCT(D30:F30,D9:F9)/SUM(D9:F9) -> 41.541981 | R30: =SUMPRODUCT(G30:I30,G9:I9)/SUM(G9:I9) -> 40.378354 | S30: =SUMPRODUCT(J30:L30,J9:L9)/SUM(J9:L9) -> 40.159536 | T30: =SUMPRODUCT(M30:O30,M9:O9)/SUM(M9:O9) -> 39.127989 | U30: =SUMPRODUCT(D30:O30,D9:O9)/SUM(D9:O9) -> 40.233236
A31: Landed Cost | B31: Rs/Kg | C31: =+C26 -> FY 24-25 | D31: 40.390525 | E31: 40.288558 | F31: 40.110018 | G31: 40.388447 | H31: 40.268682 | I31: 40.179058 | J31: 40.200487 | K31: 40.098044 | L31: 40.129005 | M31: 39.67431 | N31: 39.622887 | O31: 39.608032 | Q31: =SUMPRODUCT(D31:F31,$D$14:$F$14)/SUM($D$14:$F$14) -> 40.261981 | R31: =SUMPRODUCT(G31:I31,$G$14:$I$14)/SUM($G$14:$I$14) -> 40.2785 | S31: =SUMPRODUCT(J31:L31,$J$14:$L$14)/SUM($J$14:$L$14) -> 40.143916 | T31: =SUMPRODUCT(M31:O31,$M$14:$O$14)/SUM($M$14:$O$14) -> 39.634604 | U31: =SUMPRODUCT(D31:O31,$D$14:$O$14)/SUM($D$14:$O$14) -> 40.05433
A32: Landed Cost | B32: Rs/Kg | C32: =+C27 -> FY 25-26 | D32: 39.668827 | E32: 39.581598 | F32: 41.247675 | G32: 41.185119 | H32: 39.699687 | I32: 41.636332 | J32: 41.51735 | K32: 41.151717 | L32: 41.064458 | M32: 41.04 | N32: 40.95 | O32: 41.03 | Q32: =SUMPRODUCT(D32:F32,$D$14:$F$14)/SUM($D$14:$F$14) -> 40.165704 | R32: =SUMPRODUCT(G32:I32,$G$14:$I$14)/SUM($G$14:$I$14) -> 40.881547 | S32: =SUMPRODUCT(J32:L32,$J$14:$L$14)/SUM($J$14:$L$14) -> 41.242826 | T32: =SUMPRODUCT(M32:O32,$M$14:$O$14)/SUM($M$14:$O$14) -> 41.005193 | U32: =SUMPRODUCT(D32:O32,$D$14:$O$14)/SUM($D$14:$O$14) -> 40.825182
A34: Overall Milk @ 4% & 8.5%
A35: Landed Cost | B35: Rs/Kg | C35: =+C30 -> FY 23-24 | D35: 40.821937 | E35: 43.813182 | F35: 42.466038 | G35: 41.045352 | H35: 40.735333 | I35: 40.474853 | J35: 40.436419 | K35: 40.487047 | L35: 40.050294 | M35: 39.761417 | N35: 39.730649 | O35: 37.573854 | Q35: =SUMPRODUCT(D35:F35,D13:F13)/SUM(D13:F13) -> 42.394378 | R35: =SUMPRODUCT(G35:I35,G13:I13)/SUM(G13:I13) -> 40.748166 | S35: =SUMPRODUCT(J35:L35,J13:L13)/SUM(J13:L13) -> 40.313659 | T35: =SUMPRODUCT(M35:O35,M13:O13)/SUM(M13:O13) -> 39.023801 | U35: =SUMPRODUCT(D35:O35,D13:O13)/SUM(D13:O13) -> 40.54762
A36: Landed Cost | B36: Rs/Kg | C36: =+C31 -> FY 24-25 | D36: 39.795941 | E36: 40.200718 | F36: 39.963435 | G36: 40.068535 | H36: 40.112316 | I36: 40.122147 | J36: 39.920105 | K36: 39.936021 | L36: 39.90973 | M36: 39.887151 | N36: 39.651687 | O36: 39.649927 | Q36: =SUMPRODUCT(D36:F36,$D$18:$F$18)/SUM($D$18:$F$18) -> #REF! | R36: =SUMPRODUCT(G36:I36,$G$18:$I$18)/SUM($G$18:$I$18) -> #REF! | S36: =SUMPRODUCT(J36:L36,$J$18:$L$18)/SUM($J$18:$L$18) -> #REF! | T36: =SUMPRODUCT(M36:O36,$M$18:$O$18)/SUM($M$18:$O$18) -> #REF! | U36: =SUMPRODUCT(D36:O36,$D$18:$O$18)/SUM($D$18:$O$18) -> #REF!
A37: Landed Cost | B37: Rs/Kg | C37: =+C32 -> FY 25-26 | D37: 41.24041 | E37: 42.052587 | F37: 42.100919 | G37: 41.899131 | H37: 42.377159 | I37: 44.355577 | J37: 44.62035 | K37: 44.15821 | L37: 42.115952 | M37: 42.220807 | N37: 41.367607 | O37: 41.638477 | Q37: =SUMPRODUCT(D37:F37,$D$18:$F$18)/SUM($D$18:$F$18) -> #REF! | R37: =SUMPRODUCT(G37:I37,$G$18:$I$18)/SUM($G$18:$I$18) -> #REF! | S37: =SUMPRODUCT(J37:L37,$J$18:$L$18)/SUM($J$18:$L$18) -> #REF! | T37: =SUMPRODUCT(M37:O37,$M$18:$O$18)/SUM($M$18:$O$18) -> #REF! | U37: =SUMPRODUCT(D37:O37,$D$18:$O$18)/SUM($D$18:$O$18) -> #REF!

Sheet BIHAR
A1: Milk Procurement Historical Data- BIHAR
D2: 30 | E2: 31 | F2: 30 | G2: 31 | H2: 31 | I2: 30 | J2: 31 | K2: 30 | L2: 31 | M2: 31 | N2: 28 | O2: 31 | Q2: Quarterly | U2: =SUM(D2:O2) -> 365
D3: 30 | E3: 31 | F3: 30 | G3: 31 | H3: 31 | I3: 30 | J3: 31 | K3: 30 | L3: 31 | M3: 31 | N3: 29 | O3: 31 | Q3: Quarterly | U3: =SUM(D3:O3) -> 366
A4: Particulas | B4: UOM | C4: Months | D4: Apr | E4: May | F4: Jun | G4: Jul | H4: Aug | I4: Sep | J4: Oct | K4: Nov | L4: Dec | M4: Jan | N4: Feb | O4: Mar | Q4: Q1 | R4: Q2 | S4: Q3 | T4: Q4 | U4: YTD
A5: No. of MPGs | B5: Nos | C5: FY 14-15 | D5: 196.2 | E5: 190.93548 | F5: 185.16667 | G5: 192.70968 | H5: 222.19355 | I5: 257.2 | J5: 244.70968 | K5: 270.06667 | L5: 276.74194 | M5: 246.89655 | N5: 253.71429 | O5: 226.7 | Q5: =SUMPRODUCT(D5:F5,$D$2:$F$2)/SUM($D$2:$F$2) -> 190.76923 | R5: =SUMPRODUCT(G5:I5,$G$2:$I$2)/SUM($G$2:$I$2) -> 223.67391 | S5: =SUMPRODUCT(J5:L5,$J$2:$L$2)/SUM($J$2:$L$2) -> 263.77174 | T5: =SUMPRODUCT(M5:O5,$M$2:$O$2)/SUM($M$2:$O$2) -> 242.06103 | U5: =SUMPRODUCT(D5:O5,$D$2:$O$2)/SUM($D$2:$O$2) -> 230.11094
A6: No. of MPGs | B6: Nos | C6: FY 15-16 | D6: 269 | E6: 243 | F6: 262 | G6: 268 | H6: 290 | I6: 263 | J6: 274 | K6: 276 | L6: 271 | M6: 265 | N6: 244 | O6: 239 | Q6: =SUMPRODUCT(D6:F6,$D$2:$F$2)/SUM($D$2:$F$2) -> 257.83516 | R6: =SUMPRODUCT(G6:I6,$G$2:$I$2)/SUM($G$2:$I$2) -> 273.78261 | S6: =SUMPRODUCT(J6:L6,$J$2:$L$2)/SUM($J$2:$L$2) -> 273.6413 | T6: =SUMPRODUCT(M6:O6,$M$2:$O$2)/SUM($M$2:$O$2) -> 249.51111 | U6: =SUMPRODUCT(D6:O6,$D$2:$O$2)/SUM($D$2:$O$2) -> 263.7863
A7: No. of MPGs | B7: Nos | C7: FY 16-17 | D7: 226 | E7: 257 | F7: 259 | G7: 291 | H7: 302 | I7: 292 | J7: 312 | K7: 309 | L7: 334 | M7: 335 | N7: 335 | O7: 355 | Q7: =SUMPRODUCT(D7:F7,$D$2:$F$2)/SUM($D$2:$F$2) -> 247.43956 | R7: =SUMPRODUCT(G7:I7,$G$2:$I$2)/SUM($G$2:$I$2) -> 295.03261 | S7: =SUMPRODUCT(J7:L7,$J$2:$L$2)/SUM($J$2:$L$2) -> 318.43478 | T7: =SUMPRODUCT(M7:O7,$M$2:$O$2)/SUM($M$2:$O$2) -> 341.88889 | U7: =SUMPRODUCT(D7:O7,$D$2:$O$2)/SUM($D$2:$O$2) -> 300.61918
A8: No. of MPGs | B8: Nos | C8: FY 17-18 | D8: 368 | E8: 357 | F8: 336 | G8: 375 | H8: 413 | I8: 419 | J8: 416 | K8: 416 | L8: 436 | M8: 428 | N8: 430 | O8: 440 | Q8: =SUMPRODUCT(D8:F8,$D$2:$F$2)/SUM($D$2:$F$2) -> 353.7033 | R8: =SUMPRODUCT(G8:I8,$G$2:$I$2)/SUM($G$2:$I$2) -> 402.15217 | S8: =SUMPRODUCT(J8:L8,$J$2:$L$2)/SUM($J$2:$L$2) -> 422.73913 | T8: =SUMPRODUCT(M8:O8,$M$2:$O$2)/SUM($M$2:$O$2) -> 432.75556 | U8: =SUMPRODUCT(D8:O8,$D$2:$O$2)/SUM($D$2:$O$2) -> 402.80822
A9: No. of MPGs | B9: Nos | C9: FY 18-19 | D9: 419 | E9: 388 | F9: 356 | G9: 354 | H9: 345 | I9: 330 | J9: 344 | K9: 360 | L9: 364 | M9: 357 | N9: 352 | O9: 349 | Q9: =SUMPRODUCT(D9:F9,$D$2:$F$2)/SUM($D$2:$F$2) -> 387.67033 | R9: =SUMPRODUCT(G9:I9,$G$2:$I$2)/SUM($G$2:$I$2) -> 343.1413 | S9: =SUMPRODUCT(J9:L9,$J$2:$L$2)/SUM($J$2:$L$2) -> 355.95652 | T9: =SUMPRODUCT(M9:O9,$M$2:$O$2)/SUM($M$2:$O$2) -> 352.68889 | U9: =SUMPRODUCT(D9:O9,$D$2:$O$2)/SUM($D$2:$O$2) -> 359.8274
A10: No. of MPGs | B10: Nos | C10: FY 19-20 | D10: 324 | E10: 312 | F10: 312 | G10: 316 | H10: 336 | I10: 347 | J10: 356 | K10: 369 | L10: 373 | M10: 376 | N10: 383 | O10: 460 | Q10: =SUMPRODUCT(D10:F10,$D$2:$F$2)/SUM($D$2:$F$2) -> 315.95604 | R10: =SUMPRODUCT(G10:I10,$G$2:$I$2)/SUM($G$2:$I$2) -> 332.84783 | S10: =SUMPRODUCT(J10:L10,$J$2:$L$2)/SUM($J$2:$L$2) -> 365.96739 | T10: =SUMPRODUCT(M10:O10,$M$2:$O$2)/SUM($M$2:$O$2) -> 407.11111 | U10: =SUMPRODUCT(D10:O10,$D$2:$O$2)/SUM($D$2:$O$2) -> 355.29589 | W10: No of MPGs
A11: No. of MPGs | B11: Nos | C11: FY 20-21 | D11: 489 | E11: 487 | F11: 431 | G11: 395 | H11: 407 | I11: 367 | J11: 405 | K11: 356 | L11: 398 | M11: 412 | N11: 407 | O11: 478 | P11: =MAX(D11:O11) -> 489 | Q11: =SUMPRODUCT(D11:F11,$D$2:$F$2)/SUM($D$2:$F$2) -> 469.1978 | R11: =SUMPRODUCT(G11:I11,$G$2:$I$2)/SUM($G$2:$I$2) -> 389.91304 | S11: =SUMPRODUCT(J11:L11,$J$2:$L$2)/SUM($J$2:$L$2) -> 386.66304 | T11: =SUMPRODUCT(M11:O11,$M$2:$O$2)/SUM($M$2:$O$2) -> 433.17778 | U11: =SUMPRODUCT(D11:O11,$D$2:$O$2)/SUM($D$2:$O$2) -> 419.52877 | W11: Year | X11: BR | Y11: WB | Z11: JH | AA11: Total
A12: No. of MPGs | B12: Nos | C12: FY 21-22 | D12: 474 | E12: 444 | F12: 445 | G12: 453 | H12: 444 | I12: 413 | J12: 394 | K12: 359 | L12: 388 | M12: 371 | N12: 355 | O12: 352 | P12: =MAX(D12:O12) -> 474 | Q12: =SUMPRODUCT(D12:F12,$D$2:$F$2)/SUM($D$2:$F$2) -> 454.21978 | R12: =SUMPRODUCT(G12:I12,$G$2:$I$2)/SUM($G$2:$I$2) -> 436.92391 | S12: =SUMPRODUCT(J12:L12,$J$2:$L$2)/SUM($J$2:$L$2) -> 380.56522 | T12: =SUMPRODUCT(M12:O12,$M$2:$O$2)/SUM($M$2:$O$2) -> 359.47778 | U12: =SUMPRODUCT(D12:O12,$D$2:$O$2)/SUM($D$2:$O$2) -> 407.93425 | W12: FY 20-21 | X12: 489 | Y12: ='WEST BENGAL'!V6 -> 137 | AA12: =SUM(X12:Z12) -> 626
A13: No. of MPGs | B13: Nos | C13: FY 22-23 | D13: 360 | E13: 346 | F13: 357 | G13: 374 | H13: 385 | I13: 372 | J13: 369 | K13: 360 | L13: 379 | M13: 385 | N13: 431 | O13: 528 | P13: =MAX(D13:O13) -> 528 | Q13: =SUMPRODUCT(D13:F13,$D$2:$F$2)/SUM($D$2:$F$2) -> 354.24176 | R13: =SUMPRODUCT(G13:I13,$G$2:$I$2)/SUM($G$2:$I$2) -> 377.05435 | S13: =SUMPRODUCT(J13:L13,$J$2:$L$2)/SUM($J$2:$L$2) -> 369.43478 | T13: =SUMPRODUCT(M13:O13,$M$2:$O$2)/SUM($M$2:$O$2) -> 448.56667 | U13: =O13 -> 528 | W13: FY 21-22 | X13: 474 | Y13: ='WEST BENGAL'!V7 -> 144 | AA13: =SUM(X13:Z13) -> 618
A14: No. of MPGs | B14: Nos | C14: FY 23-24 | D14: 548 | E14: 519 | F14: 538 | G14: 555 | H14: 554 | I14: 555 | J14: 628 | K14: 638 | L14: 655 | M14: 650 | N14: 681 | O14: 659 | P14: =MAX(D14:O14) -> 681 | Q14: =MAX(D14:F14) -> 548 | R14: =MAX(G14:I14) -> 555 | S14: =MAX(J14:L14) -> 655 | T14: =MAX(M14:O14) -> 681 | U14: =O14 -> 659 | W14: FY 22-23 | X14: 528 | Y14: ='WEST BENGAL'!V8 -> 164 | AA14: =SUM(X14:Z14) -> 692
A15: No. of MPGs | B15: Nos | C15: FY 24-25 | D15: 656 | E15: 665 | F15: 646 | G15: 644 | H15: 633 | I15: 639 | J15: 617 | K15: 604 | L15: 653 | M15: 684 | N15: 732 | O15: 784 | P15: =MAX(D15:O15) -> 784 | Q15: =MAX(D15:F15) -> 665 | R15: =MAX(G15:I15) -> 644 | S15: =MAX(J15:L15) -> 653 | T15: =MAX(M15:O15) -> 784 | U15: =O15 -> 784 | W15: FY 23-24 | X15: 681 | Y15: ='WEST BENGAL'!V9 -> 174 | Z15: =JHARKHAND!O4 -> 39 | AA15: =SUM(X15:Z15) -> 894
A16: No. of MPGs | B16: Nos | C16: FY 25-26 | D16: 805 | E16: 800 | F16: 812 | G16: 867 | H16: 897 | I16: 897 | J16: 905 | K16: 883 | L16: 893 | M16: 928 | N16: =M16+120 -> 1048 | O16: 1087 | P16: =MAX(D16:O16) -> 1087 | Q16: =MAX(D16:F16) -> 812 | R16: =MAX(G16:I16) -> 897 | S16: =MAX(J16:L16) -> 905 | T16: =MAX(M16:O16) -> 1087 | U16: =O16 -> 1087 | W16: FY 24-25 | X16: 784 | Y16: ='WEST BENGAL'!V10 -> 151 | Z16: =JHARKHAND!O5 -> 103 | AA16: =SUM(X16:Z16) -> 1038
A17: No. of MPGs | B17: Nos | C17: FY 26-27 | D17: 1073 | E17: 1042 | F17: 1046 | P17: =MAX(D17:O17) -> 1073 | Q17: =MAX(D17:F17) -> 1073 | R17: =MAX(G17:I17) -> 0 | S17: =MAX(J17:L17) -> 0 | T17: =MAX(M17:O17) -> 0 | U17: =O17 -> 0 | W17: FY 25-26 | X17: 1087 | Y17: ='WEST BENGAL'!V11 -> 232 | Z17: =JHARKHAND!O6 -> 145 | AA17: =SUM(X17:Z17) -> 1464
W18: FY 26-27
A19: Farmers | B19: Nos | C19: FY 14-15 | D19: 3901.3667 | E19: 3261.0323 | F19: 3352.3667 | G19: 3603.8065 | H19: 3729.7097 | I19: 3648.6 | J19: 3136.5161 | K19: 3520.0667 | L19: 3799 | M19: 3147.8621 | N19: 3668.3214 | O19: 3355 | Q19: =SUMPRODUCT(D19:F19,$D$2:$F$2)/SUM($D$2:$F$2) -> 3502.2418 | R19: =SUMPRODUCT(G19:I19,$G$2:$I$2)/SUM($G$2:$I$2) -> 3660.837 | S19: =SUMPRODUCT(J19:L19,$J$2:$L$2)/SUM($J$2:$L$2) -> 3484.8152 | T19: =SUMPRODUCT(M19:O19,$M$2:$O$2)/SUM($M$2:$O$2) -> 3381.1303 | U19: =SUMPRODUCT(D19:O19,$D$2:$O$2)/SUM($D$2:$O$2) -> 3507.9609
A20: Farmers | B20: Nos | C20: FY 15-16 | D20: 4522 | E20: 3969 | F20: 4069 | G20: 4448 | H20: 4707 | I20: 3729 | J20: 3559 | K20: 3483 | L20: 3388 | M20: 3899 | N20: 3849 | O20: 3692 | Q20: =SUMPRODUCT(D20:F20,$D$2:$F$2)/SUM($D$2:$F$2) -> 4184.2747 | R20: =SUMPRODUCT(G20:I20,$G$2:$I$2)/SUM($G$2:$I$2) -> 4300.8152 | S20: =SUMPRODUCT(J20:L20,$J$2:$L$2)/SUM($J$2:$L$2) -> 3476.5978 | T20: =SUMPRODUCT(M20:O20,$M$2:$O$2)/SUM($M$2:$O$2) -> 3812.1444 | U20: =SUMPRODUCT(D20:O20,$D$2:$O$2)/SUM($D$2:$O$2) -> 3943.5178
A21: Farmers | B21: Nos | C21: FY 16-17 | D21: 3314 | E21: 3172 | F21: 3184 | G21: 3938 | H21: 4024 | I21: 3762 | J21: 3794 | K21: 3602 | L21: 3999 | M21: 5589 | N21: 6014.6096 | O21: 6343 | Q21: =SUMPRODUCT(D21:F21,$D$2:$F$2)/SUM($D$2:$F$2) -> 3222.7692 | R21: =SUMPRODUCT(G21:I21,$G$2:$I$2)/SUM($G$2:$I$2) -> 3909.587 | S21: =SUMPRODUCT(J21:L21,$J$2:$L$2)/SUM($J$2:$L$2) -> 3800.4674 | T21: =SUMPRODUCT(M21:O21,$M$2:$O$2)/SUM($M$2:$O$2) -> 5981.123 | U21: =SUMPRODUCT(D21:O21,$D$2:$O$2)/SUM($D$2:$O$2) -> 4221.6385
A22: Farmers | B22: Nos | C22: FY 17-18 | D22: 6318 | E22: 6738 | F22: 6208 | G22: 6968 | H22: 7930 | I22: 7973 | J22: 7652 | K22: 6691 | L22: 8015 | M22: 8657 | N22: 10316 | O22: 11222 | Q22: =SUMPRODUCT(D22:F22,$D$2:$F$2)/SUM($D$2:$F$2) -> 6424.8132 | R22: =SUMPRODUCT(G22:I22,$G$2:$I$2)/SUM($G$2:$I$2) -> 7619.8696 | S22: =SUMPRODUCT(J22:L22,$J$2:$L$2)/SUM($J$2:$L$2) -> 7460.9457 | T22: =SUMPRODUCT(M22:O22,$M$2:$O$2)/SUM($M$2:$O$2) -> 10056.633 | U22: =SUMPRODUCT(D22:O22,$D$2:$O$2)/SUM($D$2:$O$2) -> 7882.7123
A23: Farmers | B23: Nos | C23: FY 18-19 | D23: 10764 | E23: 9650 | F23: 9257 | G23: 10915 | H23: 8860 | I23: 9599 | J23: 10216 | K23: 10500 | L23: =+L42/6.8 -> 16161.022 | M23: =+M42/7 -> 16711.962 | N23: =+N42/7 -> 20009.535 | O23: =+O42/7.2 -> 17875.674 | Q23: =SUMPRODUCT(D23:F23,$D$2:$F$2)/SUM($D$2:$F$2) -> 9887.6923 | R23: =SUMPRODUCT(G23:I23,$G$2:$I$2)/SUM($G$2:$I$2) -> 9793.4239 | S23: =SUMPRODUCT(J23:L23,$J$2:$L$2)/SUM($J$2:$L$2) -> 12311.823 | T23: =SUMPRODUCT(M23:O23,$M$2:$O$2)/SUM($M$2:$O$2) -> 18138.708 | U23: =SUMPRODUCT(D23:O23,$D$2:$O$2)/SUM($D$2:$O$2) -> 12509.442
A24: Farmers | B24: Nos | C24: FY 19-20 | D24: =+D45/7 -> 15162.67 | E24: =+E45/7.3 -> 9694.7105 | F24: =+F45/6.7 -> 8729.3358 | G24: =+G45/5.9 -> 11287.542 | H24: =+H45/7 -> 11392.751 | I24: =+I45/7.2 -> 11512.26 | J24: =+J45/7 -> 9830.9257 | K24: 8730 | L24: 9028 | M24: 11214 | N24: 8456 | O24: 10541 | Q24: =SUMPRODUCT(D24:F24,$D$2:$F$2)/SUM($D$2:$F$2) -> 11179.079 | R24: =SUMPRODUCT(G24:I24,$G$2:$I$2)/SUM($G$2:$I$2) -> 11396.271 | S24: =SUMPRODUCT(J24:L24,$J$2:$L$2)/SUM($J$2:$L$2) -> 9201.3771 | T24: =SUMPRODUCT(M24:O24,$M$2:$O$2)/SUM($M$2:$O$2) -> 10124.144 | U24: =SUMPRODUCT(D24:O24,$D$2:$O$2)/SUM($D$2:$O$2) -> 10475.213
A25: Farmers | B25: Nos | C25: FY 20-21 | D25: 11658 | E25: 10615 | F25: 9536 | G25: 7106 | H25: 5274 | I25: 5578 | J25: 5379 | K25: 2916 | L25: 2916 | M25: 6078 | N25: 8949 | O25: 11559 | P25: =MAX(D25:O25) -> 11658 | Q25: =SUMPRODUCT(D25:F25,$D$2:$F$2)/SUM($D$2:$F$2) -> 10603.132 | R25: =SUMPRODUCT(G25:I25,$G$2:$I$2)/SUM($G$2:$I$2) -> 5990.4348 | S25: =SUMPRODUCT(J25:L25,$J$2:$L$2)/SUM($J$2:$L$2) -> 3745.9239 | T25: =SUMPRODUCT(M25:O25,$M$2:$O$2)/SUM($M$2:$O$2) -> 8859.1 | U25: =SUMPRODUCT(D25:O25,$D$2:$O$2)/SUM($D$2:$O$2) -> 7282.0521
A26: Farmers | B26: Nos | C26: FY 21-22 | D26: 8814 | E26: 6689 | F26: 9876 | G26: 9004 | H26: 6902 | I26: 7457 | J26: 5036 | K26: 5423 | L26: 7834 | M26: 8932 | N26: 9852 | O26: 9110 | P26: =MAX(D26:O26) -> 9876 | Q26: =SUMPRODUCT(D26:F26,$D$2:$F$2)/SUM($D$2:$F$2) -> 8440.2088 | R26: =SUMPRODUCT(G26:I26,$G$2:$I$2)/SUM($G$2:$I$2) -> 7791.2609 | S26: =SUMPRODUCT(J26:L26,$J$2:$L$2)/SUM($J$2:$L$2) -> 6105 | T26: =SUMPRODUCT(M26:O26,$M$2:$O$2)/SUM($M$2:$O$2) -> 9279.5333 | U26: =SUMPRODUCT(D26:O26,$D$2:$O$2)/SUM($D$2:$O$2) -> 7894.9945
A27: Farmers | B27: Nos | C27: =+C13 -> FY 22-23 | D27: 9116 | E27: 7045 | F27: 9979 | G27: 10214.368 | H27: 10164.185 | I27: 10082 | J27: 9530.5726 | K27: 9184.6789 | L27: 10431.181 | M27: 9151.8605 | N27: 10517.934 | O27: 9611.6454 | P27: =MAX(D27:O27) -> 10517.934 | Q27: =SUMPRODUCT(D27:F27,$D$2:$F$2)/SUM($D$2:$F$2) -> 8695 | R27: =SUMPRODUCT(G27:I27,$G$2:$I$2)/SUM($G$2:$I$2) -> 10154.295 | S27: =SUMPRODUCT(J27:L27,$J$2:$L$2)/SUM($J$2:$L$2) -> 9721.2472 | T27: =SUMPRODUCT(M27:O27,$M$2:$O$2)/SUM($M$2:$O$2) -> 9735.2315 | U27: =SUMPRODUCT(D27:O27,$D$2:$O$2)/SUM($D$2:$O$2) -> 9577.9882
A28: Farmers | B28: Nos | C28: =+C14 -> FY 23-24 | D28: 4785 | E28: 4810 | F28: 4769 | G28: 5187 | H28: 5292 | I28: 5241 | J28: 5523 | K28: 5496 | L28: 5651 | M28: 5918 | N28: 11267 | O28: 13259 | P28: =MAX(D28:O28) -> 13259 | Q28: =SUMPRODUCT(D28:F28,$D$2:$F$2)/SUM($D$2:$F$2) -> 4788.2418 | R28: =SUMPRODUCT(G28:I28,$G$2:$I$2)/SUM($G$2:$I$2) -> 5239.9891 | S28: =SUMPRODUCT(J28:L28,$J$2:$L$2)/SUM($J$2:$L$2) -> 5557.3261 | T28: =SUMPRODUCT(M28:O28,$M$3:$O$3)/SUM($M$3:$O$3) -> 10123.407 | U28: =SUMPRODUCT(D28:O28,$D$3:$O$3)/SUM($D$3:$O$3) -> 6421.6202
A29: Farmers | B29: Nos | C29: =C15 -> FY 24-25 | D29: 7611 | E29: 6577 | F29: 6103 | G29: 6234 | H29: 5847 | I29: 6038 | J29: 5850 | K29: 5559 | L29: 6012 | M29: 6685 | N29: 7040 | O29: 6945 | P29: =MAX(D29:O29) -> 7611 | Q29: =SUMPRODUCT(D29:F29,$D$2:$F$2)/SUM($D$2:$F$2) -> 6761.6154 | R29: =SUMPRODUCT(G29:I29,$G$2:$I$2)/SUM($G$2:$I$2) -> 6039.6848 | S29: =SUMPRODUCT(J29:L29,$J$2:$L$2)/SUM($J$2:$L$2) -> 5809.6957 | T29: =SUMPRODUCT(M29:O29,$M$2:$O$2)/SUM($M$2:$O$2) -> 6885 | U29: =SUMPRODUCT(D29:O29,$D$2:$O$2)/SUM($D$2:$O$2) -> 6370.137
A30: Farmers | B30: Nos | C30: =C16 -> FY 25-26 | D30: 6568 | E30: 6083 | F30: 6478 | G30: 6633 | H30: 6704 | I30: 6552 | J30: 6008 | K30: 5877 | L30: 6362 | M30: 6378 | N30: 6759 | O30: 7148 | P30: =MAX(D30:O30) -> 7148 | Q30: =SUMPRODUCT(D30:F30,$D$2:$F$2)/SUM($D$2:$F$2) -> 6373.1099 | R30: =SUMPRODUCT(G30:I30,$G$2:$I$2)/SUM($G$2:$I$2) -> 6630.5109 | S30: =SUMPRODUCT(J30:L30,$J$2:$L$2)/SUM($J$2:$L$2) -> 6084.5652 | T30: =SUMPRODUCT(M30:O30,$M$2:$O$2)/SUM($M$2:$O$2) -> 6761.7556 | U30: =SUMPRODUCT(D30:O30,$D$2:$O$2)/SUM($D$2:$O$2) -> 6461.0904
A31: Farmers | B31: Nos | C31: =C17 -> FY 26-27 | D31: 6486 | E31: 6190 | F31: 7055 | P31: =MAX(D31:O31) -> 7055 | Q31: =SUMPRODUCT(D31:F31,$D$2:$F$2)/SUM($D$2:$F$2) -> 6572.7473 | R31: =SUMPRODUCT(G31:I31,$G$2:$I$2)/SUM($G$2:$I$2) -> 0 | S31: =SUMPRODUCT(J31:L31,$J$2:$L$2)/SUM($J$2:$L$2) -> 0 | T31: =SUMPRODUCT(M31:O31,$M$2:$O$2)/SUM($M$2:$O$2) -> 0 | U31: =SUMPRODUCT(D31:O31,$D$2:$O$2)/SUM($D$2:$O$2) -> 1638.6849
A33: Particulas | B33: UOM | C33: Months | D33: Apr | E33: May | F33: Jun | G33: Jul | H33: Aug | I33: Sep | J33: Oct | K33: Nov | L33: Dec | M33: Jan | N33: Feb | O33: Mar | Q33: Q1 | R33: Q2 | S33: Q3 | T33: Q4 | U33: YTD
A34: Own Network | B34: KG | C34: FY 14-15 | D34: 27523.337 | E34: 19529.787 | F34: 21279.55 | G34: 23337.6 | H34: 24493.671 | I34: 22991.327 | J34: 21279.339 | K34: 26886.832 | L34: 36137.999 | M34: 36482.189 | N34: 44226.084 | O34: 36454.152 | Q34: =SUMPRODUCT(D34:F34,$D$2:$F$2)/SUM($D$2:$F$2) -> 22741.868 | R34: =SUMPRODUCT(G34:I34,$G$2:$I$2)/SUM($G$2:$I$2) -> 23614.23 | S34: =SUMPRODUCT(J34:L34,$J$2:$L$2)/SUM($J$2:$L$2) -> 28114.591 | T34: =SUMPRODUCT(M34:O34,$M$2:$O$2)/SUM($M$2:$O$2) -> 38881.744 | U34: =SUMPRODUCT(D34:O34,$D$2:$O$2)/SUM($D$2:$O$2) -> 28295.667 | V34: =S34/Q34 -> 1.2362481 | W34: =R34/Q34 -> 1.0383593 | X34: =S34/R34 -> 1.1905783 | Y34: =T34/Q34 -> 1.7096988
A35: Avg Milk/Day @4% | B35: KG | C35: FY 14-15 | D35: 27523.337 | E35: 19529.787 | F35: 21279.55 | G35: 23337.6 | H35: 24493.671 | I35: 22991.327 | J35: 21279.339 | K35: 26886.832 | L35: 36137.999 | M35: 36482.189 | N35: 44226.084 | O35: 36454.152 | Q35: =SUMPRODUCT(D35:F35,$D$2:$F$2)/SUM($D$2:$F$2) -> 22741.868 | R35: =SUMPRODUCT(G35:I35,$G$2:$I$2)/SUM($G$2:$I$2) -> 23614.23 | S35: =SUMPRODUCT(J35:L35,$J$2:$L$2)/SUM($J$2:$L$2) -> 28114.591 | T35: =SUMPRODUCT(M35:O35,$M$2:$O$2)/SUM($M$2:$O$2) -> 38881.744 | U35: =SUMPRODUCT(D35:O35,$D$2:$O$2)/SUM($D$2:$O$2) -> 28295.667 | V35: =S35/Q35 -> 1.2362481 | W35: =R35/Q35 -> 1.0383593 | X35: =S35/R35 -> 1.1905783 | Y35: =T35/Q35 -> 1.7096988
A36: Own Network | B36: KG | C36: FY 15-16 | D36: 28376.167 | E36: 19995.942 | F36: 21898.075 | G36: 30228.653 | H36: 25438.456 | I36: 29278.399 | J36: 28639.441 | K36: 23539.3 | L36: 28268.191 | M36: 32102 | N36: 34487 | O36: 31243.602 | Q36: =SUMPRODUCT(D36:F36,$D$2:$F$2)/SUM($D$2:$F$2) -> 23385.73 | R36: =SUMPRODUCT(G36:I36,$G$2:$I$2)/SUM($G$2:$I$2) -> 28304.699 | S36: =SUMPRODUCT(J36:L36,$J$2:$L$2)/SUM($J$2:$L$2) -> 26851.256 | T36: =SUMPRODUCT(M36:O36,$M$2:$O$2)/SUM($M$2:$O$2) -> 32548.33 | U36: =SUMPRODUCT(D36:O36,$D$2:$O$2)/SUM($D$2:$O$2) -> 27758.353 | V36: =S36/Q36 -> 1.1481898 | W36: =R36/Q36 -> 1.2103406 | X36: =S36/R36 -> 0.94865012 | Y36: =T36/Q36 -> 1.391803
A37: Avg Milk/Day @4% | B37: KG | C37: FY 15-16 | D37: 28376.167 | E37: 19995.942 | F37: 21898.075 | G37: 30228.653 | H37: 25438.456 | I37: 29278.399 | J37: 28639.441 | K37: 23539.3 | L37: 28268.191 | M37: 32102 | N37: 34487 | O37: 31243.602 | Q37: =SUMPRODUCT(D37:F37,$D$2:$F$2)/SUM($D$2:$F$2) -> 23385.73 | R37: =SUMPRODUCT(G37:I37,$G$2:$I$2)/SUM($G$2:$I$2) -> 28304.699 | S37: =SUMPRODUCT(J37:L37,$J$2:$L$2)/SUM($J$2:$L$2) -> 26851.256 | T37: =SUMPRODUCT(M37:O37,$M$2:$O$2)/SUM($M$2:$O$2) -> 32548.33 | U37: =SUMPRODUCT(D37:O37,$D$2:$O$2)/SUM($D$2:$O$2) -> 27758.353 | V37: =S37/Q37 -> 1.1481898 | W37: =R37/Q37 -> 1.2103406 | X37: =S37/R37 -> 0.94865012 | Y37: =T37/Q37 -> 1.391803
A38: Own Network | B38: KG | C38: FY 16-17 | D38: 19667.127 | E38: 20038 | F38: 19100 | G38: 24313 | H38: 30251 | I38: 24912 | J38: 22918 | K38: 22726 | L38: 29284 | M38: 36401 | N38: 47756 | O38: 56938.586 | Q38: =SUMPRODUCT(D38:F38,$D$2:$F$2)/SUM($D$2:$F$2) -> 19606.503 | R38: =SUMPRODUCT(G38:I38,$G$2:$I$2)/SUM($G$2:$I$2) -> 26509.174 | S38: =SUMPRODUCT(J38:L38,$J$2:$L$2)/SUM($J$2:$L$2) -> 25000.457 | T38: =SUMPRODUCT(M38:O38,$M$2:$O$2)/SUM($M$2:$O$2) -> 47007.724 | U38: =SUMPRODUCT(D38:O38,$D$2:$O$2)/SUM($D$2:$O$2) -> 29462.392 | V38: =S38/Q38 -> 1.2751104 | W38: =R38/Q38 -> 1.3520603 | X38: =S38/R38 -> 0.94308697 | Y38: =T38/Q38 -> 2.3975578
A39: Avg Milk/Day @4% | B39: KG | C39: FY 16-17 | D39: 19667.127 | E39: 20038 | F39: 19100 | G39: 24313 | H39: 30251 | I39: 24912 | J39: 22918 | K39: 22726 | L39: 29284 | M39: 36401 | N39: 47756 | O39: 56938.586 | Q39: =SUMPRODUCT(D39:F39,$D$2:$F$2)/SUM($D$2:$F$2) -> 19606.503 | R39: =SUMPRODUCT(G39:I39,$G$2:$I$2)/SUM($G$2:$I$2) -> 26509.174 | S39: =SUMPRODUCT(J39:L39,$J$2:$L$2)/SUM($J$2:$L$2) -> 25000.457 | T39: =SUMPRODUCT(M39:O39,$M$2:$O$2)/SUM($M$2:$O$2) -> 47007.724 | U39: =SUMPRODUCT(D39:O39,$D$2:$O$2)/SUM($D$2:$O$2) -> 29462.392 | V39: =S39/Q39 -> 1.2751104 | W39: =R39/Q39 -> 1.3520603 | X39: =S39/R39 -> 0.94308697 | Y39: =T39/Q39 -> 2.3975578
A40: Own Network | B40: KG | C40: FY 17-18 | D40: 48457 | E40: 40866 | F40: 47102 | G40: 54007 | H40: 55935 | I40: 45109 | J40: 50462.567 | K40: 47188 | L40: 77510 | M40: 79145 | N40: 105888 | O40: 109209 | Q40: =SUMPRODUCT(D40:F40,$D$2:$F$2)/SUM($D$2:$F$2) -> 45424.352 | R40: =SUMPRODUCT(G40:I40,$G$2:$I$2)/SUM($G$2:$I$2) -> 51755.13 | S40: =SUMPRODUCT(J40:L40,$J$2:$L$2)/SUM($J$2:$L$2) -> 58508.582 | T40: =SUMPRODUCT(M40:O40,$M$2:$O$2)/SUM($M$2:$O$2) -> 97820.422 | U40: =SUMPRODUCT(D40:O40,$D$2:$O$2)/SUM($D$2:$O$2) -> 63237.577 | V40: =S40/Q40 -> 1.2880444 | W40: =R40/Q40 -> 1.1393697 | X40: =S40/R40 -> 1.1304885 | Y40: =T40/Q40 -> 2.1534798
A41: Avg Milk/Day @4% | B41: KG | C41: FY 17-18 | D41: 48457 | E41: 40866 | F41: 47102 | G41: 54007 | H41: 55935 | I41: 45109 | J41: 50462.567 | K41: 47188 | L41: 77510 | M41: 79145 | N41: 105888 | O41: 109209 | Q41: =SUMPRODUCT(D41:F41,$D$2:$F$2)/SUM($D$2:$F$2) -> 45424.352 | R41: =SUMPRODUCT(G41:I41,$G$2:$I$2)/SUM($G$2:$I$2) -> 51755.13 | S41: =SUMPRODUCT(J41:L41,$J$2:$L$2)/SUM($J$2:$L$2) -> 58508.582 | T41: =SUMPRODUCT(M41:O41,$M$2:$O$2)/SUM($M$2:$O$2) -> 97820.422 | U41: =SUMPRODUCT(D41:O41,$D$2:$O$2)/SUM($D$2:$O$2) -> 63237.577 | V41: =S41/Q41 -> 1.2880444 | W41: =R41/Q41 -> 1.1393697 | X41: =S41/R41 -> 1.1304885 | Y41: =T41/Q41 -> 2.1534798
A42: Own Network | B42: KG | C42: FY 18-19 | D42: 86579.456 | E42: 75371.565 | F42: 78555.869 | G42: 85168.53 | H42: 71577.144 | I42: 80956.449 | J42: 82719.946 | K42: 90173.745 | L42: 109894.95 | M42: 116983.74 | N42: 140066.75 | O42: 128704.85 | Q42: =SUMPRODUCT(D42:F42,$D$2:$F$2)/SUM($D$2:$F$2) -> 80116.245 | R42: =SUMPRODUCT(G42:I42,$G$2:$I$2)/SUM($G$2:$I$2) -> 79215.319 | S42: =SUMPRODUCT(J42:L42,$J$2:$L$2)/SUM($J$2:$L$2) -> 94307.328 | T42: =SUMPRODUCT(M42:O42,$M$2:$O$2)/SUM($M$2:$O$2) -> 128202.39 | U42: =SUMPRODUCT(D42:O42,$D$2:$O$2)/SUM($D$2:$O$2) -> 95322.951 | V42: =S42/Q42 -> 1.1771312 | W42: =R42/Q42 -> 0.98875477 | X42: =S42/R42 -> 1.1905188 | Y42: =T42/Q42 -> 1.6002047
A43: Avg Milk/Day @4% | B43: KG | C43: FY 18-19 | D43: 86579.456 | E43: 75371.565 | F43: 78555.869 | G43: 85168.53 | H43: 71577.144 | I43: 80956.449 | J43: 82719.946 | K43: 90173.745 | L43: 109894.95 | M43: 116983.74 | N43: 140066.75 | O43: 128704.85 | Q43: =SUMPRODUCT(D43:F43,$D$2:$F$2)/SUM($D$2:$F$2) -> 80116.245 | R43: =SUMPRODUCT(G43:I43,$G$2:$I$2)/SUM($G$2:$I$2) -> 79215.319 | S43: =SUMPRODUCT(J43:L43,$J$2:$L$2)/SUM($J$2:$L$2) -> 94307.328 | T43: =SUMPRODUCT(M43:O43,$M$2:$O$2)/SUM($M$2:$O$2) -> 128202.39 | U43: =SUMPRODUCT(D43:O43,$D$2:$O$2)/SUM($D$2:$O$2) -> 95322.951 | V43: =S43/Q43 -> 1.1771312 | W43: =R43/Q43 -> 0.98875477 | X43: =S43/R43 -> 1.1905188 | Y43: =T43/Q43 -> 1.6002047
A44: Own Network | B44: KG | C44: FY 19-20 | D44: 106138.69 | E44: 70771.387 | F44: 58486.55 | G44: 66596.5 | H44: 79749.257 | I44: 82888.274 | J44: 68816.48 | K44: 61248.124 | L44: 70042.151 | M44: 77520.704 | N44: 96911.86 | O44: 106217.28 | Q44: =SUMPRODUCT(D44:F44,$D$2:$F$2)/SUM($D$2:$F$2) -> 78380.99 | R44: =SUMPRODUCT(G44:I44,$G$2:$I$2)/SUM($G$2:$I$2) -> 76340.942 | S44: =SUMPRODUCT(J44:L44,$J$2:$L$2)/SUM($J$2:$L$2) -> 66761.536 | T44: =SUMPRODUCT(M44:O44,$M$3:$O$3)/SUM($M$3:$O$3) -> 93476.061 | U44: =SUMPRODUCT(D44:O44,$D$3:$O$3)/SUM($D$3:$O$3) -> 78700.6
A45: Avg Milk/Day @4% | B45: KG | C45: FY 19-20 | D45: 106138.69 | E45: 70771.387 | F45: 58486.55 | G45: 66596.5 | H45: 79749.257 | I45: 82888.274 | J45: 68816.48 | K45: 61248.124 | L45: 70042.151 | M45: 77520.704 | N45: 96911.86 | O45: 106217.28 | Q45: =SUMPRODUCT(D45:F45,$D$2:$F$2)/SUM($D$2:$F$2) -> 78380.99 | R45: =SUMPRODUCT(G45:I45,$G$2:$I$2)/SUM($G$2:$I$2) -> 76340.942 | S45: =SUMPRODUCT(J45:L45,$J$2:$L$2)/SUM($J$2:$L$2) -> 66761.536 | T45: =SUMPRODUCT(M45:O45,$M$3:$O$3)/SUM($M$3:$O$3) -> 93476.061 | U45: =SUMPRODUCT(D45:O45,$D$3:$O$3)/SUM($D$3:$O$3) -> 78700.6
A46: Own Network | B46: KG | C46: FY 20-21 | D46: 126498.8 | E46: 97054.736 | F46: 59593.571 | G46: 56343.744 | H46: 34460.356 | I46: 35385.086 | J46: 26911.151 | K46: 22352.044 | L46: 28598.387 | M46: 47413.825 | N46: 61661.311 | O46: 79789.621 | Q46: =SUMPRODUCT(D46:F46,$D$2:$F$2)/SUM($D$2:$F$2) -> 94411.735 | R46: =SUMPRODUCT(G46:I46,$G$2:$I$2)/SUM($G$2:$I$2) -> 42135.649 | S46: =SUMPRODUCT(J46:L46,$J$2:$L$2)/SUM($J$2:$L$2) -> 25993.011 | T46: =SUMPRODUCT(M46:O46,$M$2:$O$2)/SUM($M$2:$O$2) -> 62998.039 | U46: =SUMPRODUCT(D46:O46,$D$2:$O$2)/SUM($D$2:$O$2) -> 56244.187
A47: Vendor | B47: KG | C47: FY 20-21 | D47: 12728.515 | E47: 15609.74 | F47: 4755.7527 | G47: 19038.248 | H47: 32165.985 | I47: 39180.085 | J47: 61418.504 | K47: 41772.044 | L47: 58093.919 | M47: 35150.792 | N47: 5884.0887 | O47: 24985.033 | Q47: =SUMPRODUCT(D47:F47,$D$2:$F$2)/SUM($D$2:$F$2) -> 11081.648 | R47: =SUMPRODUCT(G47:I47,$G$2:$I$2)/SUM($G$2:$I$2) -> 30029.715 | S47: =SUMPRODUCT(J47:L47,$J$2:$L$2)/SUM($J$2:$L$2) -> 53891.809 | T47: =SUMPRODUCT(M47:O47,$M$2:$O$2)/SUM($M$2:$O$2) -> 22544.056 | U47: =SUMPRODUCT(D47:O47,$D$2:$O$2)/SUM($D$2:$O$2) -> 29474.453
A48: Transfer | B48: KG | C48: FY 20-21 | Q48: =SUMPRODUCT(D48:F48,$D$2:$F$2)/SUM($D$2:$F$2) -> 0 | R48: =SUMPRODUCT(G48:I48,$G$2:$I$2)/SUM($G$2:$I$2) -> 0 | S48: =SUMPRODUCT(J48:L48,$J$2:$L$2)/SUM($J$2:$L$2) -> 0 | T48: =SUMPRODUCT(M48:O48,$M$2:$O$2)/SUM($M$2:$O$2) -> 0 | U48: =SUMPRODUCT(D48:O48,$D$2:$O$2)/SUM($D$2:$O$2) -> 0
A49: Avg Milk/Day @4% | B49: KG | C49: FY 20-21 | D49: =D46+D48+D47 -> 139227.31 | E49: =E46+E48+E47 -> 112664.48 | F49: =F46+F48+F47 -> 64349.323 | G49: =G46+G48+G47 -> 75381.992 | H49: =H46+H48+H47 -> 66626.341 | I49: =I46+I48+I47 -> 74565.171 | J49: =J46+J48+J47 -> 88329.655 | K49: =K46+K48+K47 -> 64124.088 | ... O49: =O46+O48+O47 -> 104774.65 | Q49: =SUMPRODUCT(D49:F49,$D$2:$F$2)/SUM($D$2:$F$2) -> 105493.38 | R49: =SUMPRODUCT(G49:I49,$G$2:$I$2)/SUM($G$2:$I$2) -> 72165.364 | S49: =SUMPRODUCT(J49:L49,$J$2:$L$2)/SUM($J$2:$L$2) -> 79884.82 | T49: =SUMPRODUCT(M49:O49,$M$2:$O$2)/SUM($M$2:$O$2) -> 85542.096 | U49: =SUMPRODUCT(D49:O49,$D$2:$O$2)/SUM($D$2:$O$2) -> 85718.639 | V49: 85719
A50: Own Network | B50: KG | C50: FY 21-22 | D50: 74041.669 | E50: 59697.981 | F50: 73126.753 | G50: 67383.265 | H50: 40668.07 | I50: 45165.962 | J50: 32415.288 | K50: 30519.748 | L50: 42518.676 | M50: 53705.879 | N50: 61558.881 | O50: 67787.279 | Q50: =SUMPRODUCT(D50:F50,$D$2:$F$2)/SUM($D$2:$F$2) -> 68853.737 | R50: =SUMPRODUCT(G50:I50,$G$2:$I$2)/SUM($G$2:$I$2) -> 51136.633 | S50: =SUMPRODUCT(J50:L50,$J$2:$L$2)/SUM($J$2:$L$2) -> 35201.58 | T50: =SUMPRODUCT(M50:O50,$M$2:$O$2)/SUM($M$2:$O$2) -> 60999.295 | U50: =SUMPRODUCT(D50:O50,$D$2:$O$2)/SUM($D$2:$O$2) -> 53969.157
A51: Moo Mark | B51: KG | C51: FY 21-22 | D51: 0 | E51: 3850.8026 | F51: 10817.53 | G51: 11973.839 | H51: 6218.9307 | I51: 13767.392 | J51: 15421.15 | K51: 8764.0571 | L51: 25814.326 | M51: 36187.238 | N51: 36079.129 | O51: 24981.029 | Q51: =SUMPRODUCT(D51:F51,$D$2:$F$2)/SUM($D$2:$F$2) -> 4878.0307 | R51: =SUMPRODUCT(G51:I51,$G$2:$I$2)/SUM($G$2:$I$2) -> 10619.539 | S51: =SUMPRODUCT(J51:L51,$J$2:$L$2)/SUM($J$2:$L$2) -> 16752.407 | T51: =SUMPRODUCT(M51:O51,$M$2:$O$2)/SUM($M$2:$O$2) -> 32293.687 | U51: =SUMPRODUCT(D51:O51,$D$2:$O$2)/SUM($D$2:$O$2) -> 16078.224
A52: Vendor | B52: KG | C52: FY 21-22 | D52: 34278.165 | E52: 32208.947 | F52: 6058.1596 | G52: 17389.477 | H52: 68467.432 | I52: 68778.136 | J52: 78862.341 | K52: 91419.354 | L52: 43487.96 | M52: 24255.223 | N52: 15362.264 | O52: 1615.7098 | Q52: =SUMPRODUCT(D52:F52,$D$2:$F$2)/SUM($D$2:$F$2) -> 24269.968 | R52: =SUMPRODUCT(G52:I52,$G$2:$I$2)/SUM($G$2:$I$2) -> 51357.699 | S52: =SUMPRODUCT(J52:L52,$J$2:$L$2)/SUM($J$2:$L$2) -> 71037.391 | T52: =SUMPRODUCT(M52:O52,$M$2:$O$2)/SUM($M$2:$O$2) -> 13690.47 | U52: =SUMPRODUCT(D52:O52,$D$2:$O$2)/SUM($D$2:$O$2) -> 40276.87
A53: Avg Milk/Day @4% | B53: KG | C53: FY 21-22 | D53: =SUM(D50:D52) -> 108319.83 | E53: =SUM(E50:E52) -> 95757.73 | F53: =SUM(F50:F52) -> 90002.443 | G53: =SUM(G50:G52) -> 96746.581 | H53: =SUM(H50:H52) -> 115354.43 | I53: =SUM(I50:I52) -> 127711.49 | J53: =SUM(J50:J52) -> 126698.78 | K53: =SUM(K50:K52) -> 130703.16 | ... O53: =SUM(O50:O52) -> 94384.017 | Q53: =SUMPRODUCT(D53:F53,$D$2:$F$2)/SUM($D$2:$F$2) -> 98001.736 | R53: =SUMPRODUCT(G53:I53,$G$2:$I$2)/SUM($G$2:$I$2) -> 113113.87 | S53: =SUMPRODUCT(J53:L53,$J$2:$L$2)/SUM($J$2:$L$2) -> 122991.38 | T53: =SUMPRODUCT(M53:O53,$M$2:$O$2)/SUM($M$2:$O$2) -> 106983.45 | U53: =SUMPRODUCT(D53:O53,$D$2:$O$2)/SUM($D$2:$O$2) -> 110324.25
A54: Own Network | B54: KG | C54: FY 22-23 | D54: 51392 | E54: 47620 | F54: 61977.223 | G54: 65606.883 | H54: 78341.474 | I54: 77648.024 | J54: 67093.9 | K54: 69663 | L54: 71693.854 | M54: 73214.884 | N54: 94661.405 | O54: 96116.454 | Q54: =SUMPRODUCT(D54:F54,$D$2:$F$2)/SUM($D$2:$F$2) -> 53596.667 | R54: =SUMPRODUCT(G54:I54,$G$2:$I$2)/SUM($G$2:$I$2) -> 73824.345 | S54: =SUMPRODUCT(J54:L54,$J$2:$L$2)/SUM($J$2:$L$2) -> 69481.634 | T54: =SUMPRODUCT(M54:O54,$M$2:$O$2)/SUM($M$2:$O$2) -> 87775.453 | U54: =SUMPRODUCT(D54:O54,$D$2:$O$2)/SUM($D$2:$O$2) -> 71126.678 | V54: =SUMPRODUCT(D54:I54,$D$2:$I$2)/SUM($D$2:$I$2) -> 63765.773
A55: Moo Mark | B55: KG | C55: FY 22-23 | D55: 23130 | E55: 17198 | F55: 18854.244 | G55: 16256.437 | H55: 15822.136 | I55: 16487.567 | J55: 20587.368 | K55: 11162.174 | L55: 25629.07 | M55: 29164.877 | N55: 20496.715 | O55: 36475.809 | Q55: =SUMPRODUCT(D55:F55,$D$2:$F$2)/SUM($D$2:$F$2) -> 19699.619 | R55: =SUMPRODUCT(G55:I55,$G$2:$I$2)/SUM($G$2:$I$2) -> 16185.465 | S55: =SUMPRODUCT(J55:L55,$J$2:$L$2)/SUM($J$2:$L$2) -> 19212.77 | T55: =SUMPRODUCT(M55:O55,$M$2:$O$2)/SUM($M$2:$O$2) -> 28986.325 | U55: =SUMPRODUCT(D55:O55,$D$2:$O$2)/SUM($D$2:$O$2) -> 20981.02 | V55: =SUMPRODUCT(D55:I55,$D$2:$I$2)/SUM($D$2:$I$2) -> 17932.94
A56: Vendor | B56: KG | C56: FY 22-23 | D56: 27394.823 | E56: 65025.552 | F56: 9998.2222 | G56: 0 | H56: 9688.759 | I56: 1013.9801 | J56: 10940.375 | K56: 4034.8525 | L56: 12859.94 | M56: 5450.3476 | N56: 1187.2019 | O56: 11343.192 | Q56: =SUMPRODUCT(D56:F56,$D$2:$F$2)/SUM($D$2:$F$2) -> 34478.939 | R56: =SUMPRODUCT(G56:I56,$G$2:$I$2)/SUM($G$2:$I$2) -> 3595.3362 | S56: =SUMPRODUCT(J56:L56,$J$2:$L$2)/SUM($J$2:$L$2) -> 9335.3841 | T56: =SUMPRODUCT(M56:O56,$M$2:$O$2)/SUM($M$2:$O$2) -> 6153.7931 | U56: =SUMPRODUCT(D56:O56,$D$2:$O$2)/SUM($D$2:$O$2) -> 13372.743 | V56: =SUMPRODUCT(D56:I56,$D$2:$I$2)/SUM($D$2:$I$2) -> 18952.756
A57: Transfer | B57: KG | C57: FY 22-23 | D57: 12634.343 | E57: 30340.315 | F57: 54853.191 | G57: 51277.952 | H57: 40260.969 | I57: 36128.516 | J57: 30607.31 | K57: 43724.297 | L57: 34442.105 | M57: 26239.242 | N57: 19194.018 | O57: 6887.0968 | Q57: =SUMPRODUCT(D57:F57,$D$2:$F$2)/SUM($D$2:$F$2) -> 32584.349 | R57: =SUMPRODUCT(G57:I57,$G$2:$I$2)/SUM($G$2:$I$2) -> 42625.674 | S57: =SUMPRODUCT(J57:L57,$J$2:$L$2)/SUM($J$2:$L$2) -> 36176.748 | T57: =SUMPRODUCT(M57:O57,$M$2:$O$2)/SUM($M$2:$O$2) -> 17381.656 | U57: =SUMPRODUCT(D57:O57,$D$2:$O$2)/SUM($D$2:$O$2) -> 32272.185 | V57: =SUMPRODUCT(D57:I57,$D$2:$I$2)/SUM($D$2:$I$2) -> 37632.447
A58: Avg Milk/Day @4% | B58: KG | C58: FY 22-23 | D58: =SUM(D54:D57) -> 114551.17 | E58: =SUM(E54:E57) -> 160183.87 | F58: =SUM(F54:F57) -> 145682.88 | G58: =SUM(G54:G57) -> 133141.27 | H58: =SUM(H54:H57) -> 144113.34 | I58: =SUM(I54:I57) -> 131278.09 | J58: =SUM(J54:J57) -> 129228.95 | K58: =SUM(K54:K57) -> 128584.32 | ... O58: =SUM(O54:O57) -> 150822.55 | Q58: =SUMPRODUCT(D58:F58,$D$2:$F$2)/SUM($D$2:$F$2) -> 140359.57 | R58: =SUMPRODUCT(G58:I58,$G$2:$I$2)/SUM($G$2:$I$2) -> 136230.82 | S58: =SUMPRODUCT(J58:L58,$J$2:$L$2)/SUM($J$2:$L$2) -> 134206.54 | T58: =SUMPRODUCT(M58:O58,$M$2:$O$2)/SUM($M$2:$O$2) -> 140297.23 | U58: =SUMPRODUCT(D58:O58,$D$2:$O$2)/SUM($D$2:$O$2)+93 -> 137845.63 | V58: =SUMPRODUCT(D58:I58,$D$2:$I$2)/SUM($D$2:$I$2) -> 138283.92
A59: Own Network | B59: KG | C59: FY 23-24 | D59: 87895.733 | E59: 69914.996 | F59: 75462.007 | G59: 95041.62 | H59: 89227.186 | I59: 108755.08 | J59: 113032.23 | K59: 96721.243 | L59: 119643.97 | M59: 129562.56 | N59: 151457.72 | O59: 139198.02 | Q59: =SUMPRODUCT(D59:F59,$D$2:$F$2)/SUM($D$2:$F$2) -> 77671.396 | R59: =SUMPRODUCT(G59:I59,$G$2:$I$2)/SUM($G$2:$I$2) -> 97554.19 | S59: =SUMPRODUCT(J59:L59,$J$2:$L$2)/SUM($J$2:$L$2) -> 109941.3 | T59: =SUMPRODUCT(M59:O59,$M$3:$O$3)/SUM($M$3:$O$3) -> 139822.55 | U59: =SUMPRODUCT(D59:O59,D$3:O$3)/SUM($D$3:$O$3)+9 -> 106242.7 | V59: =SUMPRODUCT(D59:I59,$D$3:$I$3)/SUM($D$3:$I$3) -> 87667.118
A60: Moo Mark | B60: KG | C60: FY 23-24 | D60: 44467.283 | E60: 38013.143 | F60: 34917.698 | G60: 22173.239 | H60: 13835.113 | I60: 17178.917 | J60: 12498.121 | K60: 8436.6208 | L60: 6859.0403 | M60: 14195.202 | N60: 6598.6121 | O60: 10906.012 | Q60: =SUMPRODUCT(D60:F60,$D$2:$F$2)/SUM($D$2:$F$2) -> 39120.405 | R60: =SUMPRODUCT(G60:I60,$G$2:$I$2)/SUM($G$2:$I$2) -> 17735.07 | S60: =SUMPRODUCT(J60:L60,$J$2:$L$2)/SUM($J$2:$L$2) -> 9273.5938 | T60: =SUMPRODUCT(M60:O60,$M$3:$O$3)/SUM($M$3:$O$3) -> 10653.817 | U60: =SUMPRODUCT(D60:O60,D$3:O$3)/SUM($D$3:$O$3) -> 19164.621 | V60: =SUMPRODUCT(D60:I60,$D$3:$I$3)/SUM($D$3:$I$3) -> 28369.307
A61: Vendor | B61: KG | C61: FY 23-24 | D61: 3085.0375 | E61: 19122.775 | F61: 0 | G61: 0 | H61: 9244.9395 | I61: 7654.9042 | J61: 6028.3266 | K61: 25145.633 | L61: 19320.411 | M61: 13046.157 | N61: 0 | O61: 12475.19 | Q61: =SUMPRODUCT(D61:F61,$D$2:$F$2)/SUM($D$2:$F$2) -> 7531.3973 | R61: =SUMPRODUCT(G61:I61,$G$2:$I$2)/SUM($G$2:$I$2) -> 5611.3071 | S61: =SUMPRODUCT(J61:L61,$J$2:$L$2)/SUM($J$2:$L$2) -> 16741.086 | T61: =SUMPRODUCT(M61:O61,$M$3:$O$3)/SUM($M$3:$O$3) -> 8694.0852 | U61: =SUMPRODUCT(D61:O61,D$3:O$3)/SUM($D$3:$O$3) -> 9652.8389 | V61: =SUMPRODUCT(D61:I61,$D$3:$I$3)/SUM($D$3:$I$3) -> 6566.106
A62: Transfer | B62: KG | C62: FY 23-24 | D62: 688.2525 | E62: 23216.821 | F62: 29246.671 | G62: 19691.306 | H62: 5089.6815 | I62: 2185.9667 | J62: 4697.8065 | K62: -275.65833 | L62: 0 | M62: 0 | N62: 0 | O62: 0 | Q62: =SUMPRODUCT(D62:F62,$D$2:$F$2)/SUM($D$2:$F$2) -> 17777.683 | R62: =SUMPRODUCT(G62:I62,$G$2:$I$2)/SUM($G$2:$I$2) -> 9062.9307 | S62: =SUMPRODUCT(J62:L62,$J$2:$L$2)/SUM($J$2:$L$2) -> 1493.0679 | T62: =SUMPRODUCT(M62:O62,$M$3:$O$3)/SUM($M$3:$O$3) -> 0 | U62: =SUMPRODUCT(D62:O62,D$3:O$3)/SUM($D$3:$O$3) -> 7073.5547 | V62: =SUMPRODUCT(D62:I62,$D$3:$I$3)/SUM($D$3:$I$3) -> 13396.496
A63: Avg Milk/Day @4% | B63: KG | C63: FY 23-24 | D63: =SUM(D59:D62) -> 136136.31 | E63: =SUM(E59:E62) -> 150267.73 | F63: =SUM(F59:F62) -> 139626.38 | G63: =SUM(G59:G62) -> 136906.16 | H63: =SUM(H59:H62) -> 117396.92 | I63: =SUM(I59:I62) -> 135774.87 | J63: =SUM(J59:J62) -> 136256.48 | K63: =SUM(K59:K62) -> 130027.84 | ... O63: =SUM(O59:O62) -> 162579.22 | Q63: =SUMPRODUCT(D63:F63,$D$2:$F$2)/SUM($D$2:$F$2) -> 142100.88 | R63: =SUMPRODUCT(G63:I63,$G$2:$I$2)/SUM($G$2:$I$2) -> 129963.5 | S63: =SUMPRODUCT(J63:L63,$J$2:$L$2)/SUM($J$2:$L$2) -> 137449.05 | T63: =SUMPRODUCT(M63:O63,$M$3:$O$3)/SUM($M$3:$O$3) -> 159170.45 | U63: =SUMPRODUCT(D63:O63,D$3:O$3)/SUM($D$3:$O$3)+9 -> 142133.71 | V63: =SUMPRODUCT(D63:I63,$D$3:$I$3)/SUM($D$3:$I$3) -> 135999.03
A64: Own Network | B64: KG | C64: FY 24-25 | D64: 97536.888 | E64: 95713.511 | F64: 91584.801 | G64: 94086.485 | H64: 97235.515 | I64: 112611.96 | J64: 101898.71 | K64: 82124.765 | L64: 115261.39 | M64: 140831.89 | N64: 157723.76 | O64: 143817.23 | Q64: =SUMPRODUCT(D64:F64,$D$2:$F$2)/SUM($D$2:$F$2) -> 94953.511 | R64: =SUMPRODUCT(G64:I64,$G$2:$I$2)/SUM($G$2:$I$2) -> 101188.49 | S64: =SUMPRODUCT(J64:L64,$J$2:$L$2)/SUM($J$2:$L$2) -> 99953.328 | T64: =SUMPRODUCT(M64:O64,$M$2:$O$2)/SUM($M$2:$O$2) -> 147115.42 | U64: =SUMPRODUCT(D64:O64,D$2:O$2)/SUM($D$2:$O$2)+9 -> 110656.14 | V64: =SUMPRODUCT(D64:I64,$D$2:$I$2)/SUM($D$2:$I$2) -> 98088.035
A65: Moo Mark | B65: KG | C65: FY 24-25 | D65: 8889.7958 | E65: 8136.4153 | F65: 5175.6208 | G65: 4989.746 | H65: 509.97581 | I65: 6171.8792 | J65: 1774.0081 | K65: 1446.2 | L65: 1529.1452 | M65: 912.33871 | N65: 0 | O65: 420.17742 | Q65: =SUMPRODUCT(D65:F65,$D$2:$F$2)/SUM($D$2:$F$2) -> 7408.6964 | R65: =SUMPRODUCT(G65:I65,$G$2:$I$2)/SUM($G$2:$I$2) -> 3865.7364 | S65: =SUMPRODUCT(J65:L65,$J$2:$L$2)/SUM($J$2:$L$2) -> 1584.606 | T65: =SUMPRODUCT(M65:O65,$M$2:$O$2)/SUM($M$2:$O$2) -> 458.97778 | U65: =SUMPRODUCT(D65:O65,D$2:O$2)/SUM($D$2:$O$2) -> 3334.0572 | V65: =SUMPRODUCT(D65:I65,$D$2:$I$2)/SUM($D$2:$I$2) -> 5627.5362
A66: Vendor | B66: KG | C66: FY 24-25 | D66: 55765.158 | E66: 39851.126 | F66: 40137.861 | G66: 45035.468 | H66: 65143.371 | I66: 36219.049 | J66: 44068.202 | K66: 82514.986 | L66: 47896.034 | M66: 29516.205 | N66: 2562.8214 | O66: 1699.7581 | Q66: =SUMPRODUCT(D66:F66,$D$2:$F$2)/SUM($D$2:$F$2) -> 45192.038 | R66: =SUMPRODUCT(G66:I66,$G$2:$I$2)/SUM($G$2:$I$2) -> 48936.038 | S66: =SUMPRODUCT(J66:L66,$J$2:$L$2)/SUM($J$2:$L$2) -> 57895.009 | T66: =SUMPRODUCT(M66:O66,$M$2:$O$2)/SUM($M$2:$O$2) -> 11549.487 | U66: =SUMPRODUCT(D66:O66,D$2:O$2)/SUM($D$2:$O$2) -> 41042.153 | V66: =SUMPRODUCT(D66:I66,$D$2:$I$2)/SUM($D$2:$I$2) -> 47074.267 | W66: =V66+V65 -> 52701.804
A67: Transfer | B67: KG | C67: FY 24-25 | D67: -2589.25 | E67: 4239.4839 | F67: 4183.5417 | G67: 4121.4254 | H67: -1569.127 | I67: -436.84375 | J67: 631.83468 | K67: -308.83333 | L67: 0 | M67: -2884.004 | N67: -6417.3795 | O67: -4985 | Q67: =SUMPRODUCT(D67:F67,$D$2:$F$2)/SUM($D$2:$F$2) -> 1969.8104 | R67: =SUMPRODUCT(G67:I67,$G$2:$I$2)/SUM($G$2:$I$2) -> 717.56454 | S67: =SUMPRODUCT(J67:L67,$J$2:$L$2)/SUM($J$2:$L$2) -> 112.19429 | T67: =SUMPRODUCT(M67:O67,$M$2:$O$2)/SUM($M$2:$O$2) -> -4706.9528 | U67: =SUMPRODUCT(D67:O67,D$2:O$2)/SUM($D$2:$O$2) -> -460.37038 | V67: =SUMPRODUCT(D67:I67,$D$2:$I$2)/SUM($D$2:$I$2) -> 1340.2661
A68: Avg Milk/Day @4% | B68: KG | C68: FY 24-25 | D68: =SUM(D64:D67) -> 159602.59 | E68: =SUM(E64:E67) -> 147940.54 | F68: =SUM(F64:F67) -> 141081.82 | G68: =SUM(G64:G67) -> 148233.12 | H68: =SUM(H64:H67) -> 161319.73 | I68: =SUM(I64:I67) -> 154566.05 | J68: =SUM(J64:J67) -> 148372.76 | K68: =SUM(K64:K67) -> 165777.12 | ... O68: =SUM(O64:O67) -> 140952.16 | Q68: =SUMPRODUCT(D68:F68,$D$2:$F$2)/SUM($D$2:$F$2) -> 149524.06 | R68: =SUMPRODUCT(G68:I68,$G$2:$I$2)/SUM($G$2:$I$2) -> 154707.83 | S68: =SUMPRODUCT(J68:L68,$J$2:$L$2)/SUM($J$2:$L$2) -> 159545.14 | T68: =SUMPRODUCT(M68:O68,$M$2:$O$2)/SUM($M$2:$O$2) -> 154416.93 | U68: =SUMPRODUCT(D68:O68,D$2:O$2)/SUM($D$2:$O$2)+9 -> 154571.98 | V68: =SUMPRODUCT(D68:I68,$D$2:$I$2)/SUM($D$2:$I$2) -> 152130.1
A69: Own Network | B69: KG | C69: FY 25-26 | D69: 109471.63 | E69: 95074.547 | F69: 113222.55 | G69: 124738.05 | H69: 109776.59 | I69: 110663.24 | J69: 98467.153 | K69: 95212.036 | L69: 149273.97 | M69: 146058.58 | N69: =171733.930874911+18021 -> 189754.93 | O69: =169198.662064357+19111 -> 188309.66 | Q69: =SUMPRODUCT(D69:F69,$D$2:$F$2)/SUM($D$2:$F$2) -> 105803.7 | R69: =SUMPRODUCT(G69:I69,$G$2:$I$2)/SUM($G$2:$I$2) -> 115107.07 | S69: =SUMPRODUCT(J69:L69,$J$2:$L$2)/SUM($J$2:$L$2) -> 114525.39 | T69: =SUMPRODUCT(M69:O69,$M$2:$O$2)/SUM($M$2:$O$2) -> 174206.15 | U69: =SUMPRODUCT(D69:O69,D$2:O$2)/SUM($D$2:$O$2) -> 127213.36
A70: Moo Mark | B70: KG | C70: FY 25-26 | D70: 2428.1125 | E70: 992.04032 | F70: 6498.0708 | G70: 2151.5081 | H70: 1797.4274 | I70: 445.46667 | J70: 9569.1613 | K70: 12180.95 | L70: 12037.359 | M70: 20770.819 | N70: 17021.679 | O70: 14945.778 | Q70: =SUMPRODUCT(D70:F70,$D$2:$F$2)/SUM($D$2:$F$2) -> 3280.6456 | R70: =SUMPRODUCT(G70:I70,$G$2:$I$2)/SUM($G$2:$I$2) -> 1475.8804 | S70: =SUMPRODUCT(J70:L70,$J$2:$L$2)/SUM($J$2:$L$2) -> 11252.507 | T70: =SUMPRODUCT(M70:O70,$M$2:$O$2)/SUM($M$2:$O$2) -> 17598.017 | U70: =SUMPRODUCT(D70:O70,D$2:O$2)/SUM($D$2:$O$2) -> 8365.4024
A71: Vendor | B71: KG | C71: FY 25-26 | D71: 53308.338 | E71: 91302.972 | F71: 43488.826 | G71: 33790.101 | H71: 104495.89 | I71: 95776.224 | J71: 80495.499 | K71: 89907.932 | L71: 28029.536 | M71: 40480.109 | N71: 27530.603 | O71: 33095.496 | Q71: =SUMPRODUCT(D71:F71,$D$2:$F$2)/SUM($D$2:$F$2) -> 63014.363 | R71: =SUMPRODUCT(G71:I71,$G$2:$I$2)/SUM($G$2:$I$2) -> 77827.744 | S71: =SUMPRODUCT(J71:L71,$J$2:$L$2)/SUM($J$2:$L$2) -> 65886.022 | T71: =SUMPRODUCT(M71:O71,$M$2:$O$2)/SUM($M$2:$O$2) -> 33907.785 | U71: =SUMPRODUCT(D71:O71,D$2:O$2)/SUM($D$2:$O$2) -> 60294.998
A72: Transfer | B72: KG | C72: FY 25-26 | D72: -1735.8625 | E72: 10417.823 | F72: 8946.3875 | G72: 18124.536 | H72: 644.60887 | I72: 1455.5167 | J72: 3055.0282 | K72: 2450.9208 | L72: 1350.6734 | M72: -2089.7137 | N72: 4076.5179 | O72: -32.262097 | Q72: =SUMPRODUCT(D72:F72,$D$2:$F$2)/SUM($D$2:$F$2) -> 5926.0247 | R72: =SUMPRODUCT(G72:I72,$G$2:$I$2)/SUM($G$2:$I$2) -> 6799.0109 | S72: =SUMPRODUCT(J72:L72,$J$2:$L$2)/SUM($J$2:$L$2) -> 2283.7432 | T72: =SUMPRODUCT(M72:O72,$M$2:$O$2)/SUM($M$2:$O$2) -> 537.34722 | U72: =SUMPRODUCT(D72:O72,D$2:O$2)/SUM($D$2:$O$2) -> 3899.2955
A73: Avg Milk/Day @4% | B73: KG | C73: FY 25-26 | D73: =SUM(D69:D72) -> 163472.22 | E73: =SUM(E69:E72) -> 197787.38 | F73: =SUM(F69:F72) -> 172155.83 | G73: =SUM(G69:G72) -> 178804.19 | H73: =SUM(H69:H72) -> 216714.52 | I73: =SUM(I69:I72) -> 208340.44 | J73: =SUM(J69:J72) -> 191586.84 | K73: =SUM(K69:K72) -> 199751.84 | ... O73: =SUM(O69:O72) -> 236318.67 | Q73: =SUMPRODUCT(D73:F73,$D$2:$F$2)/SUM($D$2:$F$2) -> 178024.73 | R73: =SUMPRODUCT(G73:I73,$G$2:$I$2)/SUM($G$2:$I$2) -> 201209.71 | S73: =SUMPRODUCT(J73:L73,$J$2:$L$2)/SUM($J$2:$L$2) -> 193947.66 | T73: =SUMPRODUCT(M73:O73,$M$2:$O$2)/SUM($M$2:$O$2) -> 226249.3 | U73: =SUMPRODUCT(D73:O73,D$2:O$2)/SUM($D$2:$O$2) -> 199773.06 | V73: =Q73+'WEST BENGAL'!Q49+JHARKHAND!Q29 -> 315963.73
A74: Own Network | B74: KG | C74: FY 26-27 | D74: 140702.73 | E74: 155883.99 | F74: 157851.9 | G74: 176126.21 | H74: 139485.97 | Q74: =SUMPRODUCT(D74:F74,$D$2:$F$2)/SUM($D$2:$F$2) -> 151527.94 | R74: =SUMPRODUCT(G74:I74,$G$2:$I$2)/SUM($G$2:$I$2) -> 106347.58 | S74: =SUMPRODUCT(J74:L74,$J$2:$L$2)/SUM($J$2:$L$2) -> 0 | T74: =SUMPRODUCT(M74:O74,$M$2:$O$2)/SUM($M$2:$O$2) -> 0 | U74: =SUMPRODUCT(D74:O74,D$2:O$2)/SUM($D$2:$O$2) -> 64583.616
A75: 3P Network | B75: KG | C75: FY 26-27 | D75: 13332.442 | E75: 14525.069 | F75: 10264.725 | G75: 14582.289 | H75: 8102.6266 | Q75: =SUMPRODUCT(D75:F75,$D$2:$F$2)/SUM($D$2:$F$2) -> 12727.386 | R75: =SUMPRODUCT(G75:I75,$G$2:$I$2)/SUM($G$2:$I$2) -> 7643.8302 | S75: =SUMPRODUCT(J75:L75,$J$2:$L$2)/SUM($J$2:$L$2) -> 0 | T75: =SUMPRODUCT(M75:O75,$M$2:$O$2)/SUM($M$2:$O$2) -> 0 | U75: =SUMPRODUCT(D75:O75,D$2:O$2)/SUM($D$2:$O$2) -> 5099.7932
A76: Moo Mark | B76: KG | C76: FY 26-27 | D76: 19984.321 | E76: 13753.306 | F76: 18569.908 | G76: 7661.2137 | H76: 2105.7218 | Q76: =SUMPRODUCT(D76:F76,$D$2:$F$2)/SUM($D$2:$F$2) -> 17395.378 | R76: =SUMPRODUCT(G76:I76,$G$2:$I$2)/SUM($G$2:$I$2) -> 3291.0326 | S76: =SUMPRODUCT(J76:L76,$J$2:$L$2)/SUM($J$2:$L$2) -> 0 | T76: =SUMPRODUCT(M76:O76,$M$2:$O$2)/SUM($M$2:$O$2) -> 0 | U76: =SUMPRODUCT(D76:O76,D$2:O$2)/SUM($D$2:$O$2) -> 5166.4503
A77: Vendor | B77: KG | C77: FY 26-27 | D77: 56661.633 | E77: 47069.423 | F77: 11106.271 | G77: 6813.9718 | H77: 67857.601 | Q77: =SUMPRODUCT(D77:F77,$D$2:$F$2)/SUM($D$2:$F$2) -> 38375.706 | R77: =SUMPRODUCT(G77:I77,$G$2:$I$2)/SUM($G$2:$I$2) -> 25161.073 | S77: =SUMPRODUCT(J77:L77,$J$2:$L$2)/SUM($J$2:$L$2) -> 0 | T77: =SUMPRODUCT(M77:O77,$M$2:$O$2)/SUM($M$2:$O$2) -> 0 | U77: =SUMPRODUCT(D77:O77,D$2:O$2)/SUM($D$2:$O$2) -> 15909.611
A78: Transfer | B78: KG | C78: FY 26-27 | D78: 6379.85 | E78: 18769.786 | F78: 18409.367 | G78: 20840.685 | H78: 3724.379 | Q78: =SUMPRODUCT(D78:F78,$D$2:$F$2)/SUM($D$2:$F$2) -> 14566.372 | R78: =SUMPRODUCT(G78:I78,$G$2:$I$2)/SUM($G$2:$I$2) -> 8277.3587 | S78: =SUMPRODUCT(J78:L78,$J$2:$L$2)/SUM($J$2:$L$2) -> 0 | T78: =SUMPRODUCT(M78:O78,$M$2:$O$2)/SUM($M$2:$O$2) -> 0 | U78: =SUMPRODUCT(D78:O78,D$2:O$2)/SUM($D$2:$O$2) -> 5717.964
A79: Avg Milk/Day @4% | B79: KG | C79: FY 26-27 | D79: =SUM(D74:D78) -> 237060.97 | E79: =SUM(E74:E78) -> 250001.57 | F79: =SUM(F74:F78) -> 216202.17 | G79: =SUM(G74:G78) -> 226024.37 | H79: =SUM(H74:H78) -> 221276.3 | I79: =SUM(I74:I78) -> 0 | J79: =SUM(J74:J78) -> 0 | K79: =SUM(K74:K78) -> 0 | ... O79: =SUM(O74:O78) -> 0 | Q79: =SUMPRODUCT(D79:F79,$D$2:$F$2)/SUM($D$2:$F$2) -> 234592.78 | R79: =SUMPRODUCT(G79:I79,$G$2:$I$2)/SUM($G$2:$I$2) -> 150720.88 | S79: =SUMPRODUCT(J79:L79,$J$2:$L$2)/SUM($J$2:$L$2) -> 0 | T79: =SUMPRODUCT(M79:O79,$M$2:$O$2)/SUM($M$2:$O$2) -> 0 | U79: =SUMPRODUCT(D79:O79,D$2:O$2)/SUM($D$2:$O$2) -> 96477.435 | V79: =Q79+'WEST BENGAL'!Q53+JHARKHAND!Q34 -> 376014.63
A81: Supply chain Milk @ 4% & 8.5%
A82: Supply chain Cost | B82: Rs/Kg | C82: FY 18-19 | D82: 2.94 | E82: 2.92 | F82: 2.94 | G82: 2.92 | H82: 3.13 | I82: 2.99 | J82: 2.83 | K82: 2.7052819 | L82: 2.6192842 | M82: 2.4326912 | N82: 2.2769286 | O82: 2.3217848 | Q82: =SUMPRODUCT(D82:F82,D42:F42)/SUM(D42:F42) -> 2.9337323 | R82: =SUMPRODUCT(G82:I82,G42:I42)/SUM(G42:I42) -> 3.007076 | S82: =SUMPRODUCT(J82:L82,J42:L42)/SUM(J42:L42) -> 2.7083441 | T82: =SUMPRODUCT(M82:O82,M42:O42)/SUM(M42:O42) -> 2.339131 | U82: =SUMPRODUCT(D82:O82,D42:O42)/SUM(D42:O42) -> 2.6933371
A83: Supply chain Cost | B83: Rs/Kg | C83: FY 19-20 | D83: 2.5553665 | E83: 2.4319833 | F83: 2.5064394 | G83: 2.8402897 | H83: 2.9330818 | I83: 3.0129301 | J83: 3.4996005 | K83: 3.7643897 | L83: 3.398661 | M83: 2.7673259 | N83: 2.3749183 | O83: 2.0854896 | Q83: =SUMPRODUCT(D83:F83,D45:F45)/SUM(D45:F45) -> 2.5061152 | R83: =SUMPRODUCT(G83:I83,G45:I45)/SUM(G45:I45) -> 2.9349963 | S83: =SUMPRODUCT(J83:L83,J45:L45)/SUM(J45:L45) -> 3.5453152 | T83: =SUMPRODUCT(M83:O83,M45:O45)/SUM(M45:O45) -> 2.3737687 | U83: =SUMPRODUCT(D83:O83,D45:O45)/SUM(D45:O45) -> 2.7907838
A84: Supply chain Cost | B84: Rs/Kg | C84: FY 20-21 | D84: 2.6401672 | E84: 3.013149 | F84: 3.6789719 | G84: 3.9314373 | H84: 4.6253593 | I84: 4.5535958 | J84: 5.4125782 | K84: 5.6461413 | L84: 4.7736127 | M84: 3.9052589 | N84: 3.5218278 | O84: 3.0210168 | Q84: =SUMPRODUCT(D84:F84,D46:F46)/SUM(D46:F46) -> 2.9866505 | R84: =SUMPRODUCT(G84:I84,G46:I46)/SUM(G46:I46) -> 4.2953982 | S84: =SUMPRODUCT(J84:L84,J46:L46)/SUM(J46:L46) -> 5.2449375 | T84: =SUMPRODUCT(M84:O84,M46:O46)/SUM(M46:O46) -> 3.4065094 | U84: =SUMPRODUCT(D84:O84,D46:O46)/SUM(D46:O46) -> 3.6083091
A85: Supply chain Cost | B85: Rs/Kg | C85: FY 21-22 | D85: 2.789845 | E85: 2.9335654 | F85: 2.8694469 | G85: 3.3073368 | H85: 3.9270494 | I85: 3.8777611 | J85: 3.8113014 | K85: 3.8781517 | L85: 2.8530688 | M85: 2.9669791 | N85: 2.9322954 | O85: 3.1114576 | Q85: =SUMPRODUCT(D85:F85,D50:F50)/SUM(D50:F50) -> 2.8594592 | R85: =SUMPRODUCT(G85:I85,G50:I50)/SUM(G50:I50) -> 3.6399773 | S85: =SUMPRODUCT(J85:L85,J50:L50)/SUM(J50:L50) -> 3.4442918 | T85: =SUMPRODUCT(M85:O85,M50:O50)/SUM(M50:O50) -> 3.0088181 | U85: =SUMPRODUCT(D85:O85,D50:O50)/SUM(D50:O50) -> 3.1810834
A86: Supply chain Cost | B86: Rs/Kg | C86: FY 22-23 | D86: 3.7395018 | E86: 3.9299223 | F86: 3.5174001 | G86: 3.499392 | H86: 3.446795 | I86: 3.1958779 | J86: 3.0725541 | K86: 3.0654278 | L86: 2.8965767 | M86: 3.0899183 | N86: 3.0518241 | O86: 2.9069716 | Q86: =SUMPRODUCT(D86:F86,D54:F54)/SUM(D54:F54) -> 3.7103233 | R86: =SUMPRODUCT(G86:I86,G54:I54)/SUM(G54:I54) -> 3.374445 | S86: =SUMPRODUCT(J86:L86,J54:L54)/SUM(J54:L54) -> 3.0096475 | T86: =SUMPRODUCT(M86:O86,M54:O54)/SUM(M54:O54) -> 3.00965 | U86: =SUMPRODUCT(D86:O86,D54:O54)/SUM(D54:O54) -> 3.236119
A87: Supply chain Cost | B87: Rs/Kg | C87: FY 23-24 | D87: 3.2332796 | E87: 3.7912806 | F87: 3.6078039 | G87: 3.3783424 | H87: 3.2241057 | I87: 3.0681001 | J87: 2.9027068 | K87: 2.8405736 | L87: 2.77357 | M87: 2.6497841 | N87: 2.5321655 | O87: 2.5465653 | Q87: =SUMPRODUCT(D87:F87,D59:F59)/SUM(D59:F59) -> 3.5216759 | R87: =SUMPRODUCT(G87:I87,G59:I59)/SUM(G59:I59) -> 3.2162309 | S87: =SUMPRODUCT(J87:L87,J59:L59)/SUM(J59:L59) -> 2.8375574 | T87: =SUMPRODUCT(M87:O87,M59:O59)/SUM(M59:O59) -> 2.5731998 | U87: =SUMPRODUCT(D87:O87,D59:O59)/SUM(D59:O59) -> 2.9625336
A88: Supply chain Cost | B88: Rs/Kg | C88: FY 24-25 | D88: 3.1507078 | E88: 3.1705209 | F88: 3.3173196 | G88: 3.0858639 | H88: 3.1565201 | I88: 2.9531577 | J88: 3.0011422 | K88: 3.052651 | L88: 2.729742 | M88: 2.5648387 | N88: 2.4770244 | O88: 2.4523434 | Q88: =SUMPRODUCT(D88:F88,$D$64:$F$64)/SUM($D$64:$F$64) -> 3.2109373 | R88: =SUMPRODUCT(G88:I88,$G$64:$I$64)/SUM($G$64:$I$64) -> 3.0592989 | S88: =SUMPRODUCT(J88:L88,$J$64:$L$64)/SUM($J$64:$L$64) -> 2.910754 | T88: =SUMPRODUCT(M88:O88,$M$64:$O$64)/SUM($M$64:$O$64) -> 2.4969567 | U88: =SUMPRODUCT(D88:O88,$D$64:$O$64)/SUM($D$64:$O$64) -> 2.8713666
A89: Supply chain Cost | B89: Rs/Kg | C89: FY 25-26 | D89: 2.9257504 | E89: 2.782634 | F89: 3.0131043 | G89: 2.9231494 | H89: 3.0919309 | I89: 3.1021665 | J89: 2.9057818 | K89: 3.0473406 | L89: 2.6389139 | M89: 2.7309563 | N89: 2.4183722 | O89: 2.5012093 | Q89: =SUMPRODUCT(D89:F89,$D$64:$F$64)/SUM($D$64:$F$64) -> 2.9057462 | R89: =SUMPRODUCT(G89:I89,$G$64:$I$64)/SUM($G$64:$I$64) -> 3.043475 | S89: =SUMPRODUCT(J89:L89,$J$64:$L$64)/SUM($J$64:$L$64) -> 2.8418491 | T89: =SUMPRODUCT(M89:O89,$M$64:$O$64)/SUM($M$64:$O$64) -> 2.5448158 | U89: =SUMPRODUCT(D89:O89,$D$64:$O$64)/SUM($D$64:$O$64) -> 2.8028252
A90: Supply chain Cost | B90: Rs/Kg | C90: FY 26-27 | D90: 3.2338667 | E90: 3.1060701 | F90: 3.1997637 | Q90: =SUMPRODUCT(D90:F90,$D$64:$F$64)/SUM($D$64:$F$64) -> 3.1799577 | R90: =SUMPRODUCT(G90:I90,$G$64:$I$64)/SUM($G$64:$I$64) -> 0 | S90: =SUMPRODUCT(J90:L90,$J$64:$L$64)/SUM($J$64:$L$64) -> 0 | T90: =SUMPRODUCT(M90:O90,$M$64:$O$64)/SUM($M$64:$O$64) -> 0 | U90: =SUMPRODUCT(D90:O90,$D$64:$O$64)/SUM($D$64:$O$64) -> 0.68080695
A92: Network Milk @ 4% & 8.5%
A93: Network Landed Cost | B93: Rs/Kg | C93: FY 18-19 | D93: 30.613216 | E93: 30.319737 | F93: 30.176297 | G93: 29.787683 | H93: 30.639821 | I93: 30.802631 | J93: 30.90165 | K93: 30.80285 | L93: 29.92406 | M93: 29.68857 | N93: 29.444572 | O93: 29.298299 | Q93: =SUMPRODUCT(D93:F93,D42:F42)/SUM(D42:F42) -> 30.378535 | R93: =SUMPRODUCT(G93:I93,G42:I42)/SUM(G42:I42) -> 30.38995 | S93: =SUMPRODUCT(J93:L93,J42:L42)/SUM(J42:L42) -> 30.490243 | T93: =SUMPRODUCT(M93:O93,M42:O42)/SUM(M42:O42) -> 29.469763 | U93: =SUMPRODUCT(D93:O93,D42:O42)/SUM(D42:O42) -> 30.102747
A94: Network Landed Cost | B94: Rs/Kg | C94: FY 19-20 | D94: 29.084707 | E94: 28.779961 | F94: 28.443054 | G94: 28.641826 | H94: 30.414986 | I94: 30.212649 | J94: 30.621478 | K94: 31.330504 | L94: 31.330901 | M94: 30.833803 | N94: 30.373118 | O94: 30.020053 | Q94: =SUMPRODUCT(D94:F94,D45:F45)/SUM(D45:F45) -> 28.833661 | R94: =SUMPRODUCT(G94:I94,G45:I45)/SUM(G45:I45) -> 29.826689 | S94: =SUMPRODUCT(J94:L94,J45:L45)/SUM(J45:L45) -> 31.086809 | T94: =SUMPRODUCT(M94:O94,M45:O45)/SUM(M45:O45) -> 30.366744 | U94: =SUMPRODUCT(D94:O94,D45:O45)/SUM(D45:O45) -> 30.006477
A95: Network Landed Cost | B95: Rs/Kg | C95: FY 20-21 | D95: 29.869517 | E95: 28.206187 | F95: 28.630366 | G95: 29.686393 | H95: 32.250815 | I95: 32.537131 | J95: 33.50238 | K95: 33.965256 | L95: 33.120729 | M95: 33.1475 | N95: 32.677335 | O95: 32.767929 | Q95: =SUMPRODUCT(D95:F95,D46:F46)/SUM(D46:F46) -> 29.038573 | R95: =SUMPRODUCT(G95:I95,G46:I46)/SUM(G46:I46) -> 31.186082 | S95: =SUMPRODUCT(J95:L95,J46:L46)/SUM(J46:L46) -> 33.49508 | T95: =SUMPRODUCT(M95:O95,M46:O46)/SUM(M46:O46) -> 32.833641 | U95: =SUMPRODUCT(D95:O95,D46:O46)/SUM(D46:O46) -> 31.012854
A96: Network Landed Cost | B96: Rs/Kg | C96: FY 21-22 | D96: 33.380831 | E96: 33.312151 | F96: 33.307646 | G96: 33.817645 | H96: 34.34129 | I96: 34.598332 | J96: 35.020017 | K96: 36.279465 | L96: 36.12 | M96: 35.999028 | N96: 36.216516 | O96: 36.736276 | P96: Ok | Q96: =SUMPRODUCT(D96:F96,D50:F50)/SUM(D50:F50) -> 33.33514 | R96: =SUMPRODUCT(G96:I96,G50:I50)/SUM(G50:I50) -> 34.186768 | S96: =SUMPRODUCT(J96:L96,J50:L50)/SUM(J50:L50) -> 35.828029 | T96: =SUMPRODUCT(M96:O96,M50:O50)/SUM(M50:O50) -> 36.345182 | U96: =SUMPRODUCT(D96:O96,D50:O50)/SUM(D50:O50) -> 34.791166
A97: Network Landed Cost | B97: Rs/Kg | C97: =+C86 -> FY 22-23 | D97: 37.008039 | E97: 39.486818 | F97: 38.605306 | G97: 38.02639 | H97: 37.516574 | I97: 37.427627 | J97: 38.09181 | K97: 38.957203 | L97: 38.898354 | M97: 39.476973 | N97: 39.249068 | O97: 39.639113 | Q97: =SUMPRODUCT(D97:F97,D54:F54)/SUM(D54:F54) -> 38.356164 | R97: =SUMPRODUCT(G97:I97,G54:I54)/SUM(G54:I54) -> 37.636346 | S97: =SUMPRODUCT(J97:L97,J54:L54)/SUM(J54:L54) -> 38.658419 | T97: =SUMPRODUCT(M97:O97,M54:O54)/SUM(M54:O54) -> 39.454285 | U97: =SUMPRODUCT(D97:O97,D54:O54)/SUM(D54:O54) -> 38.582346
A98: Network Landed Cost | B98: Rs/Kg | C98: =+C87 -> FY 23-24 | D98: 39.505867 | E98: 43.16434 | F98: 41.883471 | G98: 40.488292 | H98: 40.366275 | I98: 40.278411 | J98: 40.135896 | K98: 40.171526 | L98: 40.17219 | M98: 39.954948 | N98: 39.765445 | O98: 37.668034 | Q98: =SUMPRODUCT(D98:F98,D59:F59)/SUM(D59:F59) -> 41.371498 | R98: =SUMPRODUCT(G98:I98,G59:I59)/SUM(G59:I59) -> 40.37324 | S98: =SUMPRODUCT(J98:L98,J59:L59)/SUM(J59:L59) -> 40.159541 | T98: =SUMPRODUCT(M98:O98,M59:O59)/SUM(M59:O59) -> 39.129102 | U98: =SUMPRODUCT(D98:O98,D59:O59)/SUM(D59:O59) -> 40.090826
A99: Network Landed Cost | B99: Rs/Kg | C99: =+C88 -> FY 24-25 | D99: 40.390525 | E99: 40.288558 | F99: 40.110018 | G99: 40.388447 | H99: 40.268682 | I99: 40.179058 | J99: 40.200487 | K99: 40.098044 | L99: 40.129005 | M99: 39.67431 | N99: 39.622887 | O99: 39.608032 | Q99: =SUMPRODUCT(D99:F99,$D$64:$F$64)/SUM($D$64:$F$64) -> 40.266068 | R99: =SUMPRODUCT(G99:I99,$G$64:$I$64)/SUM($G$64:$I$64) -> 40.27255 | S99: =SUMPRODUCT(J99:L99,$J$64:$L$64)/SUM($J$64:$L$64) -> 40.144847 | T99: =SUMPRODUCT(M99:O99,$M$64:$O$64)/SUM($M$64:$O$64) -> 39.634428 | U99: =SUMPRODUCT(D99:O99,$D$64:$O$64)/SUM($D$64:$O$64) -> 40.030257
A100: Network Landed Cost | B100: Rs/Kg | C100: =+C89 -> FY 25-26 | D100: 39.668827 | E100: 39.581598 | F100: 41.247675 | G100: 41.185119 | H100: 39.699687 | I100: 41.636332 | J100: 41.51735 | K100: 41.151717 | L100: 41.16439 | M100: 41.192501 | N100: 40.828487 | O100: 40.815888 | Q100: =SUMPRODUCT(D100:F100,$D$64:$F$64)/SUM($D$64:$F$64) -> 40.147172 | R100: =SUMPRODUCT(G100:I100,$G$64:$I$64)/SUM($G$64:$I$64) -> 40.877076 | S100: =SUMPRODUCT(J100:L100,$J$64:$L$64)/SUM($J$64:$L$64) -> 41.281086 | T100: =SUMPRODUCT(M100:O100,$M$64:$O$64)/SUM($M$64:$O$64) -> 40.940277 | U100: =SUMPRODUCT(D100:O100,$D$64:$O$64)/SUM($D$64:$O$64) -> 40.832707
A101: Network Landed Cost | B101: Rs/Kg | C101: =+C90 -> FY 26-27 | D101: 41.759928 | E101: 42.244447 | F101: 43.98963 | Q101: =SUMPRODUCT(D101:F101,$D$64:$F$64)/SUM($D$64:$F$64) -> 42.639671 | R101: =SUMPRODUCT(G101:I101,$G$64:$I$64)/SUM($G$64:$I$64) -> 0 | S101: =SUMPRODUCT(J101:L101,$J$64:$L$64)/SUM($J$64:$L$64) -> 0 | T101: =SUMPRODUCT(M101:O101,$M$64:$O$64)/SUM($M$64:$O$64) -> 0 | U101: =SUMPRODUCT(D101:O101,$D$64:$O$64)/SUM($D$64:$O$64) -> 9.1288587
A103: Overall Milk @ 4% & 8.5%
A104: Overall Landed Cost | B104: Rs/Kg | C104: FY 18-19 | D104: 30.613216 | E104: 30.319737 | F104: 30.176297 | G104: 29.787683 | H104: 30.639821 | I104: 30.802631 | J104: 30.90165 | K104: 30.80285 | L104: 29.92406 | M104: 29.68857 | N104: 29.444572 | O104: 29.298299 | Q104: =SUMPRODUCT(D104:F104,D42:F42)/SUM(D42:F42) -> 30.378535 | R104: =SUMPRODUCT(G104:I104,G42:I42)/SUM(G42:I42) -> 30.38995 | S104: =SUMPRODUCT(J104:L104,J42:L42)/SUM(J42:L42) -> 30.490243 | T104: =SUMPRODUCT(M104:O104,M42:O42)/SUM(M42:O42) -> 29.469763 | U104: =SUMPRODUCT(D104:O104,D42:O42)/SUM(D42:O42) -> 30.102747
...

Sheet WEST BENGAL
A1: Milk Procurement Historical Data_WB
D2: 30 | E2: 31 | F2: 30 | G2: 31 | H2: 31 | I2: 30 | J2: 31 | K2: 30 | L2: 31 | M2: 31 | N2: 28 | O2: 31 | Q2: =SUM(D2:F2) -> 91 | R2: =SUM(G2:I2) -> 92 | S2: =SUM(J2:L2) -> 92 | T2: =SUM(M2:O2) -> 90 | U2: =SUM(Q2:T2) -> 365
D3: 30 | E3: 31 | F3: 30 | G3: 31 | H3: 31 | I3: 30 | J3: 31 | K3: 30 | L3: 31 | M3: 31 | N3: 29 | O3: 31 | Q3: =SUM(D3:F3) -> 91 | R3: =SUM(G3:I3) -> 92 | S3: =SUM(J3:L3) -> 92 | T3: =SUM(M3:O3) -> 91 | U3: =SUM(Q3:T3) -> 366
A4: Parameters | B4: UOM | C4: Months | D4: Apr | E4: May | F4: Jun | G4: Jul | H4: Aug | I4: Sep | J4: Oct | K4: Nov | L4: Dec | M4: Jan | N4: Feb | O4: Mar | Q4: Q1 | R4: Q2 | S4: Q3 | T4: Q4 | U4: YTD
A5: No. of MPGs | B5: Nos | C5: FY 19-20 | D5: 0 | E5: 4 | F5: 8 | G5: 18 | H5: 26 | I5: 41 | J5: 47 | K5: 63 | L5: 76 | M5: 87 | N5: 102 | O5: 110 | Q5: =SUMPRODUCT(D5:F5,$D$3:$F$3)/$Q$3 -> 4 | R5: =SUMPRODUCT(G5:I5,$G$3:$I$3)/$R$3 -> 28.195652 | S5: =SUMPRODUCT(J5:L5,$J$3:$L$3)/$S$3 -> 61.98913 | T5: =SUMPRODUCT(M5:O5,$M$3:$O$3)/$T$3 -> 99.615385 | V5: =MAX(D5:O5) -> 110
A6: No. of MPGs | B6: Nos | C6: FY 20-21 | D6: 106 | E6: 106 | F6: 106 | G6: 110 | H6: 109 | I6: 109 | J6: 109 | K6: 115 | L6: 118 | M6: 117 | N6: 122 | O6: 137 | Q6: =SUMPRODUCT(D6:F6,$D$3:$F$3)/$Q$3 -> 106 | R6: =SUMPRODUCT(G6:I6,$G$3:$I$3)/$R$3 -> 109.33696 | S6: =SUMPRODUCT(J6:L6,$J$3:$L$3)/$S$3 -> 113.98913 | T6: =SUMPRODUCT(M6:O6,$M$3:$O$3)/$T$3 -> 125.40659 | V6: =MAX(D6:O6) -> 137
A7: No. of MPGs | B7: Nos | C7: FY 21-22 | D7: 144 | E7: 140 | F7: 137 | G7: 132 | H7: 129 | I7: 126 | J7: 127 | K7: 128 | L7: 126 | M7: 128 | N7: 129 | O7: 125 | Q7: =SUMPRODUCT(D7:F7,$D$3:$F$3)/$Q$3 -> 140.32967 | R7: =SUMPRODUCT(G7:I7,$G$3:$I$3)/$R$3 -> 129.03261 | S7: =SUMPRODUCT(J7:L7,$J$3:$L$3)/$S$3 -> 126.98913 | T7: =SUMPRODUCT(M7:O7,$M$3:$O$3)/$T$3 -> 127.2967 | V7: =MAX(D7:O7) -> 144
A8: No. of MPGs | B8: Nos | C8: FY 22-23 | D8: 133 | E8: 140 | F8: 141 | G8: 147 | H8: 147 | I8: 147 | J8: 147 | K8: 154 | L8: 150 | M8: 155 | N8: 162 | O8: 164 | Q8: =SUMPRODUCT(D8:F8,$D$3:$F$3)/$Q$3 -> 138.02198 | R8: =SUMPRODUCT(G8:I8,$G$3:$I$3)/$R$3 -> 147 | S8: =SUMPRODUCT(J8:L8,$J$3:$L$3)/$S$3 -> 150.29348 | T8: =SUMPRODUCT(M8:O8,$M$3:$O$3)/$T$3 -> 160.2967 | V8: =MAX(D8:O8) -> 164
A9: No. of MPGs | B9: Nos | C9: FY 23-24 | D9: 169 | E9: 174 | F9: 171 | G9: 167 | H9: 163 | I9: 168 | J9: 166 | K9: 164 | L9: 157 | M9: 155 | N9: 156 | O9: 154 | Q9: =SUMPRODUCT(D9:F9,$D$3:$F$3)/$Q$3 -> 171.36264 | R9: =SUMPRODUCT(G9:I9,$G$3:$I$3)/$R$3 -> 165.97826 | S9: =SUMPRODUCT(J9:L9,$J$3:$L$3)/$S$3 -> 162.31522 | T9: =SUMPRODUCT(M9:O9,$M$3:$O$3)/$T$3 -> 154.97802 | V9: =MAX(D9:O9) -> 174
A10: No. of MPGs | B10: Nos | C10: FY 24-25 | D10: 151 | E10: 148 | F10: 146 | G10: 145 | H10: 139 | I10: 138 | J10: 135 | K10: 139 | L10: 139 | M10: 136 | N10: 143 | O10: 151 | Q10: =SUMPRODUCT(D10:F10,$D$3:$F$3)/$Q$3 -> 148.32967 | R10: =SUMPRODUCT(G10:I10,$G$3:$I$3)/$R$3 -> 140.69565 | S10: =SUMPRODUCT(J10:L10,$J$3:$L$3)/$S$3 -> 137.65217 | T10: =SUMPRODUCT(M10:O10,$M$3:$O$3)/$T$3 -> 143.34066 | V10: =MAX(D10:O10) -> 151
A11: No. of MPGs | B11: Nos | C11: FY 25-26 | D11: 161 | E11: 178 | F11: 179 | G11: 197 | H11: 211 | I11: 227 | J11: 221 | K11: 219 | L11: 222 | M11: 219 | N11: 227 | O11: 232 | Q11: =SUMPRODUCT(D11:F11,$D$3:$F$3)/$Q$3 -> 172.72527 | R11: =SUMPRODUCT(G11:I11,$G$3:$I$3)/$R$3 -> 211.5 | S11: =SUMPRODUCT(J11:L11,$J$3:$L$3)/$S$3 -> 220.68478 | T11: =SUMPRODUCT(M11:O11,$M$3:$O$3)/$T$3 -> 225.97802 | V11: =MAX(D11:O11) -> 232
A12: No. of MPGs | B12: Nos | C12: FY 26-27 | D12: 236 | E12: 240 | F12: 234 | Q12: =SUMPRODUCT(D12:F12,$D$3:$F$3)/$Q$3 -> 236.7033 | R12: =SUMPRODUCT(G12:I12,$G$3:$I$3)/$R$3 -> 0 | S12: =SUMPRODUCT(J12:L12,$J$3:$L$3)/$S$3 -> 0 | T12: =SUMPRODUCT(M12:O12,$M$3:$O$3)/$T$3 -> 0
A14: Farmers | B14: Nos | C14: FY 19-20 | D14: 0 | E14: 193 | F14: 377 | G14: 736 | H14: 1004 | I14: 2063 | J14: 2542 | K14: 3499 | L14: 4391 | M14: 5138 | N14: 3795 | O14: 5317 | Q14: =SUMPRODUCT(D14:F14,$D$3:$F$3)/$Q$3 -> 190.03297 | R14: =SUMPRODUCT(G14:I14,$G$3:$I$3)/$R$3 -> 1259.0217 | S14: =SUMPRODUCT(J14:L14,$J$3:$L$3)/$S$3 -> 3477.0978 | T14: =SUMPRODUCT(M14:O14,$M$3:$O$3)/$T$3 -> 4770.989 | U14: =SUMPRODUCT(D14:O14,$D$3:$O$3)/$U$3 -> 2423.9781 | V14: =MAX(D14:U14) -> 5317
A15: Farmers | B15: Nos | C15: FY 20-21 | D15: 4534 | E15: 4474 | F15: 4258 | G15: 3658 | H15: 3800 | I15: 3704 | J15: 3969 | K15: 3706 | L15: 3641 | M15: 3665 | N15: 3589 | O15: 4334 | Q15: =SUMPRODUCT(D15:F15,$D$3:$F$3)/$Q$3 -> 4422.5714 | R15: =SUMPRODUCT(G15:I15,$G$3:$I$3)/$R$3 -> 3720.8478 | S15: =SUMPRODUCT(J15:L15,$J$3:$L$3)/$S$3 -> 3772.7174 | T15: =SUMPRODUCT(M15:O15,$M$3:$O$3)/$T$3 -> 3868.6813 | U15: =SUMPRODUCT(D15:O15,$D$3:$O$3)/$U$3 -> 3945.1148 | V15: =MAX(D15:U15) -> 4534
A16: Farmers | B16: Nos | C16: FY 21-22 | D16: 4826 | E16: 5232 | F16: 5069 | G16: 4519 | H16: 4231 | I16: 4109 | J16: 3958 | K16: 2518 | L16: 3689 | M16: 3504 | N16: 3402 | O16: 3715 | Q16: =SUMPRODUCT(D16:F16,$D$3:$F$3)/$Q$3 -> 5044.4176 | R16: =SUMPRODUCT(G16:I16,$G$3:$I$3)/$R$3 -> 4288.2609 | S16: =SUMPRODUCT(J16:L16,$J$3:$L$3)/$S$3 -> 3397.7935 | T16: =SUMPRODUCT(M16:O16,$M$3:$O$3)/$T$3 -> 3543.3736 | U16: =SUMPRODUCT(D16:O16,$D$3:$O$3)/$U$3 -> 4067.2295 | V16: =MAX(D16:U16) -> 5232 | W16: =BIHAR!P26 -> 9876 | Y16: =SUM(V16:X16) -> 15108
A17: Farmers | B17: Nos | C17: FY 22-23 | D17: 5398 | E17: 5789 | F17: 6214 | G17: 6418 | H17: 6025 | I17: 5623 | J17: 5319 | K17: 5149 | L17: 5075 | M17: 5125 | N17: 5049 | O17: 5092 | Q17: =SUMPRODUCT(D17:F17,$D$3:$F$3)/$Q$3 -> 5800.2088 | R17: =SUMPRODUCT(G17:I17,$G$3:$I$3)/$R$3 -> 6026.337 | S17: =SUMPRODUCT(J17:L17,$J$3:$L$3)/$S$3 -> 5181.3478 | T17: =SUMPRODUCT(M17:O17,$M$3:$O$3)/$T$3 -> 5089.5385 | U17: =SUMPRODUCT(D17:O17,$D$3:$O$3)/$U$3 -> 5524.7923 | V17: =MAX(D17:U17) -> 6418 | W17: =BIHAR!P27 -> 10517.934 | Y17: =SUM(V17:X17) -> 16935.934
A18: Farmers | B18: Nos | C18: FY 23-24 | D18: 6659 | E18: 7090 | F18: 6835.8242 | G18: 7012 | H18: 6136 | I18: 6029 | J18: 5756 | K18: 5512 | L18: 5412 | M18: 5212 | N18: 5315 | O18: 5512 | Q18: =SUMPRODUCT(D18:F18,$D$3:$F$3)/$Q$3 -> 6864.1179 | R18: =SUMPRODUCT(G18:I18,$G$3:$I$3)/$R$3 -> 6396.2826 | S18: =SUMPRODUCT(J18:L18,$J$3:$L$3)/$S$3 -> 5560.5217 | T18: =SUMPRODUCT(M18:O18,$M$3:$O$3)/$T$3 -> 5347.022 | U18: =SUMPRODUCT(D18:O18,$D$3:$O$3)/$U$3 -> 6041.6386 | V18: =MAX(D18:U18) -> 7090 | W18: =BIHAR!P28 -> 13259 | X18: =JHARKHAND!P9 -> 479 | Y18: =SUM(V18:X18) -> 20828
A19: Farmers | B19: Nos | C19: FY 24-25 | D19: 5346 | E19: 5307 | F19: 5087 | G19: 4995 | H19: 4764 | I19: 4320 | J19: 4041 | K19: 4102 | L19: 4285 | M19: 4356 | N19: 4241 | O19: 4287 | Q19: =SUMPRODUCT(D19:F19,$D$3:$F$3)/$Q$3 -> 5247.3297 | R19: =SUMPRODUCT(G19:I19,$G$3:$I$3)/$R$3 -> 4697.0543 | S19: =SUMPRODUCT(J19:L19,$J$3:$L$3)/$S$3 -> 4143.1087 | T19: =SUMPRODUCT(M19:O19,$M$3:$O$3)/$T$3 -> 4295.8462 | U19: =SUMPRODUCT(D19:O19,$D$3:$O$3)/$U$3 -> 4594.8743 | V19: =MAX(D19:U19) -> 5346 | W19: =BIHAR!P29 -> 7611 | X19: =JHARKHAND!P10 -> 1162 | Y19: =SUM(V19:X19) -> 14119
A20: Farmers | B20: Nos | C20: FY 25-26 | D20: 4377 | E20: 4754 | F20: 4997 | G20: 5122 | H20: 4942 | I20: 5022 | J20: 4935 | K20: 4920 | L20: 4736 | M20: 4710 | N20: 5118 | O20: 5411 | Q20: =SUMPRODUCT(D20:F20,$D$3:$F$3)/$Q$3 -> 4709.8242 | R20: =SUMPRODUCT(G20:I20,$G$3:$I$3)/$R$3 -> 5028.7391 | S20: =SUMPRODUCT(J20:L20,$J$3:$L$3)/$S$3 -> 4863.0543 | T20: =SUMPRODUCT(M20:O20,$M$3:$O$3)/$T$3 -> 5078.8242 | U20: =SUMPRODUCT(D20:O20,$D$3:$O$3)/$U$3 -> 4920.2514 | V20: =MAX(D20:U20) -> 5411 | W20: =BIHAR!P30 -> 7148 | X20: =JHARKHAND!P11 -> 1743 | Y20: =SUM(V20:X20) -> 14302
A21: Farmers | B21: Nos | C21: FY 26-27 | D21: 5610 | E21: 6072 | F21: 5985 | Q21: =SUMPRODUCT(D21:F21,$D$3:$F$3)/$Q$3 -> 5891.011 | R21: =SUMPRODUCT(G21:I21,$G$3:$I$3)/$R$3 -> 0 | S21: =SUMPRODUCT(J21:L21,$J$3:$L$3)/$S$3 -> 0 | T21: =SUMPRODUCT(M21:O21,$M$3:$O$3)/$T$3 -> 0 | U21: =SUMPRODUCT(D21:O21,$D$3:$O$3)/$U$3 -> 1464.7049 | V21: =MAX(D21:U21) -> 6072 | W21: =BIHAR!P31 -> 7055 | X21: =JHARKHAND!P12 -> 1757 | Y21: =SUM(V21:X21) -> 14884
A23: Parameters | B23: UOM | C23: Months | D23: Apr | E23: May | F23: Jun | G23: Jul | H23: Aug | I23: Sep | J23: Oct | K23: Nov | L23: Dec | M23: Jan | N23: Feb | O23: Mar | Q23: Q1 | R23: Q2 | S23: Q3 | T23: Q4 | U23: YTD
A24: Own Network | B24: KG | C24: FY 19-20 | D24: 0 | E24: 155.24194 | F24: 4042.6351 | G24: 8718.7973 | H24: 11850.374 | I24: 21210.398 | J24: 24301.598 | K24: 34181.56 | L24: 45503.942 | M24: 48257.191 | N24: 48345.831 | O24: 55332.064 | Q24: =SUMPRODUCT(D24:F24,$D$3:$F$3)/$Q$3 -> 1385.6215 | R24: =SUMPRODUCT(G24:I24,$G$3:$I$3)/$R$3 -> 13847.351 | S24: =SUMPRODUCT(J24:L24,$J$3:$L$3)/$S$3 -> 34667.593 | T24: =SUMPRODUCT(M24:O24,$M$3:$O$3)/$T$3 -> 50695.56 | U24: =SUMPRODUCT(D24:O24,$D$3:$O$3)/$U$3 -> 25144.159 | W24: =Q20+JHARKHAND!Q11+BIHAR!H30 -> 12786.769
A25: Vendor | B25: KG | C25: FY 19-20 | D25: 0 | E25: 7110.0282 | F25: 18978.987 | G25: 21597.476 | H25: 14112.996 | I25: 6349.0292 | J25: 0 | K25: 0 | L25: 0 | M25: 0 | N25: 0 | O25: 0 | Q25: =SUMPRODUCT(D25:F25,$D$3:$F$3)/$Q$3 -> 8678.9066 | R25: =SUMPRODUCT(G25:I25,$G$3:$I$3)/$R$3 -> 14103.212 | S25: =SUMPRODUCT(J25:L25,$J$3:$L$3)/$S$3 -> 0 | T25: =SUMPRODUCT(M25:O25,$M$3:$O$3)/$T$3 -> 0 | U25: =SUMPRODUCT(D25:O25,$D$3:$O$3)/$U$3 -> 5702.9399
A26: Avg Milk/Day @4% | B26: KG | C26: FY 19-20 | D26: =D24+D25 -> 0 | E26: =E24+E25 -> 7265.2702 | F26: =F24+F25 -> 23021.623 | G26: =G24+G25 -> 30316.273 | H26: =H24+H25 -> 25963.37 | I26: =I24+I25 -> 27559.427 | J26: =J24+J25 -> 24301.598 | K26: =K24+K25 -> 34181.56 | ... O26: =O24+O25 -> 55332.064 | Q26: =SUMPRODUCT(D26:F26,$D$3:$F$3)/$Q$3 -> 10064.528 | R26: =SUMPRODUCT(G26:I26,$G$3:$I$3)/$R$3 -> 27950.562 | S26: =SUMPRODUCT(J26:L26,$J$3:$L$3)/$S$3 -> 34667.593 | T26: =SUMPRODUCT(M26:O26,$M$3:$O$3)/$T$3 -> 50695.56 | U26: =SUMPRODUCT(D26:O26,$D$3:$O$3)/$U$3 -> 30847.099
A27: Own Network | B27: KG | C27: FY 20-21 | D27: 57774.84 | E27: 61541.87 | F27: 54261.297 | G27: 45648.921 | H27: 39646.963 | I27: 45868.286 | J27: 43961.933 | K27: 45795.523 | L27: 47852.014 | M27: 51150.88 | N27: 41946.88 | O27: 39587.578 | Q27: =SUMPRODUCT(D27:F27,$D$3:$F$3)/$Q$3 -> 57899.803 | R27: =SUMPRODUCT(G27:I27,$G$3:$I$3)/$R$3 -> 43698.054 | S27: =SUMPRODUCT(J27:L27,$J$3:$L$3)/$S$3 -> 45870.631 | T27: =SUMPRODUCT(M27:O27,$M$3:$O$3)/$T$3 -> 44278.59 | U27: =SUMPRODUCT(D27:O27,$D$3:$O$3)/$U$3 -> 47919.543
A28: Vendor | B28: KG | C28: FY 20-21 | D28: 0 | E28: 0 | F28: 948.63833 | G28: 2407.6593 | H28: 899.6371 | I28: 0 | J28: 0 | K28: 0 | L28: 2696.2016 | M28: 4664.3468 | N28: 5064.625 | O28: 5254.3871 | Q28: =SUMPRODUCT(D28:F28,$D$3:$F$3)/$Q$3 -> 312.73791 | R28: =SUMPRODUCT(G28:I28,$G$3:$I$3)/$R$3 -> 1114.4151 | S28: =SUMPRODUCT(J28:L28,$J$3:$L$3)/$S$3 -> 908.50272 | T28: =SUMPRODUCT(M28:O28,$M$3:$O$3)/$T$3 -> 4992.9107 | U28: =SUMPRODUCT(D28:O28,$D$3:$O$3)/$U$3 -> 1827.657
A29: Avg Milk/Day @4% | B29: KG | C29: FY 20-21 | D29: =D27+D28 -> 57774.84 | E29: =E27+E28 -> 61541.87 | F29: =F27+F28 -> 55209.935 | G29: =G27+G28 -> 48056.58 | H29: =H27+H28 -> 40546.6 | I29: =I27+I28 -> 45868.286 | J29: =J27+J28 -> 43961.933 | K29: =K27+K28 -> 45795.523 | ... O29: =O27+O28 -> 44841.966 | Q29: =SUMPRODUCT(D29:F29,$D$3:$F$3)/$Q$3 -> 58212.541 | R29: =SUMPRODUCT(G29:I29,$G$3:$I$3)/$R$3 -> 44812.469 | S29: =SUMPRODUCT(J29:L29,$J$3:$L$3)/$S$3 -> 46779.133 | T29: =SUMPRODUCT(M29:O29,$M$3:$O$3)/$T$3 -> 49271.501 | U29: =SUMPRODUCT(D29:O29,$D$3:$O$3)/$U$3 -> 49747.2
A30: Own Network | B30: KG | C30: FY 21-22 | D30: 45275.863 | E30: 61948.145 | F30: 57566.072 | G30: 47246.151 | H30: 44859.3 | I30: 38981.803 | J30: 36887.573 | K30: 42294.44 | L30: 47053.191 | M30: 53196.132 | N30: 47871.166 | O30: 42412.391 | Q30: =SUMPRODUCT(D30:F30,$D$3:$F$3)/$Q$3 -> 55007.149 | R30: =SUMPRODUCT(G30:I30,$G$3:$I$3)/$R$3 -> 43746.99 | S30: =SUMPRODUCT(J30:L30,$J$3:$L$3)/$S$3 -> 42076.053 | T30: =SUMPRODUCT(M30:O30,$M$3:$O$3)/$T$3 -> 47825.583 | U30: =SUMPRODUCT(D30:O30,$D$3:$O$3)/$U$3 -> 47140.707
A31: Vendor | B31: KG | C31: FY 21-22 | D31: 6127.4458 | E31: 3919.3758 | F31: 235.625 | G31: 224.01613 | H31: 1806.8065 | I31: 9316.2958 | J31: 8948.7258 | K31: 9960.85 | L31: 11071.827 | M31: 12955.052 | N31: 15153.024 | O31: 17749.544 | Q31: =SUMPRODUCT(D31:F31,$D$3:$F$3)/$Q$3 -> 3432.8876 | R31: =SUMPRODUCT(G31:I31,$G$3:$I$3)/$R$3 -> 3722.2215 | S31: =SUMPRODUCT(J31:L31,$J$3:$L$3)/$S$3 -> 9994.159 | T31: =SUMPRODUCT(M31:O31,$M$3:$O$3)/$T$3 -> 15288.793 | U31: =SUMPRODUCT(D31:O31,$D$3:$O$3)/$U$3 -> 8102.6775
A32: Transfer | B32: KG | C32: FY 21-22 | D32: 0 | E32: 0 | F32: 0 | G32: 0 | H32: -4218.2879 | I32: -618.29167 | J32: 0 | K32: 0 | L32: 0 | M32: 0 | N32: 0 | O32: 0 | Q32: =SUMPRODUCT(D32:F32,$D$3:$F$3)/$Q$3 -> 0 | R32: =SUMPRODUCT(G32:I32,$G$3:$I$3)/$R$3 -> -1622.9965 | S32: =SUMPRODUCT(J32:L32,$J$3:$L$3)/$S$3 -> 0 | T32: =SUMPRODUCT(M32:O32,$M$3:$O$3)/$T$3 -> 0 | U32: =SUMPRODUCT(D32:O32,$D$3:$O$3)/$U$3 -> -407.96633
A33: Avg Milk/Day @4% | B33: KG | C33: FY 21-22 | D33: =D30+D31+D32 -> 51403.309 | E33: =E30+E31+E32 -> 65867.521 | F33: =F30+F31+F32 -> 57801.697 | G33: =G30+G31+G32 -> 47470.168 | H33: =H30+H31+H32 -> 42447.818 | I33: =I30+I31+I32 -> 47679.807 | J33: =J30+J31+J32 -> 45836.299 | K33: =K30+K31+K32 -> 52255.29 | ... O33: =O30+O31+O32 -> 60161.935 | Q33: =SUMPRODUCT(D33:F33,$D$3:$F$3)/$Q$3 -> 58440.037 | R33: =SUMPRODUCT(G33:I33,$G$3:$I$3)/$R$3 -> 45846.215 | S33: =SUMPRODUCT(J33:L33,$J$3:$L$3)/$S$3 -> 52070.212 | T33: =SUMPRODUCT(M33:O33,$M$3:$O$3)/$T$3 -> 63114.376 | U33: =SUMPRODUCT(D33:O33,$D$3:$O$3)/$U$3 -> 54835.418
A34: Own Network | B34: KG | C34: FY 22-23 | D34: 47705.433 | E34: 73489.344 | F34: 87382.353 | G34: 80793.713 | H34: 66728.056 | I34: 65346.844 | J34: 61138.735 | K34: 71467.024 | L34: 70762.89 | M34: 71817.734 | N34: 69450.839 | O34: 65539.05 | Q34: =SUMPRODUCT(D34:F34,$D$3:$F$3)/$Q$3 -> 69569.266 | R34: =SUMPRODUCT(G34:I34,$G$3:$I$3)/$R$3 -> 71017.176 | S34: =SUMPRODUCT(J34:L34,$J$3:$L$3)/$S$3 -> 67749.577 | T34: =SUMPRODUCT(M34:O34,$M$3:$O$3)/$T$3 -> 68924.556 | U34: =SUMPRODUCT(D34:O34,$D$3:$O$3)/$U$3 -> 69315.517 | V34: =SUMPRODUCT(D34:I34,$D$2:$I$2)/SUM($D$2:$I$2) -> 70297.177
A35: Vendor | B35: KG | C35: FY 22-23 | D35: 17569.809 | E35: 18171.414 | F35: 29938.607 | G35: 32342.996 | H35: 34610.734 | I35: 32725.017 | J35: 23697.512 | K35: 26441.845 | L35: 26329.004 | M35: 18091.629 | N35: 11035.85 | O35: 8584.5852 | Q35: =SUMPRODUCT(D35:F35,$D$3:$F$3)/$Q$3 -> 21852.377 | R35: =SUMPRODUCT(G35:I35,$G$3:$I$3)/$R$3 -> 33231.697 | S35: =SUMPRODUCT(J35:L35,$J$3:$L$3)/$S$3 -> 25479.101 | T35: =SUMPRODUCT(M35:O35,$M$3:$O$3)/$T$3 -> 12604.421 | U35: =SUMPRODUCT(D35:O35,$D$3:$O$3)/$U$3 -> 23325.033 | V35: =SUMPRODUCT(D35:I35,$D$2:$I$2)/SUM($D$2:$I$2) -> 27573.128
A36: Transfer | B36: KG | C36: FY 22-23 | D36: -12634.343 | E36: -30340.315 | F36: -54853.191 | G36: -51277.952 | H36: -40260.969 | I36: -36157.96 | J36: -30607.31 | K36: -43724.297 | L36: -34442.105 | M36: -26239.242 | N36: -19194.018 | O36: -6887.0968 | Q36: =SUMPRODUCT(D36:F36,$D$3:$F$3)/$Q$3 -> -32584.349 | R36: =SUMPRODUCT(G36:I36,$G$3:$I$3)/$R$3 -> -42635.276 | S36: =SUMPRODUCT(J36:L36,$J$3:$L$3)/$S$3 -> -36176.748 | T36: =SUMPRODUCT(M36:O36,$M$3:$O$3)/$T$3 -> -17401.572 | U36: =SUMPRODUCT(D36:O36,$D$3:$O$3)/$U$3 -> -32238.866 | V36: =SUMPRODUCT(D36:I36,$D$2:$I$2)/SUM($D$2:$I$2) -> -37637.274
A37: Avg Milk/Day @4% | B37: KG | C37: FY 22-23 | D37: =D34+D35+D36 -> 52640.899 | E37: =E34+E35+E36 -> 61320.442 | F37: =F34+F35+F36 -> 62467.769 | G37: =G34+G35+G36 -> 61858.757 | H37: =H34+H35+H36 -> 61077.822 | I37: =I34+I35+I36 -> 61913.9 | J37: =J34+J35+J36 -> 54228.936 | K37: =K34+K35+K36 -> 54184.573 | ... O37: =O34+O35+O36 -> 67236.539 | Q37: =SUMPRODUCT(D37:F37,$D$3:$F$3)/$Q$3 -> 58837.294 | R37: =SUMPRODUCT(G37:I37,$G$3:$I$3)/$R$3 -> 61613.597 | S37: =SUMPRODUCT(J37:L37,$J$3:$L$3)/$S$3 -> 57051.931 | T37: =SUMPRODUCT(M37:O37,$M$3:$O$3)/$T$3 -> 64127.406 | U37: =SUMPRODUCT(D37:O37,$D$3:$O$3)/$U$3 -> 60401.684 | V37: =SUMPRODUCT(D37:I37,$D$2:$I$2)/SUM($D$2:$I$2) -> 60233.031
A38: Own Network | B38: KG | C38: FY 23-24 | D38: 71711.084 | E38: 93989.205 | F38: 97503.675 | G38: 77892.134 | H38: 63582.124 | I38: 61617.298 | J38: 63077.533 | K38: 57040.955 | L38: 61417.368 | M38: 60701.046 | N38: 59008.978 | O38: 59032.238 | Q38: =SUMPRODUCT(D38:F38,$D$3:$F$3)/$Q$3 -> 87803.386 | R38: =SUMPRODUCT(G38:I38,$G$3:$I$3)/$R$3 -> 67763.271 | S38: =SUMPRODUCT(J38:L38,$J$3:$L$3)/$S$3 -> 60549.68 | T38: =SUMPRODUCT(M38:O38,$M$3:$O$3)/$T$3 -> 59593.32 | U38: =SUMPRODUCT(D38:O38,$D$3:$O$3)/$U$3 -> 68901.344 | V38: =SUMPRODUCT(D38:I38,$D$3:$I$3)/SUM($D$3:$I$3) -> 77728.574
A39: Vendor | B39: KG | C39: FY 23-24 | D39: 1978.159 | E39: 244.10806 | F39: 0 | G39: 0 | H39: 0 | I39: 514.06667 | J39: 0 | K39: 0 | L39: 1157.1613 | M39: 6267.629 | N39: 9840.2629 | O39: 4250.5403 | Q39: =SUMPRODUCT(D39:F39,$D$3:$F$3)/$Q$3 -> 735.29802 | R39: =SUMPRODUCT(G39:I39,$G$3:$I$3)/$R$3 -> 167.63043 | S39: =SUMPRODUCT(J39:L39,$J$3:$L$3)/$S$3 -> 389.91304 | T39: =SUMPRODUCT(M39:O39,$M$3:$O$3)/$T$3 -> 6719.0206 | U39: =SUMPRODUCT(D39:O39,$D$3:$O$3)/$U$3 -> 1993.5437 | V39: =SUMPRODUCT(D39:I39,$D$3:$I$3)/SUM($D$3:$I$3) -> 449.91322
A40: Transfer | B40: KG | C40: FY 23-24 | D40: -688.2525 | E40: -23216.821 | F40: -29246.671 | G40: -19691.306 | H40: -5089.6815 | I40: -2185.9667 | J40: -4697.8065 | K40: 0 | L40: 0 | M40: 0 | N40: 0 | O40: 0 | Q40: =SUMPRODUCT(D40:F40,$D$3:$F$3)/$Q$3 -> -17777.683 | R40: =SUMPRODUCT(G40:I40,$G$3:$I$3)/$R$3 -> -9062.9307 | S40: =SUMPRODUCT(J40:L40,$J$3:$L$3)/$S$3 -> -1582.9565 | T40: =SUMPRODUCT(M40:O40,$M$3:$O$3)/$T$3 -> 0 | U40: =SUMPRODUCT(D40:O40,$D$3:$O$3)/$U$3 -> -7096.1497 | V40: =SUMPRODUCT(D40:I40,$D$3:$I$3)/SUM($D$3:$I$3) -> -13396.496
A41: Avg Milk/Day @4% | B41: KG | C41: FY 23-24 | D41: =D38+D39+D40 -> 73000.99 | E41: =E38+E39+E40 -> 71016.493 | F41: =F38+F39+F40 -> 68257.004 | G41: =G38+G39+G40 -> 58200.828 | H41: =H38+H39+H40 -> 58492.442 | I41: =I38+I39+I40 -> 59945.398 | J41: =J38+J39+J40 -> 58379.727 | K41: =K38+K39+K40 -> 57040.955 | ... O41: =O38+O39+O40 -> 63282.778 | Q41: =SUMPRODUCT(D41:F41,$D$3:$F$3)/$Q$3 -> 70761.001 | R41: =SUMPRODUCT(G41:I41,$G$3:$I$3)/$R$3 -> 58867.971 | S41: =SUMPRODUCT(J41:L41,$J$3:$L$3)/$S$3 -> 59356.637 | T41: =SUMPRODUCT(M41:O41,$M$3:$O$3)/$T$3 -> 66312.341 | U41: =SUMPRODUCT(D41:O41,$D$3:$O$3)/$U$3 -> 63798.738 | V41: =SUMPRODUCT(D41:I41,$D$3:$I$3)/SUM($D$3:$I$3) -> 64781.991 | W41: =V41+BIHAR!V63 -> 200781.02
A42: Own Network | B42: KG | C42: FY 24-25 | D42: 60570.998 | E42: 70140.143 | F42: 70262.572 | G42: 65384.661 | H42: 47312.274 | I42: 48095.769 | J42: 46559.617 | K42: 49028.108 | L42: 49954.061 | M42: 49883.606 | N42: 48973.165 | O42: 46930.172 | Q42: =SUMPRODUCT(D42:F42,$D$3:$F$3)/$Q$3 -> 67025.841 | R42: =SUMPRODUCT(G42:I42,$G$3:$I$3)/$R$3 -> 53657.37 | S42: =SUMPRODUCT(J42:L42,$J$3:$L$3)/$S$3 -> 48508.34 | T42: =SUMPRODUCT(M42:O42,$M$2:$O$2)/$T$2 -> 48583.064 | U42: =SUMPRODUCT(D42:O42,$D$2:$O$2)/$U$2 -> 54441.295 | V42: =SUMPRODUCT(D42:I42,$D$2:$I$2)/SUM($D$2:$I$2) -> 60305.08
A43: Vendor | B43: KG | C43: FY 24-25 | D43: 4046.8042 | E43: 1163.4194 | F43: 0 | G43: 0 | H43: 9167.3679 | I43: 13081.876 | J43: 10423.316 | K43: 17032.341 | L43: 21855.296 | M43: 28236.663 | N43: 21760.935 | O43: 38746.125 | Q43: =SUMPRODUCT(D43:F43,$D$3:$F$3)/$Q$3 -> 1730.4409 | R43: =SUMPRODUCT(G43:I43,$G$3:$I$3)/$R$3 -> 7354.8334 | S43: =SUMPRODUCT(J43:L43,$J$3:$L$3)/$S$3 -> 16430.513 | T43: =SUMPRODUCT(M43:O43,$M$2:$O$2)/$T$2 -> 29841.918 | U43: =SUMPRODUCT(D43:O43,$D$2:$O$2)/$U$2 -> 13784.917 | V43: =SUMPRODUCT(D43:I43,$D$2:$I$2)/SUM($D$2:$I$2) -> 4558.0044
A44: Transfer | B44: KG | C44: FY 24-25 | D44: 670.5375 | E44: -3754.6976 | F44: -4017.925 | G44: -4765.5282 | H44: -442.01613 | I44: 0 | J44: 559.60484 | K44: 144.50833 | L44: 0 | M44: 839.93548 | N44: 2469.7768 | O44: 1816.3952 | Q44: =SUMPRODUCT(D44:F44,$D$3:$F$3)/$Q$3 -> -2382.6071 | R44: =SUMPRODUCT(G44:I44,$G$3:$I$3)/$R$3 -> -1754.716 | S44: =SUMPRODUCT(J44:L44,$J$3:$L$3)/$S$3 -> 235.68478 | T44: =SUMPRODUCT(M44:O44,$M$2:$O$2)/$T$2 -> 1683.3333 | U44: =SUMPRODUCT(D44:O44,$D$2:$O$2)/$U$2 -> -561.83048 | V44: =SUMPRODUCT(D44:I44,$D$2:$I$2)/SUM($D$2:$I$2) -> -2066.946
A45: Avg Milk/Day @4% | B45: KG | C45: FY 24-25 | D45: =SUM(D42:D44) -> 65288.34 | E45: =SUM(E42:E44) -> 67548.864 | F45: =SUM(F42:F44) -> 66244.647 | G45: =SUM(G42:G44) -> 60619.133 | H45: =SUM(H42:H44) -> 56037.626 | I45: =SUM(I42:I44) -> 61177.644 | J45: =SUM(J42:J44) -> 57542.537 | K45: =SUM(K42:K44) -> 66204.957 | ... O45: =SUM(O42:O44) -> 87492.692 | Q45: =SUMPRODUCT(D45:F45,$D$3:$F$3)/$Q$3 -> 66373.675 | R45: =SUMPRODUCT(G45:I45,$G$3:$I$3)/$R$3 -> 59257.487 | S45: =SUMPRODUCT(J45:L45,$J$3:$L$3)/$S$3 -> 65174.538 | T45: =SUMPRODUCT(M45:O45,$M$2:$O$2)/$T$2 -> 80108.315 | U45: =SUMPRODUCT(D45:O45,$D$2:$O$2)/$U$2 -> 67664.381 | V45: =SUMPRODUCT(D45:I45,$D$2:$I$2)/SUM($D$2:$I$2) -> 62796.138
A46: Own Network | B46: KG | C46: FY 25-26 | D46: 50633.162 | E46: 78298.168 | F46: 82212.289 | G46: 86052.943 | H46: 79994.777 | I46: 88067.487 | J46: 84523.99 | K46: 82584.124 | L46: 81525.471 | M46: 81445.952 | N46: 88441.499 | O46: 90133.967 | Q46: =SUMPRODUCT(D46:F46,$D$3:$F$3)/$Q$3 -> 70468.206 | R46: =SUMPRODUCT(G46:I46,$G$3:$I$3)/$R$3 -> 84668.521 | S46: =SUMPRODUCT(J46:L46,$J$3:$L$3)/$S$3 -> 82881.054 | T46: =SUMPRODUCT(M46:O46,$M$2:$O$2)/$T$2 -> 86614.883 | U46: =SUMPRODUCT(D46:O46,$D$2:$O$2)/$U$2 -> 81157.554
A47: Vendor | B47: KG | C47: FY 25-26 | D47: 48435.004 | E47: 35371.407 | F47: 35301.629 | G47: 26959.153 | H47: 15598.703 | I47: 9357.2417 | J47: 10442.637 | K47: 7998.1083 | L47: 8527.2621 | M47: 13315.101 | N47: 15045.451 | O47: 18665.69 | Q47: =SUMPRODUCT(D47:F47,$D$3:$F$3)/$Q$3 -> 39655.084 | R47: =SUMPRODUCT(G47:I47,$G$3:$I$3)/$R$3 -> 17391.422 | S47: =SUMPRODUCT(J47:L47,$J$3:$L$3)/$S$3 -> 9000.1101 | T47: =SUMPRODUCT(M47:O47,$M$2:$O$2)/$T$2 -> 15696.413 | U47: =SUMPRODUCT(D47:O47,$D$2:$O$2)/$U$2 -> 20409.07
A48: Transfer | B48: KG | C48: FY 25-26 | D48: 140.725 | E48: -12668.931 | F48: -18065.458 | G48: -23832.996 | H48: -8279.9073 | I48: -4667.5917 | J48: -4849.7702 | K48: -3603.1208 | L48: -3255.996 | M48: -1192.5726 | N48: -8323.5134 | O48: -6614.5323 | Q48: =SUMPRODUCT(D48:F48,$D$3:$F$3)/$Q$3 -> -10225.043 | R48: =SUMPRODUCT(G48:I48,$G$3:$I$3)/$R$3 -> -12342.693 | S48: =SUMPRODUCT(J48:L48,$J$3:$L$3)/$S$3 -> -3906.2215 | T48: =SUMPRODUCT(M48:O48,$M$2:$O$2)/$T$2 -> -5278.6514 | U48: =SUMPRODUCT(D48:O48,$D$2:$O$2)/$U$2 -> -7946.4592
A49: Avg Milk/Day @4% | B49: KG | C49: FY 25-26 | D49: =SUM(D46:D48) -> 99208.892 | E49: =SUM(E46:E48) -> 101000.64 | F49: =SUM(F46:F48) -> 99448.46 | G49: =SUM(G46:G48) -> 89179.101 | H49: =SUM(H46:H48) -> 87313.573 | I49: =SUM(I46:I48) -> 92757.137 | J49: =SUM(J46:J48) -> 90116.857 | K49: =SUM(K46:K48) -> 86979.111 | ... O49: =SUM(O46:O48) -> 102185.12 | Q49: =SUMPRODUCT(D49:F49,$D$3:$F$3)/$Q$3 -> 99898.247 | R49: =SUMPRODUCT(G49:I49,$G$3:$I$3)/$R$3 -> 89717.25 | S49: =SUMPRODUCT(J49:L49,$J$3:$L$3)/$S$3 -> 87974.943 | T49: =SUMPRODUCT(M49:O49,$M$2:$O$2)/$T$2 -> 97032.644 | U49: =SUMPRODUCT(D49:O49,$D$2:$O$2)/$U$2 -> 93620.165
A50: Own Network | B50: KG | C50: FY 26-27 | D50: 107058.58 | E50: 109025.84 | F50: 114581.68 | Q50: =SUMPRODUCT(D50:F50,$D$3:$F$3)/$Q$3 -> 110208.89 | R50: =SUMPRODUCT(G50:I50,$G$3:$I$3)/$R$3 -> 0 | S50: =SUMPRODUCT(J50:L50,$J$3:$L$3)/$S$3 -> 0 | T50: =SUMPRODUCT(M50:O50,$M$2:$O$2)/$T$2 -> 0 | U50: =SUMPRODUCT(D50:O50,$D$2:$O$2)/$U$2 -> 27476.737
A51: Vendor | B51: KG | C51: FY 26-27 | D51: 16192.225 | E51: 23122.956 | F51: 19429.454 | Q51: =SUMPRODUCT(D51:F51,$D$3:$F$3)/$Q$3 -> 19620.462 | R51: =SUMPRODUCT(G51:I51,$G$3:$I$3)/$R$3 -> 0 | S51: =SUMPRODUCT(J51:L51,$J$3:$L$3)/$S$3 -> 0 | T51: =SUMPRODUCT(M51:O51,$M$2:$O$2)/$T$2 -> 0 | U51: =SUMPRODUCT(D51:O51,$D$2:$O$2)/$U$2 -> 4891.6767
A52: Transfer | B52: KG | C52: FY 26-27 | D52: -7568.1333 | E52: -19131.012 | F52: -19194.829 | Q52: =SUMPRODUCT(D52:F52,$D$3:$F$3)/$Q$3 -> -15340.113 | R52: =SUMPRODUCT(G52:I52,$G$3:$I$3)/$R$3 -> 0 | S52: =SUMPRODUCT(J52:L52,$J$3:$L$3)/$S$3 -> 0 | T52: =SUMPRODUCT(M52:O52,$M$2:$O$2)/$T$2 -> 0 | U52: =SUMPRODUCT(D52:O52,$D$2:$O$2)/$U$2 -> -3824.5212
A53: Avg Milk/Day @4% | B53: KG | C53: FY 26-27 | D53: =SUM(D50:D52) -> 115682.67 | E53: =SUM(E50:E52) -> 113017.78 | F53: =SUM(F50:F52) -> 114816.31 | G53: =SUM(G50:G52) -> 0 | H53: =SUM(H50:H52) -> 0 | I53: =SUM(I50:I52) -> 0 | J53: =SUM(J50:J52) -> 0 | K53: =SUM(K50:K52) -> 0 | ... O53: =SUM(O50:O52) -> 0 | Q53: =SUMPRODUCT(D53:F53,$D$3:$F$3)/$Q$3 -> 114489.24 | R53: =SUMPRODUCT(G53:I53,$G$3:$I$3)/$R$3 -> 0 | S53: =SUMPRODUCT(J53:L53,$J$3:$L$3)/$S$3 -> 0 | T53: =SUMPRODUCT(M53:O53,$M$2:$O$2)/$T$2 -> 0 | U53: =SUMPRODUCT(D53:O53,$D$2:$O$2)/$U$2 -> 28543.892
A55: Network SCC@ 4% & 8.5%
A56: Supply chain Cost | B56: Rs/Kg | C56: FY 19-20 | D56: 2.5553665 | E56: 2.4319833 | F56: 2.5064394 | G56: 2.8402897 | H56: 2.9330818 | I56: 3.0129301 | J56: 3.4996005 | K56: 3.7643897 | L56: 3.398661 | M56: 2.7673259 | N56: 2.3749183 | O56: 2.0854896 | Q56: =SUMPRODUCT(D56:F56,$D$26:$F$26,$D$3:$F$3)/SUMPRODUCT($D$26:$F$26,$D$3:$F$3) -> 2.4881298 | R56: =SUMPRODUCT(G56:I56,$G$26:$I$26,$G$3:$I$3)/SUMPRODUCT($G$26:$I$26,$G$3:$I$3) -> 2.9248416 | S56: =SUMPRODUCT(J56:L56,$J$26:$L$26,$J$3:$L$3)/SUMPRODUCT($J$26:$L$26,$J$3:$L$3) -> 3.5400906 | T56: =SUMPRODUCT(M56:O56,$M$26:$O$26,$M$3:$O$3)/SUMPRODUCT($M$26:$O$26,$M$3:$O$3) -> 2.3945519 | U56: =SUMPRODUCT(D56:O56,$D$26:$O$26,$D$3:$O$3)/SUMPRODUCT($D$26:$O$26,$D$3:$O$3) -> 2.8465364
A57: Supply chain Cost | B57: Rs/Kg | C57: FY 20-21 | D57: 2.6401672 | E57: 3.013149 | F57: 3.6789719 | G57: 3.9314373 | H57: 4.6253593 | I57: 4.5535958 | J57: 5.4125782 | K57: 5.6461413 | L57: 4.7736127 | M57: 3.9052589 | N57: 3.5218278 | O57: 3.0210168 | Q57: =SUMPRODUCT(D57:F57,$D$29:$F$29,$D$3:$F$3)/SUMPRODUCT($D$29:$F$29,$D$3:$F$3) -> 3.0992927 | R57: =SUMPRODUCT(G57:I57,$G$29:$I$29,$G$3:$I$3)/SUMPRODUCT($G$29:$I$29,$G$3:$I$3) -> 4.3506582 | S57: =SUMPRODUCT(J57:L57,$J$29:$L$29,$J$3:$L$3)/SUMPRODUCT($J$29:$L$29,$J$3:$L$3) -> 5.2544876 | T57: =SUMPRODUCT(M57:O57,$M$29:$O$29,$M$3:$O$3)/SUMPRODUCT($M$29:$O$29,$M$3:$O$3) -> 3.5145263 | U57: =SUMPRODUCT(D57:O57,$D$29:$O$29,$D$3:$O$3)/SUMPRODUCT($D$29:$O$29,$D$3:$O$3) -> 3.9943162
A58: Supply chain Cost | B58: Rs/Kg | C58: FY 21-22 | D58: 2.074862 | E58: 2.0197242 | F58: 1.8891138 | G58: 2.5313949 | H58: 2.7643402 | I58: 2.5914898 | J58: 2.5888749 | K58: 2.6069413 | L58: 2.3336829 | M58: 2.2235734 | N58: 2.422757 | O58: 2.6664234 | Q58: =SUMPRODUCT(D58:F58,$D$33:$F$33,$D$3:$F$3)/SUMPRODUCT($D$33:$F$33,$D$3:$F$3) -> 1.9931247 | R58: =SUMPRODUCT(G58:I58,$G$33:$I$33,$G$3:$I$3)/SUMPRODUCT($G$33:$I$33,$G$3:$I$3) -> 2.6244489 | S58: =SUMPRODUCT(J58:L58,$J$33:$L$33,$J$3:$L$3)/SUMPRODUCT($J$33:$L$33,$J$3:$L$3) -> 2.4987996 | T58: =SUMPRODUCT(M58:O58,$M$33:$O$33,$M$3:$O$3)/SUMPRODUCT($M$33:$O$33,$M$3:$O$3) -> 2.4307626 | U58: =SUMPRODUCT(D58:O58,$D$33:$O$33,$D$3:$O$3)/SUMPRODUCT($D$33:$O$33,$D$3:$O$3) -> 2.3717431
A59: Supply chain Cost | B59: Rs/Kg | C59: FY 22-23 | D59: 2.6415478 | E59: 2.5104204 | F59: 2.3996506 | G59: 2.6118439 | H59: 2.5640775 | I59: 2.5578134 | J59: 2.5840907 | K59: 2.5255157 | L59: 2.5242139 | M59: 2.6101046 | N59: 2.8259283 | O59: 3.1634067 | Q59: =SUMPRODUCT(D59:F59,$D$37:$F$37,$D$3:$F$3)/SUMPRODUCT($D$37:$F$37,$D$3:$F$3) -> 2.5103258 | R59: =SUMPRODUCT(G59:I59,$G$37:$I$37,$G$3:$I$3)/SUMPRODUCT($G$37:$I$37,$G$3:$I$3) -> 2.5781841 | S59: =SUMPRODUCT(J59:L59,$J$37:$L$37,$J$3:$L$3)/SUMPRODUCT($J$37:$L$37,$J$3:$L$3) -> 2.5437946 | T59: =SUMPRODUCT(M59:O59,$M$37:$O$37,$M$3:$O$3)/SUMPRODUCT($M$37:$O$37,$M$3:$O$3) -> 2.8734693 | U59: =SUMPRODUCT(D59:O59,$D$37:$O$37,$D$3:$O$3)/SUMPRODUCT($D$37:$O$37,$D$3:$O$3) -> 2.6315308
A60: Supply chain Cost | B60: Rs/Kg | C60: FY 23-24 | D60: 2.8319187 | E60: 2.7356186 | F60: 2.6954153 | G60: 2.9168891 | H60: 3.2551861 | I60: 3.4447328 | J60: 3.2473877 | K60: 3.0526758 | L60: 2.747829 | M60: 2.4019846 | N60: 2.275649 | O60: 2.4854949 | Q60: =SUMPRODUCT(D60:F60,$D$38:$F$38,$D$3:$F$3)/SUMPRODUCT($D$38:$F$38,$D$3:$F$3) -> 2.7468292 | R60: =SUMPRODUCT(G60:I60,$G$38:$I$38,$G$3:$I$3)/SUMPRODUCT($G$38:$I$38,$G$3:$I$3) -> 3.1803587 | S60: =SUMPRODUCT(J60:L60,$J$38:$L$38,$J$3:$L$3)/SUMPRODUCT($J$38:$L$38,$J$3:$L$3) -> 3.0168322 | T60: =SUMPRODUCT(M60:O60,$M$38:$O$38,$M$3:$O$3)/SUMPRODUCT($M$38:$O$38,$M$3:$O$3) -> 2.3902993 | U60: =SUMPRODUCT(D60:O60,$D$38:$O$38,$D$3:$O$3)/SUMPRODUCT($D$38:$O$38,$D$3:$O$3) -> 2.8369768
A61: Supply chain Cost | B61: Rs/Kg | C61: FY 24-25 | D61: 2.7182651 | E61: 2.5490363 | F61: 2.788546 | G61: 2.6881081 | H61: 3.2206116 | I61: 3.1005544 | J61: 3.1182795 | K61: 3.0836349 | L61: 2.8055015 | M61: 2.9409359 | N61: 3.1629016 | O61: 2.9656289 | Q61: =SUMPRODUCT(D61:F61,$D$42:$F$42,$D$3:$F$3)/SUMPRODUCT($D$42:$F$42,$D$3:$F$3) -> 2.6822255 | R61: =SUMPRODUCT(G61:I61,$G$42:$I$42,$G$3:$I$3)/SUMPRODUCT($G$42:$I$42,$G$3:$I$3) -> 2.9668737 | S61: =SUMPRODUCT(J61:L61,$J$42:$L$42,$J$3:$L$3)/SUMPRODUCT($J$42:$L$42,$J$3:$L$3) -> 2.9983277 | T61: =SUMPRODUCT(M61:O61,$M$42:$O$42,$M$3:$O$3)/SUMPRODUCT($M$42:$O$42,$M$3:$O$3) -> 3.0203589 | U61: =SUMPRODUCT(D61:O61,$D$42:$O$42,$D$3:$O$3)/SUMPRODUCT($D$42:$O$42,$D$3:$O$3) -> 2.8986351
A62: Supply chain Cost | B62: Rs/Kg | C62: FY 25-26 | D62: 2.7412821 | E62: 2.4212063 | F62: 2.5235489 | G62: 2.7272252 | H62: 2.8396995 | I62: 3.0620882 | J62: 3.0638502 | K62: 2.9511322 | L62: 2.9404811 | M62: 2.9052256 | N62: 2.9415431 | O62: 2.7720339 | Q62: =SUMPRODUCT(D62:F62,$D$42:$F$42,$D$3:$F$3)/SUMPRODUCT($D$42:$F$42,$D$3:$F$3) -> 2.5519325 | R62: =SUMPRODUCT(G62:I62,$G$42:$I$42,$G$3:$I$3)/SUMPRODUCT($G$42:$I$42,$G$3:$I$3) -> 2.8585189 | S62: =SUMPRODUCT(J62:L62,$J$42:$L$42,$J$3:$L$3)/SUMPRODUCT($J$42:$L$42,$J$3:$L$3) -> 2.9838915 | T62: =SUMPRODUCT(M62:O62,$M$42:$O$42,$M$2:$O$2)/SUMPRODUCT($M$42:$O$42,$M$2:$O$2) -> 2.8722988 | U62: =SUMPRODUCT(D62:O62,$D$42:$O$42,$D$2:$O$2)/SUMPRODUCT($D$42:$O$42,$D$2:$O$2) -> 2.7956024
A63: Supply chain Cost | B63: Rs/Kg | C63: FY 26-27 | D63: 2.7475668 | E63: 2.8982059 | F63: 2.8443093 | Q63: =SUMPRODUCT(D63:F63,$D$50:$F$50,$D$3:$F$3)/SUMPRODUCT($D$50:$F$50,$D$3:$F$3) -> 2.8314911
A65: Network Milk @ 4% & 8.5%
A66: Network Landed Cost | B66: Rs/Kg | C66: FY 19-20 | D66: 0 | E66: 29.737937 | F66: 29.591897 | G66: 29.566635 | H66: 30.641063 | I66: 32.81573 | J66: 33.65412 | K66: 33.375418 | L66: 33.645732 | M66: 33.714282 | N66: 33.918254 | O66: 34.273814 | Q66: =SUMPRODUCT(D66:F66,$D$26:$F$26,$D$3:$F$3)/SUMPRODUCT($D$26:$F$26,$D$3:$F$3) -> 29.62781 | R66: =SUMPRODUCT(G66:I66,$G$26:$I$26,$G$3:$I$3)/SUMPRODUCT($G$26:$I$26,$G$3:$I$3) -> 30.947592 | S66: =SUMPRODUCT(J66:L66,$J$26:$L$26,$J$3:$L$3)/SUMPRODUCT($J$26:$L$26,$J$3:$L$3) -> 33.560803 | T66: =SUMPRODUCT(M66:O66,$M$26:$O$26,$M$3:$O$3)/SUMPRODUCT($M$26:$O$26,$M$3:$O$3) -> 33.984314 | U66: =SUMPRODUCT(D66:O66,$D$26:$O$26,$D$3:$O$3)/SUMPRODUCT($D$26:$O$26,$D$3:$O$3) -> 32.819611
A67: Network Landed Cost | B67: Rs/Kg | C67: FY 20-21 | D67: 32.020279 | E67: 30.405444 | F67: 30.253871 | G67: 30.361103 | H67: 32.188803 | I67: 32.964863 | J67: 33.33636 | K67: 33.503512 | L67: 33.066257 | M67: 33.236235 | N67: 33.348336 | O67: 33.26024 | Q67: =SUMPRODUCT(D67:F67,$D$29:$F$29,$D$3:$F$3)/SUMPRODUCT($D$29:$F$29,$D$3:$F$3) -> 30.886413 | R67: =SUMPRODUCT(G67:I67,$G$29:$I$29,$G$3:$I$3)/SUMPRODUCT($G$29:$I$29,$G$3:$I$3) -> 31.787389 | S67: =SUMPRODUCT(J67:L67,$J$29:$L$29,$J$3:$L$3)/SUMPRODUCT($J$29:$L$29,$J$3:$L$3) -> 33.291374 | T67: =SUMPRODUCT(M67:O67,$M$29:$O$29,$M$3:$O$3)/SUMPRODUCT($M$29:$O$29,$M$3:$O$3) -> 33.277763 | U67: =SUMPRODUCT(D67:O67,$D$29:$O$29,$D$3:$O$3)/SUMPRODUCT($D$29:$O$29,$D$3:$O$3) -> 32.247765
A68: Network Landed Cost | B68: Rs/Kg | C68: FY 21-22 | D68: 32.990286 | E68: 31.892634 | F68: 30.787155 | G68: 32.34188 | H68: 32.778482 | I68: 34.329039 | J68: 34.901272 | K68: 35.097106 | L68: 34.834334 | M68: 34.850324 | N68: 35.644686 | O68: 35.931842 | Q68: =SUMPRODUCT(D68:F68,$D$33:$F$33,$D$3:$F$3)/SUMPRODUCT($D$33:$F$33,$D$3:$F$3) -> 31.850462 | R68: =SUMPRODUCT(G68:I68,$G$33:$I$33,$G$3:$I$3)/SUMPRODUCT($G$33:$I$33,$G$3:$I$3) -> 33.151993 | S68: =SUMPRODUCT(J68:L68,$J$33:$L$33,$J$3:$L$3)/SUMPRODUCT($J$33:$L$33,$J$3:$L$3) -> 34.94018 | T68: =SUMPRODUCT(M68:O68,$M$33:$O$33,$M$3:$O$3)/SUMPRODUCT($M$33:$O$33,$M$3:$O$3) -> 35.454305 | U68: =SUMPRODUCT(D68:O68,$D$33:$O$33,$D$3:$O$3)/SUMPRODUCT($D$33:$O$33,$D$3:$O$3) -> 33.892797
A69: Network Landed Cost | B69: Rs/Kg | C69: =+C59 -> FY 22-23 | D69: 35.933092 | E69: 36.34553 | F69: 36.153931 | G69: 36.704535 | H69: 36.974896 | I69: 37.401153 | J69: 38.125678 | K69: 38.19888 | L69: 38.18642 | M69: 40.431527 | N69: 41.961584 | O69: 43.037041 | Q69: =SUMPRODUCT(D69:F69,$D$37:$F$37,$D$3:$F$3)/SUMPRODUCT($D$37:$F$37,$D$3:$F$3) -> 36.156819 | R69: =SUMPRODUCT(G69:I69,$G$37:$I$37,$G$3:$I$3)/SUMPRODUCT($G$37:$I$37,$G$3:$I$3) -> 37.023108 | S69: =SUMPRODUCT(J69:L69,$J$37:$L$37,$J$3:$L$3)/SUMPRODUCT($J$37:$L$37,$J$3:$L$3) -> 38.170824 | T69: =SUMPRODUCT(M69:O69,$M$37:$O$37,$M$3:$O$3)/SUMPRODUCT($M$37:$O$37,$M$3:$O$3) -> 41.8282 | U69: =SUMPRODUCT(D69:O69,$D$37:$O$37,$D$3:$O$3)/SUMPRODUCT($D$37:$O$37,$D$3:$O$3) -> 38.354196
A70: Network Landed Cost | B70: Rs/Kg | C70: =+C60 -> FY 23-24 | D70: 42.757729 | E70: 42.616167 | F70: 41.356938 | G70: 40.723557 | H70: 41.195082 | I70: 42.752661 | J70: 42.567109 | K70: 42.673061 | L70: 42.541111 | M70: 41.888319 | N70: 41.662742 | O70: 41.196219 | Q70: =SUMPRODUCT(D70:F70,$D$38:$F$38,$D$3:$F$3)/SUMPRODUCT($D$38:$F$38,$D$3:$F$3) -> 42.19329 | R70: =SUMPRODUCT(G70:I70,$G$38:$I$38,$G$3:$I$3)/SUMPRODUCT($G$38:$I$38,$G$3:$I$3) -> 41.47429 | S70: =SUMPRODUCT(J70:L70,$J$38:$L$38,$J$3:$L$3)/SUMPRODUCT($J$38:$L$38,$J$3:$L$3) -> 42.590771 | T70: =SUMPRODUCT(M70:O70,$M$38:$O$38,$M$3:$O$3)/SUMPRODUCT($M$38:$O$38,$M$3:$O$3) -> 41.583586 | U70: =SUMPRODUCT(D70:O70,$D$38:$O$38,$D$3:$O$3)/SUMPRODUCT($D$38:$O$38,$D$3:$O$3) -> 41.972231
A71: Network Landed Cost | B71: Rs/Kg | C71: =+C61 -> FY 24-25 | D71: 40.404733 | E71: 39.84857 | F71: 37.918902 | G71: 38.311101 | H71: 39.248452 | I71: 39.330794 | J71: 39.719746 | K71: 39.707257 | L71: 39.374134 | M71: 39.673294 | N71: 39.594995 | O71: 39.159928 | Q71: =SUMPRODUCT(D71:F71,$D$42:$F$42,$D$3:$F$3)/SUMPRODUCT($D$42:$F$42,$D$3:$F$3) -> 39.347388 | R71: =SUMPRODUCT(G71:I71,$G$42:$I$42,$G$3:$I$3)/SUMPRODUCT($G$42:$I$42,$G$3:$I$3) -> 38.887642 | S71: =SUMPRODUCT(J71:L71,$J$42:$L$42,$J$3:$L$3)/SUMPRODUCT($J$42:$L$42,$J$3:$L$3) -> 39.595703 | T71: =SUMPRODUCT(M71:O71,$M$42:$O$42,$M$3:$O$3)/SUMPRODUCT($M$42:$O$42,$M$3:$O$3) -> 39.479225 | U71: =SUMPRODUCT(D71:O71,$D$42:$O$42,$D$3:$O$3)/SUMPRODUCT($D$42:$O$42,$D$3:$O$3) -> 39.31835
A72: Network Landed Cost | B72: Rs/Kg | C72: =+C62 -> FY 25-26 | D72: 38.579383 | E72: 37.951381 | F72: 39.239795 | G72: 40.331178 | H72: 41.143496 | I72: 42.594984 | J72: 43.076227 | K72: 44.050942 | L72: 43.964026 | M72: 43.945779 | N72: 43.778926 | O72: 43.7743 | Q72: =SUMPRODUCT(D72:F72,$D$46:$F$46,$D$3:$F$3)/SUMPRODUCT($D$46:$F$46,$D$3:$F$3) -> 38.59568 | R72: =SUMPRODUCT(G72:I72,$G$46:$I$46,$G$3:$I$3)/SUMPRODUCT($G$46:$I$46,$G$3:$I$3) -> 41.357616 | S72: =SUMPRODUCT(J72:L72,$J$46:$L$46,$J$3:$L$3)/SUMPRODUCT($J$46:$L$46,$J$3:$L$3) -> 43.687187 | T72: =SUMPRODUCT(M72:O72,$M$46:$O$46,$M$2:$O$2)/SUMPRODUCT($M$46:$O$46,$M$2:$O$2) -> 43.83131 | U72: =SUMPRODUCT(D72:O72,$D$46:$O$46,$D$2:$O$2)/SUMPRODUCT($D$46:$O$46,$D$2:$O$2) -> 42.010336
A73: Network Landed Cost | B73: Rs/Kg | C73: =+C63 -> FY 26-27 | D73: 43.828721 | E73: 44.085177 | F73: 44.253635 | Q73: =SUMPRODUCT(D73:F73,$D$50:$F$50,$D$3:$F$3)/SUMPRODUCT($D$50:$F$50,$D$3:$F$3) -> 44.060787
A75: Overall Milk @ 4% & 8.5%
A76: Overall Landed Cost | B76: Rs/Kg | C76: FY 19-20 | D76: 0 | E76: 29.737937 | F76: 29.591897 | G76: 29.566635 | H76: 30.641063 | I76: 32.81573 | J76: 33.65412 | K76: 33.375418 | L76: 33.645732 | M76: 33.714282 | N76: 33.918254 | O76: 34.273814 | Q76: =SUMPRODUCT(D76:F76,$D$26:$F$26,$D$3:$F$3)/SUMPRODUCT($D$26:$F$26,$D$3:$F$3) -> 29.62781 | R76: =SUMPRODUCT(G76:I76,$G$26:$I$26,$G$3:$I$3)/SUMPRODUCT($G$26:$I$26,$G$3:$I$3) -> 30.947592 | S76: =SUMPRODUCT(J76:L76,$J$26:$L$26,$J$3:$L$3)/SUMPRODUCT($J$26:$L$26,$J$3:$L$3) -> 33.560803 | T76: =SUMPRODUCT(M76:O76,$M$26:$O$26,$M$3:$O$3)/SUMPRODUCT($M$26:$O$26,$M$3:$O$3) -> 33.984314 | U76: =SUMPRODUCT(D76:O76,$D$26:$O$26,$D$3:$O$3)/SUMPRODUCT($D$26:$O$26,$D$3:$O$3) -> 32.819611 | V76: Ok
A77: Overall Landed Cost | B77: Rs/Kg | C77: FY 20-21 | D77: 32.020279 | E77: 30.405444 | F77: 30.253871 | G77: 30.361103 | H77: 32.188803 | I77: 32.964863 | J77: 33.33636 | K77: 33.503512 | L77: 33.066257 | M77: 33.236235 | N77: 33.348336 | O77: 33.26024 | Q77: =SUMPRODUCT(D77:F77,$D$29:$F$29,$D$3:$F$3)/SUMPRODUCT($D$29:$F$29,$D$3:$F$3) -> 30.886413 | R77: =SUMPRODUCT(G77:I77,$G$29:$I$29,$G$3:$I$3)/SUMPRODUCT($G$29:$I$29,$G$3:$I$3) -> 31.787389 | S77: =SUMPRODUCT(J77:L77,$J$29:$L$29,$J$3:$L$3)/SUMPRODUCT($J$29:$L$29,$J$3:$L$3) -> 33.291374 | T77: =SUMPRODUCT(M77:O77,$M$29:$O$29,$M$3:$O$3)/SUMPRODUCT($M$29:$O$29,$M$3:$O$3) -> 33.277763 | U77: =SUMPRODUCT(D77:O77,$D$29:$O$29,$D$3:$O$3)/SUMPRODUCT($D$29:$O$29,$D$3:$O$3) -> 32.247765 | V77: Ok
A78: Overall Landed Cost | B78: Rs/Kg | C78: FY 21-22 | D78: 32.990286 | E78: 31.892634 | F78: 30.787155 | G78: 32.34188 | H78: 32.778482 | I78: 34.329039 | J78: 34.901272 | K78: 35.097106 | L78: 34.834334 | M78: 34.850324 | N78: 35.644686 | O78: 35.931842 | Q78: =SUMPRODUCT(D78:F78,$D$33:$F$33,$D$3:$F$3)/SUMPRODUCT($D$33:$F$33,$D$3:$F$3) -> 31.850462 | R78: =SUMPRODUCT(G78:I78,$G$33:$I$33,$G$3:$I$3)/SUMPRODUCT($G$33:$I$33,$G$3:$I$3) -> 33.151993 | S78: =SUMPRODUCT(J78:L78,$J$33:$L$33,$J$3:$L$3)/SUMPRODUCT($J$33:$L$33,$J$3:$L$3) -> 34.94018 | T78: =SUMPRODUCT(M78:O78,$M$33:$O$33,$M$3:$O$3)/SUMPRODUCT($M$33:$O$33,$M$3:$O$3) -> 35.454305 | U78: =SUMPRODUCT(D78:O78,$D$33:$O$33,$D$3:$O$3)/SUMPRODUCT($D$33:$O$33,$D$3:$O$3) -> 33.892797 | V78: Ok
A79: Overall Landed Cost | B79: Rs/Kg | C79: =+C69 -> FY 22-23 | D79: 35.933092 | E79: 36.34553 | F79: 36.153931 | G79: 36.704535 | H79: 36.974896 | I79: 37.401153 | J79: 38.125678 | K79: 38.19888 | L79: 38.18642 | M79: 40.431527 | N79: 41.961584 | O79: 43.037041 | Q79: =SUMPRODUCT(D79:F79,$D$37:$F$37,$D$3:$F$3)/SUMPRODUCT($D$37:$F$37,$D$3:$F$3) -> 36.156819 | R79: =SUMPRODUCT(G79:I79,$G$37:$I$37,$G$3:$I$3)/SUMPRODUCT($G$37:$I$37,$G$3:$I$3) -> 37.023108 | S79: =SUMPRODUCT(J79:L79,$J$37:$L$37,$J$3:$L$3)/SUMPRODUCT($J$37:$L$37,$J$3:$L$3) -> 38.170824 | T79: =SUMPRODUCT(M79:O79,$M$37:$O$37,$M$3:$O$3)/SUMPRODUCT($M$37:$O$37,$M$3:$O$3) -> 41.8282 | U79: =SUMPRODUCT(D79:O79,$D$37:$O$37,$D$3:$O$3)/SUMPRODUCT($D$37:$O$37,$D$3:$O$3) -> 38.354196 | V79: Ok
A80: Overall Landed Cost | B80: Rs/Kg | C80: =+C70 -> FY 23-24 | D80: 42.757729 | E80: 42.616167 | F80: 41.356938 | G80: 40.723557 | H80: 41.195082 | I80: 42.752661 | J80: 42.567109 | K80: 42.673061 | L80: 42.499746 | M80: 41.774088 | N80: 41.193229 | O80: 41.024008 | Q80: =SUMPRODUCT(D80:F80,$D$41:$F$41,$D$3:$F$3)/SUMPRODUCT($D$41:$F$41,$D$3:$F$3) -> 42.263873 | R80: =SUMPRODUCT(G80:I80,$G$41:$I$41,$G$3:$I$3)/SUMPRODUCT($G$41:$I$41,$G$3:$I$3) -> 41.555201 | S80: =SUMPRODUCT(J80:L80,$J$41:$L$41,$J$3:$L$3)/SUMPRODUCT($J$41:$L$41,$J$3:$L$3) -> 42.576381 | T80: =SUMPRODUCT(M80:O80,$M$41:$O$41,$M$3:$O$3)/SUMPRODUCT($M$41:$O$41,$M$3:$O$3) -> 41.33805 | U80: =SUMPRODUCT(D80:O80,$D$41:$O$41,$D$3:$O$3)/SUMPRODUCT($D$41:$O$41,$D$3:$O$3) -> 41.933329 | V80: Ok
A81: Overall Landed Cost | B81: Rs/Kg | C81: =+C71 -> FY 24-25 | D81: 40.332397 | E81: 39.846444 | F81: 37.918902 | G81: 38.311101 | H81: 39.606077 | I81: 39.508333 | J81: 39.814328 | K81: 39.973619 | L81: 39.651275 | M81: 40.132213 | N81: 40.091669 | O81: 40.699697 | Q81: =SUMPRODUCT(D81:F81,$D$45:$F$45,$D$3:$F$3)/SUMPRODUCT($D$45:$F$45,$D$3:$F$3) -> 39.369811 | R81: =SUMPRODUCT(G81:I81,$G$45:$I$45,$G$3:$I$3)/SUMPRODUCT($G$45:$I$45,$G$3:$I$3) -> 39.126794 | S81: =SUMPRODUCT(J81:L81,$J$45:$L$45,$J$3:$L$3)/SUMPRODUCT($J$45:$L$45,$J$3:$L$3) -> 39.806557 | T81: =SUMPRODUCT(M81:O81,$M$45:$O$45,$M$3:$O$3)/SUMPRODUCT($M$45:$O$45,$M$3:$O$3) -> 40.331734 | U81: =SUMPRODUCT(D81:O81,$D$45:$O$45,$D$3:$O$3)/SUMPRODUCT($D$45:$O$45,$D$3:$O$3) -> 39.704865 | V81: Ok
A82: Overall Landed Cost | B82: Rs/Kg | C82: =+C72 -> FY 25-26 | D82: 40.354398 | E82: 38.902322 | F82: 39.714024 | G82: 40.313075 | H82: 41.277171 | I82: 42.56494 | J82: 43.300906 | K82: 43.845538 | L82: 43.788211 | M82: 43.780132 | N82: 43.533091 | O82: 43.976059 | Q82: =SUMPRODUCT(D82:F82,$D$53:$F$53,$D$3:$F$3)/SUMPRODUCT($D$53:$F$53,$D$3:$F$3) -> 39.654377 | R82: =SUMPRODUCT(G82:I82,$G$49:$I$49,$G$3:$I$3)/SUMPRODUCT($G$49:$I$49,$G$3:$I$3) -> 41.388414 | S82: =SUMPRODUCT(J82:L82,$J$49:$L$49,$J$3:$L$3)/SUMPRODUCT($J$49:$L$49,$J$3:$L$3) -> 43.638494 | T82: =SUMPRODUCT(M82:O82,$M$49:$O$49,$M$3:$O$3)/SUMPRODUCT($M$49:$O$49,$M$3:$O$3) -> 43.773208 | U82: =SUMPRODUCT(D82:O82,$D$49:$O$49,$D$3:$O$3)/SUMPRODUCT($D$49:$O$49,$D$3:$O$3) -> 42.071521 | V82: Ok
A83: Overall Landed Cost | B83: Rs/Kg | C83: =+C73 -> FY 26-27 | D83: 43.733532 | E83: 43.866583 | F83: 44.046898 | Q83: =SUMPRODUCT(D83:F83,$D$53:$F$53,$D$3:$F$3)/SUMPRODUCT($D$53:$F$53,$D$3:$F$3) -> 43.881877

Sheet JHARKHAND
A1: Milk Procurement Historical Data- Jharkhand | R1: 23 | S1: 91 | T1: 91
D2: 30 | E2: 31 | F2: 30 | G2: 31 | H2: 31 | I2: 30 | J2: 31 | K2: 30 | L2: 31 | M2: 31 | N2: 28 | O2: 31 | Q2: Quarterly | U2: =SUM(I2:O2) -> 212
A3: Particulas | B3: UOM | C3: Year | D3: Apr | E3: May | F3: Jun | G3: Jul | H3: Aug | I3: Sep | J3: Oct | K3: Nov | L3: Dec | M3: Jan | N3: Feb | O3: Mar | Q3: Q1 | R3: Q2 | S3: Q3 | T3: Q4 | U3: YTD | X3: Year | Y3: No of MPGs | Z3: No of Farmers | AA3: Network Vol | AB3: Oustide Volume | AC3: Total Volume
A4: No. of MPGs | B4: Nos | C4: FY 23-24 | I4: 10 | J4: 20 | K4: 25 | L4: 33 | M4: 39 | N4: 41 | O4: 39 | R4: =SUMPRODUCT(I4:I4,$I$2:$I$2)/SUM($I$2:$I$2) -> 10 | S4: =SUMPRODUCT(J4:L4,$J$2:$L$2)/SUM($J$2:$L$2) -> 26.01087 | T4: =SUMPRODUCT(M4:O4,$M$2:$O$2)/SUM($M$2:$O$2) -> 39.622222 | U4: =SUMPRODUCT(I4:O4,$I$2:$O$2)/SUM($I$2:$O$2) -> 29.523585 | X4: FY 23-24
A5: No. of MPGs | B5: Nos | C5: FY 24-25 | D5: 44 | E5: 51 | F5: 50 | G5: 48 | H5: 49 | I5: 65 | J5: 66 | K5: 67 | L5: 69 | M5: 85 | N5: 92 | O5: 103 | Q5: =MAX(D5:F5) -> 51 | R5: =MAX(G5:I5) -> 65 | S5: =MAX(J5:L5) -> 69 | T5: =MAX(M5:O5) -> 103 | U5: =O5 -> 103 | X5: FY 24-25
A6: No. of MPGs | B6: Nos | C6: FY 25-26 | D6: 109 | E6: 118 | F6: 116 | G6: 121 | H6: 133 | I6: 130 | J6: 134 | K6: 136 | L6: 137 | M6: 142 | N6: =155 -> 155 | O6: 145 | Q6: =MAX(D6:F6) -> 118 | R6: =MAX(G6:I6) -> 133 | S6: =MAX(J6:L6) -> 137 | T6: =MAX(M6:O6) -> 155 | U6: =O6 -> 145 | X6: FY 25-26
A7: No. of MPGs | B7: Nos | C7: FY 26-27 | D7: 140 | E7: 142 | F7: 135 | G7: 135 | Q7: =MAX(D7:G7) -> 142 | R7: =MAX(G7:I7) -> 135 | S7: =MAX(J7:L7) -> 0 | T7: =MAX(M7:O7) -> 0 | U7: =O7 -> 0 | X7: FY 25-26
A9: Farmers | B9: Nos | C9: =+C4 -> FY 23-24 | I9: 158 | J9: 263 | K9: 282 | L9: 414 | M9: 408 | N9: 436 | O9: 479 | P9: =MAX(D9:O9) -> 479 | R9: =SUMPRODUCT(I9:I9,$I$2:$I$2)/SUM($I$2:$I$2) -> 158 | S9: =SUMPRODUCT(J9:L9,$J$2:$L$2)/SUM($J$2:$L$2) -> 320.07609 | T9: =SUMPRODUCT(M9:O9,$M$2:$O$2)/SUM($M$2:$O$2) -> 441.16667 | U9: =SUMPRODUCT(I9:O9,$I$2:$O$2)/SUM($I$2:$O$2) -> 348.54717
A10: Farmers | B10: Nos | C10: =+C5 -> FY 24-25 | D10: 513 | E10: 542 | F10: 569 | G10: 665 | H10: 734 | I10: 968 | J10: 1065 | K10: 1062 | L10: 1081 | M10: 1028 | N10: 1079 | O10: 1162 | P10: =MAX(D10:O10) -> 1162 | Q10: =SUMPRODUCT(D10:F10,$D$2:$F$2)/SUM($D$2:$F$2) -> 541.34066 | R10: =SUMPRODUCT(G10:I10,$G$2:$I$2)/SUM($G$2:$I$2) -> 787.05435 | S10: =SUMPRODUCT(J10:L10,$J$2:$L$2)/SUM($J$2:$L$2) -> 1069.413 | T10: =SUMPRODUCT(M10:O10,$M$2:$O$2)/SUM($M$2:$O$2) -> 1090.0222 | U10: =SUMPRODUCT(D10:O10,$D$2:$O$2)/SUM($D$2:$O$2) -> 871.66849 | X10: Particulars | Y10: FY 23-24 | Z10: FY 24-25 | AA10: FY 25-26
A11: Farmers | B11: Nos | C11: =+C6 -> FY 25-26 | D11: 1206 | E11: 1398 | F11: 1514 | G11: 1547 | H11: 1613 | I11: 1743 | J11: 1711 | K11: 1658 | L11: 1621 | M11: 1477 | N11: 1442 | O11: 1516 | P11: =MAX(D11:O11) -> 1743 | Q11: =SUMPRODUCT(D11:F11,$D$2:$F$2)/SUM($D$2:$F$2) -> 1372.9451 | R11: =SUMPRODUCT(G11:I11,$G$2:$I$2)/SUM($G$2:$I$2) -> 1633.1522 | S11: =SUMPRODUCT(J11:L11,$J$2:$L$2)/SUM($J$2:$L$2) -> 1663.3913 | T11: =SUMPRODUCT(M11:O11,$M$2:$O$2)/SUM($M$2:$O$2) -> 1479.5444 | U11: =SUMPRODUCT(D11:O11,$D$2:$O$2)/SUM($D$2:$O$2) -> 1538.0247 | X11: No of MPGs | Y11: =O4 -> 39 | Z11: =O5 -> 103 | AA11: 138
A12: Farmers | B12: Nos | C12: =+C7 -> FY 26-27 | D12: 1548 | E12: 1610 | F12: 1757 | P12: =MAX(D12:O12) -> 1757 | Q12: =SUMPRODUCT(D12:F12,$D$2:$F$2)/SUM($D$2:$F$2) -> 1638.022 | R12: =SUMPRODUCT(G12:I12,$G$2:$I$2)/SUM($G$2:$I$2) -> 0 | S12: =SUMPRODUCT(J12:L12,$J$2:$L$2)/SUM($J$2:$L$2) -> 0 | T12: =SUMPRODUCT(M12:O12,$M$2:$O$2)/SUM($M$2:$O$2) -> 0 | U12: =SUMPRODUCT(D12:O12,$D$2:$O$2)/SUM($D$2:$O$2) -> 408.38356 | X12: No of MPGs | Y12: =O5 -> 103 | Z12: =O6 -> 145 | AA12: 138
X13: No of Farmers | Y13: =O9 -> 479 | Z13: =O10 -> 1162 | AA13: 1664
A14: Particulas | B14: UOM | C14: Year | D14: Apr | E14: May | F14: Jun | G14: Jul | H14: Aug | I14: Sep | J14: Oct | K14: Nov | L14: Dec | M14: Jan | N14: Feb | O14: Mar | Q14: Q1 | R14: Q2 | S14: Q3 | T14: Q4 | U14: YTD | X14: Network Vol | Y14: =U15 -> 4523.7654 | Z14: =U20 -> 10516.81 | AA14: 20019
A15: Own Network | B15: KG | C15: FY 23-24 | I15: 1385.2065 | J15: 2927.4766 | K15: 3605.0373 | L15: 4279.9416 | M15: 6218.777 | N15: 5764.2322 | O15: 7474.8519 | R15: =SUMPRODUCT(I15:I15,$I$2:$I$2)/SUM($I$2:$I$2) -> 1385.2065 | S15: =SUMPRODUCT(J15:L15,$J$2:$L$2)/SUM($J$2:$L$2) -> 3604.1422 | T15: =SUMPRODUCT(M15:O15,$M$2:$O$2)/SUM($M$2:$O$2) -> 6510.0111 | U15: =SUMPRODUCT(I15:O15,I$2:O$2)/SUM($I$2:$O$2) -> 4523.7654 | X15: Transfer Vol | Y15: =U18 -> 39.008255 | Z15: =U23 -> 1022.181 | AA15: =U28 -> 4047.1637
A16: Moo Mark | B16: KG | C16: FY 23-24 | I16: 6785.9542 | J16: 12135.234 | K16: 14134.954 | L16: 19210.875 | M16: 8806.7621 | N16: 17000.017 | O16: 15311.609 | R16: =SUMPRODUCT(I16:I16,$I$2:$I$2)/SUM($I$2:$I$2) -> 6785.9542 | S16: =SUMPRODUCT(J16:L16,$J$2:$L$2)/SUM($J$2:$L$2) -> 15171.5 | T16: =SUMPRODUCT(M16:O16,$M$2:$O$2)/SUM($M$2:$O$2) -> 13596.333 | U16: =SUMPRODUCT(I16:O16,I$2:O$2)/SUM($I$2:$O$2) -> 13316.163 | X16: Oustide Volume | Y16: 11690.539 | Z16: =U21+U22 -> 20803.847 | AA16: =U26+U27 -> 15939.096
A17: Vendor | B17: KG | C17: FY 23-24 | I17: 0 | J17: 0 | K17: 37.1 | L17: 898.17742 | M17: 10436.685 | N17: 1612.6466 | O17: 642.33871 | R17: =SUMPRODUCT(I17:I17,$I$2:$I$2)/SUM($I$2:$I$2) -> 0 | S17: =SUMPRODUCT(J17:L17,$J$2:$L$2)/SUM($J$2:$L$2) -> 314.74457 | T17: =SUMPRODUCT(M17:O17,$M$2:$O$2)/SUM($M$2:$O$2) -> 4317.8206 | U17: =SUMPRODUCT(I17:O17,I$2:O$2)/SUM($I$2:$O$2) -> 1969.6243 | X17: Total Volume | Y17: =SUM(Y14:Y16) -> 16253.313 | Z17: =SUM(Z14:Z16) -> 32342.837 | AA17: =SUM(AA14:AA16) -> 40005.26
A18: Transfer | B18: KG | C18: FY 23-24 | I18: 0 | J18: 0 | K18: 275.65833 | L18: 0 | M18: 0 | N18: 0 | O18: 0 | R18: =SUMPRODUCT(I18:I18,$I$2:$I$2)/SUM($I$2:$I$2) -> 0 | S18: =SUMPRODUCT(J18:L18,$J$2:$L$2)/SUM($J$2:$L$2) -> 89.888587 | T18: =SUMPRODUCT(M18:O18,$M$2:$O$2)/SUM($M$2:$O$2) -> 0 | U18: =SUMPRODUCT(I18:O18,I$2:O$2)/SUM($I$2:$O$2) -> 39.008255 | X18: Network Cost | Y18: =U42 -> 41.384406 | Z18: =U43 -> 41.111659 | AA18: =U44-0.01 -> 42.074742
A19: Avg Milk/Day @4% | B19: KG | C19: FY 23-24 | I19: =SUM(I15:I18) -> 8171.1606 | J19: =SUM(J15:J18) -> 15062.71 | K19: =SUM(K15:K18) -> 18052.75 | L19: =SUM(L15:L18) -> 24388.994 | M19: =SUM(M15:M18) -> 25462.225 | N19: =SUM(N15:N18) -> 24376.896 | O19: =SUM(O15:O18) -> 23428.799 | R19: =SUMPRODUCT(I19:I19,$I$2:$I$2)/SUM($I$2:$I$2) -> 8171.1606 | S19: =SUMPRODUCT(J19:L19,$J$2:$L$2)/SUM($J$2:$L$2) -> 19180.275 | T19: =SUMPRODUCT(M19:O19,$M$2:$O$2)/SUM($M$2:$O$2) -> 24424.165 | U19: =SUM(U15:U18) -> 19848.561 | V19: =SUMPRODUCT(D20:I20,$D$2:$I$2)/SUM($D$2:$I$2) -> 10263.914 | X19: Transfer Cost | Y19: 42.11468 | Z19: 41.69731 | AA19: 43.182799
A20: Own Network | B20: KG | C20: FY 24-25 | D20: 8081.4564 | E20: 10219.039 | F20: 9525.6347 | G20: 11116.395 | H20: 9979.1569 | I20: 12644.374 | J20: 11775.864 | K20: 9676.0129 | L20: 9463.6725 | M20: 9770.7307 | N20: 11196.221 | O20: 12749.882 | Q20: =SUMPRODUCT(D20:F20,$D$2:$F$2)/SUM($D$2:$F$2) -> 9285.7465 | R20: =SUMPRODUCT(G20:I20,$G$2:$I$2)/SUM($G$2:$I$2) -> 11231.449 | S20: =SUMPRODUCT(J20:L20,$J$2:$L$2)/SUM($J$2:$L$2) -> 10312.022 | T20: =SUMPRODUCT(M20:O20,$M$2:$O$2)/SUM($M$2:$O$2) -> 11240.369 | U20: =SUMPRODUCT(D20:O20,$D$2:$O$2)/SUM($D$2:$O$2) -> 10516.81 | V20: =SUMPRODUCT(D21:I21,$D$2:$I$2)/SUM($D$2:$I$2) -> 6076.8562 | X20: Outside Cost | Y20: 39.308593 | Z20: 41.364518 | AA20: 45.22
A21: Moo Mark | B21: KG | C21: FY 24-25 | D21: 8593.9083 | E21: 1360.6048 | F21: 1453.8417 | G21: 4924.8488 | H21: 7994.2198 | I21: 12265.41 | J21: 15696.815 | K21: 11083.954 | L21: 12702.016 | M21: 16113.996 | N21: 20969.54 | O21: 17777.145 | Q21: =SUMPRODUCT(D21:F21,$D$2:$F$2)/SUM($D$2:$F$2) -> 3775.9478 | R21: =SUMPRODUCT(G21:I21,$G$2:$I$2)/SUM($G$2:$I$2) -> 8352.7548 | S21: =SUMPRODUCT(J21:L21,$J$2:$L$2)/SUM($J$2:$L$2) -> 13183.504 | T21: =SUMPRODUCT(M21:O21,$M$2:$O$2)/SUM($M$2:$O$2) -> 18197.472 | U21: =SUMPRODUCT(D21:O21,$D$2:$O$2)/SUM($D$2:$O$2) -> 10856.766 | V21: =SUMPRODUCT(D22:I22,$D$2:$I$2)/SUM($D$2:$I$2) -> 9963.6512 | X21: Total Cost | Y21: =U47 -> 39.840326 | Z21: 41.257026 | AA21: 43.457809
A22: Vendor | B22: KG | C22: FY 24-25 | D22: 6362.3167 | E22: 12092.569 | F22: 16452.013 | G22: 10472.08 | H22: 9509.6029 | I22: 4820.5485 | J22: 6788.9028 | K22: 17174.611 | L22: 15020.316 | M22: 11086.922 | N22: 2549.7365 | O22: 6481.4517 | Q22: =SUMPRODUCT(D22:F22,$D$2:$F$2)/SUM($D$2:$F$2) -> 11640.654 | R22: =SUMPRODUCT(G22:I22,$G$2:$I$2)/SUM($G$2:$I$2) -> 8304.8765 | S22: =SUMPRODUCT(J22:L22,$J$2:$L$2)/SUM($J$2:$L$2) -> 12949.175 | T22: =SUMPRODUCT(M22:O22,$M$2:$O$2)/SUM($M$2:$O$2) -> 6844.5802 | U22: =SUMPRODUCT(D22:O22,$D$2:$O$2)/SUM($D$2:$O$2) -> 9947.0808 | V22: =SUMPRODUCT(D23:I23,$D$2:$I$2)/SUM($D$2:$I$2) -> 726.70389 | X22: Supply Chain Cost | Y22: 4.1464037 | Z22: 3.6553669 | AA22: 3.7594194
A23: Transfer | B23: KG | C23: FY 24-25 | D23: 1918.7125 | E23: -484.64516 | F23: -165.61667 | G23: 644.10282 | H23: 2011.1431 | I23: 436.84375 | J23: -1191.4395 | K23: 164 | L23: 0 | M23: 2044.0685 | N23: 3947.6027 | O23: 3168.5444 | Q23: =SUMPRODUCT(D23:F23,$D$2:$F$2)/SUM($D$2:$F$2) -> 412.84478 | R23: =SUMPRODUCT(G23:I23,$G$2:$I$2)/SUM($G$2:$I$2) -> 1037.1515 | S23: =SUMPRODUCT(J23:L23,$J$2:$L$2)/SUM($J$2:$L$2) -> -347.98505 | T23: =SUMPRODUCT(M23:O23,$M$2:$O$2)/SUM($M$2:$O$2) -> 3023.5986 | U23: =SUMPRODUCT(D23:O23,$D$2:$O$2)/SUM($D$2:$O$2) -> 1022.181 | V23: =SUMPRODUCT(D24:I24,$D$2:$I$2)/SUM($D$2:$I$2) -> 27031.125
A24: Avg Milk/Day @4% | B24: KG | C24: FY 24-25 | D24: =SUM(D20:D23) -> 24956.394 | E24: =SUM(E20:E23) -> 23187.567 | F24: =SUM(F20:F23) -> 27265.873 | G24: =SUM(G20:G23) -> 27157.427 | H24: =SUM(H20:H23) -> 29494.123 | I24: =SUM(I20:I23) -> 30167.177 | J24: =SUM(J20:J23) -> 33070.142 | K24: =SUM(K20:K23) -> 38098.578 | ... O24: =SUM(O20:O23) -> 40177.023 | Q24: =SUMPRODUCT(D24:F24,$D$2:$F$2)/SUM($D$2:$F$2) -> 25115.193 | R24: =SUMPRODUCT(G24:I24,$G$2:$I$2)/SUM($G$2:$I$2) -> 28926.232 | S24: =SUMPRODUCT(J24:L24,$J$2:$L$2)/SUM($J$2:$L$2) -> 36096.716 | T24: =SUMPRODUCT(M24:O24,$M$2:$O$2)/SUM($M$2:$O$2) -> 39306.02 | U24: =SUMPRODUCT(D24:O24,$D$2:$O$2)/SUM($D$2:$O$2) -> 32342.837
A25: Own Network | B25: KG | C25: FY 25-26 | D25: 15303.949 | E25: 19004.994 | F25: 20809.822 | G25: 19985.399 | H25: 20637.86 | I25: 20729.587 | J25: 19019.023 | K25: 18721.542 | L25: 18856.924 | M25: 17474.254 | N25: 17006.315 | O25: 17987.602 | Q25: =SUMPRODUCT(D25:F25,$D$2:$F$2)/SUM($D$2:$F$2) -> 18379.868 | R25: =SUMPRODUCT(G25:I25,$G$2:$I$2)/SUM($G$2:$I$2) -> 20447.92 | S25: =SUMPRODUCT(J25:L25,$J$2:$L$2)/SUM($J$2:$L$2) -> 18867.398 | T25: =SUMPRODUCT(M25:O25,$M$2:$O$2)/SUM($M$2:$O$2) -> 17505.493 | U25: =SUMPRODUCT(D25:O25,$D$2:$O$2)/SUM($D$2:$O$2) -> 18808.415
A26: Moo Mark | B26: KG | C26: FY 25-26 | D26: 14274.55 | E26: 7849.0161 | F26: 3980.1875 | G26: 7438.8024 | H26: 9134 | I26: 14746.946 | J26: 12261.105 | K26: 12899.425 | L26: 15838.883 | M26: 17268.569 | N26: 20430.772 | O26: 18091.363 | Q26: =SUMPRODUCT(D26:F26,$D$2:$F$2)/SUM($D$2:$F$2) -> 8691.886 | R26: =SUMPRODUCT(G26:I26,$G$2:$I$2)/SUM($G$2:$I$2) -> 10393.101 | S26: =SUMPRODUCT(J26:L26,$J$2:$L$2)/SUM($J$2:$L$2) -> 13674.808 | T26: =SUMPRODUCT(M26:O26,$M$2:$O$2)/SUM($M$2:$O$2) -> 18535.772 | U26: =SUMPRODUCT(D26:O26,$D$2:$O$2)/SUM($D$2:$O$2) -> 12803.914
A27: Vendor | B27: KG | C27: FY 25-26 | D27: 8520.8083 | E27: 10325.016 | F27: 1042.3 | G27: 0 | H27: 0 | I27: 1099.9333 | J27: 6926.254 | K27: 3370.1875 | L27: 1640.1048 | M27: 2758.4435 | N27: 0 | O27: 1683.871 | Q27: =SUMPRODUCT(D27:F27,$D$2:$F$2)/SUM($D$2:$F$2) -> 6669.9863 | R27: =SUMPRODUCT(G27:I27,$G$2:$I$2)/SUM($G$2:$I$2) -> 358.67391 | S27: =SUMPRODUCT(J27:L27,$J$2:$L$2)/SUM($J$2:$L$2) -> 3985.4647 | T27: =SUMPRODUCT(M27:O27,$M$2:$O$2)/SUM($M$2:$O$2) -> 1530.1306 | U27: =SUMPRODUCT(D27:O27,$D$2:$O$2)/SUM($D$2:$O$2) -> 3135.1815
A28: Transfer | B28: KG | C28: FY 25-26 | D28: 1595.1375 | E28: 2251.1089 | F28: 9119.0708 | G28: 5708.4597 | H28: 7635.2984 | I28: 3212.075 | J28: 1794.7419 | K28: 1152.2 | L28: 1905.3226 | M28: 3282.2863 | N28: 4246.9955 | O28: 6646.7944 | Q28: =SUMPRODUCT(D28:F28,$D$2:$F$2)/SUM($D$2:$F$2) -> 4299.0179 | R28: =SUMPRODUCT(G28:I28,$G$2:$I$2)/SUM($G$2:$I$2) -> 5543.6821 | S28: =SUMPRODUCT(J28:L28,$J$2:$L$2)/SUM($J$2:$L$2) -> 1622.4783 | T28: =SUMPRODUCT(M28:O28,$M$2:$O$2)/SUM($M$2:$O$2) -> 4741.3042 | U28: =SUMPRODUCT(D28:O28,$D$2:$O$2)/SUM($D$2:$O$2) -> 4047.1637
A29: Avg Milk/Day @4% | B29: KG | C29: FY 25-26 | D29: =SUM(D25:D28) -> 39694.445 | E29: =SUM(E25:E28) -> 39430.136 | F29: =SUM(F25:F28) -> 34951.38 | G29: =SUM(G25:G28) -> 33132.662 | H29: =SUM(H25:H28) -> 37407.159 | I29: =SUM(I25:I28) -> 39788.541 | J29: =SUM(J25:J28) -> 40001.124 | K29: =SUM(K25:K28) -> 36143.354 | ... O29: =SUM(O25:O28) -> 44409.63 | Q29: =SUMPRODUCT(D29:F29,$D$2:$F$2)/SUM($D$2:$F$2) -> 38040.758 | R29: =SUMPRODUCT(G29:I29,$G$2:$I$2)/SUM($G$2:$I$2) -> 36743.377 | S29: =SUMPRODUCT(J29:L29,$J$2:$L$2)/SUM($J$2:$L$2) -> 38150.149 | T29: =SUMPRODUCT(M29:O29,$M$2:$O$2)/SUM($M$2:$O$2) -> 42312.7 | U29: =SUMPRODUCT(D29:O29,$D$2:$O$2)/SUM($D$2:$O$2) -> 38794.675
A30: Own Network | B30: KG | C30: FY 26-27 | D30: 20800.544 | E30: 18619.767 | F30: 19782.265 | G30: 20231.586 | H30: 16613.51 | Q30: =SUMPRODUCT(D30:F30,$D$2:$F$2)/SUM($D$2:$F$2) -> 19721.946 | R30: =SUMPRODUCT(G30:I30,$G$2:$I$2)/SUM($G$2:$I$2) -> 12415.195 | S30: =SUMPRODUCT(J30:L30,$J$2:$L$2)/SUM($J$2:$L$2) -> 0 | T30: =SUMPRODUCT(M30:O30,$M$2:$O$2)/SUM($M$2:$O$2) -> 0 | U30: =SUMPRODUCT(D30:O30,$D$2:$O$2)/SUM($D$2:$O$2) -> 8046.2878
A31: Moo Mark | B31: KG | C31: FY 26-27 | D31: 1738.6083 | E31: 1409.9032 | F31: 10725.096 | G31: 10991.415 | H31: 11020.702 | Q31: =SUMPRODUCT(D31:F31,$D$2:$F$2)/SUM($D$2:$F$2) -> 4589.2102 | R31: =SUMPRODUCT(G31:I31,$G$2:$I$2)/SUM($G$2:$I$2) -> 7417.1264 | S31: =SUMPRODUCT(J31:L31,$J$2:$L$2)/SUM($J$2:$L$2) -> 0 | T31: =SUMPRODUCT(M31:O31,$M$2:$O$2)/SUM($M$2:$O$2) -> 0 | U31: =SUMPRODUCT(D31:H31,$D$2:$H$2)/SUM($D$2:$H$2) -> 7189.5016
A32: Vendor | B32: KG | C32: FY 26-27 | D32: 0 | E32: 3778.4589 | F32: 1700.325 | G32: 790.18548 | H32: 5572.0927 | Q32: =SUMPRODUCT(D32:F32,$D$2:$F$2)/SUM($D$2:$F$2) -> 1847.714 | R32: =SUMPRODUCT(G32:I32,$G$2:$I$2)/SUM($G$2:$I$2) -> 2143.8111 | S32: =SUMPRODUCT(J32:L32,$J$2:$L$2)/SUM($J$2:$L$2) -> 0 | T32: =SUMPRODUCT(M32:O32,$M$2:$O$2)/SUM($M$2:$O$2) -> 0 | U32: =SUMPRODUCT(D32:O32,$D$2:$O$2)/SUM($D$2:$O$2) -> 1001.0208
A33: Transfer | B33: KG | C33: FY 26-27 | D33: 1188.2833 | E33: 361.22581 | F33: 785.4625 | G33: 2947.1169 | H33: 350.93548 | Q33: =SUMPRODUCT(D33:F33,$D$2:$F$2)/SUM($D$2:$F$2) -> 773.74038 | R33: =SUMPRODUCT(G33:I33,$G$2:$I$2)/SUM($G$2:$I$2) -> 1111.3003 | S33: =SUMPRODUCT(J33:L33,$J$2:$L$2)/SUM($J$2:$L$2) -> 0 | T33: =SUMPRODUCT(M33:O33,$M$2:$O$2)/SUM($M$2:$O$2) -> 0 | U33: =SUMPRODUCT(D33:O33,$D$2:$O$2)/SUM($D$2:$O$2) -> 473.0137
A34: Avg Milk/Day @4% | B34: KG | C34: FY 26-27 | D34: =SUM(D30:D33) -> 23727.436 | E34: =SUM(E30:E33) -> 24169.355 | F34: =SUM(F30:F33) -> 32993.148 | G34: =SUM(G30:G33) -> 34960.304 | H34: =SUM(H30:H33) -> 33557.24 | I34: =SUM(I30:I33) -> 0 | J34: =SUM(J30:J33) -> 0 | K34: =SUM(K30:K33) -> 0 | ... O34: =SUM(O30:O33) -> 0 | Q34: =SUMPRODUCT(D34:F34,$D$2:$F$2)/SUM($D$2:$F$2) -> 26932.61 | R34: =SUMPRODUCT(G34:I34,$G$2:$I$2)/SUM($G$2:$I$2) -> 23087.433 | S34: =SUMPRODUCT(J34:L34,$J$2:$L$2)/SUM($J$2:$L$2) -> 0 | T34: =SUMPRODUCT(M34:O34,$M$2:$O$2)/SUM($M$2:$O$2) -> 0 | U34: =SUMPRODUCT(D34:O34,$D$2:$O$2)/SUM($D$2:$O$2) -> 12534.004
A36: Network Milk @ 4% & 8.5%
A37: Supply chain Cost | B37: Rs/Kg | C37: FY 23-24 | I37: 3.9680016 | J37: 5.9771142 | K37: 4.8205972 | L37: 4.4805154 | M37: 4.052524 | N37: 3.866857 | O37: 3.261922 | R37: =SUMPRODUCT(I37:I37,I15)/SUM(I15) -> 3.9680016 | S37: =SUMPRODUCT(J37:L37,J15:L15)/SUM(J15:L15) -> 4.9991086 | T37: =SUMPRODUCT(M37:O37,M15:O15)/SUM(M15:O15) -> 3.6938073 | U37: =SUMPRODUCT(I37:O37,I15:O15)/SUM(I15:O15) -> 4.1516524
A38: Supply chain Cost | B38: Rs/Kg | C38: FY 24-25 | D38: 3.5585572 | E38: 3.5080212 | F38: 4.4741284 | G38: 3.488033 | H38: 3.6880525 | I38: 3.3272285 | J38: 3.2333174 | K38: 3.918718 | L38: 3.8649924 | M38: 3.686943 | N38: 3.8567426 | O38: 3.5021711 | Q38: =SUMPRODUCT(D38:F38,$D$20:$F$20)/SUM($D$20:$F$20) -> 3.8534228 | R38: =SUMPRODUCT(G38:I38,$G$20:$I$20)/SUM($G$20:$I$20) -> 3.4869291 | S38: =SUMPRODUCT(J38:L38,$J$20:$L$20)/SUM($J$20:$L$20) -> 3.6411999 | T38: =SUMPRODUCT(M38:O38,$M$20:$O$20)/SUM($M$20:$O$20) -> 3.6734569 | U38: =SUMPRODUCT(D38:O38,$D$20:$O$20)/SUM($D$20:$O$20) -> 3.6553669
A39: Supply chain Cost | B39: Rs/Kg | C39: FY 25-26 | D39: 3.5475224 | E39: 3.5831536 | F39: 3.6664682 | G39: 3.8270463 | H39: 3.7271562 | I39: 3.6969307 | J39: 3.7962473 | K39: 3.9141251 | L39: 3.759527 | M39: 3.9922802 | N39: 4.1114719 | O39: 3.8106774 | Q39: =SUMPRODUCT(D39:F39,$D$20:$F$20)/SUM($D$20:$F$20) -> 3.6013262 | R39: =SUMPRODUCT(G39:I39,$G$20:$I$20)/SUM($G$20:$I$20) -> 3.74874 | S39: =SUMPRODUCT(J39:L39,$J$20:$L$20)/SUM($J$20:$L$20) -> 3.8219003 | T39: =SUMPRODUCT(M39:O39,$M$20:$O$20)/SUM($M$20:$O$20) -> 3.9631874 | U39: =SUMPRODUCT(D39:O39,$D$20:$O$20)/SUM($D$20:$O$20) -> 3.7914531
A40: Supply chain Cost | B40: Rs/Kg | C40: FY 26-27 | D40: 3.4803158 | E40: 3.5876374 | F40: 3.6300841 | Q40: =SUMPRODUCT(D40:F40,$D$20:$F$20)/SUM($D$20:$F$20) -> 3.570999 | R40: =SUMPRODUCT(G40:I40,$G$20:$I$20)/SUM($G$20:$I$20) -> 0 | S40: =SUMPRODUCT(J40:L40,$J$20:$L$20)/SUM($J$20:$L$20) -> 0 | T40: =SUMPRODUCT(M40:O40,$M$20:$O$20)/SUM($M$20:$O$20) -> 0 | U40: =SUMPRODUCT(D40:O40,$D$20:$O$20)/SUM($D$20:$O$20) -> 0.78738755
A41: Network Milk @ 4% & 8.5%
A42: Network Landed Cost | B42: Rs/Kg | C42: =+C37 -> FY 23-24 | I42: 41.470408 | J42: 43.217122 | K42: 41.962752 | L42: 41.585718 | M42: 41.479886 | N42: 40.96927 | O42: 40.497197 | R42: =SUMPRODUCT(I42:I42,I15:I15)/SUM(I15:I15) -> 41.470408 | S42: =SUMPRODUCT(J42:L42,J15:L15)/SUM(J15:L15) -> 42.15313 | T42: =SUMPRODUCT(M42:O42,M15:O15)/SUM(M15:O15) -> 40.951114 | U42: =SUMPRODUCT(I42:O42,I15:O15)/SUM(I15:O15) -> 41.384406
A43: Network Landed Cost | B43: Rs/Kg | C43: FY 24-25 | D43: 40.944633 | E43: 40.806141 | F43: 41.8728 | G43: 41.228766 | H43: 41.316595 | I43: 40.911381 | J43: 40.734554 | K43: 40.773226 | L43: 40.992692 | M43: 40.926706 | N43: 41.173098 | O43: 41.61108 | Q43: =SUMPRODUCT(D43:F43,$D$20:$F$20)/SUM($D$20:$F$20) -> 41.211509 | R43: =SUMPRODUCT(G43:I43,$G$20:$I$20)/SUM($G$20:$I$20) -> 41.1358 | S43: =SUMPRODUCT(J43:L43,$J$20:$L$20)/SUM($J$20:$L$20) -> 40.825677 | T43: =SUMPRODUCT(M43:O43,$M$20:$O$20)/SUM($M$20:$O$20) -> 41.267318 | U43: =SUMPRODUCT(D43:O43,$D$20:$O$20)/SUM($D$20:$O$20) -> 41.111659
A44: Network Landed Cost | B44: Rs/Kg | C44: =C39 -> FY 25-26 | D44: 41.621543 | E44: 42.260489 | F44: 42.009159 | G44: 42.186572 | H44: 40.54704 | I44: 42.132707 | J44: 42.283845 | K44: 42.45591 | L44: 42.311228 | M44: 42.605983 | N44: 42.080375 | O44: 42.331836 | Q44: =SUMPRODUCT(D44:F44,$D$20:$F$20)/SUM($D$20:$F$20) -> 41.988885 | R44: =SUMPRODUCT(G44:I44,$G$20:$I$20)/SUM($G$20:$I$20) -> 41.681466 | S44: =SUMPRODUCT(J44:L44,$J$20:$L$20)/SUM($J$20:$L$20) -> 42.346081 | T44: =SUMPRODUCT(M44:O44,$M$20:$O$20)/SUM($M$20:$O$20) -> 42.327779 | U44: =SUMPRODUCT(D44:O44,$D$20:$O$20)/SUM($D$20:$O$20) -> 42.084742
A45: Network Landed Cost | B45: Rs/Kg | C45: =C40 -> FY 26-27 | D45: 42.143853 | E45: 42.184219 | F45: 42.24106 | Q45: =SUMPRODUCT(D45:F45,$D$20:$F$20)/SUM($D$20:$F$20) -> 42.191954 | R45: =SUMPRODUCT(G45:I45,$G$20:$I$20)/SUM($G$20:$I$20) -> 0 | S45: =SUMPRODUCT(J45:L45,$J$20:$L$20)/SUM($J$20:$L$20) -> 0 | T45: =SUMPRODUCT(M45:O45,$M$20:$O$20)/SUM($M$20:$O$20) -> 0 | U45: =SUMPRODUCT(D45:O45,$D$20:$O$20)/SUM($D$20:$O$20) -> 9.3031164
A46: Overall Milk @ 4% & 8.5%
A47: Overall Landed Cost | B47: Rs/Kg | C47: =+C42 -> FY 23-24 | I47: 40.434373 | J47: 40.867645 | K47: 40.643922 | L47: 40.318363 | M47: 39.267168 | N47: 39.564677 | O47: 38.765544 | R47: =SUMPRODUCT(I47:I47,I19:I19)/SUM(I19:I19) -> 40.434373 | S47: =SUMPRODUCT(J47:L47,J19:L19)/SUM(J19:L19) -> 40.564447 | T47: =SUMPRODUCT(M47:O47,M19:O19)/SUM(M19:O19) -> 39.205748 | U47: =SUMPRODUCT(I47:O47,I19:O19)/SUM(I19:O19) -> 39.840326
A48: Overall Landed Cost | B48: Rs/Kg | C48: =+C43 -> FY 24-25 | D48: 40.847943 | E48: 40.025502 | F48: 39.894342 | G48: 40.573157 | H48: 41.884768 | I48: 41.488296 | J48: 41.524802 | K48: 40.87335 | L48: 41.066423 | M48: 41.39879 | N48: 42.155862 | O48: 42.291643 | Q48: =SUMPRODUCT(D48:F48,$D$24:$F$24)/SUM($D$24:$F$24) -> 40.25026 | R48: =SUMPRODUCT(G48:I48,$G$24:$I$24)/SUM($G$24:$I$24) -> 41.336725 | S48: =SUMPRODUCT(J48:L48,$J$24:$L$24)/SUM($J$24:$L$24) -> 41.138435 | T48: =SUMPRODUCT(M48:O48,$M$24:$O$24)/SUM($M$24:$O$24) -> 41.951524 | U48: =SUMPRODUCT(D48:O48,$D$24:$O$24)/SUM($D$24:$O$24) -> 41.257026
A49: Overall Landed Cost | B49: Rs/Kg | C49: =C44 -> FY 25-26 | D49: 42.824599 | E49: 43.041082 | F49: 42.376004 | G49: 42.410684 | H49: 42.184763 | I49: 43.89798 | J49: 45.01418 | K49: 44.261072 | L49: 43.952213 | M49: 43.708265 | N49: 43.893857 | O49: 44.835247 | Q49: =SUMPRODUCT(D49:F49,$D$24:$F$24)/SUM($D$24:$F$24) -> 42.728967 | R49: =SUMPRODUCT(G49:I49,$G$24:$I$24)/SUM($G$24:$I$24) -> 42.85073 | S49: =SUMPRODUCT(J49:L49,$J$24:$L$24)/SUM($J$24:$L$24) -> 44.384926 | T49: =SUMPRODUCT(M49:O49,$M$24:$O$24)/SUM($M$24:$O$24) -> 44.153337 | U49: =SUMPRODUCT(D49:O49,$D$24:$O$24)/SUM($D$24:$O$24) -> 43.650276
A50: Overall Landed Cost | B50: Rs/Kg | C50: =C45 -> FY 26-27 | D50: 42.619846 | E50: 42.606961 | F50: 43.826276 | Q50: =SUMPRODUCT(D50:F50,$D$24:$F$24)/SUM($D$24:$F$24) -> 43.052092 | R50: =SUMPRODUCT(G50:I50,$G$24:$I$24)/SUM($G$24:$I$24) -> 0 | S50: =SUMPRODUCT(J50:L50,$J$24:$L$24)/SUM($J$24:$L$24) -> 0 | T50: =SUMPRODUCT(M50:O50,$M$24:$O$24)/SUM($M$24:$O$24) -> 0 | U50: =SUMPRODUCT(D50:O50,$D$24:$O$24)/SUM($D$24:$O$24) -> 8.3579405

Sheet JH Slide 1
D1: 1000
C3: JHARKHAND: MILK COLLECTION (000 Kg/day) | L3: Updated on 31st Dec
C4: LY 23-24 | D4: Period | E4: Plan | F4: Requirement | G4: Network | H4: Transfer In | I4: Out sourcing | J4: Out sourcing | K4: JH Supply to CMU
G5: Collection | H5: WB, Bihar | I5: Moo Mark, | J5: Jalgaon
C6: 0 | D6: Q1 | E6: 11.73964 | F6: 23.293407 | G6: {=TRANSPOSE(JHARKHAND!Q20:U20)/1000} -> 9.2857465 | H6: {=TRANSPOSE(JHARKHAND!Q23:U23)/1000} -> 0.41284478 | I6: {=TRANSPOSE(JHARKHAND!Q21:U22)/1000} -> 3.7759478 | J6: 11.640654 | K6: =SUM(G6:J6) -> 25.115193
C7: 1.9788664 | D7: Q2 | E7: 16.613098 | F7: 24.490217 | G7: 11.231449 | H7: 1.0371515 | I7: 8.3527548 | J7: 8.3048765 | K7: =SUM(G7:J7) -> 28.926232
C8: 3.604 | D8: Q3 | E8: 16.024132 | F8: 30.166304 | G8: 10.312022 | H8: -0.34798505 | I8: 13.183504 | J8: 12.949175 | K8: =SUM(G8:J8) -> 36.096716
C9: 6.486 | D9: Q4 OL | E9: 18.17265 | F9: 33.5 | G9: 11.240369 | H9: 3.0235986 | I9: 18.197472 | J9: 6.8445802 | K9: =SUM(G9:J9) -> 39.30602
C10: 4.73 | D10: FY 24-25 | E10: 15.634167 | F10: 27.84411 | G10: 10.51681 | H10: 1.022181 | I10: 10.856766 | J10: 9.9470808 | K10: =SUM(G10:J10) -> 32.342837
C13: OUTSIDE MILK IN JH
C14: 2022-23 | D14: 2023-24 | E14: 2024-25 | F14: Updated on 31st Dec
C15: 0 | D15: 77% (16MT/day) | E15: 61% (20MT/day)
L16: Vol Kg @4%
C17: 24-25 | L17: Particulars | M17: 23-24 | N17: 24-25
C18: Network Efficiency | D18: Q1 | E18: Q2 | F18: Q3 | G18: Q4 (OL) | H18: Total | I18: Updated on 31st Dec | L18: Own Network | M18: 4680.9606 | N18: =JHARKHAND!U20 -> 10516.81
C19: Network Milk Vol (kg/day) | D19: =JHARKHAND!Q20 -> 9285.7465 | E19: =JHARKHAND!R20 -> 11231.449 | F19: =JHARKHAND!S20 -> 10312.022 | G19: =JHARKHAND!T20 -> 11240.369 | H19: =JHARKHAND!U20 -> 10516.81 | L19: Moo Mark | M19: 14142.599 | N19: =JHARKHAND!U21 -> 10856.766
C20: MPGs-Nos | D20: =JHARKHAND!Q5 -> 51 | E20: =JHARKHAND!R5 -> 65 | F20: =JHARKHAND!S5 -> 69 | G20: =JHARKHAND!T5 -> 103 | H20: =JHARKHAND!U5 -> 103 | L20: Vendor | M20: 1519 | N20: =JHARKHAND!U22 -> 9947.0808
C21: Farmers-Nos | D21: =JHARKHAND!Q10 -> 541.34066 | E21: =JHARKHAND!R10 -> 787.05435 | F21: =JHARKHAND!S10 -> 1069.413 | G21: =JHARKHAND!T10 -> 1090.0222 | H21: =JHARKHAND!U10 -> 871.66849 | L21: Transfer | M21: 38.825117 | N21: =JHARKHAND!U23 -> 1022.181
C22: Pouring/MPG | D22: =D19/D20 -> 182.07346 | E22: =E19/E20 -> 172.79153 | F22: =F19/F20 -> 149.44959 | G22: =G19/G20 -> 109.12979 | H22: =H19/H20 -> 102.10495 | L22: Avg Milk/Day @4% | M22: 20381.385 | N22: =JHARKHAND!U24 -> 32342.837
L23: Outside Milk% | M23: =(M19+M20)/M22 -> 0.76842664 | N23: =(N19+N20)/N22 -> 0.64322887
C26: Cluster | D26: Opening | E26: Expansion | F26: Closed | G26: YTD | H26: Expansion | K26: Plan | L26: Out-look
G27: 45627 | H27: 45658 | I27: 45689 | J27: 45717
C28: Ranchi | D28: 116 | E28: 86 | F28: 46 | G28: 156 | H28: 20 | I28: 29 | J28: 234 | K28: 205
C29: Lohardaga | D29: 96 | E29: 85 | F29: 44 | G29: 137 | H29: 10 | I29: 8 | J29: 132 | K29: 155
C30: Total | D30: 505 | E30: 295 | F30: 149 | G30: 651 | H30: 47 | I30: 38 | J30: 762 | K30: 762 | L30: 762
C35: 30 | D35: 31 | E35: 30 | F35: 31 | G35: 31 | H35: 30 | I35: 31 | J35: 30 | K35: 31 | L35: 31 | M35: 28 | N35: 31 | O35: =SUM(C35:N35) -> 365
C36: Plant Requirement : 24-25 (Actual)
C37: April | D37: May | E37: June | F37: July | G37: Aug | H37: Sep | I37: Oct | J37: Nov, | K37: Dec | L37: Jan | M37: Feb | N37: Mar | O37: Q1 | P37: Q2 | Q37: Q3 | R37: Q4 | S37: FY
B38: 24-25 | C38: 24900 | D38: 22700 | E38: 22300 | F38: 24100 | G38: 24000 | H38: 25400 | I38: 27800 | J38: 30200 | K38: 32500 | L38: 33000 | M38: 33500 | N38: 34000 | O38: =SUMPRODUCT(C38:E38,C35:E35)/SUM(C35:E35) -> 23293.407 | P38: =SUMPRODUCT(F38:H38,F35:H35)/SUM(F35:H35) -> 24490.217 | Q38: =SUMPRODUCT(I38:K38,I35:K35)/SUM(I35:K35) -> 30166.304 | R38: =SUMPRODUCT(L38:N38,L35:N35)/SUM(L35:N35) -> 33500 | S38: =SUMPRODUCT(C38:N38,C35:N35)/O35 -> 27844.11
B39: 25-26 | C39: 37000 | D39: 35500 | E39: 37275 | F39: 39139 | G39: 40000 | H39: 40500 | I39: 42000 | J39: 43500 | K39: 43500 | L39: 44000 | M39: 44500 | N39: 45000 | O39: =SUMPRODUCT(C39:E39,C35:E35)/SUM(C35:E35) -> 36579.67 | P39: =SUMPRODUCT(F39:H39,F35:H35)/SUM(F35:H35) -> 39872.924 | Q39: =SUMPRODUCT(I39:K39,I35:K35)/SUM(I35:K35) -> 42994.565 | R39: =SUMPRODUCT(L39:N39,L35:N35)/SUM(L35:N35) -> 44500 | S39: =SUMPRODUCT(C39:N39,C35:N35)/O35 -> 40979.614
C45: Years | D45: Milk Volume | E45: MPG Number | F45: Farmer Number | G45: Vol/MPG
C46: FY 22-23 | D46: 0 | E46: 0 | F46: 0 | G46: 0
C47: FY 23-24 | D47: 4680.9606 | E47: 29.577465 | F47: 348.95775 | G47: =D47/E47 -> 158.26105
C48: FY 24-25 | D48: 12780.973 | E48: 64.871585 | F48: 926.08197 | G48: =D48/E48 -> 197.01958
C49: Growth% from LY | D49: =D48/D47 -> 2.7304166 | E49: =E48/E47 -> 2.1932774 | F49: =F48/F47 -> 2.6538513 | G49: =G48/G47 -> 1.2449026

Sheet JH Slide 2
C3: Particulars | D3: Actual | E3: Plan | F3: 2024-25 | H3: Jan Mar: 2024-25 (OL) | J3: Annual
F4: (YTD Dec'24)
D5: 2023-24 | E5: 2024-25 | F5: Plan | G5: Actual | H5: Plan | I5: Actual | J5: Outlook | K5: Updated on 31st Dec
C6: Network Vol | D6: 4729.424 | E6: 15634.167 | F6: 14803.391 | G6: 10302.964 | H6: 18172.65 | I6: 18172.222 | J6: 12243.329
C7: Farm Gate | D7: 37.233012 | E7: 37.194434 | F7: 37.194434 | G7: 37.402369 | H7: 37.194434 | I7: 37.479083 | J7: 37.430775
C8: Procurement | D8: 0.99324675 | E8: 0.99935288 | F8: 1.0004216 | G8: 0.9199552 | H8: 0.99667972 | I8: 0.99909379 | J8: 0.94925877
C9: Inward | D9: 0.98841481 | E9: 1.0997408 | F9: 1.1176263 | G9: 0.76834643 | H9: 0 | I9: 0.95425132 | J9: 0.8371836
C10: Chilling | D10: 1.0480792 | E10: 0.59413943 | F10: 0.6076779 | G10: 0.46642037 | H10: 0.56027508 | I10: 0.48 | J10: 0.47144866
C11: Outward | D11: 0.55487346 | E11: 0.73873897 | F11: 0.76533981 | G11: 0.9015038 | H11: 0.67220114 | I11: 0.93211009 | J11: 0.91283675
C12: NGO Cost | D12: 0.56178947 | E12: 0.38334567 | F12: 0.40428888 | G12: 0.5814128 | H12: 0.28792442 | I12: 0.28 | J12: 0.46980516
C13: Network SCC | D13: =SUM(D8:D12) -> 4.1464037 | E13: =SUM(E8:E12) -> 3.8153178 | F13: =SUM(F8:F12) -> 3.8953545 | G13: =SUM(G8:G12) -> 3.6376386 | H13: =SUM(H8:H12) -> 2.5170803 | I13: =SUM(I8:I12) -> 3.6454552 | J13: =SUM(J8:J12) -> 3.6405329
C14: Network Plant Gate Cost | D14: =D13+D7 -> 41.379416 | E14: =E13+E7 -> 41.009751 | F14: =F13+F7 -> 41.089788 | G14: =G13+G7 -> 41.040008 | H14: =H13+H7 -> 39.711514 | I14: =I13+I7 -> 41.124538 | J14: =J13+J7 -> 41.071308
C15: Moomark Volume | D15: 14142.878 | E15: 22210.447 | F15: 22221.326 | G15: 8403.3209 | H15: 22177.206 | I15: 13000 | J15: 9536.7486
C16: Moomark Cost | D16: 39.560004 | E16: 38.596562 | F16: 38.463039 | G16: 42.458171 | H16: 39 | I16: 42.086667 | J16: 42.331768
C17: 3p Vendor Volume | D17: 2054.7696 | E17: 0 | F17: 0 | G17: 10928.914 | H17: 0 | I17: 9033.3333 | J17: 10461.511
C18: 3p Vendor Cost | D18: 37.74655 | E18: 0 | F18: 0 | G18: 39.750263 | H18: 0 | I18: 39.6 | J18: 39.717908
C19: Total Landed Cost (Rs/kg) | D19: 39.829648 | E19: 39.593284 | F19: 39.513278 | G19: 40.955975 | H19: =(H14*H6+H15*H16)/(H15+H6) -> 39.32045 | I19: 41.094772 | J19: 40.9988
C21: Only Yellow to be be filled
C22: Sudha Network Milk Cost Comparison - Jharkhand - YTD- Dec'24
C23: Details | D23: ITC | E23: ITC | F23: Sudha | G23: Sudha
F24: BR | G24: JH
C25: Volume (Kgs) | D25: =G6 -> 10302.964 | E25: 18927 | F25: 50000 | G25: 30000
C26: Price Paid To Farmer (Rs./Kg) | D26: =G7 -> 37.402369 | E26: 37.17 | F26: 37.18 | G26: 37.18
C27: Supply Chain Cost (Rs./Kg) | D27: =SUM(D28:D33) -> 3.6376386 | E27: 4.64 | F27: 3.11 | G27: 3
C28: Weight Volume Gain | D28: 0 | E28: 0 | F28: 1.12 | G28: 1.12
C29: Commission | D29: =G8 -> 0.9199552 | E29: 0.98 | F29: 0.92 | G29: 1
C30: Inward Freight | D30: =G9 -> 0.76834643 | E30: 1.15 | F30: 0.88 | G30: 0.5
C31: Chilling | D31: =G10 -> 0.46642037 | E31: 0.62 | F31: 0.56 | G31: 1
C32: Outward Freight | D32: =G11 -> 0.9015038 | E32: 1.24 | F32: 0.61 | G32: 0.5
C33: Overheads | D33: =G12 -> 0.5814128 | E33: 0.65 | F33: 0.14 | G33: 0
C34: Processing Cost | D34: 0 | E34: 0 | F34: 0.7 | G34: 0
C35: Bihar to Jharkhand (Outward) | D35: 0 | E35: 0 | F35: 1.6 | G35: 0
C36: Network Procurement (Rs./Kg) | D36: =D26+D27 -> 41.040008 | E36: 41.81 | F36: 43.71 | G36: 41.3
C37: Milk Transfer Cost (Rs./Kg) | D37: 42.11 | E37: 42.11 | F37: Rs 42.80
C38: Moomark Cost (Rs./Kg) | D38: =G16 -> 42.458171 | E38: 40.09
C39: Outside State Milk (Rs./Kg) | D39: =G18 -> 39.750263 | E39: 37.69
C40: Total Raw Milk Cost (Rs./Kg) | D40: =G19 -> 40.955975 | E40: 40.15 | F40: 42.8
C41: Savings over Competition | D41: Rs/kg | E41: Rs/kg
