Workbook

Sheet Sheet2
C3: Values
A4: ref_code | B4: name | C4: Sum of qty | D4: Sum of amount
A5: 20010001 | B5: Itki | C5: 9034.34 | D5: 380070.22 | F5: =_xlfn.XLOOKUP(A5,Sheet1!D:D,Sheet1!A:A) -> 2001 | G5: BMC Code : | H5: =CONCATENATE(G5,F5) -> BMC Code :2001
A6: 20010003 | B6: Bero | C6: 367.72 | D6: 14021.19 | F6: =_xlfn.XLOOKUP(A6,Sheet1!D:D,Sheet1!A:A) -> 2001 | G6: BMC Code : | H6: =CONCATENATE(G6,F6) -> BMC Code :2001
A7: 20010005 | B7: Basila | C7: 315.74 | D7: 11923.45 | F7: =_xlfn.XLOOKUP(A7,Sheet1!D:D,Sheet1!A:A) -> 2001 | G7: BMC Code : | H7: =CONCATENATE(G7,F7) -> BMC Code :2001
A8: 20010008 | B8: Erchoro | C8: 540.88 | D8: 18965.27 | F8: =_xlfn.XLOOKUP(A8,Sheet1!D:D,Sheet1!A:A) -> 2001 | G8: BMC Code : | H8: =CONCATENATE(G8,F8) -> BMC Code :2001
A9: 20010009 | B9: Makunda | C9: 178.08 | D9: 6979.17 | F9: =_xlfn.XLOOKUP(A9,Sheet1!D:D,Sheet1!A:A) -> 2001 | G9: BMC Code : | H9: =CONCATENATE(G9,F9) -> BMC Code :2001
A10: 20010012 | B10: NAGRI | C10: 25.5 | D10: 731.6 | F10: =_xlfn.XLOOKUP(A10,Sheet1!D:D,Sheet1!A:A) -> 2001 | G10: BMC Code : | H10: =CONCATENATE(G10,F10) -> BMC Code :2001
A11: 20010015 | B11: BOREYA | C11: 824.06 | D11: 32281.44 | F11: =_xlfn.XLOOKUP(A11,Sheet1!D:D,Sheet1!A:A) -> 2001 | G11: BMC Code : | H11: =CONCATENATE(G11,F11) -> BMC Code :2001
A12: 20010016 | B12: ITA CHILDRI | C12: 40.14 | D12: 1689.08 | F12: =_xlfn.XLOOKUP(A12,Sheet1!D:D,Sheet1!A:A) -> 2001 | G12: BMC Code : | H12: =CONCATENATE(G12,F12) -> BMC Code :2001
A13: 20010017 | B13: DIGHIYA | C13: 369.38 | D13: 13806.14 | F13: =_xlfn.XLOOKUP(A13,Sheet1!D:D,Sheet1!A:A) -> 2001 | G13: BMC Code : | H13: =CONCATENATE(G13,F13) -> BMC Code :2001
A14: 20010023 | B14: KATARPA | C14: 124.78 | D14: 4937.59 | F14: =_xlfn.XLOOKUP(A14,Sheet1!D:D,Sheet1!A:A) -> 2001 | G14: BMC Code : | H14: =CONCATENATE(G14,F14) -> BMC Code :2001
A15: 20010027 | B15: MURTO | C15: 178.92 | D15: 6809.93 | F15: =_xlfn.XLOOKUP(A15,Sheet1!D:D,Sheet1!A:A) -> 2001 | G15: BMC Code : | H15: =CONCATENATE(G15,F15) -> BMC Code :2001
A16: 20010033 | B16: KHATRIKHATANGA | C16: 101.36 | D16: 4052.84 | F16: =_xlfn.XLOOKUP(A16,Sheet1!D:D,Sheet1!A:A) -> 2001 | G16: BMC Code : | H16: =CONCATENATE(G16,F16) -> BMC Code :2001
... A140: 20090026 | B140: BHOGLA TOLI | C140: 104.47 | D140: 4092.34 | F140: =_xlfn.XLOOKUP(A140,Sheet1!D:D,Sheet1!A:A) -> 2009 | G140: BMC Code : | H140: =CONCATENATE(G140,F140) -> BMC Code :2009
A141: Grand Total | C141: 41879.59 | D141: 1642869.4

Sheet Sheet1
A1: bmc_code | B1: route_code | C1: route_name | D1: ref_code | E1: name | F1: collection_date | G1: Shift | H1: animal_type_name | I1: qty | J1: fat | K1: snf | L1: rate | M1: amount | N1: qlty_auto
A2: 2001 | B2: 200101 | C2: Itki | D2: 20010060 | E2: ITKI 2 | F2: 46113 | G2: Morning | H2: Cow | I2: 19.2 | J2: 2.9 | K2: 7.5 | L2: 30.11 | M2: 578.11 | N2: M
A3: 2001 | B3: 200101 | C3: Itki | D3: 20010015 | E3: BOREYA | F3: 46113 | G3: Morning | H3: Cow | I3: 261.22 | J3: 3.8 | K3: 8.5 | L3: 39 | M3: 10187.58 | N3: A
A4: 2001 | B4: 200101 | C4: Itki | D4: 20010009 | E4: Makunda | F4: 46113 | G4: Morning | H4: Cow | I4: 51.8 | J4: 4.6 | K4: 8.5 | L4: 42 | M4: 2175.6 | N4: M
A5: 2001 | B5: 200101 | C5: Itki | D5: 20010061 | E5: SEMRA | F5: 46113 | G5: Morning | H5: Cow | I5: 13.36 | J5: 3.9 | K5: 8.4 | L5: 38.76 | M5: 517.83 | N5: A
A6: 2001 | B6: 200101 | C6: Itki | D6: 20010052 | E6: Kumbatoli | F6: 46113 | G6: Morning | H6: Cow | I6: 50.32 | J6: 4.4 | K6: 8.3 | L6: 40.36 | M6: 2030.92 | N6: A
A7: 2001 | B7: 200101 | C7: Itki | D7: 20010008 | E7: Erchoro | F7: 46113 | G7: Morning | H7: Cow | I7: 150.12 | J7: 3.4 | K7: 8 | L7: 35.51 | M7: 5330.76 | N7: M
A8: 2001 | B8: 200101 | C8: Itki | D8: 20010005 | E8: Basila | F8: 46113 | G8: Morning | H8: Cow | I8: 94.44 | J8: 3.7 | K8: 8.1 | L8: 36.85 | M8: 3480.11 | N8: A
A9: 2001 | B9: 200101 | C9: Itki | D9: 20010042 | E9: RONHE | F9: 46113 | G9: Morning | H9: Mix | I9: 62.32 | J9: 5 | K9: 8.4 | L9: 43.42 | M9: 2705.93 | N9: A
A10: 2001 | B10: 200101 | C10: Itki | D10: 20010023 | E10: KATARPA | F10: 46113 | G10: Morning | H10: Cow | I10: 42.32 | J10: 4.6 | K10: 8.4 | L10: 41.35 | M10: 1749.93 | N10: A
A11: 2001 | B11: 200101 | C11: Itki | D11: 20010012 | E11: NAGRI | F11: 46113 | G11: Morning | H11: Cow | I11: 5 | J11: 2.5 | K11: 7.5 | L11: 28.69 | M11: 143.45 | N11: M
A12: 2001 | B12: 200102 | C12: ITKI 2 | D12: 20010017 | E12: DIGHIYA | F12: 46113 | G12: Morning | H12: Cow | I12: 127.76 | J12: 3.9 | K12: 8.3 | L12: 38.51 | M12: 4920.04 | N12: A
A13: 2001 | B13: 200102 | C13: ITKI 2 | D13: 20010003 | E13: Bero | F13: 46113 | G13: Morning | H13: Cow | I13: 147.92 | J13: 3.6 | K13: 8.5 | L13: 38.25 | M13: 5657.94 | N13: A
... A524: 2009 | B524: 200901 | C524: Chanho | D524: 20090001 | E524: Chanho | F524: 46114 | G524: Evening | H524: Cow | I524: 100.03 | J524: 4.7 | K524: 8.5 | L524: 42.38 | M524: 4239.27 | N524: A
