Workbook

Sheet Sumarry
C2: State wise BMC wise Gain/(Loss)
C3: State | D3: Type | E3: Code | F3: BMC Name | G3: MTD Volume | H3: Vol Kg | I3: FAT kg | J3: SNF Kg | K3: FAT Rate | L3: SNF Rate | M3: Amount | N3: Loss/gain per Kg | O3: Day book received till | P3: Remarks
C4: BR | D4: Daya BMC | E4: 1001 | F4: Majhaul | G4: =Manjhaul!J66 -> 37533.715 | H4: =+Manjhaul!AM66 -> -170.715 | I4: =+Manjhaul!AN66 -> 15.577818 | J4: =+Manjhaul!AO66 -> -24.48254 | K4: 448.91 | L4: =K4*2/3 -> 299.27333 | M4: =I4*K4+J4*L4 -> -333.93315 | N4: =M4/G4 -> -0.0088968851 | O4: 46182 | P4: Report till updated 09th June 26 | U4: Remarks
C5: BR | D5: Daya BMC | E5: 1058 | F5: Hasanpur | G5: =Hasanpur!J66 -> 20426.548 | H5: =+Hasanpur!AM66 -> 510.252 | I5: =+Hasanpur!AN66 -> 50.58999 | J5: =+Hasanpur!AO66 -> 60.146947 | K5: 448.91 | L5: =K5*2/3 -> 299.27333 | M5: =I5*K5+J5*L5 -> 40710.73 | N5: =M5/G5 -> 1.9930303 | O5: 46184 | P5: Report till updated 11th June 26 | V5: Challan Missing | X5: Milk reject | Z5: Out Side sell
C6: BR | D6: Daya BMC | E6: 1011 | F6: Sahibpur Kamal | G6: =+'Sahibpur Kamal'!J66 -> 91062.094 | H6: =+'Sahibpur Kamal'!AM66 -> 218.906 | I6: =+'Sahibpur Kamal'!AN66 -> 76.667234 | J6: =+'Sahibpur Kamal'!AO66 -> -8.1414302 | K6: 448.91 | L6: =K6*2/3 -> 299.27333 | M6: =I6*K6+J6*L6 -> 31980.175 | N6: =M6/G6 -> 0.35119086 | O6: 46184 | P6: Report till updated 11th June 26
C7: BR | D7: Daya BMC | E7: 1011 | F7: Bachhwara | G7: =+Bachhwara!J66 -> 14979.805 | H7: =+Bachhwara!AM66 -> 54.195 | I7: =+Bachhwara!AN66 -> 5.9641393 | J7: =+Bachhwara!AO66 -> -22.406394 | K7: 448.91 | L7: =K7*2/3 -> 299.27333 | M7: =I7*K7+J7*L7 -> -4028.2743 | N7: =M7/G7 -> -0.26891367 | O7: 46184 | P7: Report till updated 11th June 26
C8: BR | D8: Daya BMC | E8: 1012 | F8: Dalsingsarai | G8: =+Dalsingsarai!J66 -> 125928.37 | H8: =+Dalsingsarai!AM66 -> -61.3665 | I8: =+Dalsingsarai!AN66 -> 101.62155 | J8: =+Dalsingsarai!AO66 -> -100.80511 | K8: 448.91 | L8: =K8*2/3 -> 299.27333 | M8: =I8*K8+J8*L8 -> 15450.646 | N8: =M8/G8 -> 0.12269393 | O8: 46183 | P8: Report till updated 10th June 26
C9: BR | D9: Daya BMC | E9: 1054 | F9: Alauli | G9: =+Alauli!J66 -> 56583.153 | H9: =+Alauli!AM66 -> -151.053 | I9: =+Alauli!AN66 -> 12.796429 | J9: =+Alauli!AO66 -> 20.613994 | K9: 448.91 | L9: =K9*2/3 -> 299.27333 | M9: =I9*K9+J9*L9 -> 11913.664 | N9: =M9/G9 -> 0.21055143 | O9: 46184 | P9: Report till updated 11th June 26
C10: BR | D10: Daya BMC | E10: 1055 | F10: Matihani | G10: =+Matihani!J66 -> 73236.605 | H10: =+Matihani!AM66 -> 465.395 | I10: =+Matihani!AN66 -> 31.267184 | J10: =+Matihani!AO66 -> 38.981571 | K10: 448.91 | L10: =K10*2/3 -> 299.27333 | M10: =I10*K10+J10*L10 -> 25702.296 | N10: =M10/G10 -> 0.35094877 | O10: 46184 | P10: Report till updated 11th June 26
C11: BR | D11: Daya BMC | E11: 1013 | F11: Musrigharari | G11: =+Musrigharari!R66 -> 46060.158 | H11: =+Musrigharari!AM66 -> 63.842 | I11: =+Musrigharari!AN66 -> 42.865291 | J11: =+Musrigharari!AO66 -> 10.587751 | K11: 448.91 | L11: =K11*2/3 -> 299.27333 | M11: =I11*K11+J11*L11 -> 22411.289 | N11: =M11/G11 -> 0.48656562 | O11: 46183 | P11: Report till updated 10th June 26
C12: BR | D12: Daya BMC | E12: 1013 | F12: Mahua | G12: =+Mahua!R66 -> 22170.853 | H12: =+Mahua!AM66 -> 779.347 | I12: =+Mahua!AN66 -> 77.553346 | J12: =+Mahua!AO66 -> 116.03488 | K12: 448.91 | L12: =K12*2/3 -> 299.27333 | M12: =I12*K12+J12*L12 -> 69540.618 | N12: =M12/G12 -> 3.1365784 | O12: 46184 | P12: Report till updated 11th June 26
C13: BR | D13: Daya BMC | E13: 1014 | F13: Dumrao | G13: =+Buxar!J66 -> 74530.8 | H13: =+Buxar!AM66 -> 695.4 | I13: =+Buxar!AN66 -> 151.0716 | J13: =+Buxar!AO66 -> -180.32868 | K13: 448.91 | L13: =K13*2/3 -> 299.27333 | M13: =I13*K13+J13*L13 -> 13849.988 | N13: =M13/G13 -> 0.18582906 | O13: 46184 | P13: Report till updated 11th June 26
C14: BR | D14: Daya BMC | E14: 1014 | F14: Gaighat | G14: =+Gaighat!J66 -> 24399.67 | H14: =+Gaighat!AM66 -> 361.03 | I14: =+Gaighat!AN66 -> 8.0405695 | J14: =+Gaighat!AO66 -> -10.464334 | K14: 448.91 | L14: =K14*2/3 -> 299.27333 | M14: =I14*K14+J14*L14 -> 477.79606 | N14: =M14/G14 -> 0.01958207 | O14: 46184 | P14: Report till updated 11th June 26
C15: BR | D15: Daya BMC | E15: 1057 | F15: Warisnagar | G15: =+Warisnagar!J66 -> 32709.813 | H15: =+Warisnagar!AM66 -> 89.887 | I15: =+Warisnagar!AN66 -> 39.259266 | J15: =+Warisnagar!AO66 -> -17.329006 | K15: 448.91 | L15: =K15*2/3 -> 299.27333 | M15: =I15*K15+J15*L15 -> 12437.768 | N15: =M15/G15 -> 0.38024577 | O15: 46182 | P15: Report till updated 09th June 26
C16: BR | D16: Daya BMC | E16: 1053 | F16: Kalyanpur | G16: =+Kalyanpur!J66 -> 130300.56 | H16: =+Kalyanpur!AM66 -> 460.638 | I16: =+Kalyanpur!AN66 -> 92.23365 | J16: =+Kalyanpur!AO66 -> 79.162847 | K16: 448.91 | L16: =K16*2/3 -> 299.27333 | M16: =I16*K16+J16*L16 -> 65095.937 | N16: =M16/G16 -> 0.49958293 | O16: 46184 | P16: Report till updated 11th June 26
C17: Bihar Daya BMCTotal | G17: =SUM(G4:G16) -> 749922.14 | H17: =SUM(H4:H16) -> 3315.7575 | I17: =SUM(I4:I16) -> 705.50807 | J17: =SUM(J4:J16) -> -38.429506 | K17: =SUM(K4:K16) -> 5835.83 | L17: =SUM(L4:L16) -> 3890.5533 | M17: =SUM(M4:M16) -> 305208.7 | N17: =M17/G17 -> 0.40698718
C19: BR | D19: Daya BMC | E19: 1064 | F19: Singhia | G19: ='Singhia '!J66 -> 14325.075 | H19: =+'Singhia '!AM66 -> 770.8248 | I19: =+'Singhia '!AN66 -> 1.5865826 | J19: =+'Singhia '!AO66 -> 28.84478 | K19: 448.91 | L19: =K19*2/3 -> 299.27333 | M19: =I19*K19+J19*L19 -> 9344.7063 | N19: =M19/G19 -> 0.65233209 | O19: 46184 | P19: Report till updated 11th June 26
C20: BR | D20: SP BMC | E20: 1002 | F20: Laldiyara | G20: =+Laldiyara!J66 -> 128432.19 | H20: =+Laldiyara!AM66 -> -670.1935 | I20: =+Laldiyara!AN66 -> 39.390462 | J20: =+Laldiyara!AO66 -> -128.06078 | K20: 448.91002 | L20: =K20*2/3 -> 299.27334 | M20: =I20*K20+J20*L20 -> -20642.406 | N20: =M20/G20 -> -0.1607261 | O20: 46182 | P20: Report till updated 09th June 26
C21: BR | D21: SP BMC | E21: 1003 | F21: Asarganj | G21: =+Asarganj!J66 -> 125905.86 | H21: =+Asarganj!AM66 -> -266.861 | I21: =+Asarganj!AN66 -> -21.305352 | J21: =+Asarganj!AO66 -> -45.605311 | K21: 448.91002 | L21: =K21*2/3 -> 299.27334 | M21: =I21*K21+J21*L21 -> -23212.64 | N21: =M21/G21 -> -0.18436504 | O21: 46183 | P21: Report till updated 10th June 26
C22: BR | D22: SP BMC | E22: 1010 | F22: Parbatta | G22: =+Parbatta!J66 -> 78825.179 | H22: =+Parbatta!AM66 -> -72.179 | I22: =+Parbatta!AN66 -> -92.384279 | J22: =+Parbatta!AO66 -> 41.534127 | K22: 448.91002 | L22: =K22*2/3 -> 299.27334 | M22: =I22*K22+J22*L22 -> -29042.171 | N22: =M22/G22 -> -0.36843774 | O22: 46183 | P22: Report till updated 10th June 26
C23: BR | D23: SP RMC | E23: 1048 | F23: Mahadatpur | G23: =+Madhatpur!J66 -> 12981.811 | H23: =+Madhatpur!AM66 -> -20.811 | I23: =+Madhatpur!AN66 -> -2.9607861 | J23: =+Madhatpur!AO66 -> -11.201198 | K23: 448.91002 | L23: =K23*2/3 -> 299.27334 | M23: =I23*K23+J23*L23 -> -4681.3464 | N23: =M23/G23 -> -0.36060812 | O23: 46184 | P23: Report till updated 11th June 26
C24: BR | D24: SP RMC | E24: 1056 | F24: Chautham | G24: =+Chautham!J66 -> 45900.827 | H24: =+Chautham!AM66 -> 346.1727 | I24: =+Chautham!AN66 -> -32.274795 | J24: =+Chautham!AO66 -> 21.397707 | K24: 448.91002 | L24: =K24*2/3 -> 299.27334 | M24: =I24*K24+J24*L24 -> -8084.7152 | N24: =M24/G24 -> -0.17613441 | O24: 46184 | P24: Report till updated 11th June 26
C25: BR | D25: SP BMC | E25: 1006 | F25: Sonvarsha | G25: =+Sonvarsha!J66 -> 73171.715 | H25: =+Sonvarsha!AM66 -> 78.285 | I25: =+Sonvarsha!AN66 -> -14.575022 | J25: =+Sonvarsha!AO66 -> 68.916593 | K25: 448.91002 | L25: =K25*2/3 -> 299.27334 | M25: =I25*K25+J25*L25 -> 14082.026 | N25: =M25/G25 -> 0.19245177 | O25: 46182 | P25: Report till updated 09th June 26
C26: BR | D26: SP BMC | E26: 1059 | F26: Gopalpur | G26: =+Gopalpur!J66 -> 24402.348 | H26: =+Gopalpur!AM66 -> 351.652 | I26: =+Gopalpur!AN66 -> 4.7709275 | J26: =+Gopalpur!AO66 -> -6.4395427 | K26: 448.91002 | L26: =K26*2/3 -> 299.27334 | M26: =I26*K26+J26*L26 -> 214.53366 | N26: =M26/G26 -> 0.0087915172 | O26: 46183 | P26: Report till updated 10th June 26
C27: BR | D27: SP BMC | E27: 1007 | F27: Aariya | G27: =+Araiya!J66 -> 104417.49 | H27: =+Araiya!AM66 -> 153.814 | I27: =+Araiya!AN66 -> 43.674607 | J27: =+Araiya!AO66 -> -11.009152 | K27: 448.91002 | L27: =K27*2/3 -> 299.27334 | M27: =I27*K27+J27*L27 -> 16311.223 | N27: =M27/G27 -> 0.1562116 | O27: 46183 | P27: Report till updated 10th June 26
C28: BR | D28: SP BMC | E28: 1008 | F28: Teghra | G28: =+Teghra!J66 -> 50629.393 | H28: =+Teghra!AM66 -> 386.6075 | I28: =+Teghra!AN66 -> 33.477854 | J28: =+Teghra!AO66 -> 102.29164 | K28: 448.91002 | L28: =K28*2/3 -> 299.27334 | M28: =I28*K28+J28*L28 -> 45641.704 | N28: =M28/G28 -> 0.90148631 | O28: 46184 | P28: Report till updated 11th June 26
C29: BR | D29: SP BMC | E29: 1009 | F29: Halsi | G29: =+Halsi!J66 -> 81916.003 | H29: =+Halsi!AM66 -> -308.003 | I29: =+Halsi!AN66 -> 110.60746 | J29: =+Halsi!AO66 -> -45.72645 | K29: 448.91002 | L29: =K29*2/3 -> 299.27334 | M29: =I29*K29+J29*L29 -> 35968.089 | N29: =M29/G29 -> 0.439085 | O29: 46181 | P29: Report till updated 08th June 26
C30: Bihar Service Provider Total | G30: =SUM(G20:G29) -> 726582.82 | H30: =SUM(H20:H29) -> -21.5163 | I30: =SUM(I20:I29) -> 68.421077 | J30: =SUM(J20:J29) -> -13.902372 | K30: =SUM(K20:K29) -> 4489.1002 | L30: =SUM(L20:L29) -> 2992.7334 | M30: =SUM(M20:M29) -> 26554.297 | N30: =M30/G30 -> 0.036546828
C32: =C3 -> State | D32: =D3 -> Type | E32: =E3 -> Code | F32: =F3 -> BMC Name | G32: =G3 -> MTD Volume | H32: =H3 -> Vol Kg | I32: =I3 -> FAT kg | J32: =J3 -> SNF Kg | ... P32: =P3 -> Remarks
C33: JH | D33: SP RMC | E33: 2001 | F33: Itki | G33: 50361.799 | H33: 204.2015 | I33: -31.4813 | J33: -35.0129 | K33: 436.77 | L33: 296.6 | M33: =I33*K33+J33*L33 -> -24134.914 | N33: =M33/G33 -> -0.47923057 | O33: 46184 | P33: Report till updated 11th June 26
C34: JH | D34: SP RMC | E34: 2002 | F34: Pali | G34: 55815.752 | H34: -253.8915 | I34: -5.048648 | J34: -62.14806 | K34: 436.77 | L34: 296.6 | M34: =I34*K34+J34*L34 -> -20638.213 | N34: =M34/G34 -> -0.36975606 | O34: 46184 | P34: Report till updated 11th June 26
C35: JH | D35: SP RMC | E35: 2003 | F35: Hisri Thakurgaon | G35: 14476.619 | H35: -16.2691 | I35: -6.933165 | J35: -21.573148 | K35: 436.77 | L35: 296.6 | M35: =I35*K35+J35*L35 -> -9426.7942 | N35: =M35/G35 -> -0.65117374 | O35: 46184 | P35: Report till updated 11th June 26
C36: JH | D36: SP RMC | E36: 2004 | F36: Choreya | G36: 6665.851 | H36: 88.009 | I36: -28.111424 | J36: -20.091168 | K36: 436.77 | L36: 296.6 | M36: =I36*K36+J36*L36 -> -18237.267 | N36: =M36/G36 -> -2.7359248 | O36: 46184 | P36: Report till updated 11th June 26
C37: JH | D37: SP RMC | E37: 2005 | F37: Baski | G37: 0 | H37: 0 | I37: 0 | J37: 0 | K37: 436.77 | L37: 296.6 | M37: =I37*K37+J37*L37 -> 0 | N37: =M37/G37 -> #DIV/0! | O37: 46184 | P37: Report till updated 11th June 26
C38: JH | D38: SP RMC | E38: 2006 | F38: Ormanjhi Rmc | G38: 28830.761 | H38: 1196.2391 | I38: -30.1178 | J38: 45.2479 | K38: 436.77 | L38: 296.6 | M38: =I38*K38+J38*L38 -> 265.97563 | N38: =M38/G38 -> 0.0092254115 | O38: 46184 | P38: Report till updated 11th June 26
C39: JH | D39: SP RMC | E39: 2007 | F39: Piragutu Rmc | G39: 17268.578 | H39: -142.9583 | I39: -15.656588 | J39: -40.535792 | K39: 436.77 | L39: 296.6 | M39: =I39*K39+J39*L39 -> -18861.244 | N39: =M39/G39 -> -1.0922291 | O39: 46184 | P39: Report till updated 11th June 26
C40: JH | D40: SP RMC | E40: 2008 | F40: Bhandra | G40: 29859.412 | H40: 1051.5884 | I40: -6.9077 | J40: 2.1373 | K40: 436.77 | L40: 296.6 | M40: =I40*K40+J40*L40 -> -2383.1529 | N40: =M40/G40 -> -0.079812455 | O40: 46184 | P40: Report till updated 11th June 26
C41: JH | D41: SP RMC | E41: 2009 | F41: Chanho | G41: 24711.554 | H41: 228.446 | I41: 11.0649 | J41: -19.7894 | K41: 436.77 | L41: 296.6 | M41: =I41*K41+J41*L41 -> -1036.7197 | N41: =M41/G41 -> -0.041952832 | O41: 46184 | P41: Report till updated 11th June 26
C42: Jharkhand Total | G42: =SUM(G33:G41) -> 227990.32 | H42: =SUM(H33:H41) -> 2355.3651 | I42: =SUM(I33:I41) -> -113.19173 | J42: =SUM(J33:J41) -> -151.76527 | K42: =SUM(K33:K40) -> 3494.16 | L42: =SUM(L33:L40) -> 2372.8 | M42: =SUM(M33:M41) -> -94452.328 | N42: =M42/G42 -> -0.41428218
C44: =C32 -> State | D44: =D32 -> Type | E44: =E32 -> Code | F44: =F32 -> BMC Name | G44: =G32 -> MTD Volume | H44: =H32 -> Vol Kg | I44: =I32 -> FAT kg | J44: =J32 -> SNF Kg | ... P44: =P32 -> Remarks
C45: WB | D45: Daya BMC | E45: B020 | F45: Arasul | G45: 57235.7 | H45: 903.3 | I45: 40.4643 | J45: 18.838 | K45: 420.58 | L45: 296.6 | M45: =I45*K45+J45*L45 -> 22605.826 | N45: =M45/G45 -> 0.39496024 | O45: 46182 | P45: Report till updated 09th June 26
C46: WB | D46: Daya BMC | E46: B022 | F46: Karnasubarna | G46: 45726.54 | H46: 125.16 | I46: 2.06703 | J46: -17.84363 | K46: 420.58 | L46: 296.6 | M46: =I46*K46+J46*L46 -> -4423.0692 | N46: =M46/G46 -> -0.096728709 | O46: 46182 | P46: Report till updated 09th June 26
C47: WB | D47: Daya BMC | E47: B026 | F47: Bachra | G47: 28312 | H47: 298.9 | I47: 30.6914 | J47: 67.20929 | K47: 420.58 | L47: 296.6 | M47: =I47*K47+J47*L47 -> 32842.464 | N47: =M47/G47 -> 1.1600192 | O47: 46182 | P47: Report till updated 09th June 26
C48: WB | D48: Daya BMC | E48: B031 | F48: kandi | G48: 75200 | H48: 1200 | I48: -98.1285 | J48: 56.7158 | K48: 420.58 | L48: 296.6 | M48: =I48*K48+J48*L48 -> -24448.978 | N48: =M48/G48 -> -0.32511939 | O48: 46182 | P48: Report till updated 09th June 26
C49: WB | D49: Daya BMC | E49: B004 | F49: Haripal | G49: 22521.6 | H49: -317.6 | I49: 8.3014 | J49: -16.9221 | K49: 420.58 | L49: 296.6 | M49: =I49*K49+J49*L49 -> -1527.692 | N49: =M49/G49 -> -0.067832305 | O49: 46182 | P49: Report till updated 09th June 26
C50: WB | D50: Daya BMC | E50: B014 | F50: Kaochmali | G50: 39806.4 | H50: -83.2 | I50: 54.40224 | J50: -114.8573 | K50: 420.58 | L50: 296.6 | M50: =I50*K50+J50*L50 -> -11186.181 | N50: =M50/G50 -> -0.28101464 | O50: 46182 | P50: Report till updated 09th June 26
C51: WB | D51: Daya BMC | E51: B028 | F51: Deulpara | G51: 21304.82 | H51: -259.02 | I51: 65.8061 | J51: -10.19498 | K51: 420.58 | L51: 296.6 | M51: =I51*K51+J51*L51 -> 24652.898 | N51: =M51/G51 -> 1.1571512 | O51: 46182 | P51: Report till updated 09th June 26
C52: WB | D52: Daya BMC | E52: B016 | F52: Uchalan | G52: 72989.1 | H52: 98.964031 | I52: 78.119788 | J52: 44.102236 | K52: 420.58 | L52: 296.6 | M52: =I52*K52+J52*L52 -> 45936.344 | N52: =M52/G52 -> 0.62935895 | O52: 46182 | P52: Report till updated 09th June 26
C53: WB | D53: Daya BMC | E53: B027 | F53: Mondalgram | G53: 33338.7 | H53: 246.3 | I53: 12.3791 | J53: 39.9574 | K53: 420.58 | L53: 296.6 | M53: =I53*K53+J53*L53 -> 17057.767 | N53: =M53/G53 -> 0.51165063 | O53: 46182 | P53: Report till updated 09th June 26
C54: WB | D54: Daya BMC | E54: B030 | F54: Natungram | G54: 17509.5 | H54: -61.5 | I54: -10.0053 | J54: 46.7337 | K54: 420.58 | L54: 296.6 | M54: =I54*K54+J54*L54 -> 9653.1863 | N54: =M54/G54 -> 0.55131137 | O54: 46182 | P54: Report till updated 09th June 26
C55: WB | D55: Daya BMC | E55: B032 | F55: Negun | G55: 14830.1 | H55: 109.9 | I55: -4.9573 | J55: 10.8532 | K55: 420.58 | L55: 296.6 | M55: =I55*K55+J55*L55 -> 1134.1179 | N55: =M55/G55 -> 0.076474055 | O55: 46182 | P55: Report till updated 09th June 26
C56: WB | D56: Daya BMC | E56: B029 | F56: Joyrampur | G56: 33977.2 | H56: 35.428098 | I56: 34.275649 | J56: 29.271624 | K56: 420.58 | L56: 296.6 | M56: =I56*K56+J56*L56 -> 23097.616 | N56: =M56/G56 -> 0.67979751 | O56: 46182 | P56: Report till updated 09th June 26
C57: WB | D57: Daya BMC | E57: B023 | F57: Lohar | G57: 67116.8 | H57: 58.2 | I57: 24.14 | J57: 32.5184 | K57: 420.58 | L57: 296.6 | M57: =I57*K57+J57*L57 -> 19797.759 | N57: =M57/G57 -> 0.29497471 | O57: 46182 | P57: Report till updated 09th June 26
C58: West Bengal Total | G58: =SUM(G45:G57) -> 529868.46 | H58: =SUM(H45:H57) -> 2354.8321 | I58: =SUM(I45:I57) -> 237.55591 | J58: =SUM(J45:J57) -> 186.38164 | M58: =SUM(M45:M57) -> 155192.06 | N58: =M58/G58 -> 0.29288789

Sheet Manjhaul
B1: Manjhaul Bmc | AG1: 392 | AP1: =Sumarry!$K$4 -> 448.91 | AQ1: =Sumarry!$L$4 -> 299.27333
B2: Date | C2: Shift | D2: OB | I2: Milk from MPG in Ltr | M2: Transfer from other BMC/RMC | R2: Total Milk Receipt in Kg | U2: Tanker Dispatch Details | AC2: Plant Receipt | AH2: CB | AM2: Loss/(Gain)
D3: Qty KG | E3: Fat% | F3: Snf% | G3: FAT Kg | H3: SNF Kg | I3: Qty Ltr | J3: Qty Kg | K3: Fat% | L3: Snf% | M3: From | N3: Tanker No | O3: Qty Kg | P3: Fat% | Q3: Snf% | R3: Qty Kg | S3: FAT Kg | T3: SNF Kg | U3: Tanker | V3: Challan | W3: To | X3: Qty KG | Y3: Fat% | Z3: Snf% | AA3: FAT Kg | AB3: SNF Kg | AC3: Qty KG | AD3: Fat% | AE3: Snf% | AF3: FAT Kg | AG3: SNF Kg | AH3: Qty KG | AI3: Fat% | AJ3: Snf% | AK3: FAT Kg | AL3: SNF Kg | AM3: Qty KG | AN3: FAT Kg | AO3: SNF Kg | AP3: TS Loss% | AQ3: Amount
A4: =CONCATENATE(B4,C4) -> 46174M | B4: 46174 | C4: M | D4: 4003 | E4: 3.7 | F4: 8.08 | G4: =+D4*E4% -> 148.111 | H4: =+D4*F4% -> 323.4424 | I4: 1416.1 | J4: 1458.583 | K4: 4.1664501 | L4: 8.1952475 | M4: 0 | N4: 0 | O4: 0 | P4: 0 | Q4: 0 | R4: =+J4+O4 -> 1458.583 | S4: =+J4*K4%+O4*P4% -> 60.771133 | T4: =+J4*L4%+O4*Q4% -> 119.53449 | U4: 3461 | V4: 87788 | W4: Matihani | X4: 3650 | Y4: 4 | Z4: 8.33 | AA4: =X4*Y4% -> 146 | AB4: =X4*Z4% -> 304.045 | AC4: 3650 | AD4: 3.9 | AE4: 8.07 | AF4: =AC4*AD4% -> 142.35 | AG4: =AC4*AE4% -> 294.555 | AH4: 1812 | AI4: 3.82 | AJ4: 8.1 | AK4: =AH4*AI4% -> 69.2184 | AL4: =AH4*AJ4% -> 146.772 | AM4: =+D4+R4-AC4-AH4 -> -0.417 | AN4: =+G4+S4-AF4-AK4 -> -2.686267 | AO4: =+H4+T4-AG4-AL4 -> 1.649887 | AP4: =(AN4+AO4)/(S4+T4) -> -0.0057479074 | AQ4: =($AP$1*AN4+$AQ$1*AO4) -> -712.12494 | AR4: =(D4+J4+O4)-(X4+AH4) -> -0.417
A5: =CONCATENATE(B5,C5) -> 46174E | B5: =+B4 -> 46174 | C5: E | D5: 1812 | E5: 3.82 | F5: 8.1 | G5: =+D5*E5% -> 69.2184 | H5: =+D5*F5% -> 146.772 | I5: 2598.5 | J5: 2676.455 | K5: 3.7264768 | L5: 8.1239946 | M5: 0 | N5: 0 | O5: 0 | P5: 0 | Q5: 0 | R5: =+J5+O5 -> 2676.455 | S5: =+J5*K5%+O5*P5% -> 99.737475 | T5: =+J5*L5%+O5*Q5% -> 217.43506 | U5: 0 | V5: 0 | W5: 0 | X5: 0 | Y5: 0 | Z5: 0 | AA5: =X5*Y5% -> 0 | AB5: =X5*Z5% -> 0 | AF5: =AC5*AD5% -> 0 | AG5: =AC5*AE5% -> 0 | AH5: 4488 | AI5: 3.76 | AJ5: 8.07 | AK5: =AH5*AI5% -> 168.7488 | AL5: =AH5*AJ5% -> 362.1816 | AM5: =+D5+R5-AC5-AH5 -> 0.455 | AN5: =+G5+S5-AF5-AK5 -> 0.207075 | AO5: =+H5+T5-AG5-AL5 -> 2.02546 | AP5: =(AN5+AO5)/(S5+T5) -> 0.0070388661 | AQ5: =($AP$1*AN5+$AQ$1*AO5) -> 699.1242 | AR5: =(D5+J5+O5)-(X5+AH5) -> 0.455
A6: =CONCATENATE(B6,C6) -> 46175M | B6: =+B4+1 -> 46175 | C6: M | D6: 4488 | E6: 3.76 | F6: 8.07 | G6: =+D6*E6% -> 168.7488 | H6: =+D6*F6% -> 362.1816 | I6: 1142.2 | J6: 1176.466 | K6: 4.3726318 | L6: 8.2112502 | M6: 0 | N6: 0 | O6: 0 | P6: 0 | Q6: 0 | R6: =+J6+O6 -> 1176.466 | S6: =+J6*K6%+O6*P6% -> 51.442526 | T6: =+J6*L6%+O6*Q6% -> 96.602567 | U6: 6102 | V6: 87789 | W6: Munger | X6: 4870 | Y6: 4 | Z6: 8.21 | AA6: =X6*Y6% -> 194.8 | AB6: =X6*Z6% -> 399.827 | AC6: 4850 | AD6: 3.9 | AE6: 8.19 | AF6: =AC6*AD6% -> 189.15 | AG6: =AC6*AE6% -> 397.215 | AH6: 794 | AI6: 3.88 | AJ6: 8.09 | AK6: =AH6*AI6% -> 30.8072 | AL6: =AH6*AJ6% -> 64.2346 | AM6: =+D6+R6-AC6-AH6 -> 20.466 | AN6: =+G6+S6-AF6-AK6 -> 0.234126 | AO6: =+H6+T6-AG6-AL6 -> -2.665433 | AP6: =(AN6+AO6)/(S6+T6) -> -0.016422746 | AQ6: =($AP$1*AN6+$AQ$1*AO6) -> -692.59152 | AR6: =(D6+J6+O6)-(X6+AH6) -> 0.466
A7: =CONCATENATE(B7,C7) -> 46175E | B7: =+B5+1 -> 46175 | C7: E | D7: 794 | E7: 3.88 | F7: 8.09 | G7: =+D7*E7% -> 30.8072 | H7: =+D7*F7% -> 64.2346 | I7: 2548.3 | J7: 2624.749 | K7: 3.63261 | L7: 8.0804301 | M7: 0 | N7: 0 | O7: 0 | P7: 0 | Q7: 0 | R7: =+J7+O7 -> 2624.749 | S7: =+J7*K7%+O7*P7% -> 95.346894 | T7: =+J7*L7%+O7*Q7% -> 212.09101 | U7: 9071 | V7: 87790 | W7: Matihani | X7: 3100 | Y7: 3.85 | Z7: 8.18 | AA7: =X7*Y7% -> 119.35 | AB7: =X7*Z7% -> 253.58 | AC7: 3060 | AD7: 4 | AE7: 7.96 | AF7: =AC7*AD7% -> 122.4 | AG7: =AC7*AE7% -> 243.576 | AH7: 318 | AI7: 3.66 | AJ7: 8.07 | AK7: =AH7*AI7% -> 11.6388 | AL7: =AH7*AJ7% -> 25.6626 | AM7: =+D7+R7-AC7-AH7 -> 40.749 | AN7: =+G7+S7-AF7-AK7 -> -7.884706 | AO7: =+H7+T7-AG7-AL7 -> 7.087008 | AP7: =(AN7+AO7)/(S7+T7) -> -0.0025946638 | AQ7: =($AP$1*AN7+$AQ$1*AO7) -> -1418.5709 | AR7: =(D7+J7+O7)-(X7+AH7) -> 0.749
A8: =CONCATENATE(B8,C8) -> 46176M | B8: =+B6+1 -> 46176 | C8: M | D8: 318 | E8: 3.66 | F8: 8.07 | G8: =+D8*E8% -> 11.6388 | H8: =+D8*F8% -> 25.6626 | I8: 1659.9 | J8: 1709.697 | K8: 4.193102 | L8: 8.1770589 | M8: 0 | N8: 0 | O8: 0 | P8: 0 | Q8: 0 | R8: =+J8+O8 -> 1709.697 | S8: =+J8*K8%+O8*P8% -> 71.689339 | T8: =+J8*L8%+O8*Q8% -> 139.80293 | U8: 0 | V8: 0 | W8: 0 | X8: 0 | Y8: 0 | Z8: 0 | AA8: =X8*Y8% -> 0 | AB8: =X8*Z8% -> 0 | AF8: =AC8*AD8% -> 0 | AG8: =AC8*AE8% -> 0 | AH8: 2028 | AI8: 4.1 | AJ8: 8.15 | AK8: =AH8*AI8% -> 83.148 | AL8: =AH8*AJ8% -> 165.282 | AM8: =+D8+R8-AC8-AH8 -> -0.303 | AN8: =+G8+S8-AF8-AK8 -> 0.180139 | AO8: =+H8+T8-AG8-AL8 -> 0.18353 | AP8: =(AN8+AO8)/(S8+T8) -> 0.001719538 | AQ8: =($AP$1*AN8+$AQ$1*AO8) -> 135.79183 | AR8: =(D8+J8+O8)-(X8+AH8) -> -0.303
A9: =CONCATENATE(B9,C9) -> 46176E | B9: =+B7+1 -> 46176 | C9: E | D9: 2028 | E9: 4.1 | F9: 8.15 | G9: =+D9*E9% -> 83.148 | H9: =+D9*F9% -> 165.282 | I9: 3053.8 | J9: 3145.414 | K9: 3.697711 | L9: 8.0720283 | M9: 0 | N9: 0 | O9: 0 | P9: 0 | Q9: 0 | R9: =+J9+O9 -> 3145.414 | S9: =+J9*K9%+O9*P9% -> 116.30832 | T9: =+J9*L9%+O9*Q9% -> 253.89871 | U9: 0 | V9: 0 | W9: 0 | X9: 0 | Y9: 0 | Z9: 0 | AA9: =X9*Y9% -> 0 | AB9: =X9*Z9% -> 0 | AF9: =AC9*AD9% -> 0 | AG9: =AC9*AE9% -> 0 | AH9: 5173 | AI9: 3.85 | AJ9: 8.09 | AK9: =AH9*AI9% -> 199.1605 | AL9: =AH9*AJ9% -> 418.4957 | AM9: =+D9+R9-AC9-AH9 -> 0.414 | AN9: =+G9+S9-AF9-AK9 -> 0.295821 | AO9: =+H9+T9-AG9-AL9 -> 0.685008 | AP9: =(AN9+AO9)/(S9+T9) -> 0.0026494067 | AQ9: =($AP$1*AN9+$AQ$1*AO9) -> 337.80163 | AR9: =(D9+J9+O9)-(X9+AH9) -> 0.414
A10: =CONCATENATE(B10,C10) -> 46177M | B10: =+B8+1 -> 46177 | C10: M | D10: 5173 | E10: 3.85 | F10: 8.09 | G10: =+D10*E10% -> 199.1605 | H10: =+D10*F10% -> 418.4957 | I10: 1151.7 | J10: 1186.251 | K10: 4.3506295 | L10: 8.2383694 | M10: Bachhwara | N10: 89380 | O10: 1360 | P10: 4.1 | Q10: 8.04 | R10: =+J10+O10 -> 2546.251 | S10: =+J10*K10%+O10*P10% -> 107.36939 | T10: =+J10*L10%+O10*Q10% -> 207.07174 | U10: 9071/3461 | V10: 87791/92 | W10: Muzaffurpur/Hasanpur | X10: 6750 | Y10: 4.1 | Z10: 8.26 | AA10: =X10*Y10% -> 276.75 | AB10: =X10*Z10% -> 557.55 | AC10: 6740 | AD10: 4.0272255 | AE10: 8.1554451 | AF10: =AC10*AD10% -> 271.435 | AG10: =AC10*AE10% -> 549.677 | AH10: 969 | AI10: 3.94 | AJ10: 8.11 | AK10: =AH10*AI10% -> 38.1786 | AL10: =AH10*AJ10% -> 78.5859 | AM10: =+D10+R10-AC10-AH10 -> 10.251 | AN10: =+G10+S10-AF10-AK10 -> -3.083714 | AO10: =+H10+T10-AG10-AL10 -> -2.695461 | AP10: =(AN10+AO10)/(S10+T10) -> -0.018379196 | AQ10: =($AP$1*AN10+$AQ$1*AO10) -> -2190.9897 | AR10: =(D10+J10+O10)-(X10+AH10) -> 0.251
A11: =CONCATENATE(B11,C11) -> 46177E | B11: =+B9+1 -> 46177 | C11: E | D11: 969 | E11: 3.94 | F11: 8.11 | G11: =+D11*E11% -> 38.1786 | H11: =+D11*F11% -> 78.5859 | I11: 2851.2 | J11: 2936.736 | K11: 3.6417789 | L11: 8.1097608 | M11: 0 | N11: 0 | O11: 0 | P11: 0 | Q11: 0 | R11: =+J11+O11 -> 2936.736 | S11: =+J11*K11%+O11*P11% -> 106.94943 | T11: =+J11*L11%+O11*Q11% -> 238.16227 | U11: 0 | V11: 0 | W11: 0 | X11: 0 | Y11: 0 | Z11: 0 | AA11: =X11*Y11% -> 0 | AB11: =X11*Z11% -> 0 | AF11: =AC11*AD11% -> 0 | AG11: =AC11*AE11% -> 0 | AH11: 3905 | AI11: 3.7 | AJ11: 8.05 | AK11: =AH11*AI11% -> 144.485 | AL11: =AH11*AJ11% -> 314.3525 | AM11: =+D11+R11-AC11-AH11 -> 0.736 | AN11: =+G11+S11-AF11-AK11 -> 0.643032 | AO11: =+H11+T11-AG11-AL11 -> 2.395665 | AP11: =(AN11+AO11)/(S11+T11) -> 0.0088049667 | AQ11: =($AP$1*AN11+$AQ$1*AO11) -> 1005.6221 | AR11: =(D11+J11+O11)-(X11+AH11) -> 0.736
A12: =CONCATENATE(B12,C12) -> 46178M | B12: =+B10+1 -> 46178 | C12: M | D12: 3905 | E12: 3.7 | F12: 8.05 | G12: =+D12*E12% -> 144.485 | H12: =+D12*F12% -> 314.3525 | I12: 1114.1 | J12: 1147.523 | K12: 4.48 | L12: 8.13 | M12: 0 | N12: 0 | O12: 0 | P12: 0 | Q12: 0 | R12: =+J12+O12 -> 1147.523 | S12: =+J12*K12%+O12*P12% -> 51.40903 | T12: =+J12*L12%+O12*Q12% -> 93.29362 | U12: 9071 | V12: 87793 | W12: Munger | X12: 5200 | Y12: 4.05 | Z12: 8.22 | AA12: =X12*Y12% -> 210.6 | AB12: =X12*Z12% -> 427.44 | AC12: 5120 | AD12: 4 | AE12: 8.08 | AF12: =AC12*AD12% -> 204.8 | AG12: =AC12*AE12% -> 413.696 | AH12: 0 | AI12: 0 | AJ12: 0 | AK12: =AH12*AI12% -> 0 | AL12: =AH12*AJ12% -> 0 | AM12: =+D12+R12-AC12-AH12 -> -67.477 | AN12: =+G12+S12-AF12-AK12 -> -8.9059696 | AO12: =+H12+T12-AG12-AL12 -> -6.0498801 | AP12: =(AN12+AO12)/(S12+T12) -> -0.10335574 | AQ12: =($AP$1*AN12+$AQ$1*AO12) -> -5808.5466 | AR12: =(D12+J12+O12)-(X12+AH12) -> -147.477
A13: =CONCATENATE(B13,C13) -> 46178E | B13: =+B11+1 -> 46178 | C13: E | D13: 0 | E13: 0 | F13: 0 | G13: =+D13*E13% -> 0 | H13: =+D13*F13% -> 0 | I13: 2973.4 | J13: 3062.602 | K13: 3.6 | L13: 8.05 | M13: 0 | N13: 0 | O13: 0 | P13: 0 | Q13: 0 | R13: =+J13+O13 -> 3062.602 | S13: =+J13*K13%+O13*P13% -> 110.25367 | T13: =+J13*L13%+O13*Q13% -> 246.53946 | U13: 0 | V13: 0 | W13: 0 | X13: 0 | Y13: 0 | Z13: 0 | AA13: =X13*Y13% -> 0 | AB13: =X13*Z13% -> 0 | AF13: =AC13*AD13% -> 0 | AG13: =AC13*AE13% -> 0 | AH13: 3063 | AI13: 3.6 | AJ13: 8.05 | AK13: =AH13*AI13% -> 110.268 | AL13: =AH13*AJ13% -> 246.5715 | AM13: =+D13+R13-AC13-AH13 -> -0.398 | AN13: =+G13+S13-AF13-AK13 -> -0.014328 | AO13: =+H13+T13-AG13-AL13 -> -0.032039 | AP13: =(AN13+AO13)/(S13+T13) -> -0.00012995486 | AQ13: =($AP$1*AN13+$AQ$1*AO13) -> -16.020401 | AR13: =(D13+J13+O13)-(X13+AH13) -> -0.398
A14: =CONCATENATE(B14,C14) -> 46179M | B14: =+B12+1 -> 46179 | C14: M | D14: 3063 | E14: 3.6 | F14: 8.05 | G14: =+D14*E14% -> 110.268 | H14: =+D14*F14% -> 246.5715 | I14: 1568.1 | J14: 1615.143 | K14: 4.21 | L14: 8.11 | M14: 0 | N14: 0 | O14: 0 | P14: 0 | Q14: 0 | R14: =+J14+O14 -> 1615.143 | S14: =+J14*K14%+O14*P14% -> 67.99752 | T14: =+J14*L14%+O14*Q14% -> 130.9881 | U14: 0 | V14: 0 | W14: 0 | X14: 0 | Y14: 0 | Z14: 0 | AA14: =X14*Y14% -> 0 | AB14: =X14*Z14% -> 0 | AF14: =AC14*AD14% -> 0 | AG14: =AC14*AE14% -> 0 | AH14: 4678 | AI14: 3.81 | AJ14: 8.07 | AK14: =AH14*AI14% -> 178.2318 | AL14: =AH14*AJ14% -> 377.5146 | AM14: =+D14+R14-AC14-AH14 -> 0.143 | AN14: =+G14+S14-AF14-AK14 -> 0.0337203 | AO14: =+H14+T14-AG14-AL14 -> 0.0449973 | AP14: =(AN14+AO14)/(S14+T14) -> 0.00039559442 | AQ14: =($AP$1*AN14+$AQ$1*AO14) -> 28.603872 | AR14: =(D14+J14+O14)-(X14+AH14) -> 0.143
A15: =CONCATENATE(B15,C15) -> 46179E | B15: =+B13+1 -> 46179 | C15: E | D15: 4678 | E15: 3.81 | F15: 8.07 | G15: =+D15*E15% -> 178.2318 | H15: =+D15*F15% -> 377.5146 | I15: 2954.1 | J15: 3042.723 | K15: 3.61 | L15: 8.02 | M15: 0 | N15: 0 | O15: 0 | P15: 0 | Q15: 0 | R15: =+J15+O15 -> 3042.723 | S15: =+J15*K15%+O15*P15% -> 109.8423 | T15: =+J15*L15%+O15*Q15% -> 244.02638 | U15: 9071 | V15: 87794 | W15: Muzaffurpur | X15: 6200 | Y15: 3.95 | Z15: 8.2 | AA15: =X15*Y15% -> 244.9 | AB15: =X15*Z15% -> 508.4 | AC15: 6140 | AD15: 3.8 | AE15: 7.98 | AF15: =AC15*AD15% -> 233.32 | AG15: =AC15*AE15% -> 489.972 | AH15: 1521 | AI15: 3.73 | AJ15: 8.05 | AK15: =AH15*AI15% -> 56.7333 | AL15: =AH15*AJ15% -> 122.4405 | AM15: =+D15+R15-AC15-AH15 -> 59.723 | AN15: =+G15+S15-AF15-AK15 -> -1.9791997 | AO15: =+H15+T15-AG15-AL15 -> 9.1284846 | AP15: =(AN15+AO15)/(S15+T15) -> 0.020203214 | AQ15: =($AP$1*AN15+$AQ$1*AO15) -> 1843.4295 | AR15: =(D15+J15+O15)-(X15+AH15) -> -0.277
A16: =CONCATENATE(B16,C16) -> 46180M | B16: =+B14+1 -> 46180 | C16: M | D16: 1521 | E16: 3.73 | F16: 8.05 | G16: =+D16*E16% -> 56.7333 | H16: =+D16*F16% -> 122.4405 | I16: 1248.6 | J16: 1286.058 | K16: 4.2 | L16: 8.16 | M16: 0 | N16: 0 | O16: 0 | P16: 0 | Q16: 0 | R16: =+J16+O16 -> 1286.058 | S16: =+J16*K16%+O16*P16% -> 54.014436 | T16: =+J16*L16%+O16*Q16% -> 104.94233 | U16: 0 | V16: 0 | W16: 0 | X16: 0 | Y16: 0 | Z16: 0 | AA16: =X16*Y16% -> 0 | AB16: =X16*Z16% -> 0 | AF16: =AC16*AD16% -> 0 | AG16: =AC16*AE16% -> 0 | AH16: 2807 | AI16: 3.95 | AJ16: 8.1 | AK16: =AH16*AI16% -> 110.8765 | AL16: =AH16*AJ16% -> 227.367 | AM16: =+D16+R16-AC16-AH16 -> 0.058 | AN16: =+G16+S16-AF16-AK16 -> -0.128764 | AO16: =+H16+T16-AG16-AL16 -> 0.0158328 | AP16: =(AN16+AO16)/(S16+T16) -> -0.00071045229 | AQ16: =($AP$1*AN16+$AQ$1*AO16) -> -53.065112 | AR16: =(D16+J16+O16)-(X16+AH16) -> 0.058
A17: =CONCATENATE(B17,C17) -> 46180E | B17: =+B15+1 -> 46180 | C17: E | D17: 2807 | E17: 3.95 | F17: 8.1 | G17: =+D17*E17% -> 110.8765 | H17: =+D17*F17% -> 227.367 | I17: 2747.9 | J17: 2830.337 | K17: 3.69 | L17: 8.07 | M17: Hasanpur | N17: 6545/57859 | O17: 2400 | P17: 4.25 | Q17: 8.1 | R17: =+J17+O17 -> 5230.337 | S17: =+J17*K17%+O17*P17% -> 206.43944 | T17: =+J17*L17%+O17*Q17% -> 422.8082 | U17: 6545 | V17: 87795 | W17: Muzaffurpur | X17: 3150 | Y17: 4.15 | Z17: 8 | AA17: =X17*Y17% -> 130.725 | AB17: =X17*Z17% -> 252 | AC17: 3130 | AD17: 4.05 | AE17: 7.9 | AF17: =AC17*AD17% -> 126.765 | AG17: =AC17*AE17% -> 247.27 | AH17: 4937 | AI17: 3.95 | AJ17: 8.09 | AK17: =AH17*AI17% -> 195.0115 | AL17: =AH17*AJ17% -> 399.4033 | AM17: =+D17+R17-AC17-AH17 -> -29.663 | AN17: =+G17+S17-AF17-AK17 -> -4.4605647 | AO17: =+H17+T17-AG17-AL17 -> 3.5018959 | AP17: =(AN17+AO17)/(S17+T17) -> -0.0015235159 | AQ17: =($AP$1*AN17+$AQ$1*AO17) -> -954.36804 | AR17: =(D17+J17+O17)-(X17+AH17) -> -49.663
A18: =CONCATENATE(B18,C18) -> 46181M | B18: =+B16+1 -> 46181 | C18: M | D18: 4937 | E18: 3.95 | F18: 8.09 | G18: =+D18*E18% -> 195.0115 | H18: =+D18*F18% -> 399.4033 | I18: 1191.6 | J18: 1227.348 | K18: 4.15 | L18: 8.2 | M18: 0 | N18: 0 | O18: 0 | P18: 0 | Q18: 0 | R18: =+J18+O18 -> 1227.348 | S18: =+J18*K18%+O18*P18% -> 50.934942 | T18: =+J18*L18%+O18*Q18% -> 100.64254 | U18: 9071 | V18: 87797 | W18: Munger | X18: 6110 | Y18: 3.93 | Z18: 8.14 | AA18: =X18*Y18% -> 240.123 | AB18: =X18*Z18% -> 497.354 | AC18: 6110 | AD18: 3.93 | AE18: 8.14 | AF18: =AC18*AD18% -> 240.123 | AG18: =AC18*AE18% -> 497.354 | AH18: 0 | AI18: 0 | AJ18: 0 | AK18: =AH18*AI18% -> 0 | AL18: =AH18*AJ18% -> 0 | AM18: =+D18+R18-AC18-AH18 -> 54.348 | AN18: =+G18+S18-AF18-AK18 -> 5.823442 | AO18: =+H18+T18-AG18-AL18 -> 2.691836 | AP18: =(AN18+AO18)/(S18+T18) -> 0.056177726 | AQ18: =($AP$1*AN18+$AQ$1*AO18) -> 3419.7961 | AR18: =(D18+J18+O18)-(X18+AH18) -> 54.348
A19: =CONCATENATE(B19,C19) -> 46181E | B19: =+B17+1 -> 46181 | C19: E | D19: 0 | E19: 0 | F19: 0 | G19: =+D19*E19% -> 0 | H19: =+D19*F19% -> 0 | I19: 2702.1 | J19: 2783.163 | K19: 3.77 | L19: 8.07 | M19: 0 | N19: 0 | O19: 0 | P19: 0 | Q19: 0 | R19: =+J19+O19 -> 2783.163 | S19: =+J19*K19%+O19*P19% -> 104.92525 | T19: =+J19*L19%+O19*Q19% -> 224.60125 | U19: 0 | V19: 0 | W19: 0 | X19: 0 | Y19: 0 | Z19: 0 | AA19: =X19*Y19% -> 0 | AB19: =X19*Z19% -> 0 | AF19: =AC19*AD19% -> 0 | AG19: =AC19*AE19% -> 0 | AH19: 2783 | AI19: 3.77 | AJ19: 8.07 | AK19: =AH19*AI19% -> 104.9191 | AL19: =AH19*AJ19% -> 224.5881 | AM19: =+D19+R19-AC19-AH19 -> 0.163 | AN19: =+G19+S19-AF19-AK19 -> 0.0061451 | AO19: =+H19+T19-AG19-AL19 -> 0.0131541 | AP19: =(AN19+AO19)/(S19+T19) -> 5.8566458e-05 | AQ19: =($AP$1*AN19+$AQ$1*AO19) -> 6.6952682 | AR19: =(D19+J19+O19)-(X19+AH19) -> 0.163
A20: =CONCATENATE(B20,C20) -> 46182M | B20: =+B18+1 -> 46182 | C20: M | D20: 2783 | E20: 3.77 | F20: 8.07 | G20: =+D20*E20% -> 104.9191 | H20: =+D20*F20% -> 224.5881 | I20: 1085.8 | J20: 1118.374 | K20: 4.27 | L20: 8.24 | M20: Bachhwara | N20: 6545/89382 | O20: 2370 | P20: 4.2 | Q20: 8 | R20: =+J20+O20 -> 3488.374 | S20: =+J20*K20%+O20*P20% -> 147.29457 | T20: =+J20*L20%+O20*Q20% -> 281.75402 | U20: 6545 | V20: 87798 | W20: Munger | X20: 6230 | Y20: 4.03 | Z20: 8.1 | AA20: =X20*Y20% -> 251.069 | AB20: =X20*Z20% -> 504.63 | AC20: 6190 | AD20: 3.9753635 | AE20: 8.0750727 | AF20: =AC20*AD20% -> 246.075 | AG20: =AC20*AE20% -> 499.847 | AH20: 0 | AI20: 0 | AJ20: 0 | AK20: =AH20*AI20% -> 0 | AL20: =AH20*AJ20% -> 0 | AM20: =+D20+R20-AC20-AH20 -> 81.374 | AN20: =+G20+S20-AF20-AK20 -> 6.1386698 | AO20: =+H20+T20-AG20-AL20 -> 6.4951176 | AP20: =(AN20+AO20)/(S20+T20) -> 0.029446053 | AQ20: =($AP$1*AN20+$AQ$1*AO20) -> 4699.5258 | AR20: =(D20+J20+O20)-(X20+AH20) -> 41.374
A21: =CONCATENATE(B21,C21) -> 46182E | B21: =+B19+1 -> 46182 | C21: E | D21: 0 | E21: 0 | F21: 0 | G21: =+D21*E21% -> 0 | H21: =+D21*F21% -> 0 | I21: 2433.1 | J21: 2506.093 | K21: 3.79 | L21: 8.04 | M21: 0 | N21: 0 | O21: 0 | P21: 0 | Q21: 0 | R21: =+J21+O21 -> 2506.093 | S21: =+J21*K21%+O21*P21% -> 94.980925 | T21: =+J21*L21%+O21*Q21% -> 201.48988 | U21: 0 | V21: 0 | W21: 0 | X21: 0 | Y21: 0 | Z21: 0 | AA21: =X21*Y21% -> 0 | AB21: =X21*Z21% -> 0 | AF21: =AC21*AD21% -> 0 | AG21: =AC21*AE21% -> 0 | AH21: 2506 | AI21: 3.79 | AJ21: 8.04 | AK21: =AH21*AI21% -> 94.9774 | AL21: =AH21*AJ21% -> 201.4824 | AM21: =+D21+R21-AC21-AH21 -> 0.093 | AN21: =+G21+S21-AF21-AK21 -> 0.0035247 | AO21: =+H21+T21-AG21-AL21 -> 0.0074772 | AP21: =(AN21+AO21)/(S21+T21) -> 3.7109557e-05 | AQ21: =($AP$1*AN21+$AQ$1*AO21) -> 3.8199996 | AR21: =(D21+J21+O21)-(X21+AH21) -> 0.093
A22: =CONCATENATE(B22,C22) -> 46183M | B22: =+B20+1 -> 46183 | C22: M | G22: =+D22*E22% -> 0 | H22: =+D22*F22% -> 0 | R22: =+J22+O22 -> 0 | S22: =+J22*K22%+O22*P22% -> 0 | T22: =+J22*L22%+O22*Q22% -> 0 | AA22: =X22*Y22% -> 0 | AB22: =X22*Z22% -> 0 | AF22: =AC22*AD22% -> 0 | AG22: =AC22*AE22% -> 0 | AK22: =AH22*AI22% -> 0 | AL22: =AH22*AJ22% -> 0 | AM22: =+D22+R22-AC22-AH22 -> 0 | AN22: =+G22+S22-AF22-AK22 -> 0 | AO22: =+H22+T22-AG22-AL22 -> 0 | AP22: =(AN22+AO22)/(S22+T22) -> #DIV/0! | AQ22: =($AP$1*AN22+$AQ$1*AO22) -> 0 | AR22: =(D22+J22+O22)-(X22+AH22) -> 0
A23: =CONCATENATE(B23,C23) -> 46183E | B23: =+B21+1 -> 46183 | C23: E | G23: =+D23*E23% -> 0 | H23: =+D23*F23% -> 0 | R23: =+J23+O23 -> 0 | S23: =+J23*K23%+O23*P23% -> 0 | T23: =+J23*L23%+O23*Q23% -> 0 | AA23: =X23*Y23% -> 0 | AB23: =X23*Z23% -> 0 | AF23: =AC23*AD23% -> 0 | AG23: =AC23*AE23% -> 0 | AK23: =AH23*AI23% -> 0 | AL23: =AH23*AJ23% -> 0 | AM23: =+D23+R23-AC23-AH23 -> 0 | AN23: =+G23+S23-AF23-AK23 -> 0 | AO23: =+H23+T23-AG23-AL23 -> 0 | AP23: =(AN23+AO23)/(S23+T23) -> #DIV/0! | AQ23: =($AP$1*AN23+$AQ$1*AO23) -> 0 | AR23: =(D23+J23+O23)-(X23+AH23) -> 0
A24: =CONCATENATE(B24,C24) -> 46184M | B24: =+B22+1 -> 46184 | C24: M | G24: =+D24*E24% -> 0 | H24: =+D24*F24% -> 0 | R24: =+J24+O24 -> 0 | S24: =+J24*K24%+O24*P24% -> 0 | T24: =+J24*L24%+O24*Q24% -> 0 | AA24: =X24*Y24% -> 0 | AB24: =X24*Z24% -> 0 | AF24: =AC24*AD24% -> 0 | AG24: =AC24*AE24% -> 0 | AK24: =AH24*AI24% -> 0 | AL24: =AH24*AJ24% -> 0 | AM24: =+D24+R24-AC24-AH24 -> 0 | AN24: =+G24+S24-AF24-AK24 -> 0 | AO24: =+H24+T24-AG24-AL24 -> 0 | AP24: =(AN24+AO24)/(S24+T24) -> #DIV/0! | AQ24: =($AP$1*AN24+$AQ$1*AO24) -> 0 | AR24: =(D24+J24+O24)-(X24+AH24) -> 0
A25: =CONCATENATE(B25,C25) -> 46184E | B25: =+B23+1 -> 46184 | C25: E | G25: =+D25*E25% -> 0 | H25: =+D25*F25% -> 0 | R25: =+J25+O25 -> 0 | S25: =+J25*K25%+O25*P25% -> 0 | T25: =+J25*L25%+O25*Q25% -> 0 | AA25: =X25*Y25% -> 0 | AB25: =X25*Z25% -> 0 | AF25: =AC25*AD25% -> 0 | AG25: =AC25*AE25% -> 0 | AK25: =AH25*AI25% -> 0 | AL25: =AH25*AJ25% -> 0 | AM25: =+D25+R25-AC25-AH25 -> 0 | AN25: =+G25+S25-AF25-AK25 -> 0 | AO25: =+H25+T25-AG25-AL25 -> 0 | AP25: =(AN25+AO25)/(S25+T25) -> #DIV/0! | AQ25: =($AP$1*AN25+$AQ$1*AO25) -> 0 | AR25: =(D25+J25+O25)-(X25+AH25) -> 0
A26: =CONCATENATE(B26,C26) -> 46185M | B26: =+B24+1 -> 46185 | C26: M | G26: =+D26*E26% -> 0 | H26: =+D26*F26% -> 0 | R26: =+J26+O26 -> 0 | S26: =+J26*K26%+O26*P26% -> 0 | T26: =+J26*L26%+O26*Q26% -> 0 | AA26: =X26*Y26% -> 0 | AB26: =X26*Z26% -> 0 | AF26: =AC26*AD26% -> 0 | AG26: =AC26*AE26% -> 0 | AK26: =AH26*AI26% -> 0 | AL26: =AH26*AJ26% -> 0 | AM26: =+D26+R26-AC26-AH26 -> 0 | AN26: =+G26+S26-AF26-AK26 -> 0 | AO26: =+H26+T26-AG26-AL26 -> 0 | AP26: =(AN26+AO26)/(S26+T26) -> #DIV/0! | AQ26: =($AP$1*AN26+$AQ$1*AO26) -> 0 | AR26: =(D26+J26+O26)-(X26+AH26) -> 0
A27: =CONCATENATE(B27,C27) -> 46185E | B27: =+B25+1 -> 46185 | C27: E | G27: =+D27*E27% -> 0 | H27: =+D27*F27% -> 0 | R27: =+J27+O27 -> 0 | S27: =+J27*K27%+O27*P27% -> 0 | T27: =+J27*L27%+O27*Q27% -> 0 | AA27: =X27*Y27% -> 0 | AB27: =X27*Z27% -> 0 | AF27: =AC27*AD27% -> 0 | AG27: =AC27*AE27% -> 0 | AK27: =AH27*AI27% -> 0 | AL27: =AH27*AJ27% -> 0 | AM27: =+D27+R27-AC27-AH27 -> 0 | AN27: =+G27+S27-AF27-AK27 -> 0 | AO27: =+H27+T27-AG27-AL27 -> 0 | AP27: =(AN27+AO27)/(S27+T27) -> #DIV/0! | AQ27: =($AP$1*AN27+$AQ$1*AO27) -> 0 | AR27: =(D27+J27+O27)-(X27+AH27) -> 0
A28: =CONCATENATE(B28,C28) -> 46186M | B28: =+B26+1 -> 46186 | C28: M | G28: =+D28*E28% -> 0 | H28: =+D28*F28% -> 0 | R28: =+J28+O28 -> 0 | S28: =+J28*K28%+O28*P28% -> 0 | T28: =+J28*L28%+O28*Q28% -> 0 | AA28: =X28*Y28% -> 0 | AB28: =X28*Z28% -> 0 | AF28: =AC28*AD28% -> 0 | AG28: =AC28*AE28% -> 0 | AK28: =AH28*AI28% -> 0 | AL28: =AH28*AJ28% -> 0 | AM28: =+D28+R28-AC28-AH28 -> 0 | AN28: =+G28+S28-AF28-AK28 -> 0 | AO28: =+H28+T28-AG28-AL28 -> 0 | AP28: =(AN28+AO28)/(S28+T28) -> #DIV/0! | AQ28: =($AP$1*AN28+$AQ$1*AO28) -> 0 | AR28: =(D28+J28+O28)-(X28+AH28) -> 0
A29: =CONCATENATE(B29,C29) -> 46186E | B29: =+B27+1 -> 46186 | C29: E | G29: =+D29*E29% -> 0 | H29: =+D29*F29% -> 0 | R29: =+J29+O29 -> 0 | S29: =+J29*K29%+O29*P29% -> 0 | T29: =+J29*L29%+O29*Q29% -> 0 | AA29: =X29*Y29% -> 0 | AB29: =X29*Z29% -> 0 | AF29: =AC29*AD29% -> 0 | AG29: =AC29*AE29% -> 0 | AK29: =AH29*AI29% -> 0 | AL29: =AH29*AJ29% -> 0 | AM29: =+D29+R29-AC29-AH29 -> 0 | AN29: =+G29+S29-AF29-AK29 -> 0 | AO29: =+H29+T29-AG29-AL29 -> 0 | AP29: =(AN29+AO29)/(S29+T29) -> #DIV/0! | AQ29: =($AP$1*AN29+$AQ$1*AO29) -> 0 | AR29: =(D29+J29+O29)-(X29+AH29) -> 0
A30: =CONCATENATE(B30,C30) -> 46187M | B30: =+B28+1 -> 46187 | C30: M | G30: =+D30*E30% -> 0 | H30: =+D30*F30% -> 0 | R30: =+J30+O30 -> 0 | S30: =+J30*K30%+O30*P30% -> 0 | T30: =+J30*L30%+O30*Q30% -> 0 | AA30: =X30*Y30% -> 0 | AB30: =X30*Z30% -> 0 | AF30: =AC30*AD30% -> 0 | AG30: =AC30*AE30% -> 0 | AK30: =AH30*AI30% -> 0 | AL30: =AH30*AJ30% -> 0 | AM30: =+D30+R30-AC30-AH30 -> 0 | AN30: =+G30+S30-AF30-AK30 -> 0 | AO30: =+H30+T30-AG30-AL30 -> 0 | AP30: =(AN30+AO30)/(S30+T30) -> #DIV/0! | AQ30: =($AP$1*AN30+$AQ$1*AO30) -> 0 | AR30: =(D30+J30+O30)-(X30+AH30) -> 0
A31: =CONCATENATE(B31,C31) -> 46187E | B31: =+B29+1 -> 46187 | C31: E | G31: =+D31*E31% -> 0 | H31: =+D31*F31% -> 0 | R31: =+J31+O31 -> 0 | S31: =+J31*K31%+O31*P31% -> 0 | T31: =+J31*L31%+O31*Q31% -> 0 | AA31: =X31*Y31% -> 0 | AB31: =X31*Z31% -> 0 | AF31: =AC31*AD31% -> 0 | AG31: =AC31*AE31% -> 0 | AK31: =AH31*AI31% -> 0 | AL31: =AH31*AJ31% -> 0 | AM31: =+D31+R31-AC31-AH31 -> 0 | AN31: =+G31+S31-AF31-AK31 -> 0 | AO31: =+H31+T31-AG31-AL31 -> 0 | AP31: =(AN31+AO31)/(S31+T31) -> #DIV/0! | AQ31: =($AP$1*AN31+$AQ$1*AO31) -> 0 | AR31: =(D31+J31+O31)-(X31+AH31) -> 0
A32: =CONCATENATE(B32,C32) -> 46188M | B32: =+B30+1 -> 46188 | C32: M | G32: =+D32*E32% -> 0 | H32: =+D32*F32% -> 0 | R32: =+J32+O32 -> 0 | S32: =+J32*K32%+O32*P32% -> 0 | T32: =+J32*L32%+O32*Q32% -> 0 | AA32: =X32*Y32% -> 0 | AB32: =X32*Z32% -> 0 | AF32: =AC32*AD32% -> 0 | AG32: =AC32*AE32% -> 0 | AK32: =AH32*AI32% -> 0 | AL32: =AH32*AJ32% -> 0 | AM32: =+D32+R32-AC32-AH32 -> 0 | AN32: =+G32+S32-AF32-AK32 -> 0 | AO32: =+H32+T32-AG32-AL32 -> 0 | AP32: =(AN32+AO32)/(S32+T32) -> #DIV/0! | AQ32: =($AP$1*AN32+$AQ$1*AO32) -> 0 | AR32: =(D32+J32+O32)-(X32+AH32) -> 0
A33: =CONCATENATE(B33,C33) -> 46188E | B33: =+B31+1 -> 46188 | C33: E | G33: =+D33*E33% -> 0 | H33: =+D33*F33% -> 0 | R33: =+J33+O33 -> 0 | S33: =+J33*K33%+O33*P33% -> 0 | T33: =+J33*L33%+O33*Q33% -> 0 | AA33: =X33*Y33% -> 0 | AB33: =X33*Z33% -> 0 | AF33: =AC33*AD33% -> 0 | AG33: =AC33*AE33% -> 0 | AK33: =AH33*AI33% -> 0 | AL33: =AH33*AJ33% -> 0 | AM33: =+D33+R33-AC33-AH33 -> 0 | AN33: =+G33+S33-AF33-AK33 -> 0 | AO33: =+H33+T33-AG33-AL33 -> 0 | AP33: =(AN33+AO33)/(S33+T33) -> #DIV/0! | AQ33: =($AP$1*AN33+$AQ$1*AO33) -> 0 | AR33: =(D33+J33+O33)-(X33+AH33) -> 0
... A65: =CONCATENATE(B65,C65) -> 46204E | B65: =+B63+1 -> 46204 | C65: E | G65: =+D65*E65% -> 0 | H65: =+D65*F65% -> 0 | R65: =+J65+O65 -> 0 | S65: =+J65*K65%+O65*P65% -> 0 | T65: =+J65*L65%+O65*Q65% -> 0 | AA65: =X65*Y65% -> 0 | AB65: =X65*Z65% -> 0 | AF65: =AC65*AD65% -> 0 | AG65: =AC65*AE65% -> 0 | AK65: =AH65*AI65% -> 0 | AL65: =AH65*AJ65% -> 0 | AM65: =+D65+R65-AC65-AH65 -> 0 | AN65: =+G65+S65-AF65-AK65 -> 0 | AO65: =+H65+T65-AG65-AL65 -> 0 | AP65: =(AN65+AO65)/(S65+T65) -> #DIV/0! | AQ65: =($AP$1*AN65+$AQ$1*AO65) -> 0 | AR65: =(D65+J65+O65)-(X65+AH65) -> 0
J66: =SUM(J4:J65) -> 37533.715 | AM66: =-SUM(AM4:AM65) -> -170.715 | AN66: =-SUM(AN4:AN65) -> 15.577818 | AO66: =-SUM(AO4:AO65) -> -24.48254 | AP66: =-SUM(AP4:AP65) -> #DIV/0! | AQ66: =-SUM(AQ4:AQ65) -> -333.93315
Q67: =2126*27 -> 57402
Q68: =2600*37 -> 96200

Sheet Hasanpur
B1: Hasanpur Bmc | AG1: 392 | AP1: =Sumarry!$K$4 -> 448.91 | AQ1: =Sumarry!$L$4 -> 299.27333
B2: Date | C2: Shift | D2: OB | I2: Milk from MPG in Ltr | M2: Transfer from other BMC/RMC | R2: Total Milk Receipt in Kg | U2: Tanker Dispatch Details | AC2: Plant Receipt | AH2: CB | AM2: Loss/(Gain)
D3: Qty KG | E3: Fat% | F3: Snf% | G3: FAT Kg | H3: SNF Kg | I3: Qty Ltr | J3: Qty Kg | K3: Fat% | L3: Snf% | M3: From | N3: Tanker No | O3: Qty Kg | P3: Fat% | Q3: Snf% | R3: Qty Kg | S3: FAT Kg | T3: SNF Kg | U3: Tanker | V3: Challan | W3: To | X3: Qty KG | Y3: Fat% | Z3: Snf% | AA3: FAT Kg | AB3: SNF Kg | AC3: Qty KG | AD3: Fat% | AE3: Snf% | AF3: FAT Kg | AG3: SNF Kg | AH3: Qty KG | AI3: Fat% | AJ3: Snf% | AK3: FAT Kg | AL3: SNF Kg | AM3: Qty KG | AN3: FAT Kg | AO3: SNF Kg | AP3: TS Loss% | AQ3: Amount
A4: =CONCATENATE(B4,C4) -> 46174M | B4: 46174 | C4: M | D4: 2645.2 | E4: 4.25 | F4: 8.2 | G4: =+D4*E4% -> 112.421 | H4: =+D4*F4% -> 216.9064 | I4: 754.8 | J4: 777.444 | K4: 4.404796 | L4: 8.1855856 | M4: 0 | N4: 0 | O4: 0 | P4: 0 | Q4: 0 | R4: =+J4+O4 -> 777.444 | S4: =+J4*K4%+O4*P4% -> 34.244822 | T4: =+J4*L4%+O4*Q4% -> 63.638344 | U4: 0 | V4: 0 | W4: 0 | X4: 0 | Y4: 0 | Z4: 0 | AA4: =X4*Y4% -> 0 | AB4: =X4*Z4% -> 0 | AF4: =AC4*AD4% -> 0 | AG4: =AC4*AE4% -> 0 | AH4: 3422 | AI4: 4.3 | AJ4: 8.2 | AK4: =AH4*AI4% -> 147.146 | AL4: =AH4*AJ4% -> 280.604 | AM4: =+D4+R4-AC4-AH4 -> 0.644 | AN4: =+G4+S4-AF4-AK4 -> -0.480178 | AO4: =+H4+T4-AG4-AL4 -> -0.059256 | AP4: =(AN4+AO4)/(S4+T4) -> -0.0055109987 | AQ4: =($AP$1*AN4+$AQ$1*AO4) -> -233.29045 | AR4: =(D4+J4+O4)-(X4+AH4) -> 0.644
A5: =CONCATENATE(B5,C5) -> 46174E | B5: =+B4 -> 46174 | C5: E | D5: 3422 | E5: 4.3 | F5: 8.2 | G5: =+D5*E5% -> 147.146 | H5: =+D5*F5% -> 280.604 | I5: 1164.2 | J5: 1199.126 | K5: 3.7507215 | L5: 7.9814121 | M5: 0 | N5: 0 | O5: 0 | P5: 0 | Q5: 0 | R5: =+J5+O5 -> 1199.126 | S5: =+J5*K5%+O5*P5% -> 44.975877 | T5: =+J5*L5%+O5*Q5% -> 95.707188 | U5: 0 | V5: 0 | W5: 0 | X5: 0 | Y5: 0 | Z5: 0 | AA5: =X5*Y5% -> 0 | AB5: =X5*Z5% -> 0 | AF5: =AC5*AD5% -> 0 | AG5: =AC5*AE5% -> 0 | AH5: 4622 | AI5: 4.17 | AJ5: 8.15 | AK5: =AH5*AI5% -> 192.7374 | AL5: =AH5*AJ5% -> 376.693 | AM5: =+D5+R5-AC5-AH5 -> -0.874 | AN5: =+G5+S5-AF5-AK5 -> -0.615523 | AO5: =+H5+T5-AG5-AL5 -> -0.381812 | AP5: =(AN5+AO5)/(S5+T5) -> -0.0070892328 | AQ5: =($AP$1*AN5+$AQ$1*AO5) -> -390.58058 | AR5: =(D5+J5+O5)-(X5+AH5) -> -0.874
A6: =CONCATENATE(B6,C6) -> 46175M | B6: =+B4+1 -> 46175 | C6: M | D6: 4622 | E6: 4.17 | F6: 8.15 | G6: =+D6*E6% -> 192.7374 | H6: =+D6*F6% -> 376.693 | I6: 759.5 | J6: 782.285 | K6: 4.4207505 | L6: 8.1474523 | M6: Singhiya | N6: 87610 | O6: 1790 | P6: 4.3 | Q6: 7.77 | R6: =+J6+O6 -> 2572.285 | S6: =+J6*K6%+O6*P6% -> 111.55287 | T6: =+J6*L6%+O6*Q6% -> 202.8193 | U6: 9071 | V6: 87855 | W6: Muzaffurpur | X6: 6200 | Y6: 4.3 | Z6: 8.27 | AA6: =X6*Y6% -> 266.6 | AB6: =X6*Z6% -> 512.74 | AC6: 6170 | AD6: 4.25 | AE6: 8.2 | AF6: =AC6*AD6% -> 262.225 | AG6: =AC6*AE6% -> 505.94 | AH6: 994 | AI6: 4.22 | AJ6: 8.05 | AK6: =AH6*AI6% -> 41.9468 | AL6: =AH6*AJ6% -> 80.017 | AM6: =+D6+R6-AC6-AH6 -> 30.285 | AN6: =+G6+S6-AF6-AK6 -> 0.118468 | AO6: =+H6+T6-AG6-AL6 -> -6.444703 | AP6: =(AN6+AO6)/(S6+T6) -> -0.020123394 | AQ6: =($AP$1*AN6+$AQ$1*AO6) -> -1875.5463 | AR6: =(D6+J6+O6)-(X6+AH6) -> 0.285
A7: =CONCATENATE(B7,C7) -> 46175E | B7: =+B5+1 -> 46175 | C7: E | D7: 994 | E7: 4.22 | F7: 8.05 | G7: =+D7*E7% -> 41.9468 | H7: =+D7*F7% -> 80.017 | I7: 1083.5 | J7: 1116.005 | K7: 3.7462021 | L7: 8.0374804 | M7: 0 | N7: 0 | O7: 0 | P7: 0 | Q7: 0 | R7: =+J7+O7 -> 1116.005 | S7: =+J7*K7%+O7*P7% -> 41.807803 | T7: =+J7*L7%+O7*Q7% -> 89.698683 | U7: 0 | V7: 0 | W7: 0 | X7: 0 | Y7: 0 | Z7: 0 | AA7: =X7*Y7% -> 0 | AB7: =X7*Z7% -> 0 | AF7: =AC7*AD7% -> 0 | AG7: =AC7*AE7% -> 0 | AH7: 2110 | AI7: 3.94 | AJ7: 8.02 | AK7: =AH7*AI7% -> 83.134 | AL7: =AH7*AJ7% -> 169.222 | AM7: =+D7+R7-AC7-AH7 -> 0.005 | AN7: =+G7+S7-AF7-AK7 -> 0.620603 | AO7: =+H7+T7-AG7-AL7 -> 0.493683 | AP7: =(AN7+AO7)/(S7+T7) -> 0.0084732399 | AQ7: =($AP$1*AN7+$AQ$1*AO7) -> 426.34105 | AR7: =(D7+J7+O7)-(X7+AH7) -> 0.005
A8: =CONCATENATE(B8,C8) -> 46176M | B8: =+B6+1 -> 46176 | C8: M | D8: 2110 | E8: 3.94 | F8: 8.02 | G8: =+D8*E8% -> 83.134 | H8: =+D8*F8% -> 169.222 | I8: 705.7 | J8: 726.871 | K8: 4.5484058 | L8: 8.1759104 | M8: Singhiya | N8: 87611 | O8: 1478 | P8: 4.5 | Q8: 8.06 | R8: =+J8+O8 -> 2204.871 | S8: =+J8*K8%+O8*P8% -> 99.571043 | T8: =+J8*L8%+O8*Q8% -> 178.55512 | U8: 00 | V8: 0 | W8: 0 | X8: 0 | Y8: 0 | Z8: 0 | AA8: =X8*Y8% -> 0 | AB8: =X8*Z8% -> 0 | AF8: =AC8*AD8% -> 0 | AG8: =AC8*AE8% -> 0 | AH8: 4315 | AI8: 4.23 | AJ8: 8.06 | AK8: =AH8*AI8% -> 182.5245 | AL8: =AH8*AJ8% -> 347.789 | AM8: =+D8+R8-AC8-AH8 -> -0.129 | AN8: =+G8+S8-AF8-AK8 -> 0.180543 | AO8: =+H8+T8-AG8-AL8 -> -0.011878 | AP8: =(AN8+AO8)/(S8+T8) -> 0.00060643341 | AQ8: =($AP$1*AN8+$AQ$1*AO8) -> 77.492789 | AR8: =(D8+J8+O8)-(X8+AH8) -> -0.129
A9: =CONCATENATE(B9,C9) -> 46176E | B9: =+B7+1 -> 46176 | C9: E | D9: 4315 | E9: 4.23 | F9: 8.06 | G9: =+D9*E9% -> 182.5245 | H9: =+D9*F9% -> 347.789 | I9: 830.1 | J9: 855.003 | K9: 3.7429828 | L9: 8.0582339 | M9: 0 | N9: 0 | O9: 0 | P9: 0 | Q9: 0 | R9: =+J9+O9 -> 855.003 | S9: =+J9*K9%+O9*P9% -> 32.002615 | T9: =+J9*L9%+O9*Q9% -> 68.898142 | U9: 9071 | V9: 87856 | W9: Manjhaul | X9: 3100 | Y9: 4.3 | Z9: 8.14 | AA9: =X9*Y9% -> 133.3 | AB9: =X9*Z9% -> 252.34 | AC9: 3090 | AD9: 4.25 | AE9: 8.07 | AF9: =AC9*AD9% -> 131.325 | AG9: =AC9*AE9% -> 249.363 | AH9: 2070 | AI9: 4.14 | AJ9: 8.06 | AK9: =AH9*AI9% -> 85.698 | AL9: =AH9*AJ9% -> 166.842 | AM9: =+D9+R9-AC9-AH9 -> 10.003 | AN9: =+G9+S9-AF9-AK9 -> -2.495885 | AO9: =+H9+T9-AG9-AL9 -> 0.482142 | AP9: =(AN9+AO9)/(S9+T9) -> -0.01995766 | AQ9: =($AP$1*AN9+$AQ$1*AO9) -> -976.13549 | AR9: =(D9+J9+O9)-(X9+AH9) -> 0.003
A10: =CONCATENATE(B10,C10) -> 46177M | B10: =+B8+1 -> 46177 | C10: M | D10: 2070 | E10: 4.14 | F10: 8.06 | G10: =+D10*E10% -> 85.698 | H10: =+D10*F10% -> 166.842 | I10: 756.5 | J10: 779.195 | K10: 4.6381097 | L10: 8.2042168 | M10: 0 | N10: 0 | O10: 0 | P10: 0 | Q10: 0 | R10: =+J10+O10 -> 779.195 | S10: =+J10*K10%+O10*P10% -> 36.139919 | T10: =+J10*L10%+O10*Q10% -> 63.926847 | U10: 0 | V10: 0 | W10: 0 | X10: 0 | Y10: 0 | Z10: 0 | AA10: =X10*Y10% -> 0 | AB10: =X10*Z10% -> 0 | AF10: =AC10*AD10% -> 0 | AG10: =AC10*AE10% -> 0 | AH10: 2850 | AI10: 4.26 | AJ10: 8.09 | AK10: =AH10*AI10% -> 121.41 | AL10: =AH10*AJ10% -> 230.565 | AM10: =+D10+R10-AC10-AH10 -> -0.805 | AN10: =+G10+S10-AF10-AK10 -> 0.427919 | AO10: =+H10+T10-AG10-AL10 -> 0.203847 | AP10: =(AN10+AO10)/(S10+T10) -> 0.0063134448 | AQ10: =($AP$1*AN10+$AQ$1*AO10) -> 253.10309 | AR10: =(D10+J10+O10)-(X10+AH10) -> -0.805
A11: =CONCATENATE(B11,C11) -> 46177E | B11: =+B9+1 -> 46177 | C11: E | D11: 2850 | E11: 4.26 | F11: 8.09 | G11: =+D11*E11% -> 121.41 | H11: =+D11*F11% -> 230.565 | I11: 1269.5 | J11: 1307.585 | K11: 3.9375345 | L11: 8.093462 | M11: Singhiya | N11: 87612 | O11: 2150 | P11: 4.45 | Q11: 7.93 | R11: =+J11+O11 -> 3457.585 | S11: =+J11*K11%+O11*P11% -> 147.16161 | T11: =+J11*L11%+O11*Q11% -> 276.32389 | U11: 3461 | V11: 87857 | W11: Muzaffurpur | X11: 3400 | Y11: 4.6 | Z11: 8.14 | AA11: =X11*Y11% -> 156.4 | AB11: =X11*Z11% -> 276.76 | AC11: 3450 | AD11: 4.55 | AE11: 8.07 | AF11: =AC11*AD11% -> 156.975 | AG11: =AC11*AE11% -> 278.415 | AH11: 2907 | AI11: 4.25 | AJ11: 8.04 | AK11: =AH11*AI11% -> 123.5475 | AL11: =AH11*AJ11% -> 233.7228 | AM11: =+D11+R11-AC11-AH11 -> -49.415 | AN11: =+G11+S11-AF11-AK11 -> -11.95089 | AO11: =+H11+T11-AG11-AL11 -> -5.248905 | AP11: =(AN11+AO11)/(S11+T11) -> -0.040614838 | AQ11: =($AP$1*AN11+$AQ$1*AO11) -> -6935.7313 | AR11: =(D11+J11+O11)-(X11+AH11) -> 0.585
A12: =CONCATENATE(B12,C12) -> 46178M | B12: =+B10+1 -> 46178 | C12: M | D12: 2907 | E12: 4.25 | F12: 8.04 | G12: =+D12*E12% -> 123.5475 | H12: =+D12*F12% -> 233.7228 | I12: 685.6 | J12: 706.168 | K12: 4.7 | L12: 8.2 | M12: 0 | N12: 0 | O12: 0 | P12: 0 | Q12: 0 | R12: =+J12+O12 -> 706.168 | S12: =+J12*K12%+O12*P12% -> 33.189896 | T12: =+J12*L12%+O12*Q12% -> 57.905776 | V12: 0 | W12: 0 | X12: 0 | Y12: 0 | Z12: 0 | AA12: =X12*Y12% -> 0 | AB12: =X12*Z12% -> 0 | AF12: =AC12*AD12% -> 0 | AG12: =AC12*AE12% -> 0 | AH12: 3613 | AI12: 4.34 | AJ12: 8.07 | AK12: =AH12*AI12% -> 156.8042 | AL12: =AH12*AJ12% -> 291.5691 | AM12: =+D12+R12-AC12-AH12 -> 0.168 | AN12: =+G12+S12-AF12-AK12 -> -0.066804 | AO12: =+H12+T12-AG12-AL12 -> 0.059476 | AP12: =(AN12+AO12)/(S12+T12) -> -8.04429e-05 | AQ12: =($AP$1*AN12+$AQ$1*AO12) -> -12.189403 | AR12: =(D12+J12+O12)-(X12+AH12) -> 0.168
A13: =CONCATENATE(B13,C13) -> 46178E | B13: =+B11+1 -> 46178 | C13: E | D13: 3613 | E13: 4.34 | F13: 8.07 | G13: =+D13*E13% -> 156.8042 | H13: =+D13*F13% -> 291.5691 | I13: 1096.6 | J13: 1129.498 | K13: 3.9 | L13: 8.1 | M13: Singhiya | N13: 87029 | O13: 1740 | P13: 4.2 | Q13: 7.6 | R13: =+J13+O13 -> 2869.498 | S13: =+J13*K13%+O13*P13% -> 117.13042 | T13: =+J13*L13%+O13*Q13% -> 223.72934 | U13: 6545 | V13: 87858 | W13: Muzaffurpur | X13: 6280 | Y13: 4.45 | Z13: 8.24 | AA13: =X13*Y13% -> 279.46 | AB13: =X13*Z13% -> 517.472 | AC13: 6250 | AD13: 4.34992 | AE13: 7.939936 | AF13: =AC13*AD13% -> 271.87 | AG13: =AC13*AE13% -> 496.246 | AH13: 183 | AI13: 4.22 | AJ13: 7.95 | AK13: =AH13*AI13% -> 7.7226 | AL13: =AH13*AJ13% -> 14.5485 | AM13: =+D13+R13-AC13-AH13 -> 49.498 | AN13: =+G13+S13-AF13-AK13 -> -5.657978 | AO13: =+H13+T13-AG13-AL13 -> 4.503938 | AP13: =(AN13+AO13)/(S13+T13) -> -0.0033856739 | AQ13: =($AP$1*AN13+$AQ$1*AO13) -> -1192.0144 | AR13: =(D13+J13+O13)-(X13+AH13) -> 19.498
A14: =CONCATENATE(B14,C14) -> 46179M | B14: =+B12+1 -> 46179 | C14: M | D14: 183 | E14: 4.22 | F14: 7.95 | G14: =+D14*E14% -> 7.7226 | H14: =+D14*F14% -> 14.5485 | I14: 693.4 | J14: 714.202 | K14: 4.6 | L14: 8.3 | M14: 0 | N14: 00 | O14: 0 | P14: 0 | Q14: 0 | R14: =+J14+O14 -> 714.202 | S14: =+J14*K14%+O14*P14% -> 32.853292 | T14: =+J14*L14%+O14*Q14% -> 59.278766 | U14: 0 | V14: 0 | W14: 0 | X14: 0 | Y14: 0 | Z14: 0 | AA14: =X14*Y14% -> 0 | AB14: =X14*Z14% -> 0 | AF14: =AC14*AD14% -> 0 | AG14: =AC14*AE14% -> 0 | AH14: 897.2 | AI14: 4.52 | AJ14: 8.23 | AK14: =AH14*AI14% -> 40.55344 | AL14: =AH14*AJ14% -> 73.83956 | AM14: =+D14+R14-AC14-AH14 -> 0.002 | AN14: =+G14+S14-AF14-AK14 -> 0.022452 | AO14: =+H14+T14-AG14-AL14 -> -0.012294 | AP14: =(AN14+AO14)/(S14+T14) -> 0.00011025478 | AQ14: =($AP$1*AN14+$AQ$1*AO14) -> 6.399661 | AR14: =(D14+J14+O14)-(X14+AH14) -> 0.002
A15: =CONCATENATE(B15,C15) -> 46179E | B15: =+B13+1 -> 46179 | C15: E | D15: 897.2 | E15: 4.52 | F15: 8.23 | G15: =+D15*E15% -> 40.55344 | H15: =+D15*F15% -> 73.83956 | I15: 1095.3 | J15: 1128.159 | K15: 3.9 | L15: 8 | M15: 0 | N15: 0 | O15: 0 | P15: 0 | Q15: 0 | R15: =+J15+O15 -> 1128.159 | S15: =+J15*K15%+O15*P15% -> 43.998201 | T15: =+J15*L15%+O15*Q15% -> 90.25272 | U15: 0 | V15: 0 | W15: 0 | X15: 0 | Y15: 0 | Z15: 0 | AA15: =X15*Y15% -> 0 | AB15: =X15*Z15% -> 0 | AF15: =AC15*AD15% -> 0 | AG15: =AC15*AE15% -> 0 | AH15: 2025.4 | AI15: 4.18 | AJ15: 8.1 | AK15: =AH15*AI15% -> 84.66172 | AL15: =AH15*AJ15% -> 164.0574 | AM15: =+D15+R15-AC15-AH15 -> -0.041 | AN15: =+G15+S15-AF15-AK15 -> -0.110079 | AO15: =+H15+T15-AG15-AL15 -> 0.03488 | AP15: =(AN15+AO15)/(S15+T15) -> -0.00056013768 | AQ15: =($AP$1*AN15+$AQ$1*AO15) -> -38.97691 | AR15: =(D15+J15+O15)-(X15+AH15) -> -0.041
A16: =CONCATENATE(B16,C16) -> 46180M | B16: =+B14+1 -> 46180 | C16: M | D16: 2025.4 | E16: 4.18 | F16: 8.1 | G16: =+D16*E16% -> 84.66172 | H16: =+D16*F16% -> 164.0574 | I16: 658.4 | J16: 678.152 | K16: 4.5 | L16: 8.3 | M16: Singhiya | N16: 87030 | O16: 2270 | P16: 4.2 | Q16: 8 | R16: =+J16+O16 -> 2948.152 | S16: =+J16*K16%+O16*P16% -> 125.85684 | T16: =+J16*L16%+O16*Q16% -> 237.88662 | U16: 6545 | V16: 87859 | W16: Manjhaul | X16: 5530 | Y16: 4.4264014 | Z16: 8.1132007 | AA16: =X16*Y16% -> 244.78 | AB16: =X16*Z16% -> 448.66 | AC16: 5520 | AD16: 4.2217391 | AE16: 8.0095652 | AF16: =AC16*AD16% -> 233.04 | AG16: =AC16*AE16% -> 442.128 | AH16: 0 | AI16: 0 | AJ16: 0 | AK16: =AH16*AI16% -> 0 | AL16: =AH16*AJ16% -> 0 | AM16: =+D16+R16-AC16-AH16 -> -546.448 | AN16: =+G16+S16-AF16-AK16 -> -22.52144 | AO16: =+H16+T16-AG16-AL16 -> -40.183984 | AP16: =(AN16+AO16)/(S16+T16) -> -0.17238915 | AQ16: =($AP$1*AN16+$AQ$1*AO16) -> -22136.094 | AR16: =(D16+J16+O16)-(X16+AH16) -> -556.448
A17: =CONCATENATE(B17,C17) -> 46180E | B17: =+B15+1 -> 46180 | C17: E | D17: 0 | E17: 0 | F17: 0 | G17: =+D17*E17% -> 0 | H17: =+D17*F17% -> 0 | I17: 1146.6 | J17: 1180.998 | K17: 3.9 | L17: 8.1 | M17: 0 | N17: 0 | O17: 0 | P17: 0 | Q17: 0 | R17: =+J17+O17 -> 1180.998 | S17: =+J17*K17%+O17*P17% -> 46.058922 | T17: =+J17*L17%+O17*Q17% -> 95.660838 | U17: 0 | V17: 0 | W17: 0 | X17: 0 | Y17: 0 | Z17: 0 | AA17: =X17*Y17% -> 0 | AB17: =X17*Z17% -> 0 | AF17: =AC17*AD17% -> 0 | AG17: =AC17*AE17% -> 0 | AH17: 1180.9 | AI17: 3.9 | AJ17: 8.1 | AK17: =AH17*AI17% -> 46.0551 | AL17: =AH17*AJ17% -> 95.6529 | AM17: =+D17+R17-AC17-AH17 -> 0.098 | AN17: =+G17+S17-AF17-AK17 -> 0.003822 | AO17: =+H17+T17-AG17-AL17 -> 0.007938 | AP17: =(AN17+AO17)/(S17+T17) -> 8.2980666e-05 | AQ17: =($AP$1*AN17+$AQ$1*AO17) -> 4.0913657 | AR17: =(D17+J17+O17)-(X17+AH17) -> 0.098
A18: =CONCATENATE(B18,C18) -> 46181M | B18: =+B16+1 -> 46181 | C18: M | D18: 1180.9 | E18: 3.9 | F18: 8.1 | G18: =+D18*E18% -> 46.0551 | H18: =+D18*F18% -> 95.6529 | I18: 748.3 | J18: 770.749 | K18: 4.5 | L18: 8.2 | M18: Singhiya | N18: 87031 | O18: 1370 | P18: 4.1 | Q18: 8 | R18: =+J18+O18 -> 2140.749 | S18: =+J18*K18%+O18*P18% -> 90.853705 | T18: =+J18*L18%+O18*Q18% -> 172.80142 | U18: 0 | V18: 0 | W18: 0 | X18: 0 | Y18: 0 | Z18: 0 | AA18: =X18*Y18% -> 0 | AB18: =X18*Z18% -> 0 | AF18: =AC18*AD18% -> 0 | AG18: =AC18*AE18% -> 0 | AH18: 3321.6 | AI18: 4.12 | AJ18: 8.08 | AK18: =AH18*AI18% -> 136.84992 | AL18: =AH18*AJ18% -> 268.38528 | AM18: =+D18+R18-AC18-AH18 -> 0.049 | AN18: =+G18+S18-AF18-AK18 -> 0.058885 | AO18: =+H18+T18-AG18-AL18 -> 0.069038 | AP18: =(AN18+AO18)/(S18+T18) -> 0.00048519065 | AQ18: =($AP$1*AN18+$AQ$1*AO18) -> 47.095298 | AR18: =(D18+J18+O18)-(X18+AH18) -> 0.049
A19: =CONCATENATE(B19,C19) -> 46181E | B19: =+B17+1 -> 46181 | C19: E | D19: 3321.6 | E19: 4.12 | F19: 8.08 | G19: =+D19*E19% -> 136.84992 | H19: =+D19*F19% -> 268.38528 | I19: 1136.9 | J19: 1171.007 | K19: 3.8 | L19: 8 | M19: 0 | N19: 0 | O19: 0 | P19: 0 | Q19: 0 | R19: =+J19+O19 -> 1171.007 | S19: =+J19*K19%+O19*P19% -> 44.498266 | T19: =+J19*L19%+O19*Q19% -> 93.68056 | U19: 0 | V19: 0 | W19: 0 | X19: 0 | Y19: 0 | Z19: 0 | AA19: =X19*Y19% -> 0 | AB19: =X19*Z19% -> 0 | AF19: =AC19*AD19% -> 0 | AG19: =AC19*AE19% -> 0 | AH19: 4493 | AI19: 4.03 | AJ19: 8.05 | AK19: =AH19*AI19% -> 181.0679 | AL19: =AH19*AJ19% -> 361.6865 | AM19: =+D19+R19-AC19-AH19 -> -0.393 | AN19: =+G19+S19-AF19-AK19 -> 0.280286 | AO19: =+H19+T19-AG19-AL19 -> 0.37934 | AP19: =(AN19+AO19)/(S19+T19) -> 0.0047737126 | AQ19: =($AP$1*AN19+$AQ$1*AO19) -> 239.34953 | AR19: =(D19+J19+O19)-(X19+AH19) -> -0.393
A20: =CONCATENATE(B20,C20) -> 46182M | B20: =+B18+1 -> 46182 | C20: M | D20: 4493 | E20: 4.03 | F20: 8.05 | G20: =+D20*E20% -> 181.0679 | H20: =+D20*F20% -> 361.6865 | I20: 665.5 | J20: 685.465 | K20: 4.5 | L20: 8.1 | M20: 0 | N20: 0 | O20: 0 | P20: 0 | Q20: 0 | R20: =+J20+O20 -> 685.465 | S20: =+J20*K20%+O20*P20% -> 30.845925 | T20: =+J20*L20%+O20*Q20% -> 55.522665 | U20: 9071 | V20: 87050 | W20: Munger | X20: 5300 | Y20: 4.16 | Z20: 8.07 | AA20: =X20*Y20% -> 220.48 | AB20: =X20*Z20% -> 427.71 | AC20: 5180 | AD20: 4.1081081 | AE20: 8.0513514 | AF20: =AC20*AD20% -> 212.8 | AG20: =AC20*AE20% -> 417.06 | AH20: 0 | AI20: 0 | AJ20: 0 | AK20: =AH20*AI20% -> 0 | AL20: =AH20*AJ20% -> 0 | AM20: =+D20+R20-AC20-AH20 -> -1.535 | AN20: =+G20+S20-AF20-AK20 -> -0.886175 | AO20: =+H20+T20-AG20-AL20 -> 0.149165 | AP20: =(AN20+AO20)/(S20+T20) -> -0.0085333105 | AQ20: =($AP$1*AN20+$AQ$1*AO20) -> -353.17171 | AR20: =(D20+J20+O20)-(X20+AH20) -> -121.535
A21: =CONCATENATE(B21,C21) -> 46182E | B21: =+B19+1 -> 46182 | C21: E | D21: 0 | E21: 0 | F21: 0 | G21: =+D21*E21% -> 0 | H21: =+D21*F21% -> 0 | I21: 1069.2 | J21: 1101.276 | K21: 4 | L21: 8.1 | M21: Singhiya | N21: 2950/87032 | O21: 1486 | P21: 4 | Q21: 7.96 | R21: =+J21+O21 -> 2587.276 | S21: =+J21*K21%+O21*P21% -> 103.49104 | T21: =+J21*L21%+O21*Q21% -> 207.48896 | U21: 0 | V21: 0 | W21: 0 | X21: 0 | Y21: 0 | Z21: 0 | AA21: =X21*Y21% -> 0 | AB21: =X21*Z21% -> 0 | AF21: =AC21*AD21% -> 0 | AG21: =AC21*AE21% -> 0 | AH21: 2587.3 | AI21: 4 | AJ21: 8.1 | AK21: =AH21*AI21% -> 103.492 | AL21: =AH21*AJ21% -> 209.5713 | AM21: =+D21+R21-AC21-AH21 -> -0.024 | AN21: =+G21+S21-AF21-AK21 -> -0.00096 | AO21: =+H21+T21-AG21-AL21 -> -2.082344 | AP21: =(AN21+AO21)/(S21+T21) -> -0.0066991576 | AQ21: =($AP$1*AN21+$AQ$1*AO21) -> -623.62098 | AR21: =(D21+J21+O21)-(X21+AH21) -> -0.024
A22: =CONCATENATE(B22,C22) -> 46183M | B22: =+B20+1 -> 46183 | C22: M | D22: 2587.3 | E22: 4 | F22: 8.1 | G22: =+D22*E22% -> 103.492 | H22: =+D22*F22% -> 209.5713 | I22: 645.2 | J22: 664.556 | K22: 4.4 | L22: 8.21 | M22: 0 | N22: 0 | O22: 0 | P22: 0 | Q22: 0 | R22: =+J22+O22 -> 664.556 | S22: =+J22*K22%+O22*P22% -> 29.240464 | T22: =+J22*L22%+O22*Q22% -> 54.560048 | U22: 0 | V22: 0 | W22: 0 | X22: 0 | Y22: 0 | Z22: 0 | AA22: =X22*Y22% -> 0 | AB22: =X22*Z22% -> 0 | AF22: =AC22*AD22% -> 0 | AG22: =AC22*AE22% -> 0 | AH22: 3252 | AI22: 4.08 | AJ22: 8.12 | AK22: =AH22*AI22% -> 132.6816 | AL22: =AH22*AJ22% -> 264.0624 | AM22: =+D22+R22-AC22-AH22 -> -0.144 | AN22: =+G22+S22-AF22-AK22 -> 0.050864 | AO22: =+H22+T22-AG22-AL22 -> 0.0689476 | AP22: =(AN22+AO22)/(S22+T22) -> 0.001429724 | AQ22: =($AP$1*AN22+$AQ$1*AO22) -> 43.467536 | AR22: =(D22+J22+O22)-(X22+AH22) -> -0.144
A23: =CONCATENATE(B23,C23) -> 46183E | B23: =+B21+1 -> 46183 | C23: E | D23: 3252 | E23: 4.08 | F23: 8.12 | G23: =+D23*E23% -> 132.6816 | H23: =+D23*F23% -> 264.0624 | I23: 1089.8 | J23: 1122.494 | K23: 4 | L23: 8.1 | M23: 0 | N23: 0 | O23: 0 | P23: 0 | Q23: 0 | R23: =+J23+O23 -> 1122.494 | S23: =+J23*K23%+O23*P23% -> 44.89976 | T23: =+J23*L23%+O23*Q23% -> 90.922014 | U23: 0 | V23: 0 | W23: 0 | X23: 0 | Y23: 0 | Z23: 0 | AA23: =X23*Y23% -> 0 | AB23: =X23*Z23% -> 0 | AF23: =AC23*AD23% -> 0 | AG23: =AC23*AE23% -> 0 | AH23: 4375 | AI23: 4.06 | AJ23: 8.11 | AK23: =AH23*AI23% -> 177.625 | AL23: =AH23*AJ23% -> 354.8125 | AM23: =+D23+R23-AC23-AH23 -> -0.506 | AN23: =+G23+S23-AF23-AK23 -> -0.04364 | AO23: =+H23+T23-AG23-AL23 -> 0.171914 | AP23: =(AN23+AO23)/(S23+T23) -> 0.00094442884 | AQ23: =($AP$1*AN23+$AQ$1*AO23) -> 31.858843 | AR23: =(D23+J23+O23)-(X23+AH23) -> -0.506
A24: =CONCATENATE(B24,C24) -> 46184M | B24: =+B22+1 -> 46184 | C24: M | D24: 4375 | E24: 4.06 | F24: 8.11 | G24: =+D24*E24% -> 177.625 | H24: =+D24*F24% -> 354.8125 | I24: 706 | J24: 727.18 | K24: 4.4 | L24: 8.2 | M24: Singhiya | N24: 83492 | O24: 1545 | P24: 4.2 | Q24: 7.85 | R24: =+J24+O24 -> 2272.18 | S24: =+J24*K24%+O24*P24% -> 96.88592 | T24: =+J24*L24%+O24*Q24% -> 180.91126 | U24: 9071 | V24: 87861 | W24: Muzaffurpur | X24: 6200 | Y24: 4.25 | Z24: 8.26 | AA24: =X24*Y24% -> 263.5 | AB24: =X24*Z24% -> 512.12 | AC24: 6200 | AD24: 4.25 | AE24: 8.26 | AF24: =AC24*AD24% -> 263.5 | AG24: =AC24*AE24% -> 512.12 | AH24: 448 | AI24: 4.13 | AJ24: 8.05 | AK24: =AH24*AI24% -> 18.5024 | AL24: =AH24*AJ24% -> 36.064 | AM24: =+D24+R24-AC24-AH24 -> -0.82 | AN24: =+G24+S24-AF24-AK24 -> -7.49148 | AO24: =+H24+T24-AG24-AL24 -> -12.46024 | AP24: =(AN24+AO24)/(S24+T24) -> -0.071821175 | AQ24: =($AP$1*AN24+$AQ$1*AO24) -> -7092.0178 | AR24: =(D24+J24+O24)-(X24+AH24) -> -0.82
A25: =CONCATENATE(B25,C25) -> 46184E | B25: =+B23+1 -> 46184 | C25: E | D25: 448 | E25: 4.13 | F25: 8.05 | G25: =+D25*E25% -> 18.5024 | H25: =+D25*F25% -> 36.064 | I25: 1071 | J25: 1103.13 | K25: 4 | L25: 8.2 | M25: 0 | N25: 0 | O25: 0 | P25: 0 | Q25: 0 | R25: =+J25+O25 -> 1103.13 | S25: =+J25*K25%+O25*P25% -> 44.1252 | T25: =+J25*L25%+O25*Q25% -> 90.45666 | U25: 0 | V25: 0 | W25: 0 | X25: 0 | Y25: 0 | Z25: 0 | AA25: =X25*Y25% -> 0 | AB25: =X25*Z25% -> 0 | AF25: =AC25*AD25% -> 0 | AG25: =AC25*AE25% -> 0 | AH25: 1551 | AI25: 4.04 | AJ25: 8.15 | AK25: =AH25*AI25% -> 62.6604 | AL25: =AH25*AJ25% -> 126.4065 | AM25: =+D25+R25-AC25-AH25 -> 0.13 | AN25: =+G25+S25-AF25-AK25 -> -0.0328 | AO25: =+H25+T25-AG25-AL25 -> 0.11416 | AP25: =(AN25+AO25)/(S25+T25) -> 0.00060453913 | AQ25: =($AP$1*AN25+$AQ$1*AO25) -> 19.440796 | AR25: =(D25+J25+O25)-(X25+AH25) -> 0.13
A26: =CONCATENATE(B26,C26) -> 46185M | B26: =+B24+1 -> 46185 | C26: M | G26: =+D26*E26% -> 0 | H26: =+D26*F26% -> 0 | R26: =+J26+O26 -> 0 | S26: =+J26*K26%+O26*P26% -> 0 | T26: =+J26*L26%+O26*Q26% -> 0 | AA26: =X26*Y26% -> 0 | AB26: =X26*Z26% -> 0 | AF26: =AC26*AD26% -> 0 | AG26: =AC26*AE26% -> 0 | AK26: =AH26*AI26% -> 0 | AL26: =AH26*AJ26% -> 0 | AM26: =+D26+R26-AC26-AH26 -> 0 | AN26: =+G26+S26-AF26-AK26 -> 0 | AO26: =+H26+T26-AG26-AL26 -> 0 | AP26: =(AN26+AO26)/(S26+T26) -> #DIV/0! | AQ26: =($AP$1*AN26+$AQ$1*AO26) -> 0 | AR26: =(D26+J26+O26)-(X26+AH26) -> 0
A27: =CONCATENATE(B27,C27) -> 46185E | B27: =+B25+1 -> 46185 | C27: E | G27: =+D27*E27% -> 0 | H27: =+D27*F27% -> 0 | R27: =+J27+O27 -> 0 | S27: =+J27*K27%+O27*P27% -> 0 | T27: =+J27*L27%+O27*Q27% -> 0 | AA27: =X27*Y27% -> 0 | AB27: =X27*Z27% -> 0 | AF27: =AC27*AD27% -> 0 | AG27: =AC27*AE27% -> 0 | AK27: =AH27*AI27% -> 0 | AL27: =AH27*AJ27% -> 0 | AM27: =+D27+R27-AC27-AH27 -> 0 | AN27: =+G27+S27-AF27-AK27 -> 0 | AO27: =+H27+T27-AG27-AL27 -> 0 | AP27: =(AN27+AO27)/(S27+T27) -> #DIV/0! | AQ27: =($AP$1*AN27+$AQ$1*AO27) -> 0 | AR27: =(D27+J27+O27)-(X27+AH27) -> 0
A28: =CONCATENATE(B28,C28) -> 46186M | B28: =+B26+1 -> 46186 | C28: M | G28: =+D28*E28% -> 0 | H28: =+D28*F28% -> 0 | R28: =+J28+O28 -> 0 | S28: =+J28*K28%+O28*P28% -> 0 | T28: =+J28*L28%+O28*Q28% -> 0 | AA28: =X28*Y28% -> 0 | AB28: =X28*Z28% -> 0 | AF28: =AC28*AD28% -> 0 | AG28: =AC28*AE28% -> 0 | AK28: =AH28*AI28% -> 0 | AL28: =AH28*AJ28% -> 0 | AM28: =+D28+R28-AC28-AH28 -> 0 | AN28: =+G28+S28-AF28-AK28 -> 0 | AO28: =+H28+T28-AG28-AL28 -> 0 | AP28: =(AN28+AO28)/(S28+T28) -> #DIV/0! | AQ28: =($AP$1*AN28+$AQ$1*AO28) -> 0 | AR28: =(D28+J28+O28)-(X28+AH28) -> 0
A29: =CONCATENATE(B29,C29) -> 46186E | B29: =+B27+1 -> 46186 | C29: E | G29: =+D29*E29% -> 0 | H29: =+D29*F29% -> 0 | R29: =+J29+O29 -> 0 | S29: =+J29*K29%+O29*P29% -> 0 | T29: =+J29*L29%+O29*Q29% -> 0 | AA29: =X29*Y29% -> 0 | AB29: =X29*Z29% -> 0 | AF29: =AC29*AD29% -> 0 | AG29: =AC29*AE29% -> 0 | AK29: =AH29*AI29% -> 0 | AL29: =AH29*AJ29% -> 0 | AM29: =+D29+R29-AC29-AH29 -> 0 | AN29: =+G29+S29-AF29-AK29 -> 0 | AO29: =+H29+T29-AG29-AL29 -> 0 | AP29: =(AN29+AO29)/(S29+T29) -> #DIV/0! | AQ29: =($AP$1*AN29+$AQ$1*AO29) -> 0 | AR29: =(D29+J29+O29)-(X29+AH29) -> 0
A30: =CONCATENATE(B30,C30) -> 46187M | B30: =+B28+1 -> 46187 | C30: M | G30: =+D30*E30% -> 0 | H30: =+D30*F30% -> 0 | R30: =+J30+O30 -> 0 | S30: =+J30*K30%+O30*P30% -> 0 | T30: =+J30*L30%+O30*Q30% -> 0 | AA30: =X30*Y30% -> 0 | AB30: =X30*Z30% -> 0 | AF30: =AC30*AD30% -> 0 | AG30: =AC30*AE30% -> 0 | AK30: =AH30*AI30% -> 0 | AL30: =AH30*AJ30% -> 0 | AM30: =+D30+R30-AC30-AH30 -> 0 | AN30: =+G30+S30-AF30-AK30 -> 0 | AO30: =+H30+T30-AG30-AL30 -> 0 | AP30: =(AN30+AO30)/(S30+T30) -> #DIV/0! | AQ30: =($AP$1*AN30+$AQ$1*AO30) -> 0 | AR30: =(D30+J30+O30)-(X30+AH30) -> 0
A31: =CONCATENATE(B31,C31) -> 46187E | B31: =+B29+1 -> 46187 | C31: E | G31: =+D31*E31% -> 0 | H31: =+D31*F31% -> 0 | R31: =+J31+O31 -> 0 | S31: =+J31*K31%+O31*P31% -> 0 | T31: =+J31*L31%+O31*Q31% -> 0 | AA31: =X31*Y31% -> 0 | AB31: =X31*Z31% -> 0 | AF31: =AC31*AD31% -> 0 | AG31: =AC31*AE31% -> 0 | AK31: =AH31*AI31% -> 0 | AL31: =AH31*AJ31% -> 0 | AM31: =+D31+R31-AC31-AH31 -> 0 | AN31: =+G31+S31-AF31-AK31 -> 0 | AO31: =+H31+T31-AG31-AL31 -> 0 | AP31: =(AN31+AO31)/(S31+T31) -> #DIV/0! | AQ31: =($AP$1*AN31+$AQ$1*AO31) -> 0 | AR31: =(D31+J31+O31)-(X31+AH31) -> 0
A32: =CONCATENATE(B32,C32) -> 46188M | B32: =+B30+1 -> 46188 | C32: M | G32: =+D32*E32% -> 0 | H32: =+D32*F32% -> 0 | R32: =+J32+O32 -> 0 | S32: =+J32*K32%+O32*P32% -> 0 | T32: =+J32*L32%+O32*Q32% -> 0 | AA32: =X32*Y32% -> 0 | AB32: =X32*Z32% -> 0 | AF32: =AC32*AD32% -> 0 | AG32: =AC32*AE32% -> 0 | AK32: =AH32*AI32% -> 0 | AL32: =AH32*AJ32% -> 0 | AM32: =+D32+R32-AC32-AH32 -> 0 | AN32: =+G32+S32-AF32-AK32 -> 0 | AO32: =+H32+T32-AG32-AL32 -> 0 | AP32: =(AN32+AO32)/(S32+T32) -> #DIV/0! | AQ32: =($AP$1*AN32+$AQ$1*AO32) -> 0 | AR32: =(D32+J32+O32)-(X32+AH32) -> 0
A33: =CONCATENATE(B33,C33) -> 46188E | B33: =+B31+1 -> 46188 | C33: E | G33: =+D33*E33% -> 0 | H33: =+D33*F33% -> 0 | R33: =+J33+O33 -> 0 | S33: =+J33*K33%+O33*P33% -> 0 | T33: =+J33*L33%+O33*Q33% -> 0 | AA33: =X33*Y33% -> 0 | AB33: =X33*Z33% -> 0 | AF33: =AC33*AD33% -> 0 | AG33: =AC33*AE33% -> 0 | AK33: =AH33*AI33% -> 0 | AL33: =AH33*AJ33% -> 0 | AM33: =+D33+R33-AC33-AH33 -> 0 | AN33: =+G33+S33-AF33-AK33 -> 0 | AO33: =+H33+T33-AG33-AL33 -> 0 | AP33: =(AN33+AO33)/(S33+T33) -> #DIV/0! | AQ33: =($AP$1*AN33+$AQ$1*AO33) -> 0 | AR33: =(D33+J33+O33)-(X33+AH33) -> 0
A34: =CONCATENATE(B34,C34) -> 46189M | B34: =+B32+1 -> 46189 | C34: M | G34: =+D34*E34% -> 0 | H34: =+D34*F34% -> 0 | R34: =+J34+O34 -> 0 | S34: =+J34*K34%+O34*P34% -> 0 | T34: =+J34*L34%+O34*Q34% -> 0 | AA34: =X34*Y34% -> 0 | AB34: =X34*Z34% -> 0 | AF34: =AC34*AD34% -> 0 | AG34: =AC34*AE34% -> 0 | AK34: =AH34*AI34% -> 0 | AL34: =AH34*AJ34% -> 0 | AM34: =+D34+R34-AC34-AH34 -> 0 | AN34: =+G34+S34-AF34-AK34 -> 0 | AO34: =+H34+T34-AG34-AL34 -> 0 | AP34: =(AN34+AO34)/(S34+T34) -> #DIV/0! | AQ34: =($AP$1*AN34+$AQ$1*AO34) -> 0 | AR34: =(D34+J34+O34)-(X34+AH34) -> 0
A35: =CONCATENATE(B35,C35) -> 46189E | B35: =+B33+1 -> 46189 | C35: E | G35: =+D35*E35% -> 0 | H35: =+D35*F35% -> 0 | R35: =+J35+O35 -> 0 | S35: =+J35*K35%+O35*P35% -> 0 | T35: =+J35*L35%+O35*Q35% -> 0 | AA35: =X35*Y35% -> 0 | AB35: =X35*Z35% -> 0 | AF35: =AC35*AD35% -> 0 | AG35: =AC35*AE35% -> 0 | AK35: =AH35*AI35% -> 0 | AL35: =AH35*AJ35% -> 0 | AM35: =+D35+R35-AC35-AH35 -> 0 | AN35: =+G35+S35-AF35-AK35 -> 0 | AO35: =+H35+T35-AG35-AL35 -> 0 | AP35: =(AN35+AO35)/(S35+T35) -> #DIV/0! | AQ35: =($AP$1*AN35+$AQ$1*AO35) -> 0 | AR35: =(D35+J35+O35)-(X35+AH35) -> 0
A36: =CONCATENATE(B36,C36) -> 46190M | B36: =+B34+1 -> 46190 | C36: M | G36: =+D36*E36% -> 0 | H36: =+D36*F36% -> 0 | R36: =+J36+O36 -> 0 | S36: =+J36*K36%+O36*P36% -> 0 | T36: =+J36*L36%+O36*Q36% -> 0 | AA36: =X36*Y36% -> 0 | AB36: =X36*Z36% -> 0 | AF36: =AC36*AD36% -> 0 | AG36: =AC36*AE36% -> 0 | AK36: =AH36*AI36% -> 0 | AL36: =AH36*AJ36% -> 0 | AM36: =+D36+R36-AC36-AH36 -> 0 | AN36: =+G36+S36-AF36-AK36 -> 0 | AO36: =+H36+T36-AG36-AL36 -> 0 | AP36: =(AN36+AO36)/(S36+T36) -> #DIV/0! | AQ36: =($AP$1*AN36+$AQ$1*AO36) -> 0 | AR36: =(D36+J36+O36)-(X36+AH36) -> 0
A37: =CONCATENATE(B37,C37) -> 46190E | B37: =+B35+1 -> 46190 | C37: E | G37: =+D37*E37% -> 0 | H37: =+D37*F37% -> 0 | R37: =+J37+O37 -> 0 | S37: =+J37*K37%+O37*P37% -> 0 | T37: =+J37*L37%+O37*Q37% -> 0 | AA37: =X37*Y37% -> 0 | AB37: =X37*Z37% -> 0 | AF37: =AC37*AD37% -> 0 | AG37: =AC37*AE37% -> 0 | AK37: =AH37*AI37% -> 0 | AL37: =AH37*AJ37% -> 0 | AM37: =+D37+R37-AC37-AH37 -> 0 | AN37: =+G37+S37-AF37-AK37 -> 0 | AO37: =+H37+T37-AG37-AL37 -> 0 | AP37: =(AN37+AO37)/(S37+T37) -> #DIV/0! | AQ37: =($AP$1*AN37+$AQ$1*AO37) -> 0 | AR37: =(D37+J37+O37)-(X37+AH37) -> 0
... A65: =CONCATENATE(B65,C65) -> 46204E | B65: =+B63+1 -> 46204 | C65: E | G65: =+D65*E65% -> 0 | H65: =+D65*F65% -> 0 | R65: =+J65+O65 -> 0 | S65: =+J65*K65%+O65*P65% -> 0 | T65: =+J65*L65%+O65*Q65% -> 0 | AA65: =X65*Y65% -> 0 | AB65: =X65*Z65% -> 0 | AF65: =AC65*AD65% -> 0 | AG65: =AC65*AE65% -> 0 | AK65: =AH65*AI65% -> 0 | AL65: =AH65*AJ65% -> 0 | AM65: =+D65+R65-AC65-AH65 -> 0 | AN65: =+G65+S65-AF65-AK65 -> 0 | AO65: =+H65+T65-AG65-AL65 -> 0 | AP65: =(AN65+AO65)/(S65+T65) -> #DIV/0! | AQ65: =($AP$1*AN65+$AQ$1*AO65) -> 0 | AR65: =(D65+J65+O65)-(X65+AH65) -> 0
J66: =SUM(J4:J65) -> 20426.548 | AM66: =-SUM(AM4:AM65) -> 510.252 | AN66: =-SUM(AN4:AN65) -> 50.58999 | AO66: =-SUM(AO4:AO65) -> 60.146947 | AP66: =-SUM(AP4:AP65) -> #DIV/0! | AQ66: =-SUM(AQ4:AQ65) -> 40710.73

Sheet Singhia 
B1: SInghia Bmc | AG1: 392 | AP1: =Sumarry!$K$4 -> 448.91 | AQ1: =Sumarry!$L$4 -> 299.27333
B2: Date | C2: Shift | D2: OB | I2: Milk from MPG in Ltr | M2: Transfer from other BMC/RMC | R2: Total Milk Receipt in Kg | U2: Tanker Dispatch Details | AC2: Plant Receipt | AH2: CB | AM2: Loss/(Gain)
D3: Qty KG | E3: Fat% | F3: Snf% | G3: FAT Kg | H3: SNF Kg | I3: Qty Ltr | J3: Qty Kg | K3: Fat% | L3: Snf% | M3: From | N3: Tanker No | O3: Qty Kg | P3: Fat% | Q3: Snf% | R3: Qty Kg | S3: FAT Kg | T3: SNF Kg | U3: Tanker | V3: Challan | W3: To | X3: Qty KG | Y3: Fat% | Z3: Snf% | AA3: FAT Kg | AB3: SNF Kg | AC3: Qty KG | AD3: Fat% | AE3: Snf% | AF3: FAT Kg | AG3: SNF Kg | AH3: Qty KG | AI3: Fat% | AJ3: Snf% | AK3: FAT Kg | AL3: SNF Kg | AM3: Qty KG | AN3: FAT Kg | AO3: SNF Kg | AP3: TS Loss% | AQ3: Amount
A4: =CONCATENATE(B4,C4) -> 46174M | B4: 46174 | C4: M | D4: 465.1 | E4: 4.17 | F4: 8.07 | G4: =+D4*E4% -> 19.39467 | H4: =+D4*F4% -> 37.53357 | I4: 78.36 | J4: 80.7108 | K4: 5.1332312 | L4: 8.3776927 | M4: 0 | N4: 0 | O4: 0 | P4: 0 | Q4: 0 | R4: =+J4+O4 -> 80.7108 | S4: =+J4*K4%+O4*P4% -> 4.143072 | T4: =+J4*L4%+O4*Q4% -> 6.7617028 | U4: 0 | V4: 0 | W4: 0 | X4: 0 | Y4: 0 | Z4: 0 | AA4: =X4*Y4% -> 0 | AB4: =X4*Z4% -> 0 | AF4: =AC4*AD4% -> 0 | AG4: =AC4*AE4% -> 0 | AH4: 546 | AI4: 4.32 | AJ4: 8.11 | AK4: =AH4*AI4% -> 23.5872 | AL4: =AH4*AJ4% -> 44.2806 | AM4: =+D4+R4-AC4-AH4 -> -0.1892 | AN4: =+G4+S4-AF4-AK4 -> -0.049458 | AO4: =+H4+T4-AG4-AL4 -> 0.0146728 | AP4: =(AN4+AO4)/(S4+T4) -> -0.0031899054 | AQ4: =($AP$1*AN4+$AQ$1*AO4) -> -17.811013 | AR4: =(D4+J4+O4)-(X4+AH4) -> -0.1892
A5: =CONCATENATE(B5,C5) -> 46174E | B5: =+B4 -> 46174 | C5: E | D5: 546 | E5: 4.32 | F5: 8.11 | G5: =+D5*E5% -> 23.5872 | H5: =+D5*F5% -> 44.2806 | I5: 1564.27 | J5: 1611.1981 | K5: 4.5188299 | L5: 8.1907759 | M5: 0 | N5: 0 | O5: 0 | P5: 0 | Q5: 0 | R5: =+J5+O5 -> 1611.1981 | S5: =+J5*K5%+O5*P5% -> 72.807301 | T5: =+J5*L5%+O5*Q5% -> 131.96963 | U5: 0 | V5: 0 | W5: 0 | X5: 0 | Y5: 0 | Z5: 0 | AA5: =X5*Y5% -> 0 | AB5: =X5*Z5% -> 0 | AF5: =AC5*AD5% -> 0 | AG5: =AC5*AE5% -> 0 | AH5: 2157 | AI5: 3.92 | AJ5: 8.17 | AK5: =AH5*AI5% -> 84.5544 | AL5: =AH5*AJ5% -> 176.2269 | AM5: =+D5+R5-AC5-AH5 -> 0.1981 | AN5: =+G5+S5-AF5-AK5 -> 11.840101 | AO5: =+H5+T5-AG5-AL5 -> 0.0233255 | AP5: =(AN5+AO5)/(S5+T5) -> 0.057933414 | AQ5: =($AP$1*AN5+$AQ$1*AO5) -> 5322.1204 | AR5: =(D5+J5+O5)-(X5+AH5) -> 0.1981
A6: =CONCATENATE(B6,C6) -> 46175M | B6: =+B4+1 -> 46175 | C6: M | D6: 2157 | E6: 3.92 | F6: 8.17 | G6: =+D6*E6% -> 84.5544 | H6: =+D6*F6% -> 176.2269 | I6: 281.99 | J6: 290.4497 | K6: 5.0657257 | L6: 8.0440016 | M6: 0 | N6: 0 | O6: 0 | P6: 0 | Q6: 0 | R6: =+J6+O6 -> 290.4497 | S6: =+J6*K6%+O6*P6% -> 14.713385 | T6: =+J6*L6%+O6*Q6% -> 23.363778 | U6: 2950 | V6: 87610 | W6: Hasanpur | X6: 1790 | Y6: 4.3 | Z6: 7.77 | AA6: =X6*Y6% -> 76.97 | AB6: =X6*Z6% -> 139.083 | AC6: 1790 | AD6: 4.3 | AE6: 7.77 | AF6: =AC6*AD6% -> 76.97 | AG6: =AC6*AE6% -> 139.083 | AH6: 657 | AI6: 4.06 | AJ6: 8.15 | AK6: =AH6*AI6% -> 26.6742 | AL6: =AH6*AJ6% -> 53.5455 | AM6: =+D6+R6-AC6-AH6 -> 0.4497 | AN6: =+G6+S6-AF6-AK6 -> -4.3764148 | AO6: =+H6+T6-AG6-AL6 -> 6.9621784 | AP6: =(AN6+AO6)/(S6+T6) -> 0.067908514 | AQ6: =($AP$1*AN6+$AQ$1*AO6) -> 118.97797 | AR6: =(D6+J6+O6)-(X6+AH6) -> 0.4497
A7: =CONCATENATE(B7,C7) -> 46175E | B7: =+B5+1 -> 46175 | C7: E | D7: 657 | E7: 4.06 | F7: 8.15 | G7: =+D7*E7% -> 26.6742 | H7: =+D7*F7% -> 53.5455 | I7: 632.36 | J7: 651.3308 | K7: 4.529333 | L7: 8.1579306 | M7: 0 | N7: 0 | O7: 0 | P7: 0 | Q7: 0 | R7: =+J7+O7 -> 651.3308 | S7: =+J7*K7%+O7*P7% -> 29.500941 | T7: =+J7*L7%+O7*Q7% -> 53.135115 | U7: 0 | V7: 0 | W7: 0 | X7: 0 | Y7: 0 | Z7: 0 | AA7: =X7*Y7% -> 0 | AB7: =X7*Z7% -> 0 | AF7: =AC7*AD7% -> 0 | AG7: =AC7*AE7% -> 0 | AH7: 1308 | AI7: 4.28 | AJ7: 8.17 | AK7: =AH7*AI7% -> 55.9824 | AL7: =AH7*AJ7% -> 106.8636 | AM7: =+D7+R7-AC7-AH7 -> 0.3308 | AN7: =+G7+S7-AF7-AK7 -> 0.1927407 | AO7: =+H7+T7-AG7-AL7 -> -0.1829853 | AP7: =(AN7+AO7)/(S7+T7) -> 0.00011805259 | AQ7: =($AP$1*AN7+$AQ$1*AO7) -> 31.760607 | AR7: =(D7+J7+O7)-(X7+AH7) -> 0.3308
A8: =CONCATENATE(B8,C8) -> 46176M | B8: =+B6+1 -> 46176 | C8: M | D8: 1308 | E8: 4.28 | F8: 8.17 | G8: =+D8*E8% -> 55.9824 | H8: =+D8*F8% -> 106.8636 | I8: 290.19 | J8: 298.8957 | K8: 5.1413522 | L8: 8.2297805 | M8: 0 | N8: 0 | O8: 0 | P8: 0 | Q8: 0 | R8: =+J8+O8 -> 298.8957 | S8: =+J8*K8%+O8*P8% -> 15.367281 | T8: =+J8*L8%+O8*Q8% -> 24.59846 | U8: 2950 | V8: 87611 | W8: Hasanpur | X8: 1478 | Y8: 4.5 | Z8: 8.06 | AA8: =X8*Y8% -> 66.51 | AB8: =X8*Z8% -> 119.1268 | AC8: 1478 | AD8: 4.5 | AE8: 8.06 | AF8: =AC8*AD8% -> 66.51 | AG8: =AC8*AE8% -> 119.1268 | AH8: 0 | AI8: 0 | AJ8: 0 | AK8: =AH8*AI8% -> 0 | AL8: =AH8*AJ8% -> 0 | AM8: =+D8+R8-AC8-AH8 -> 128.8957 | AN8: =+G8+S8-AF8-AK8 -> 4.8396807 | AO8: =+H8+T8-AG8-AL8 -> 12.33526 | AP8: =(AN8+AO8)/(S8+T8) -> 0.42974158 | AQ8: =($AP$1*AN8+$AQ$1*AO8) -> 5864.1954 | AR8: =(D8+J8+O8)-(X8+AH8) -> 128.8957
A9: =CONCATENATE(B9,C9) -> 46176E | B9: =+B7+1 -> 46176 | C9: E | D9: 0 | E9: 0 | F9: 0 | G9: =+D9*E9% -> 0 | H9: =+D9*F9% -> 0 | I9: 1433.64 | J9: 1476.6492 | K9: 4.3695572 | L9: 8.1348616 | M9: 0 | N9: 0 | O9: 0 | P9: 0 | Q9: 0 | R9: =+J9+O9 -> 1476.6492 | S9: =+J9*K9%+O9*P9% -> 64.523032 | T9: =+J9*L9%+O9*Q9% -> 120.12337 | U9: 0 | V9: 0 | W9: 0 | X9: 0 | Y9: 0 | Z9: 0 | AA9: =X9*Y9% -> 0 | AB9: =X9*Z9% -> 0 | AF9: =AC9*AD9% -> 0 | AG9: =AC9*AE9% -> 0 | AH9: 1476 | AI9: 4.4 | AJ9: 8.1 | AK9: =AH9*AI9% -> 64.944 | AL9: =AH9*AJ9% -> 119.556 | AM9: =+D9+R9-AC9-AH9 -> 0.6492 | AN9: =+G9+S9-AF9-AK9 -> -0.4209684 | AO9: =+H9+T9-AG9-AL9 -> 0.5673689 | AP9: =(AN9+AO9)/(S9+T9) -> 0.0007928695 | AQ9: =($AP$1*AN9+$AQ$1*AO9) -> -19.178543 | AR9: =(D9+J9+O9)-(X9+AH9) -> 0.6492
A10: =CONCATENATE(B10,C10) -> 46177M | B10: =+B8+1 -> 46177 | C10: M | D10: 1476 | E10: 4.4 | F10: 8.1 | G10: =+D10*E10% -> 64.944 | H10: =+D10*F10% -> 119.556 | I10: 277.92 | J10: 286.2576 | K10: 5.1575561 | L10: 8.120747 | M10: 0 | N10: 0 | O10: 0 | P10: 0 | Q10: 0 | R10: =+J10+O10 -> 286.2576 | S10: =+J10*K10%+O10*P10% -> 14.763896 | T10: =+J10*L10%+O10*Q10% -> 23.246255 | U10: 2950 | V10: 87612 | W10: Hasanpur | X10: 2150 | Y10: 4.45 | Z10: 7.93 | AA10: =X10*Y10% -> 95.675 | AB10: =X10*Z10% -> 170.495 | AC10: 2150 | AD10: 4.45 | AE10: 7.93 | AF10: =AC10*AD10% -> 95.675 | AG10: =AC10*AE10% -> 170.495 | AH10: 0 | AI10: 0 | AJ10: 0 | AK10: =AH10*AI10% -> 0 | AL10: =AH10*AJ10% -> 0 | AM10: =+D10+R10-AC10-AH10 -> -387.7424 | AN10: =+G10+S10-AF10-AK10 -> -15.967104 | AO10: =+H10+T10-AG10-AL10 -> -27.692745 | AP10: =(AN10+AO10)/(S10+T10) -> -1.1486365 | AQ10: =($AP$1*AN10+$AQ$1*AO10) -> -15455.492 | AR10: =(D10+J10+O10)-(X10+AH10) -> -387.7424
A11: =CONCATENATE(B11,C11) -> 46177E | B11: =+B9+1 -> 46177 | C11: E | D11: 0 | E11: 0 | F11: 0 | G11: =+D11*E11% -> 0 | H11: =+D11*F11% -> 0 | I11: 713.61 | J11: 735.0183 | K11: 4.5622763 | L11: 8.0700298 | M11: 0 | N11: 0 | O11: 0 | P11: 0 | Q11: 0 | R11: =+J11+O11 -> 735.0183 | S11: =+J11*K11%+O11*P11% -> 33.533566 | T11: =+J11*L11%+O11*Q11% -> 59.316196 | U11: 0 | V11: 0 | W11: 0 | X11: 0 | Y11: 0 | Z11: 0 | AA11: =X11*Y11% -> 0 | AB11: =X11*Z11% -> 0 | AF11: =AC11*AD11% -> 0 | AG11: =AC11*AE11% -> 0 | AH11: 735 | AI11: 4.6 | AJ11: 8.1 | AK11: =AH11*AI11% -> 33.81 | AL11: =AH11*AJ11% -> 59.535 | AM11: =+D11+R11-AC11-AH11 -> 0.0183 | AN11: =+G11+S11-AF11-AK11 -> -0.2764342 | AO11: =+H11+T11-AG11-AL11 -> -0.2188038 | AP11: =(AN11+AO11)/(S11+T11) -> -0.0053337563 | AQ11: =($AP$1*AN11+$AQ$1*AO11) -> -189.57622 | AR11: =(D11+J11+O11)-(X11+AH11) -> 0.0183
A12: =CONCATENATE(B12,C12) -> 46178M | B12: =+B10+1 -> 46178 | C12: M | D12: 735 | E12: 4.6 | F12: 8.1 | G12: =+D12*E12% -> 33.81 | H12: =+D12*F12% -> 59.535 | I12: 305.4 | J12: 314.562 | K12: 5.1 | L12: 8.1 | M12: 0 | N12: 0 | O12: 0 | P12: 0 | Q12: 0 | R12: =+J12+O12 -> 314.562 | S12: =+J12*K12%+O12*P12% -> 16.042662 | T12: =+J12*L12%+O12*Q12% -> 25.479522 | U12: 0 | V12: 0 | W12: 0 | X12: 0 | Y12: 0 | Z12: 0 | AA12: =X12*Y12% -> 0 | AB12: =X12*Z12% -> 0 | AF12: =AC12*AD12% -> 0 | AG12: =AC12*AE12% -> 0 | AH12: 1050 | AI12: 4.75 | AJ12: 8.1 | AK12: =AH12*AI12% -> 49.875 | AL12: =AH12*AJ12% -> 85.05 | AM12: =+D12+R12-AC12-AH12 -> -0.438 | AN12: =+G12+S12-AF12-AK12 -> -0.022338 | AO12: =+H12+T12-AG12-AL12 -> -0.035478 | AP12: =(AN12+AO12)/(S12+T12) -> -0.0013924123 | AQ12: =($AP$1*AN12+$AQ$1*AO12) -> -20.645371 | AR12: =(D12+J12+O12)-(X12+AH12) -> -0.438
A13: =CONCATENATE(B13,C13) -> 46178E | B13: =+B11+1 -> 46178 | C13: E | D13: 1050 | E13: 4.75 | F13: 8.1 | G13: =+D13*E13% -> 49.875 | H13: =+D13*F13% -> 85.05 | I13: 1307 | J13: 1346.21 | K13: 4.2 | L13: 8.3 | M13: 0 | N13: 0 | O13: 0 | P13: 0 | Q13: 0 | R13: =+J13+O13 -> 1346.21 | S13: =+J13*K13%+O13*P13% -> 56.54082 | T13: =+J13*L13%+O13*Q13% -> 111.73543 | U13: 2950 | V13: 87029 | W13: Hasanpur | X13: 1740 | Y13: 4.2 | Z13: 7.6 | AA13: =X13*Y13% -> 73.08 | AB13: =X13*Z13% -> 132.24 | AC13: 1740 | AD13: 4.2 | AE13: 7.6 | AF13: =AC13*AD13% -> 73.08 | AG13: =AC13*AE13% -> 132.24 | AH13: 656 | AI13: 4.44 | AJ13: 8.21 | AK13: =AH13*AI13% -> 29.1264 | AL13: =AH13*AJ13% -> 53.8576 | AM13: =+D13+R13-AC13-AH13 -> 0.21 | AN13: =+G13+S13-AF13-AK13 -> 4.20942 | AO13: =+H13+T13-AG13-AL13 -> 10.68783 | AP13: =(AN13+AO13)/(S13+T13) -> 0.088528536 | AQ13: =($AP$1*AN13+$AQ$1*AO13) -> 5088.2332 | AR13: =(D13+J13+O13)-(X13+AH13) -> 0.21
A14: =CONCATENATE(B14,C14) -> 46179M | B14: =+B12+1 -> 46179 | C14: M | D14: 656 | E14: 4.44 | F14: 8.21 | G14: =+D14*E14% -> 29.1264 | H14: =+D14*F14% -> 53.8576 | I14: 504.8 | J14: 519.944 | K14: 4.7 | L14: 8.2 | M14: 0 | N14: 0 | O14: 0 | P14: 0 | Q14: 0 | R14: =+J14+O14 -> 519.944 | S14: =+J14*K14%+O14*P14% -> 24.437368 | T14: =+J14*L14%+O14*Q14% -> 42.635408 | U14: 0 | V14: 0 | W14: 0 | X14: 0 | Y14: 0 | Z14: 0 | AA14: =X14*Y14% -> 0 | AB14: =X14*Z14% -> 0 | AF14: =AC14*AD14% -> 0 | AG14: =AC14*AE14% -> 0 | AH14: 1175 | AI14: 4.56 | AJ14: 8.21 | AK14: =AH14*AI14% -> 53.58 | AL14: =AH14*AJ14% -> 96.4675 | AM14: =+D14+R14-AC14-AH14 -> 0.944 | AN14: =+G14+S14-AF14-AK14 -> -0.016232 | AO14: =+H14+T14-AG14-AL14 -> 0.025508 | AP14: =(AN14+AO14)/(S14+T14) -> 0.00013829754 | AQ14: =($AP$1*AN14+$AQ$1*AO14) -> 0.34715707 | AR14: =(D14+J14+O14)-(X14+AH14) -> 0.944
A15: =CONCATENATE(B15,C15) -> 46179E | B15: =+B13+1 -> 46179 | C15: E | D15: 1175 | E15: 4.56 | F15: 8.21 | G15: =+D15*E15% -> 53.58 | H15: =+D15*F15% -> 96.4675 | I15: 441.2 | J15: 454.436 | K15: 4.2 | L15: 8 | M15: 0 | N15: 0 | O15: 0 | P15: 0 | Q15: 0 | R15: =+J15+O15 -> 454.436 | S15: =+J15*K15%+O15*P15% -> 19.086312 | T15: =+J15*L15%+O15*Q15% -> 36.35488 | U15: 0 | V15: 0 | W15: 0 | X15: 0 | Y15: 0 | Z15: 0 | AA15: =X15*Y15% -> 0 | AB15: =X15*Z15% -> 0 | AF15: =AC15*AD15% -> 0 | AG15: =AC15*AE15% -> 0 | AH15: 1630 | AI15: 4.45 | AJ15: 8.14 | AK15: =AH15*AI15% -> 72.535 | AL15: =AH15*AJ15% -> 132.682 | AM15: =+D15+R15-AC15-AH15 -> -0.564 | AN15: =+G15+S15-AF15-AK15 -> 0.131312 | AO15: =+H15+T15-AG15-AL15 -> 0.14038 | AP15: =(AN15+AO15)/(S15+T15) -> 0.004900544 | AQ15: =($AP$1*AN15+$AQ$1*AO15) -> 100.95926 | AR15: =(D15+J15+O15)-(X15+AH15) -> -0.564
A16: =CONCATENATE(B16,C16) -> 46180M | B16: =+B14+1 -> 46180 | C16: M | D16: 1630 | E16: 4.45 | F16: 8.14 | G16: =+D16*E16% -> 72.535 | H16: =+D16*F16% -> 132.682 | I16: 265.3 | J16: 273.259 | K16: 4.7 | L16: 8.1 | M16: 0 | N16: 0 | O16: 0 | P16: 0 | Q16: 0 | R16: =+J16+O16 -> 273.259 | S16: =+J16*K16%+O16*P16% -> 12.843173 | T16: =+J16*L16%+O16*Q16% -> 22.133979 | U16: 2950 | V16: 87030 | W16: Hasanpur | X16: 2270 | Y16: 4.4 | Z16: 8 | AA16: =X16*Y16% -> 99.88 | AB16: =X16*Z16% -> 181.6 | AC16: 2270 | AD16: 4.2 | AE16: 8 | AF16: =AC16*AD16% -> 95.34 | AG16: =AC16*AE16% -> 181.6 | AH16: 0 | AI16: 0 | AJ16: 0 | AK16: =AH16*AI16% -> 0 | AL16: =AH16*AJ16% -> 0 | AM16: =+D16+R16-AC16-AH16 -> -366.741 | AN16: =+G16+S16-AF16-AK16 -> -9.961827 | AO16: =+H16+T16-AG16-AL16 -> -26.784021 | AP16: =(AN16+AO16)/(S16+T16) -> -1.0505672 | AQ16: =($AP$1*AN16+$AQ$1*AO16) -> -12487.707 | AR16: =(D16+J16+O16)-(X16+AH16) -> -366.741
A17: =CONCATENATE(B17,C17) -> 46180E | B17: =+B15+1 -> 46180 | C17: E | D17: 0 | E17: 0 | F17: 0 | G17: =+D17*E17% -> 0 | H17: =+D17*F17% -> 0 | I17: 1057.5 | J17: 1089.225 | K17: 4.2 | L17: 8.2 | M17: 0 | N17: 0 | O17: 0 | P17: 0 | Q17: 0 | R17: =+J17+O17 -> 1089.225 | S17: =+J17*K17%+O17*P17% -> 45.74745 | T17: =+J17*L17%+O17*Q17% -> 89.31645 | U17: 0 | V17: 0 | W17: 0 | X17: 0 | Y17: 0 | Z17: 0 | AA17: =X17*Y17% -> 0 | AB17: =X17*Z17% -> 0 | AF17: =AC17*AD17% -> 0 | AG17: =AC17*AE17% -> 0 | AH17: 1089 | AI17: 4.2 | AJ17: 8.2 | AK17: =AH17*AI17% -> 45.738 | AL17: =AH17*AJ17% -> 89.298 | AM17: =+D17+R17-AC17-AH17 -> 0.225 | AN17: =+G17+S17-AF17-AK17 -> 0.00945 | AO17: =+H17+T17-AG17-AL17 -> 0.01845 | AP17: =(AN17+AO17)/(S17+T17) -> 0.00020656889 | AQ17: =($AP$1*AN17+$AQ$1*AO17) -> 9.7637925 | AR17: =(D17+J17+O17)-(X17+AH17) -> 0.225
A18: =CONCATENATE(B18,C18) -> 46181M | B18: =+B16+1 -> 46181 | C18: M | D18: 1089 | E18: 4.2 | F18: 8.2 | G18: =+D18*E18% -> 45.738 | H18: =+D18*F18% -> 89.298 | I18: 329.7 | J18: 339.591 | K18: 5.2 | L18: 8.2 | M18: 0 | N18: 0 | O18: 0 | P18: 0 | Q18: 0 | R18: =+J18+O18 -> 339.591 | S18: =+J18*K18%+O18*P18% -> 17.658732 | T18: =+J18*L18%+O18*Q18% -> 27.846462 | U18: 2950 | V18: 87031 | W18: Hasanpur | X18: 1370 | Y18: 4.1 | Z18: 8 | AA18: =X18*Y18% -> 56.17 | AB18: =X18*Z18% -> 109.6 | AC18: 1370 | AD18: 4.1 | AE18: 8 | AF18: =AC18*AD18% -> 56.17 | AG18: =AC18*AE18% -> 109.6 | AH18: 0 | AI18: 0 | AJ18: 0 | AK18: =AH18*AI18% -> 0 | AL18: =AH18*AJ18% -> 0 | AM18: =+D18+R18-AC18-AH18 -> 58.591 | AN18: =+G18+S18-AF18-AK18 -> 7.226732 | AO18: =+H18+T18-AG18-AL18 -> 7.544462 | AP18: =(AN18+AO18)/(S18+T18) -> 0.32460457 | AQ18: =($AP$1*AN18+$AQ$1*AO18) -> 5502.0086 | AR18: =(D18+J18+O18)-(X18+AH18) -> 58.591
A19: =CONCATENATE(B19,C19) -> 46181E | B19: =+B17+1 -> 46181 | C19: E | D19: 0 | E19: 0 | F19: 0 | G19: =+D19*E19% -> 0 | H19: =+D19*F19% -> 0 | I19: 948.2 | J19: 976.646 | K19: 4.3 | L19: 8 | M19: 0 | N19: 0 | O19: 0 | P19: 0 | Q19: 0 | R19: =+J19+O19 -> 976.646 | S19: =+J19*K19%+O19*P19% -> 41.995778 | T19: =+J19*L19%+O19*Q19% -> 78.13168 | U19: 0 | V19: 0 | W19: 0 | X19: 0 | Y19: 0 | Z19: 0 | AA19: =X19*Y19% -> 0 | AB19: =X19*Z19% -> 0 | AF19: =AC19*AD19% -> 0 | AG19: =AC19*AE19% -> 0 | AH19: 976.6 | AI19: 4.3 | AJ19: 8 | AK19: =AH19*AI19% -> 41.9938 | AL19: =AH19*AJ19% -> 78.128 | AM19: =+D19+R19-AC19-AH19 -> 0.046 | AN19: =+G19+S19-AF19-AK19 -> 0.001978 | AO19: =+H19+T19-AG19-AL19 -> 0.00368 | AP19: =(AN19+AO19)/(S19+T19) -> 4.7099973e-05 | AQ19: =($AP$1*AN19+$AQ$1*AO19) -> 1.9892698 | AR19: =(D19+J19+O19)-(X19+AH19) -> 0.046
A20: =CONCATENATE(B20,C20) -> 46182M | B20: =+B18+1 -> 46182 | C20: M | D20: 976.6 | E20: 4.3 | F20: 8 | G20: =+D20*E20% -> 41.9938 | H20: =+D20*F20% -> 78.128 | I20: 295.2 | J20: 304.056 | K20: 5.1 | L20: 8.1 | M20: 0 | N20: 0 | O20: 0 | P20: 0 | Q20: 0 | R20: =+J20+O20 -> 304.056 | S20: =+J20*K20%+O20*P20% -> 15.506856 | T20: =+J20*L20%+O20*Q20% -> 24.628536 | U20: 2950 | V20: 87032 | W20: Hasanpur | X20: 1480 | Y20: 4 | Z20: 7.95 | AA20: =X20*Y20% -> 59.2 | AB20: =X20*Z20% -> 117.66 | AC20: 1486 | AD20: 4 | AE20: 7.96 | AF20: =AC20*AD20% -> 59.44 | AG20: =AC20*AE20% -> 118.2856 | AH20: 0 | AI20: 0 | AJ20: 0 | AK20: =AH20*AI20% -> 0 | AL20: =AH20*AJ20% -> 0 | AM20: =+D20+R20-AC20-AH20 -> -205.344 | AN20: =+G20+S20-AF20-AK20 -> -1.939344 | AO20: =+H20+T20-AG20-AL20 -> -15.529064 | AP20: =(AN20+AO20)/(S20+T20) -> -0.43523701 | AQ20: =($AP$1*AN20+$AQ$1*AO20) -> -5518.0257 | AR20: =(D20+J20+O20)-(X20+AH20) -> -199.344
A21: =CONCATENATE(B21,C21) -> 46182E | B21: =+B19+1 -> 46182 | C21: E | D21: 0 | E21: 0 | F21: 0 | G21: =+D21*E21% -> 0 | H21: =+D21*F21% -> 0 | I21: 1088.1 | J21: 1120.743 | K21: 4.3 | L21: 8.1 | M21: 0 | N21: 0 | O21: 0 | P21: 0 | Q21: 0 | R21: =+J21+O21 -> 1120.743 | S21: =+J21*K21%+O21*P21% -> 48.191949 | T21: =+J21*L21%+O21*Q21% -> 90.780183 | U21: 0 | V21: 0 | W21: 0 | X21: 0 | Y21: 0 | Z21: 0 | AA21: =X21*Y21% -> 0 | AB21: =X21*Z21% -> 0 | AF21: =AC21*AD21% -> 0 | AG21: =AC21*AE21% -> 0 | AH21: 1120 | AI21: 4.3 | AJ21: 8.1 | AK21: =AH21*AI21% -> 48.16 | AL21: =AH21*AJ21% -> 90.72 | AM21: =+D21+R21-AC21-AH21 -> 0.743 | AN21: =+G21+S21-AF21-AK21 -> 0.031949 | AO21: =+H21+T21-AG21-AL21 -> 0.060183 | AP21: =(AN21+AO21)/(S21+T21) -> 0.00066295306 | AQ21: =($AP$1*AN21+$AQ$1*AO21) -> 32.353393 | AR21: =(D21+J21+O21)-(X21+AH21) -> 0.743
A22: =CONCATENATE(B22,C22) -> 46183M | B22: =+B20+1 -> 46183 | C22: M | D22: 1120 | E22: 4.3 | F22: 8.1 | G22: =+D22*E22% -> 48.16 | H22: =+D22*F22% -> 90.72 | I22: 298.5 | J22: 307.455 | K22: 5 | L22: 8 | M22: 0 | N22: 0 | O22: 0 | P22: 0 | Q22: 0 | R22: =+J22+O22 -> 307.455 | S22: =+J22*K22%+O22*P22% -> 15.37275 | T22: =+J22*L22%+O22*Q22% -> 24.5964 | U22: 0 | V22: 0 | W22: 0 | X22: 0 | Y22: 0 | Z22: 0 | AA22: =X22*Y22% -> 0 | AB22: =X22*Z22% -> 0 | AF22: =AC22*AD22% -> 0 | AG22: =AC22*AE22% -> 0 | AH22: 1428 | AI22: 4.45 | AJ22: 8.07 | AK22: =AH22*AI22% -> 63.546 | AL22: =AH22*AJ22% -> 115.2396 | AM22: =+D22+R22-AC22-AH22 -> -0.545 | AN22: =+G22+S22-AF22-AK22 -> -0.01325 | AO22: =+H22+T22-AG22-AL22 -> 0.0768 | AP22: =(AN22+AO22)/(S22+T22) -> 0.0015899763 | AQ22: =($AP$1*AN22+$AQ$1*AO22) -> 17.036134 | AR22: =(D22+J22+O22)-(X22+AH22) -> -0.545
A23: =CONCATENATE(B23,C23) -> 46183E | B23: =+B21+1 -> 46183 | C23: E | D23: 1428 | E23: 4.45 | F23: 8.07 | G23: =+D23*E23% -> 63.546 | H23: =+D23*F23% -> 115.2396 | I23: 934.6 | J23: 962.638 | K23: 4.3 | L23: 8 | M23: 0 | N23: 0 | O23: 0 | P23: 0 | Q23: 0 | R23: =+J23+O23 -> 962.638 | S23: =+J23*K23%+O23*P23% -> 41.393434 | T23: =+J23*L23%+O23*Q23% -> 77.01104 | U23: 2950 | V23: 83492 | W23: Hasanpur | X23: 1545 | Y23: 4.2 | Z23: 7.85 | AA23: =X23*Y23% -> 64.89 | AB23: =X23*Z23% -> 121.2825 | AC23: 1545 | AD23: 4.2 | AE23: 7.85 | AF23: =AC23*AD23% -> 64.89 | AG23: =AC23*AE23% -> 121.2825 | AH23: 846 | AI23: 4.38 | AJ23: 8.04 | AK23: =AH23*AI23% -> 37.0548 | AL23: =AH23*AJ23% -> 68.0184 | AM23: =+D23+R23-AC23-AH23 -> -0.362 | AN23: =+G23+S23-AF23-AK23 -> 2.994634 | AO23: =+H23+T23-AG23-AL23 -> 2.94974 | AP23: =(AN23+AO23)/(S23+T23) -> 0.050203964 | AQ23: =($AP$1*AN23+$AQ$1*AO23) -> 2227.0997 | AR23: =(D23+J23+O23)-(X23+AH23) -> -0.362
A24: =CONCATENATE(B24,C24) -> 46184M | B24: =+B22+1 -> 46184 | C24: M | D24: 846 | E24: 4.38 | F24: 8.04 | G24: =+D24*E24% -> 37.0548 | H24: =+D24*F24% -> 68.0184 | I24: 271.3 | J24: 279.439 | K24: 5.2 | L24: 8.2 | M24: 0 | N24: 0 | O24: 0 | P24: 0 | Q24: 0 | R24: =+J24+O24 -> 279.439 | S24: =+J24*K24%+O24*P24% -> 14.530828 | T24: =+J24*L24%+O24*Q24% -> 22.913998 | U24: 0 | V24: 0 | W24: 0 | X24: 0 | Y24: 0 | Z24: 0 | AA24: =X24*Y24% -> 0 | AB24: =X24*Z24% -> 0 | AF24: =AC24*AD24% -> 0 | AG24: =AC24*AE24% -> 0 | AH24: 1126 | AI24: 4.58 | AJ24: 8.07 | AK24: =AH24*AI24% -> 51.5708 | AL24: =AH24*AJ24% -> 90.8682 | AM24: =+D24+R24-AC24-AH24 -> -0.561 | AN24: =+G24+S24-AF24-AK24 -> 0.014828 | AO24: =+H24+T24-AG24-AL24 -> 0.064198 | AP24: =(AN24+AO24)/(S24+T24) -> 0.0021104651 | AQ24: =($AP$1*AN24+$AQ$1*AO24) -> 25.869187 | AR24: =(D24+J24+O24)-(X24+AH24) -> -0.561
A25: =CONCATENATE(B25,C25) -> 46184E | B25: =+B23+1 -> 46184 | C25: E | D25: 1126 | E25: 4.58 | F25: 8.07 | G25: =+D25*E25% -> 51.5708 | H25: =+D25*F25% -> 90.8682 | I25: 588.7 | J25: 606.361 | K25: 4.2 | L25: 8 | M25: 0 | N25: 0 | O25: 0 | P25: 0 | Q25: 0 | R25: =+J25+O25 -> 606.361 | S25: =+J25*K25%+O25*P25% -> 25.467162 | T25: =+J25*L25%+O25*Q25% -> 48.50888 | U25: 00 | V25: 0 | W25: 0 | X25: 0 | Y25: 0 | Z25: 0 | AA25: =X25*Y25% -> 0 | AB25: =X25*Z25% -> 0 | AF25: =AC25*AD25% -> 0 | AG25: =AC25*AE25% -> 0 | AH25: 1732 | AI25: 4.45 | AJ25: 8.04 | AK25: =AH25*AI25% -> 77.074 | AL25: =AH25*AJ25% -> 139.2528 | AM25: =+D25+R25-AC25-AH25 -> 0.361 | AN25: =+G25+S25-AF25-AK25 -> -0.036038 | AO25: =+H25+T25-AG25-AL25 -> 0.12428 | AP25: =(AN25+AO25)/(S25+T25) -> 0.0011928457 | AQ25: =($AP$1*AN25+$AQ$1*AO25) -> 21.015871 | AR25: =(D25+J25+O25)-(X25+AH25) -> 0.361
A26: =CONCATENATE(B26,C26) -> 46185M | B26: =+B24+1 -> 46185 | C26: M | G26: =+D26*E26% -> 0 | H26: =+D26*F26% -> 0 | R26: =+J26+O26 -> 0 | S26: =+J26*K26%+O26*P26% -> 0 | T26: =+J26*L26%+O26*Q26% -> 0 | AA26: =X26*Y26% -> 0 | AB26: =X26*Z26% -> 0 | AF26: =AC26*AD26% -> 0 | AG26: =AC26*AE26% -> 0 | AK26: =AH26*AI26% -> 0 | AL26: =AH26*AJ26% -> 0 | AM26: =+D26+R26-AC26-AH26 -> 0 | AN26: =+G26+S26-AF26-AK26 -> 0 | AO26: =+H26+T26-AG26-AL26 -> 0 | AP26: =(AN26+AO26)/(S26+T26) -> #DIV/0! | AQ26: =($AP$1*AN26+$AQ$1*AO26) -> 0 | AR26: =(D26+J26+O26)-(X26+AH26) -> 0
A27: =CONCATENATE(B27,C27) -> 46185E | B27: =+B25+1 -> 46185 | C27: E | G27: =+D27*E27% -> 0 | H27: =+D27*F27% -> 0 | R27: =+J27+O27 -> 0 | S27: =+J27*K27%+O27*P27% -> 0 | T27: =+J27*L27%+O27*Q27% -> 0 | AA27: =X27*Y27% -> 0 | AB27: =X27*Z27% -> 0 | AF27: =AC27*AD27% -> 0 | AG27: =AC27*AE27% -> 0 | AK27: =AH27*AI27% -> 0 | AL27: =AH27*AJ27% -> 0 | AM27: =+D27+R27-AC27-AH27 -> 0 | AN27: =+G27+S27-AF27-AK27 -> 0 | AO27: =+H27+T27-AG27-AL27 -> 0 | AP27: =(AN27+AO27)/(S27+T27) -> #DIV/0! | AQ27: =($AP$1*AN27+$AQ$1*AO27) -> 0 | AR27: =(D27+J27+O27)-(X27+AH27) -> 0
A28: =CONCATENATE(B28,C28) -> 46186M | B28: =+B26+1 -> 46186 | C28: M | G28: =+D28*E28% -> 0 | H28: =+D28*F28% -> 0 | R28: =+J28+O28 -> 0 | S28: =+J28*K28%+O28*P28% -> 0 | T28: =+J28*L28%+O28*Q28% -> 0 | AA28: =X28*Y28% -> 0 | AB28: =X28*Z28% -> 0 | AF28: =AC28*AD28% -> 0 | AG28: =AC28*AE28% -> 0 | AK28: =AH28*AI28% -> 0 | AL28: =AH28*AJ28% -> 0 | AM28: =+D28+R28-AC28-AH28 -> 0 | AN28: =+G28+S28-AF28-AK28 -> 0 | AO28: =+H28+T28-AG28-AL28 -> 0 | AP28: =(AN28+AO28)/(S28+T28) -> #DIV/0! | AQ28: =($AP$1*AN28+$AQ$1*AO28) -> 0 | AR28: =(D28+J28+O28)-(X28+AH28) -> 0
A29: =CONCATENATE(B29,C29) -> 46186E | B29: =+B27+1 -> 46186 | C29: E | G29: =+D29*E29% -> 0 | H29: =+D29*F29% -> 0 | R29: =+J29+O29 -> 0 | S29: =+J29*K29%+O29*P29% -> 0 | T29: =+J29*L29%+O29*Q29% -> 0 | AA29: =X29*Y29% -> 0 | AB29: =X29*Z29% -> 0 | AF29: =AC29*AD29% -> 0 | AG29: =AC29*AE29% -> 0 | AK29: =AH29*AI29% -> 0 | AL29: =AH29*AJ29% -> 0 | AM29: =+D29+R29-AC29-AH29 -> 0 | AN29: =+G29+S29-AF29-AK29 -> 0 | AO29: =+H29+T29-AG29-AL29 -> 0 | AP29: =(AN29+AO29)/(S29+T29) -> #DIV/0! | AQ29: =($AP$1*AN29+$AQ$1*AO29) -> 0 | AR29: =(D29+J29+O29)-(X29+AH29) -> 0
A30: =CONCATENATE(B30,C30) -> 46187M | B30: =+B28+1 -> 46187 | C30: M | G30: =+D30*E30% -> 0 | H30: =+D30*F30% -> 0 | R30: =+J30+O30 -> 0 | S30: =+J30*K30%+O30*P30% -> 0 | T30: =+J30*L30%+O30*Q30% -> 0 | AA30: =X30*Y30% -> 0 | AB30: =X30*Z30% -> 0 | AF30: =AC30*AD30% -> 0 | AG30: =AC30*AE30% -> 0 | AK30: =AH30*AI30% -> 0 | AL30: =AH30*AJ30% -> 0 | AM30: =+D30+R30-AC30-AH30 -> 0 | AN30: =+G30+S30-AF30-AK30 -> 0 | AO30: =+H30+T30-AG30-AL30 -> 0 | AP30: =(AN30+AO30)/(S30+T30) -> #DIV/0! | AQ30: =($AP$1*AN30+$AQ$1*AO30) -> 0 | AR30: =(D30+J30+O30)-(X30+AH30) -> 0
A31: =CONCATENATE(B31,C31) -> 46187E | B31: =+B29+1 -> 46187 | C31: E | G31: =+D31*E31% -> 0 | H31: =+D31*F31% -> 0 | R31: =+J31+O31 -> 0 | S31: =+J31*K31%+O31*P31% -> 0 | T31: =+J31*L31%+O31*Q31% -> 0 | AA31: =X31*Y31% -> 0 | AB31: =X31*Z31% -> 0 | AF31: =AC31*AD31% -> 0 | AG31: =AC31*AE31% -> 0 | AK31: =AH31*AI31% -> 0 | AL31: =AH31*AJ31% -> 0 | AM31: =+D31+R31-AC31-AH31 -> 0 | AN31: =+G31+S31-AF31-AK31 -> 0 | AO31: =+H31+T31-AG31-AL31 -> 0 | AP31: =(AN31+AO31)/(S31+T31) -> #DIV/0! | AQ31: =($AP$1*AN31+$AQ$1*AO31) -> 0 | AR31: =(D31+J31+O31)-(X31+AH31) -> 0
A32: =CONCATENATE(B32,C32) -> 46188M | B32: =+B30+1 -> 46188 | C32: M | G32: =+D32*E32% -> 0 | H32: =+D32*F32% -> 0 | R32: =+J32+O32 -> 0 | S32: =+J32*K32%+O32*P32% -> 0 | T32: =+J32*L32%+O32*Q32% -> 0 | AA32: =X32*Y32% -> 0 | AB32: =X32*Z32% -> 0 | AF32: =AC32*AD32% -> 0 | AG32: =AC32*AE32% -> 0 | AK32: =AH32*AI32% -> 0 | AL32: =AH32*AJ32% -> 0 | AM32: =+D32+R32-AC32-AH32 -> 0 | AN32: =+G32+S32-AF32-AK32 -> 0 | AO32: =+H32+T32-AG32-AL32 -> 0 | AP32: =(AN32+AO32)/(S32+T32) -> #DIV/0! | AQ32: =($AP$1*AN32+$AQ$1*AO32) -> 0 | AR32: =(D32+J32+O32)-(X32+AH32) -> 0
A33: =CONCATENATE(B33,C33) -> 46188E | B33: =+B31+1 -> 46188 | C33: E | G33: =+D33*E33% -> 0 | H33: =+D33*F33% -> 0 | R33: =+J33+O33 -> 0 | S33: =+J33*K33%+O33*P33% -> 0 | T33: =+J33*L33%+O33*Q33% -> 0 | AA33: =X33*Y33% -> 0 | AB33: =X33*Z33% -> 0 | AF33: =AC33*AD33% -> 0 | AG33: =AC33*AE33% -> 0 | AK33: =AH33*AI33% -> 0 | AL33: =AH33*AJ33% -> 0 | AM33: =+D33+R33-AC33-AH33 -> 0 | AN33: =+G33+S33-AF33-AK33 -> 0 | AO33: =+H33+T33-AG33-AL33 -> 0 | AP33: =(AN33+AO33)/(S33+T33) -> #DIV/0! | AQ33: =($AP$1*AN33+$AQ$1*AO33) -> 0 | AR33: =(D33+J33+O33)-(X33+AH33) -> 0
A34: =CONCATENATE(B34,C34) -> 46189M | B34: =+B32+1 -> 46189 | C34: M | G34: =+D34*E34% -> 0 | H34: =+D34*F34% -> 0 | R34: =+J34+O34 -> 0 | S34: =+J34*K34%+O34*P34% -> 0 | T34: =+J34*L34%+O34*Q34% -> 0 | AA34: =X34*Y34% -> 0 | AB34: =X34*Z34% -> 0 | AF34: =AC34*AD34% -> 0 | AG34: =AC34*AE34% -> 0 | AK34: =AH34*AI34% -> 0 | AL34: =AH34*AJ34% -> 0 | AM34: =+D34+R34-AC34-AH34 -> 0 | AN34: =+G34+S34-AF34-AK34 -> 0 | AO34: =+H34+T34-AG34-AL34 -> 0 | AP34: =(AN34+AO34)/(S34+T34) -> #DIV/0! | AQ34: =($AP$1*AN34+$AQ$1*AO34) -> 0 | AR34: =(D34+J34+O34)-(X34+AH34) -> 0
A35: =CONCATENATE(B35,C35) -> 46189E | B35: =+B33+1 -> 46189 | C35: E | G35: =+D35*E35% -> 0 | H35: =+D35*F35% -> 0 | R35: =+J35+O35 -> 0 | S35: =+J35*K35%+O35*P35% -> 0 | T35: =+J35*L35%+O35*Q35% -> 0 | AA35: =X35*Y35% -> 0 | AB35: =X35*Z35% -> 0 | AF35: =AC35*AD35% -> 0 | AG35: =AC35*AE35% -> 0 | AK35: =AH35*AI35% -> 0 | AL35: =AH35*AJ35% -> 0 | AM35: =+D35+R35-AC35-AH35 -> 0 | AN35: =+G35+S35-AF35-AK35 -> 0 | AO35: =+H35+T35-AG35-AL35 -> 0 | AP35: =(AN35+AO35)/(S35+T35) -> #DIV/0! | AQ35: =($AP$1*AN35+$AQ$1*AO35) -> 0 | AR35: =(D35+J35+O35)-(X35+AH35) -> 0
A36: =CONCATENATE(B36,C36) -> 46190M | B36: =+B34+1 -> 46190 | C36: M | G36: =+D36*E36% -> 0 | H36: =+D36*F36% -> 0 | R36: =+J36+O36 -> 0 | S36: =+J36*K36%+O36*P36% -> 0 | T36: =+J36*L36%+O36*Q36% -> 0 | AA36: =X36*Y36% -> 0 | AB36: =X36*Z36% -> 0 | AF36: =AC36*AD36% -> 0 | AG36: =AC36*AE36% -> 0 | AK36: =AH36*AI36% -> 0 | AL36: =AH36*AJ36% -> 0 | AM36: =+D36+R36-AC36-AH36 -> 0 | AN36: =+G36+S36-AF36-AK36 -> 0 | AO36: =+H36+T36-AG36-AL36 -> 0 | AP36: =(AN36+AO36)/(S36+T36) -> #DIV/0! | AQ36: =($AP$1*AN36+$AQ$1*AO36) -> 0 | AR36: =(D36+J36+O36)-(X36+AH36) -> 0
A37: =CONCATENATE(B37,C37) -> 46190E | B37: =+B35+1 -> 46190 | C37: E | G37: =+D37*E37% -> 0 | H37: =+D37*F37% -> 0 | R37: =+J37+O37 -> 0 | S37: =+J37*K37%+O37*P37% -> 0 | T37: =+J37*L37%+O37*Q37% -> 0 | AA37: =X37*Y37% -> 0 | AB37: =X37*Z37% -> 0 | AF37: =AC37*AD37% -> 0 | AG37: =AC37*AE37% -> 0 | AK37: =AH37*AI37% -> 0 | AL37: =AH37*AJ37% -> 0 | AM37: =+D37+R37-AC37-AH37 -> 0 | AN37: =+G37+S37-AF37-AK37 -> 0 | AO37: =+H37+T37-AG37-AL37 -> 0 | AP37: =(AN37+AO37)/(S37+T37) -> #DIV/0! | AQ37: =($AP$1*AN37+$AQ$1*AO37) -> 0 | AR37: =(D37+J37+O37)-(X37+AH37) -> 0
... A65: =CONCATENATE(B65,C65) -> 46204E | B65: =+B63+1 -> 46204 | C65: E | G65: =+D65*E65% -> 0 | H65: =+D65*F65% -> 0 | R65: =+J65+O65 -> 0 | S65: =+J65*K65%+O65*P65% -> 0 | T65: =+J65*L65%+O65*Q65% -> 0 | AA65: =X65*Y65% -> 0 | AB65: =X65*Z65% -> 0 | AF65: =AC65*AD65% -> 0 | AG65: =AC65*AE65% -> 0 | AK65: =AH65*AI65% -> 0 | AL65: =AH65*AJ65% -> 0 | AM65: =+D65+R65-AC65-AH65 -> 0 | AN65: =+G65+S65-AF65-AK65 -> 0 | AO65: =+H65+T65-AG65-AL65 -> 0 | AP65: =(AN65+AO65)/(S65+T65) -> #DIV/0! | AQ65: =($AP$1*AN65+$AQ$1*AO65) -> 0 | AR65: =(D65+J65+O65)-(X65+AH65) -> 0
J66: =SUM(J4:J65) -> 14325.075 | AM66: =-SUM(AM4:AM65) -> 770.8248 | AN66: =-SUM(AN4:AN65) -> 1.5865826 | AO66: =-SUM(AO4:AO65) -> 28.84478 | AP66: =-SUM(AP4:AP65) -> #DIV/0! | AQ66: =-SUM(AQ4:AQ65) -> 9344.7063

Sheet Sahibpur Kamal
B1: S Kamal Bmc | AG1: 392 | AP1: =Sumarry!$K$4 -> 448.91 | AQ1: =Sumarry!$L$4 -> 299.27333
B2: Date | C2: Shift | D2: OB | I2: Milk from MPG in Ltr | M2: Transfer from other BMC/RMC | R2: Total Milk Receipt in Kg | U2: Tanker Dispatch Details | AC2: Plant Receipt | AH2: CB | AM2: Loss/(Gain)
D3: Qty KG | E3: Fat% | F3: Snf% | G3: FAT Kg | H3: SNF Kg | I3: Qty Ltr | J3: Qty Kg | K3: Fat% | L3: Snf% | M3: From | N3: Tanker No | O3: Qty Kg | P3: Fat% | Q3: Snf% | R3: Qty Kg | S3: FAT Kg | T3: SNF Kg | U3: Tanker | V3: Challan | W3: To | X3: Qty KG | Y3: Fat% | Z3: Snf% | AA3: FAT Kg | AB3: SNF Kg | AC3: Qty KG | AD3: Fat% | AE3: Snf% | AF3: FAT Kg | AG3: SNF Kg | AH3: Qty KG | AI3: Fat% | AJ3: Snf% | AK3: FAT Kg | AL3: SNF Kg | AM3: Qty KG | AN3: FAT Kg | AO3: SNF Kg | AP3: TS Loss% | AQ3: Amount
A4: =CONCATENATE(B4,C4) -> 46174M | B4: 46174 | C4: M | D4: 0 | E4: 0 | F4: 0 | G4: =+D4*E4% -> 0 | H4: =+D4*F4% -> 0 | I4: 3639 | J4: 3748.17 | K4: 4.3174279 | L4: 8.2878923 | M4: 0 | N4: 0 | O4: 0 | P4: 0 | Q4: 0 | R4: =+J4+O4 -> 3748.17 | S4: =+J4*K4%+O4*P4% -> 161.82454 | T4: =+J4*L4%+O4*Q4% -> 310.64429 | U4: 0 | V4: 0 | W4: 0 | X4: 0 | Y4: 0 | Z4: 0 | AA4: =X4*Y4% -> 0 | AB4: =X4*Z4% -> 0 | AF4: =AC4*AD4% -> 0 | AG4: =AC4*AE4% -> 0 | AH4: 3749 | AI4: 4.32 | AJ4: 8.39 | AK4: =AH4*AI4% -> 161.9568 | AL4: =AH4*AJ4% -> 314.5411 | AM4: =+D4+R4-AC4-AH4 -> -0.83 | AN4: =+G4+S4-AF4-AK4 -> -0.132264 | AO4: =+H4+T4-AG4-AL4 -> -3.896808 | AP4: =(AN4+AO4)/(S4+T4) -> -0.0085276991 | AQ4: =($AP$1*AN4+$AQ$1*AO4) -> -1225.5854 | AR4: =(D4+J4+O4)-(X4+AH4) -> -0.83
A5: =CONCATENATE(B5,C5) -> 46174E | B5: =+B4 -> 46174 | C5: E | D5: 3749 | E5: 4.32 | F5: 8.39 | G5: =+D5*E5% -> 161.9568 | H5: =+D5*F5% -> 314.5411 | I5: 4129.5 | J5: 4253.385 | K5: 3.8815644 | L5: 8.2039666 | M5: 0 | N5: 0 | O5: 0 | P5: 0 | Q5: 0 | R5: =+J5+O5 -> 4253.385 | S5: =+J5*K5%+O5*P5% -> 165.09788 | T5: =+J5*L5%+O5*Q5% -> 348.94628 | U5: 0 | V5: 0 | W5: 0 | X5: 0 | Y5: 0 | Z5: 0 | AA5: =X5*Y5% -> 0 | AB5: =X5*Z5% -> 0 | AF5: =AC5*AD5% -> 0 | AG5: =AC5*AE5% -> 0 | AH5: 8003 | AI5: 4.09 | AJ5: 8.29 | AK5: =AH5*AI5% -> 327.3227 | AL5: =AH5*AJ5% -> 663.4487 | AM5: =+D5+R5-AC5-AH5 -> -0.615 | AN5: =+G5+S5-AF5-AK5 -> -0.268024 | AO5: =+H5+T5-AG5-AL5 -> 0.038684 | AP5: =(AN5+AO5)/(S5+T5) -> -0.00044614844 | AQ5: =($AP$1*AN5+$AQ$1*AO5) -> -108.74156 | AR5: =(D5+J5+O5)-(X5+AH5) -> -0.615
A6: =CONCATENATE(B6,C6) -> 46175M | B6: =+B4+1 -> 46175 | C6: M | D6: 8003 | E6: 4.09 | F6: 8.29 | G6: =+D6*E6% -> 327.3227 | H6: =+D6*F6% -> 663.4487 | I6: 4508.7 | J6: 4643.961 | K6: 4.1986626 | L6: 8.2063655 | M6: 0 | N6: 0 | O6: 0 | P6: 0 | Q6: 0 | R6: =+J6+O6 -> 4643.961 | S6: =+J6*K6%+O6*P6% -> 194.98425 | T6: =+J6*L6%+O6*Q6% -> 381.10041 | U6: 5239 | V6: 86665 | W6: Muzaffarpur | X6: 9870 | Y6: 4.25 | Z6: 8.32 | AA6: =X6*Y6% -> 419.475 | AB6: =X6*Z6% -> 821.184 | AC6: 9840 | AD6: 4.1 | AE6: 8.11 | AF6: =AC6*AD6% -> 403.44 | AG6: =AC6*AE6% -> 798.024 | AH6: 3087 | AI6: 4.13 | AJ6: 8.26 | AK6: =AH6*AI6% -> 127.4931 | AL6: =AH6*AJ6% -> 254.9862 | AM6: =+D6+R6-AC6-AH6 -> -280.039 | AN6: =+G6+S6-AF6-AK6 -> -8.626147 | AO6: =+H6+T6-AG6-AL6 -> -8.461088 | AP6: =(AN6+AO6)/(S6+T6) -> -0.029660979 | AQ6: =($AP$1*AN6+$AQ$1*AO6) -> -6404.5417 | AR6: =(D6+J6+O6)-(X6+AH6) -> -310.039
A7: =CONCATENATE(B7,C7) -> 46175E | B7: =+B5+1 -> 46175 | C7: E | D7: 3087 | E7: 4.13 | F7: 8.26 | G7: =+D7*E7% -> 127.4931 | H7: =+D7*F7% -> 254.9862 | I7: 4080.2 | J7: 4202.606 | K7: 3.7818416 | L7: 8.1626072 | M7: 0 | N7: 0 | O7: 0 | P7: 0 | Q7: 0 | R7: =+J7+O7 -> 4202.606 | S7: =+J7*K7%+O7*P7% -> 158.9359 | T7: =+J7*L7%+O7*Q7% -> 343.04222 | U7: 3461 | V7: 86666 | W7: itc munger | X7: 3650 | Y7: 4.2 | Z7: 8.31 | AA7: =X7*Y7% -> 153.3 | AB7: =X7*Z7% -> 303.315 | AC7: 3670 | AD7: 4.15 | AE7: 8.25 | AF7: =AC7*AD7% -> 152.305 | AG7: =AC7*AE7% -> 302.775 | AH7: 3641 | AI7: 3.93 | AJ7: 8.2 | AK7: =AH7*AI7% -> 143.0913 | AL7: =AH7*AJ7% -> 298.562 | AM7: =+D7+R7-AC7-AH7 -> -21.394 | AN7: =+G7+S7-AF7-AK7 -> -8.967299 | AO7: =+H7+T7-AG7-AL7 -> -3.308579 | AP7: =(AN7+AO7)/(S7+T7) -> -0.024455006 | AQ7: =($AP$1*AN7+$AQ$1*AO7) -> -5015.6797 | AR7: =(D7+J7+O7)-(X7+AH7) -> -1.394
A8: =CONCATENATE(B8,C8) -> 46176M | B8: =+B6+1 -> 46176 | C8: M | D8: 3641 | E8: 3.93 | F8: 8.2 | G8: =+D8*E8% -> 143.0913 | H8: =+D8*F8% -> 298.562 | I8: 3942.6 | J8: 4060.878 | K8: 4.2742657 | L8: 8.2024147 | M8: 0 | N8: 0 | O8: 0 | P8: 0 | Q8: 0 | R8: =+J8+O8 -> 4060.878 | S8: =+J8*K8%+O8*P8% -> 173.57272 | T8: =+J8*L8%+O8*Q8% -> 333.09005 | U8: 0 | V8: 0 | W8: 0 | X8: 0 | Y8: 0 | Z8: 0 | AA8: =X8*Y8% -> 0 | AB8: =X8*Z8% -> 0 | AF8: =AC8*AD8% -> 0 | AG8: =AC8*AE8% -> 0 | AH8: 7703 | AI8: 4.11 | AJ8: 8.2 | AK8: =AH8*AI8% -> 316.5933 | AL8: =AH8*AJ8% -> 631.646 | AM8: =+D8+R8-AC8-AH8 -> -1.122 | AN8: =+G8+S8-AF8-AK8 -> 0.070716 | AO8: =+H8+T8-AG8-AL8 -> 0.006052 | AP8: =(AN8+AO8)/(S8+T8) -> 0.00015151696 | AQ8: =($AP$1*AN8+$AQ$1*AO8) -> 33.556322 | AR8: =(D8+J8+O8)-(X8+AH8) -> -1.122
A9: =CONCATENATE(B9,C9) -> 46176E | B9: =+B7+1 -> 46176 | C9: E | D9: 7703 | E9: 4.11 | F9: 8.2 | G9: =+D9*E9% -> 316.5933 | H9: =+D9*F9% -> 631.646 | I9: 4461.2 | J9: 4595.036 | K9: 3.9278109 | L9: 8.1428607 | M9: 0 | N9: 0 | O9: 0 | P9: 0 | Q9: 0 | R9: =+J9+O9 -> 4595.036 | S9: =+J9*K9%+O9*P9% -> 180.48432 | T9: =+J9*L9%+O9*Q9% -> 374.16738 | U9: 6545 | V9: 86667 | W9: itc munger | X9: 6280 | Y9: 4.2 | Z9: 8.25 | AA9: =X9*Y9% -> 263.76 | AB9: =X9*Z9% -> 518.1 | AC9: 6290 | AD9: 4.0499205 | AE9: 8.2199841 | AF9: =AC9*AD9% -> 254.74 | AG9: =AC9*AE9% -> 517.037 | AH9: 6019 | AI9: 4.04 | AJ9: 8.18 | AK9: =AH9*AI9% -> 243.1676 | AL9: =AH9*AJ9% -> 492.3542 | AM9: =+D9+R9-AC9-AH9 -> -10.964 | AN9: =+G9+S9-AF9-AK9 -> -0.829975 | AO9: =+H9+T9-AG9-AL9 -> -3.577821 | AP9: =(AN9+AO9)/(S9+T9) -> -0.007946962 | AQ9: =($AP$1*AN9+$AQ$1*AO9) -> -1443.3305 | AR9: =(D9+J9+O9)-(X9+AH9) -> -0.964
A10: =CONCATENATE(B10,C10) -> 46177M | B10: =+B8+1 -> 46177 | C10: M | D10: 6019 | E10: 4.04 | F10: 8.18 | G10: =+D10*E10% -> 243.1676 | H10: =+D10*F10% -> 492.3542 | I10: 3699 | J10: 3809.97 | K10: 4.317475 | L10: 8.226007 | M10: Matihani | N10: 5239/86745 | O10: 6200 | P10: 3.85 | Q10: 8.07 | R10: =+J10+O10 -> 10009.97 | S10: =+J10*K10%+O10*P10% -> 403.1945 | T10: =+J10*L10%+O10*Q10% -> 813.7484 | U10: 5239 | V10: 86668 | W10: Muzaffarpur | X10: 9870 | Y10: 4.05 | Z10: 8.15 | AA10: =X10*Y10% -> 399.735 | AB10: =X10*Z10% -> 804.405 | AC10: 9820 | AD10: 4 | AE10: 8.08 | AF10: =AC10*AD10% -> 392.8 | AG10: =AC10*AE10% -> 793.456 | AH10: 6125 | AI10: 4.03 | AJ10: 8.15 | AK10: =AH10*AI10% -> 246.8375 | AL10: =AH10*AJ10% -> 499.1875 | AM10: =+D10+R10-AC10-AH10 -> 83.97 | AN10: =+G10+S10-AF10-AK10 -> 6.724602 | AO10: =+H10+T10-AG10-AL10 -> 13.4591 | AP10: =(AN10+AO10)/(S10+T10) -> 0.016585578 | AQ10: =($AP$1*AN10+$AQ$1*AO10) -> 7046.6908 | AR10: =(D10+J10+O10)-(X10+AH10) -> 33.97
A11: =CONCATENATE(B11,C11) -> 46177E | B11: =+B9+1 -> 46177 | C11: E | D11: 6125 | E11: 4.03 | F11: 8.15 | G11: =+D11*E11% -> 246.8375 | H11: =+D11*F11% -> 499.1875 | I11: 4440.9 | J11: 4574.127 | K11: 3.9102457 | L11: 8.1712536 | M11: Matihani | N11: Route Vechicle | O11: 3222 | P11: 3.6 | Q11: 8 | R11: =+J11+O11 -> 7796.127 | S11: =+J11*K11%+O11*P11% -> 294.8516 | T11: =+J11*L11%+O11*Q11% -> 631.52352 | U11: 6545 | V11: 86669 | W11: itc munger | X11: 3150 | Y11: 4.1 | Z11: 8.16 | AA11: =X11*Y11% -> 129.15 | AB11: =X11*Z11% -> 257.04 | AC11: 3150 | AD11: 4 | AE11: 8.08 | AF11: =AC11*AD11% -> 126 | AG11: =AC11*AE11% -> 254.52 | AH11: 10772 | AI11: 3.89 | AJ11: 8.12 | AK11: =AH11*AI11% -> 419.0308 | AL11: =AH11*AJ11% -> 874.6864 | AM11: =+D11+R11-AC11-AH11 -> -0.873 | AN11: =+G11+S11-AF11-AK11 -> -3.341697 | AO11: =+H11+T11-AG11-AL11 -> 1.504616 | AP11: =(AN11+AO11)/(S11+T11) -> -0.0019830854 | AQ11: =($AP$1*AN11+$AQ$1*AO11) -> -1049.8298 | AR11: =(D11+J11+O11)-(X11+AH11) -> -0.873
A12: =CONCATENATE(B12,C12) -> 46178M | B12: =+B10+1 -> 46178 | C12: M | D12: 10772 | E12: 3.89 | F12: 8.12 | G12: =+D12*E12% -> 419.0308 | H12: =+D12*F12% -> 874.6864 | I12: 2696.1 | J12: 2776.983 | K12: 4.41 | L12: 8.27 | M12: 0 | N12: 0 | O12: 0 | P12: 0 | Q12: 0 | R12: =+J12+O12 -> 2776.983 | S12: =+J12*K12%+O12*P12% -> 122.46495 | T12: =+J12*L12%+O12*Q12% -> 229.65649 | U12: 6102 | V12: 86670 | W12: itc munger | X12: 10070 | Y12: 4.25 | Z12: 8.26 | AA12: =X12*Y12% -> 427.975 | AB12: =X12*Z12% -> 831.782 | AC12: 10110 | AD12: 4.2 | AE12: 8.1827498 | AF12: =AC12*AD12% -> 424.62 | AG12: =AC12*AE12% -> 827.276 | AH12: 3480 | AI12: 4 | AJ12: 8.15 | AK12: =AH12*AI12% -> 139.2 | AL12: =AH12*AJ12% -> 283.62 | AM12: =+D12+R12-AC12-AH12 -> -41.017 | AN12: =+G12+S12-AF12-AK12 -> -22.32425 | AO12: =+H12+T12-AG12-AL12 -> -6.5531059 | AP12: =(AN12+AO12)/(S12+T12) -> -0.082009648 | AQ12: =($AP$1*AN12+$AQ$1*AO12) -> -11982.749 | AR12: =(D12+J12+O12)-(X12+AH12) -> -1.017
A13: =CONCATENATE(B13,C13) -> 46178E | B13: =+B11+1 -> 46178 | C13: E | D13: 3480 | E13: 4 | F13: 8.15 | G13: =+D13*E13% -> 139.2 | H13: =+D13*F13% -> 283.62 | I13: 5251.4 | J13: 5408.942 | K13: 3.69 | L13: 8.09 | M13: 0 | N13: 0 | O13: 0 | P13: 0 | Q13: 0 | R13: =+J13+O13 -> 5408.942 | S13: =+J13*K13%+O13*P13% -> 199.58996 | T13: =+J13*L13%+O13*Q13% -> 437.58341 | U13: 0 | V13: 0 | W13: 0 | X13: 0 | Y13: 0 | Z13: 0 | AA13: =X13*Y13% -> 0 | AB13: =X13*Z13% -> 0 | AF13: =AC13*AD13% -> 0 | AG13: =AC13*AE13% -> 0 | AH13: 8890 | AI13: 3.81 | AJ13: 8.11 | AK13: =AH13*AI13% -> 338.709 | AL13: =AH13*AJ13% -> 720.979 | AM13: =+D13+R13-AC13-AH13 -> -1.058 | AN13: =+G13+S13-AF13-AK13 -> 0.0809598 | AO13: =+H13+T13-AG13-AL13 -> 0.2244078 | AP13: =(AN13+AO13)/(S13+T13) -> 0.00047925355 | AQ13: =($AP$1*AN13+$AQ$1*AO13) -> 103.50293 | AR13: =(D13+J13+O13)-(X13+AH13) -> -1.058
A14: =CONCATENATE(B14,C14) -> 46179M | B14: =+B12+1 -> 46179 | C14: M | D14: 8890 | E14: 3.81 | F14: 8.11 | G14: =+D14*E14% -> 338.709 | H14: =+D14*F14% -> 720.979 | I14: 3520.6 | J14: 3626.218 | K14: 4.15 | L14: 8.16 | M14: 0 | N14: 0 | O14: 0 | P14: 0 | Q14: 0 | R14: =+J14+O14 -> 3626.218 | S14: =+J14*K14%+O14*P14% -> 150.48805 | T14: =+J14*L14%+O14*Q14% -> 295.89939 | U14: 5239 | V14: 86672 | W14: Muzaffarpur | X14: 9870 | Y14: 4.05 | Z14: 8.22 | AA14: =X14*Y14% -> 399.735 | AB14: =X14*Z14% -> 811.314 | AC14: 9820 | AD14: 4 | AE14: 8.15 | AF14: =AC14*AD14% -> 392.8 | AG14: =AC14*AE14% -> 800.33 | AH14: 2687 | AI14: 3.91 | AJ14: 8.12 | AK14: =AH14*AI14% -> 105.0617 | AL14: =AH14*AJ14% -> 218.1844 | AM14: =+D14+R14-AC14-AH14 -> 9.218 | AN14: =+G14+S14-AF14-AK14 -> -8.664653 | AO14: =+H14+T14-AG14-AL14 -> -1.6360112 | AP14: =(AN14+AO14)/(S14+T14) -> -0.023075614 | AQ14: =($AP$1*AN14+$AQ$1*AO14) -> -4379.2639 | AR14: =(D14+J14+O14)-(X14+AH14) -> -40.782
A15: =CONCATENATE(B15,C15) -> 46179E | B15: =+B13+1 -> 46179 | C15: E | D15: 2687 | E15: 3.91 | F15: 8.12 | G15: =+D15*E15% -> 105.0617 | H15: =+D15*F15% -> 218.1844 | I15: 4099.1 | J15: 4222.073 | K15: 3.88 | L15: 8.12 | M15: 0 | N15: 0 | O15: 0 | P15: 0 | Q15: 0 | R15: =+J15+O15 -> 4222.073 | S15: =+J15*K15%+O15*P15% -> 163.81643 | T15: =+J15*L15%+O15*Q15% -> 342.83233 | U15: 0 | V15: 0 | W15: 0 | X15: 0 | Y15: 0 | Z15: 0 | AA15: =X15*Y15% -> 0 | AB15: =X15*Z15% -> 0 | AF15: =AC15*AD15% -> 0 | AG15: =AC15*AE15% -> 0 | AH15: 6910 | AI15: 3.89 | AJ15: 8.12 | AK15: =AH15*AI15% -> 268.799 | AL15: =AH15*AJ15% -> 561.092 | AM15: =+D15+R15-AC15-AH15 -> -0.927 | AN15: =+G15+S15-AF15-AK15 -> 0.0791324 | AO15: =+H15+T15-AG15-AL15 -> -0.0752724 | AP15: =(AN15+AO15)/(S15+T15) -> 7.6186903e-06 | AQ15: =($AP$1*AN15+$AQ$1*AO15) -> 12.996304 | AR15: =(D15+J15+O15)-(X15+AH15) -> -0.927
A16: =CONCATENATE(B16,C16) -> 46180M | B16: =+B14+1 -> 46180 | C16: M | D16: 6910 | E16: 3.89 | F16: 8.12 | G16: =+D16*E16% -> 268.799 | H16: =+D16*F16% -> 561.092 | I16: 3616.9 | J16: 3725.407 | K16: 4.19 | L16: 8.21 | M16: 0 | N16: 0 | O16: 0 | P16: 0 | Q16: 0 | R16: =+J16+O16 -> 3725.407 | S16: =+J16*K16%+O16*P16% -> 156.09455 | T16: =+J16*L16%+O16*Q16% -> 305.85591 | U16: 5239 | V16: 86673 | W16: Muzaffarpur | X16: 9870 | Y16: 4.2 | Z16: 8.25 | AA16: =X16*Y16% -> 414.54 | AB16: =X16*Z16% -> 814.275 | AC16: 9840 | AD16: 4.1 | AE16: 8.04 | AF16: =AC16*AD16% -> 403.44 | AG16: =AC16*AE16% -> 791.136 | AH16: 766 | AI16: 4 | AJ16: 8.15 | AK16: =AH16*AI16% -> 30.64 | AL16: =AH16*AJ16% -> 62.429 | AM16: =+D16+R16-AC16-AH16 -> 29.407 | AN16: =+G16+S16-AF16-AK16 -> -9.1864467 | AO16: =+H16+T16-AG16-AL16 -> 13.382915 | AP16: =(AN16+AO16)/(S16+T16) -> 0.009084238 | AQ16: =($AP$1*AN16+$AQ$1*AO16) -> -118.7383 | AR16: =(D16+J16+O16)-(X16+AH16) -> -0.593
A17: =CONCATENATE(B17,C17) -> 46180E | B17: =+B15+1 -> 46180 | C17: E | D17: 766 | E17: 4 | F17: 8.15 | G17: =+D17*E17% -> 30.64 | H17: =+D17*F17% -> 62.429 | I17: 3896 | J17: 4012.88 | K17: 3.96 | L17: 8.14 | M17: Matihani | N17: Route Vechicle | O17: 3035 | P17: 4.1 | Q17: 8 | R17: =+J17+O17 -> 7047.88 | S17: =+J17*K17%+O17*P17% -> 283.34505 | T17: =+J17*L17%+O17*Q17% -> 569.44843 | U17: 0 | V17: 0 | W17: 00 | X17: 0 | Y17: 0 | Z17: 0 | AA17: =X17*Y17% -> 0 | AB17: =X17*Z17% -> 0 | AF17: =AC17*AD17% -> 0 | AG17: =AC17*AE17% -> 0 | AH17: 7814 | AI17: 4.02 | AJ17: 8.09 | AK17: =AH17*AI17% -> 314.1228 | AL17: =AH17*AJ17% -> 632.1526 | AM17: =+D17+R17-AC17-AH17 -> -0.12 | AN17: =+G17+S17-AF17-AK17 -> -0.137752 | AO17: =+H17+T17-AG17-AL17 -> -0.275168 | AP17: =(AN17+AO17)/(S17+T17) -> -0.00048419695 | AQ17: =($AP$1*AN17+$AQ$1*AO17) -> -144.18869 | AR17: =(D17+J17+O17)-(X17+AH17) -> -0.12
A18: =CONCATENATE(B18,C18) -> 46181M | B18: =+B16+1 -> 46181 | C18: M | D18: 7814 | E18: 4.02 | F18: 8.09 | G18: =+D18*E18% -> 314.1228 | H18: =+D18*F18% -> 632.1526 | I18: 3976.3 | J18: 4095.589 | K18: 4.24 | L18: 8.19 | M18: 0 | N18: 0 | O18: 0 | P18: 0 | Q18: 0 | R18: =+J18+O18 -> 4095.589 | S18: =+J18*K18%+O18*P18% -> 173.65297 | T18: =+J18*L18%+O18*Q18% -> 335.42874 | U18: 5239 | V18: 86674 | W18: Muzaffarpur | X18: 9860 | Y18: 4.2 | Z18: 8.18 | AA18: =X18*Y18% -> 414.12 | AB18: =X18*Z18% -> 806.548 | AC18: 9850 | AD18: 4.1 | AE18: 8.04 | AF18: =AC18*AD18% -> 403.85 | AG18: =AC18*AE18% -> 791.94 | AH18: 2051 | AI18: 4.1 | AJ18: 8.12 | AK18: =AH18*AI18% -> 84.091 | AL18: =AH18*AJ18% -> 166.5412 | AM18: =+D18+R18-AC18-AH18 -> 8.589 | AN18: =+G18+S18-AF18-AK18 -> -0.1652264 | AO18: =+H18+T18-AG18-AL18 -> 9.1001391 | AP18: =(AN18+AO18)/(S18+T18) -> 0.017551038 | AQ18: =($AP$1*AN18+$AQ$1*AO18) -> 2649.2572 | AR18: =(D18+J18+O18)-(X18+AH18) -> -1.411
A19: =CONCATENATE(B19,C19) -> 46181E | B19: =+B17+1 -> 46181 | C19: E | D19: 2051 | E19: 4.1 | F19: 8.12 | G19: =+D19*E19% -> 84.091 | H19: =+D19*F19% -> 166.5412 | I19: 4264.9 | J19: 4392.847 | K19: 4.01 | L19: 8.21 | M19: 0 | N19: 0 | O19: 0 | P19: 0 | Q19: 0 | R19: =+J19+O19 -> 4392.847 | S19: =+J19*K19%+O19*P19% -> 176.15316 | T19: =+J19*L19%+O19*Q19% -> 360.65274 | U19: 0 | V19: 0 | W19: 0 | X19: 0 | Y19: 0 | Z19: 0 | AA19: =X19*Y19% -> 0 | AB19: =X19*Z19% -> 0 | AF19: =AC19*AD19% -> 0 | AG19: =AC19*AE19% -> 0 | AH19: 6444 | AI19: 4.04 | AJ19: 8.18 | AK19: =AH19*AI19% -> 260.3376 | AL19: =AH19*AJ19% -> 527.1192 | AM19: =+D19+R19-AC19-AH19 -> -0.153 | AN19: =+G19+S19-AF19-AK19 -> -0.0934353 | AO19: =+H19+T19-AG19-AL19 -> 0.0747387 | AP19: =(AN19+AO19)/(S19+T19) -> -3.4829349e-05 | AQ19: =($AP$1*AN19+$AQ$1*AO19) -> -19.576741 | AR19: =(D19+J19+O19)-(X19+AH19) -> -0.153
A20: =CONCATENATE(B20,C20) -> 46182M | B20: =+B18+1 -> 46182 | C20: M | D20: 6444 | E20: 4.04 | F20: 8.18 | G20: =+D20*E20% -> 260.3376 | H20: =+D20*F20% -> 527.1192 | I20: 3618.6 | J20: 3727.158 | K20: 4.19 | L20: 8.27 | M20: 0 | N20: 0 | O20: 0 | P20: 0 | Q20: 0 | R20: =+J20+O20 -> 3727.158 | S20: =+J20*K20%+O20*P20% -> 156.16792 | T20: =+J20*L20%+O20*Q20% -> 308.23597 | U20: 5239 | V20: 86675 | W20: itc munger | X20: 9870 | Y20: 4.25 | Z20: 8.26 | AA20: =X20*Y20% -> 419.475 | AB20: =X20*Z20% -> 815.262 | AC20: 9850 | AD20: 4.2 | AE20: 8.25 | AF20: =AC20*AD20% -> 413.7 | AG20: =AC20*AE20% -> 812.625 | AH20: 302 | AI20: 4.09 | AJ20: 8.21 | AK20: =AH20*AI20% -> 12.3518 | AL20: =AH20*AJ20% -> 24.7942 | AM20: =+D20+R20-AC20-AH20 -> 19.158 | AN20: =+G20+S20-AF20-AK20 -> -9.5462798 | AO20: =+H20+T20-AG20-AL20 -> -2.0640334 | AP20: =(AN20+AO20)/(S20+T20) -> -0.025000465 | AQ20: =($AP$1*AN20+$AQ$1*AO20) -> -4903.1306 | AR20: =(D20+J20+O20)-(X20+AH20) -> -0.842
A21: =CONCATENATE(B21,C21) -> 46182E | B21: =+B19+1 -> 46182 | C21: E | D21: 302 | E21: 4.09 | F21: 8.21 | G21: =+D21*E21% -> 12.3518 | H21: =+D21*F21% -> 24.7942 | I21: 4265 | J21: 4392.95 | K21: 4.04 | L21: 8.22 | M21: 0 | N21: 0 | O21: 0 | P21: 0 | Q21: 0 | R21: =+J21+O21 -> 4392.95 | S21: =+J21*K21%+O21*P21% -> 177.47518 | T21: =+J21*L21%+O21*Q21% -> 361.10049 | U21: 0 | V21: 0 | W21: 0 | X21: 0 | Y21: 0 | Z21: 0 | AA21: =X21*Y21% -> 0 | AB21: =X21*Z21% -> 0 | AF21: =AC21*AD21% -> 0 | AG21: =AC21*AE21% -> 0 | AH21: 4695 | AI21: 4.04 | AJ21: 8.22 | AK21: =AH21*AI21% -> 189.678 | AL21: =AH21*AJ21% -> 385.929 | AM21: =+D21+R21-AC21-AH21 -> -0.05 | AN21: =+G21+S21-AF21-AK21 -> 0.14898 | AO21: =+H21+T21-AG21-AL21 -> -0.03431 | AP21: =(AN21+AO21)/(S21+T21) -> 0.00021291344 | AQ21: =($AP$1*AN21+$AQ$1*AO21) -> 56.610544 | AR21: =(D21+J21+O21)-(X21+AH21) -> -0.05
A22: =CONCATENATE(B22,C22) -> 46183M | B22: =+B20+1 -> 46183 | C22: M | D22: 4695 | E22: 4.04 | F22: 8.22 | G22: =+D22*E22% -> 189.678 | H22: =+D22*F22% -> 385.929 | I22: 3442.2 | J22: 3545.466 | K22: 4.13 | L22: 8.24 | M22: 0 | N22: 0 | O22: 0 | P22: 0 | Q22: 0 | R22: =+J22+O22 -> 3545.466 | S22: =+J22*K22%+O22*P22% -> 146.42775 | T22: =+J22*L22%+O22*Q22% -> 292.1464 | U22: 5239 | V22: 80434 | W22: Matihani | X22: 5930 | Y22: 4.2 | Z22: 8.25 | AA22: =X22*Y22% -> 249.06 | AB22: =X22*Z22% -> 489.225 | AC22: 5930 | AD22: 4.2 | AE22: 8.25 | AF22: =AC22*AD22% -> 249.06 | AG22: =AC22*AE22% -> 489.225 | AH22: 2312 | AI22: 4.08 | AJ22: 8.23 | AK22: =AH22*AI22% -> 94.3296 | AL22: =AH22*AJ22% -> 190.2776 | AM22: =+D22+R22-AC22-AH22 -> -1.534 | AN22: =+G22+S22-AF22-AK22 -> -7.2838542 | AO22: =+H22+T22-AG22-AL22 -> -1.4272016 | AP22: =(AN22+AO22)/(S22+T22) -> -0.019862219 | AQ22: =($AP$1*AN22+$AQ$1*AO22) -> -3696.9184 | AR22: =(D22+J22+O22)-(X22+AH22) -> -1.534
A23: =CONCATENATE(B23,C23) -> 46183E | B23: =+B21+1 -> 46183 | C23: E | D23: 2312 | E23: 4.08 | F23: 8.23 | G23: =+D23*E23% -> 94.3296 | H23: =+D23*F23% -> 190.2776 | I23: 4209.8 | J23: 4336.094 | K23: 3.9 | L23: 8.21 | M23: 0 | N23: 0 | O23: 0 | P23: 0 | Q23: 0 | R23: =+J23+O23 -> 4336.094 | S23: =+J23*K23%+O23*P23% -> 169.10767 | T23: =+J23*L23%+O23*Q23% -> 355.99332 | U23: 0 | V23: 0 | W23: 0 | X23: 0 | Y23: 0 | Z23: 0 | AA23: =X23*Y23% -> 0 | AB23: =X23*Z23% -> 0 | AF23: =AC23*AD23% -> 0 | AG23: =AC23*AE23% -> 0 | AH23: 6649 | AI23: 3.96 | AJ23: 8.22 | AK23: =AH23*AI23% -> 263.3004 | AL23: =AH23*AJ23% -> 546.5478 | AM23: =+D23+R23-AC23-AH23 -> -0.906 | AN23: =+G23+S23-AF23-AK23 -> 0.136866 | AO23: =+H23+T23-AG23-AL23 -> -0.2768826 | AP23: =(AN23+AO23)/(S23+T23) -> -0.000266647 | AQ23: =($AP$1*AN23+$AQ$1*AO23) -> -21.423063 | AR23: =(D23+J23+O23)-(X23+AH23) -> -0.906
A24: =CONCATENATE(B24,C24) -> 46184M | B24: =+B22+1 -> 46184 | C24: M | D24: 6649 | E24: 3.96 | F24: 8.22 | G24: =+D24*E24% -> 263.3004 | H24: =+D24*F24% -> 546.5478 | I24: 3806.3 | J24: 3920.489 | K24: 4.37 | L24: 8.35 | M24: 0 | N24: 0 | O24: 0 | P24: 0 | Q24: 0 | R24: =+J24+O24 -> 3920.489 | S24: =+J24*K24%+O24*P24% -> 171.32537 | T24: =+J24*L24%+O24*Q24% -> 327.36083 | U24: 6102 | V24: 80435 | W24: itc munger | X24: 10070 | Y24: 4.15 | Z24: 8.24 | AA24: =X24*Y24% -> 417.905 | AB24: =X24*Z24% -> 829.768 | AC24: 10070 | AD24: 4.15 | AE24: 8.24 | AF24: =AC24*AD24% -> 417.905 | AG24: =AC24*AE24% -> 829.768 | AH24: 501 | AI24: 4.11 | AJ24: 8.27 | AK24: =AH24*AI24% -> 20.5911 | AL24: =AH24*AJ24% -> 41.4327 | AM24: =+D24+R24-AC24-AH24 -> -1.511 | AN24: =+G24+S24-AF24-AK24 -> -3.8703307 | AO24: =+H24+T24-AG24-AL24 -> 2.7079315 | AP24: =(AN24+AO24)/(S24+T24) -> -0.0023309231 | AQ24: =($AP$1*AN24+$AQ$1*AO24) -> -927.01847 | AR24: =(D24+J24+O24)-(X24+AH24) -> -1.511
A25: =CONCATENATE(B25,C25) -> 46184E | B25: =+B23+1 -> 46184 | C25: E | D25: 501 | E25: 4.11 | F25: 8.27 | G25: =+D25*E25% -> 20.5911 | H25: =+D25*F25% -> 41.4327 | I25: 4845.5 | J25: 4990.865 | K25: 4.19 | L25: 8.35 | M25: Matihani | N25: Route Vechicle | O25: 1870 | P25: 4.2 | Q25: 8.2 | R25: =+J25+O25 -> 6860.865 | S25: =+J25*K25%+O25*P25% -> 287.65724 | T25: =+J25*L25%+O25*Q25% -> 570.07723 | U25: 0 | V25: 00 | W25: 0 | X25: 0 | Y25: 0 | Z25: 0 | AA25: =X25*Y25% -> 0 | AB25: =X25*Z25% -> 0 | AF25: =AC25*AD25% -> 0 | AG25: =AC25*AE25% -> 0 | AH25: 7368 | AI25: 4.19 | AJ25: 8.31 | AK25: =AH25*AI25% -> 308.7192 | AL25: =AH25*AJ25% -> 612.2808 | AM25: =+D25+R25-AC25-AH25 -> -6.135 | AN25: =+G25+S25-AF25-AK25 -> -0.4708565 | AO25: =+H25+T25-AG25-AL25 -> -0.7708725 | AP25: =(AN25+AO25)/(S25+T25) -> -0.0014476846 | AQ25: =($AP$1*AN25+$AQ$1*AO25) -> -442.07377 | AR25: =(D25+J25+O25)-(X25+AH25) -> -6.135
A26: =CONCATENATE(B26,C26) -> 46185M | B26: =+B24+1 -> 46185 | C26: M | G26: =+D26*E26% -> 0 | H26: =+D26*F26% -> 0 | R26: =+J26+O26 -> 0 | S26: =+J26*K26%+O26*P26% -> 0 | T26: =+J26*L26%+O26*Q26% -> 0 | AA26: =X26*Y26% -> 0 | AB26: =X26*Z26% -> 0 | AF26: =AC26*AD26% -> 0 | AG26: =AC26*AE26% -> 0 | AK26: =AH26*AI26% -> 0 | AL26: =AH26*AJ26% -> 0 | AM26: =+D26+R26-AC26-AH26 -> 0 | AN26: =+G26+S26-AF26-AK26 -> 0 | AO26: =+H26+T26-AG26-AL26 -> 0 | AP26: =(AN26+AO26)/(S26+T26) -> #DIV/0! | AQ26: =($AP$1*AN26+$AQ$1*AO26) -> 0 | AR26: =(D26+J26+O26)-(X26+AH26) -> 0
A27: =CONCATENATE(B27,C27) -> 46185E | B27: =+B25+1 -> 46185 | C27: E | G27: =+D27*E27% -> 0 | H27: =+D27*F27% -> 0 | R27: =+J27+O27 -> 0 | S27: =+J27*K27%+O27*P27% -> 0 | T27: =+J27*L27%+O27*Q27% -> 0 | AA27: =X27*Y27% -> 0 | AB27: =X27*Z27% -> 0 | AF27: =AC27*AD27% -> 0 | AG27: =AC27*AE27% -> 0 | AK27: =AH27*AI27% -> 0 | AL27: =AH27*AJ27% -> 0 | AM27: =+D27+R27-AC27-AH27 -> 0 | AN27: =+G27+S27-AF27-AK27 -> 0 | AO27: =+H27+T27-AG27-AL27 -> 0 | AP27: =(AN27+AO27)/(S27+T27) -> #DIV/0! | AQ27: =($AP$1*AN27+$AQ$1*AO27) -> 0 | AR27: =(D27+J27+O27)-(X27+AH27) -> 0
A28: =CONCATENATE(B28,C28) -> 46186M | B28: =+B26+1 -> 46186 | C28: M | G28: =+D28*E28% -> 0 | H28: =+D28*F28% -> 0 | R28: =+J28+O28 -> 0 | S28: =+J28*K28%+O28*P28% -> 0 | T28: =+J28*L28%+O28*Q28% -> 0 | AA28: =X28*Y28% -> 0 | AB28: =X28*Z28% -> 0 | AF28: =AC28*AD28% -> 0 | AG28: =AC28*AE28% -> 0 | AK28: =AH28*AI28% -> 0 | AL28: =AH28*AJ28% -> 0 | AM28: =+D28+R28-AC28-AH28 -> 0 | AN28: =+G28+S28-AF28-AK28 -> 0 | AO28: =+H28+T28-AG28-AL28 -> 0 | AP28: =(AN28+AO28)/(S28+T28) -> #DIV/0! | AQ28: =($AP$1*AN28+$AQ$1*AO28) -> 0 | AR28: =(D28+J28+O28)-(X28+AH28) -> 0
A29: =CONCATENATE(B29,C29) -> 46186E | B29: =+B27+1 -> 46186 | C29: E | G29: =+D29*E29% -> 0 | H29: =+D29*F29% -> 0 | R29: =+J29+O29 -> 0 | S29: =+J29*K29%+O29*P29% -> 0 | T29: =+J29*L29%+O29*Q29% -> 0 | AA29: =X29*Y29% -> 0 | AB29: =X29*Z29% -> 0 | AF29: =AC29*AD29% -> 0 | AG29: =AC29*AE29% -> 0 | AK29: =AH29*AI29% -> 0 | AL29: =AH29*AJ29% -> 0 | AM29: =+D29+R29-AC29-AH29 -> 0 | AN29: =+G29+S29-AF29-AK29 -> 0 | AO29: =+H29+T29-AG29-AL29 -> 0 | AP29: =(AN29+AO29)/(S29+T29) -> #DIV/0! | AQ29: =($AP$1*AN29+$AQ$1*AO29) -> 0 | AR29: =(D29+J29+O29)-(X29+AH29) -> 0
A30: =CONCATENATE(B30,C30) -> 46187M | B30: =+B28+1 -> 46187 | C30: M | G30: =+D30*E30% -> 0 | H30: =+D30*F30% -> 0 | R30: =+J30+O30 -> 0 | S30: =+J30*K30%+O30*P30% -> 0 | T30: =+J30*L30%+O30*Q30% -> 0 | AA30: =X30*Y30% -> 0 | AB30: =X30*Z30% -> 0 | AF30: =AC30*AD30% -> 0 | AG30: =AC30*AE30% -> 0 | AK30: =AH30*AI30% -> 0 | AL30: =AH30*AJ30% -> 0 | AM30: =+D30+R30-AC30-AH30 -> 0 | AN30: =+G30+S30-AF30-AK30 -> 0 | AO30: =+H30+T30-AG30-AL30 -> 0 | AP30: =(AN30+AO30)/(S30+T30) -> #DIV/0! | AQ30: =($AP$1*AN30+$AQ$1*AO30) -> 0 | AR30: =(D30+J30+O30)-(X30+AH30) -> 0
A31: =CONCATENATE(B31,C31) -> 46187E | B31: =+B29+1 -> 46187 | C31: E | G31: =+D31*E31% -> 0 | H31: =+D31*F31% -> 0 | R31: =+J31+O31 -> 0 | S31: =+J31*K31%+O31*P31% -> 0 | T31: =+J31*L31%+O31*Q31% -> 0 | AA31: =X31*Y31% -> 0 | AB31: =X31*Z31% -> 0 | AF31: =AC31*AD31% -> 0 | AG31: =AC31*AE31% -> 0 | AK31: =AH31*AI31% -> 0 | AL31: =AH31*AJ31% -> 0 | AM31: =+D31+R31-AC31-AH31 -> 0 | AN31: =+G31+S31-AF31-AK31 -> 0 | AO31: =+H31+T31-AG31-AL31 -> 0 | AP31: =(AN31+AO31)/(S31+T31) -> #DIV/0! | AQ31: =($AP$1*AN31+$AQ$1*AO31) -> 0 | AR31: =(D31+J31+O31)-(X31+AH31) -> 0
A32: =CONCATENATE(B32,C32) -> 46188M | B32: =+B30+1 -> 46188 | C32: M | G32: =+D32*E32% -> 0 | H32: =+D32*F32% -> 0 | R32: =+J32+O32 -> 0 | S32: =+J32*K32%+O32*P32% -> 0 | T32: =+J32*L32%+O32*Q32% -> 0 | AA32: =X32*Y32% -> 0 | AB32: =X32*Z32% -> 0 | AF32: =AC32*AD32% -> 0 | AG32: =AC32*AE32% -> 0 | AK32: =AH32*AI32% -> 0 | AL32: =AH32*AJ32% -> 0 | AM32: =+D32+R32-AC32-AH32 -> 0 | AN32: =+G32+S32-AF32-AK32 -> 0 | AO32: =+H32+T32-AG32-AL32 -> 0 | AP32: =(AN32+AO32)/(S32+T32) -> #DIV/0! | AQ32: =($AP$1*AN32+$AQ$1*AO32) -> 0 | AR32: =(D32+J32+O32)-(X32+AH32) -> 0
A33: =CONCATENATE(B33,C33) -> 46188E | B33: =+B31+1 -> 46188 | C33: E | G33: =+D33*E33% -> 0 | H33: =+D33*F33% -> 0 | R33: =+J33+O33 -> 0 | S33: =+J33*K33%+O33*P33% -> 0 | T33: =+J33*L33%+O33*Q33% -> 0 | AA33: =X33*Y33% -> 0 | AB33: =X33*Z33% -> 0 | AF33: =AC33*AD33% -> 0 | AG33: =AC33*AE33% -> 0 | AK33: =AH33*AI33% -> 0 | AL33: =AH33*AJ33% -> 0 | AM33: =+D33+R33-AC33-AH33 -> 0 | AN33: =+G33+S33-AF33-AK33 -> 0 | AO33: =+H33+T33-AG33-AL33 -> 0 | AP33: =(AN33+AO33)/(S33+T33) -> #DIV/0! | AQ33: =($AP$1*AN33+$AQ$1*AO33) -> 0 | AR33: =(D33+J33+O33)-(X33+AH33) -> 0
A34: =CONCATENATE(B34,C34) -> 46189M | B34: =+B32+1 -> 46189 | C34: M | G34: =+D34*E34% -> 0 | H34: =+D34*F34% -> 0 | R34: =+J34+O34 -> 0 | S34: =+J34*K34%+O34*P34% -> 0 | T34: =+J34*L34%+O34*Q34% -> 0 | AA34: =X34*Y34% -> 0 | AB34: =X34*Z34% -> 0 | AF34: =AC34*AD34% -> 0 | AG34: =AC34*AE34% -> 0 | AK34: =AH34*AI34% -> 0 | AL34: =AH34*AJ34% -> 0 | AM34: =+D34+R34-AC34-AH34 -> 0 | AN34: =+G34+S34-AF34-AK34 -> 0 | AO34: =+H34+T34-AG34-AL34 -> 0 | AP34: =(AN34+AO34)/(S34+T34) -> #DIV/0! | AQ34: =($AP$1*AN34+$AQ$1*AO34) -> 0 | AR34: =(D34+J34+O34)-(X34+AH34) -> 0
A35: =CONCATENATE(B35,C35) -> 46189E | B35: =+B33+1 -> 46189 | C35: E | G35: =+D35*E35% -> 0 | H35: =+D35*F35% -> 0 | R35: =+J35+O35 -> 0 | S35: =+J35*K35%+O35*P35% -> 0 | T35: =+J35*L35%+O35*Q35% -> 0 | AA35: =X35*Y35% -> 0 | AB35: =X35*Z35% -> 0 | AF35: =AC35*AD35% -> 0 | AG35: =AC35*AE35% -> 0 | AK35: =AH35*AI35% -> 0 | AL35: =AH35*AJ35% -> 0 | AM35: =+D35+R35-AC35-AH35 -> 0 | AN35: =+G35+S35-AF35-AK35 -> 0 | AO35: =+H35+T35-AG35-AL35 -> 0 | AP35: =(AN35+AO35)/(S35+T35) -> #DIV/0! | AQ35: =($AP$1*AN35+$AQ$1*AO35) -> 0 | AR35: =(D35+J35+O35)-(X35+AH35) -> 0
A36: =CONCATENATE(B36,C36) -> 46190M | B36: =+B34+1 -> 46190 | C36: M | G36: =+D36*E36% -> 0 | H36: =+D36*F36% -> 0 | R36: =+J36+O36 -> 0 | S36: =+J36*K36%+O36*P36% -> 0 | T36: =+J36*L36%+O36*Q36% -> 0 | AA36: =X36*Y36% -> 0 | AB36: =X36*Z36% -> 0 | AF36: =AC36*AD36% -> 0 | AG36: =AC36*AE36% -> 0 | AK36: =AH36*AI36% -> 0 | AL36: =AH36*AJ36% -> 0 | AM36: =+D36+R36-AC36-AH36 -> 0 | AN36: =+G36+S36-AF36-AK36 -> 0 | AO36: =+H36+T36-AG36-AL36 -> 0 | AP36: =(AN36+AO36)/(S36+T36) -> #DIV/0! | AQ36: =($AP$1*AN36+$AQ$1*AO36) -> 0 | AR36: =(D36+J36+O36)-(X36+AH36) -> 0
A37: =CONCATENATE(B37,C37) -> 46190E | B37: =+B35+1 -> 46190 | C37: E | G37: =+D37*E37% -> 0 | H37: =+D37*F37% -> 0 | R37: =+J37+O37 -> 0 | S37: =+J37*K37%+O37*P37% -> 0 | T37: =+J37*L37%+O37*Q37% -> 0 | AA37: =X37*Y37% -> 0 | AB37: =X37*Z37% -> 0 | AF37: =AC37*AD37% -> 0 | AG37: =AC37*AE37% -> 0 | AK37: =AH37*AI37% -> 0 | AL37: =AH37*AJ37% -> 0 | AM37: =+D37+R37-AC37-AH37 -> 0 | AN37: =+G37+S37-AF37-AK37 -> 0 | AO37: =+H37+T37-AG37-AL37 -> 0 | AP37: =(AN37+AO37)/(S37+T37) -> #DIV/0! | AQ37: =($AP$1*AN37+$AQ$1*AO37) -> 0 | AR37: =(D37+J37+O37)-(X37+AH37) -> 0
... A62: =CONCATENATE(B62,C62) -> 46203M | B62: =+B60+1 -> 46203 | C62: M | G62: =+D62*E62% -> 0 | H62: =+D62*F62% -> 0 | R62: =+J62+O62 -> 0 | S62: =+J62*K62%+O62*P62% -> 0 | T62: =+J62*L62%+O62*Q62% -> 0 | AA62: =X62*Y62% -> 0 | AB62: =X62*Z62% -> 0 | AF62: =AC62*AD62% -> 0 | AG62: =AC62*AE62% -> 0 | AK62: =AH62*AI62% -> 0 | AL62: =AH62*AJ62% -> 0 | AM62: =+D62+R62-AC62-AH62 -> 0 | AN62: =+G62+S62-AF62-AK62 -> 0 | AO62: =+H62+T62-AG62-AL62 -> 0 | AP62: =(AN62+AO62)/(S62+T62) -> #DIV/0! | AQ62: =($AP$1*AN62+$AQ$1*AO62) -> 0 | AR62: =(D62+J62+O62)-(X62+AH62) -> 0
A63: =CONCATENATE(B63,C63) -> 46203E | B63: =+B61+1 -> 46203 | C63: E | G63: =+D63*E63% -> 0 | H63: =+D63*F63% -> 0 | R63: =+J63+O63 -> 0 | S63: =+J63*K63%+O63*P63% -> 0 | T63: =+J63*L63%+O63*Q63% -> 0 | AA63: =X63*Y63% -> 0 | AB63: =X63*Z63% -> 0 | AF63: =AC63*AD63% -> 0 | AG63: =AC63*AE63% -> 0 | AK63: =AH63*AI63% -> 0 | AL63: =AH63*AJ63% -> 0 | AM63: =+D63+R63-AC63-AH63 -> 0 | AN63: =+G63+S63-AF63-AK63 -> 0 | AO63: =+H63+T63-AG63-AL63 -> 0 | AP63: =(AN63+AO63)/(S63+T63) -> #DIV/0! | AQ63: =($AP$1*AN63+$AQ$1*AO63) -> 0 | AR63: 0
A64: =CONCATENATE(B64,C64) -> 46204M | B64: =+B62+1 -> 46204 | C64: M | G64: =+D64*E64% -> 0 | H64: =+D64*F64% -> 0 | R64: =+J64+O64 -> 0 | S64: =+J64*K64%+O64*P64% -> 0 | T64: =+J64*L64%+O64*Q64% -> 0 | AA64: =X64*Y64% -> 0 | AB64: =X64*Z64% -> 0 | AF64: =AC64*AD64% -> 0 | AG64: =AC64*AE64% -> 0 | AK64: =AH64*AI64% -> 0 | AL64: =AH64*AJ64% -> 0 | AM64: =+D64+R64-AC64-AH64 -> 0 | AN64: =+G64+S64-AF64-AK64 -> 0 | AO64: =+H64+T64-AG64-AL64 -> 0 | AP64: =(AN64+AO64)/(S64+T64) -> #DIV/0! | AQ64: =($AP$1*AN64+$AQ$1*AO64) -> 0 | AR64: =(D64+J64+O64)-(X64+AH64) -> 0
A65: =CONCATENATE(B65,C65) -> 46204E | B65: =+B63+1 -> 46204 | C65: E | G65: =+D65*E65% -> 0 | H65: =+D65*F65% -> 0 | R65: =+J65+O65 -> 0 | S65: =+J65*K65%+O65*P65% -> 0 | T65: =+J65*L65%+O65*Q65% -> 0 | AA65: =X65*Y65% -> 0 | AB65: =X65*Z65% -> 0 | AF65: =AC65*AD65% -> 0 | AG65: =AC65*AE65% -> 0 | AK65: =AH65*AI65% -> 0 | AL65: =AH65*AJ65% -> 0 | AM65: =+D65+R65-AC65-AH65 -> 0 | AN65: =+G65+S65-AF65-AK65 -> 0 | AO65: =+H65+T65-AG65-AL65 -> 0 | AP65: =(AN65+AO65)/(S65+T65) -> #DIV/0! | AQ65: =($AP$1*AN65+$AQ$1*AO65) -> 0 | AR65: =(D65+J65+O65)-(X65+AH65) -> 0
J66: =SUM(J4:J65) -> 91062.094 | R66: =SUM(R4:R65) -> 105389.09 | S66: =SUM(S4:S65) -> 4266.712 | T66: =SUM(T4:T65) -> 8628.5342 | AM66: =-SUM(AM4:AM65) -> 218.906 | AN66: =-SUM(AN4:AN65) -> 76.667234 | AO66: =-SUM(AO4:AO65) -> -8.1414302 | AQ66: =-SUM(AQ4:AQ65) -> 31980.175
V69: 4640 | W69: 4.9 | X69: 8.39 | Y69: =+V69*W69% -> 227.36 | Z69: =+V69*X69% -> 389.296
V70: 5300 | W70: 4.3 | X70: 8.52 | Y70: =+V70*W70% -> 227.9 | Z70: =+V70*X70% -> 451.56
V71: =SUM(V69:V70) -> 9940 | W71: =+Y71/V71% -> 4.5800805 | X71: =+Z71/V71% -> 8.4593159 | Y71: =SUM(Y69:Y70) -> 455.26 | Z71: =SUM(Z69:Z70) -> 840.856

Sheet Matihani
B1: Mathani Bmc | AG1: 392 | AP1: =Sumarry!$K$4 -> 448.91 | AQ1: =Sumarry!$L$4 -> 299.27333
B2: Date | C2: Shift | D2: OB | I2: Milk from MPG in Ltr | M2: Transfer from other BMC/RMC | R2: Total Milk Receipt in Kg | U2: Tanker Dispatch Details | AC2: Plant Receipt | AH2: CB | AM2: Loss/(Gain)
D3: Qty KG | E3: Fat% | F3: Snf% | G3: FAT Kg | H3: SNF Kg | I3: Qty Ltr | J3: Qty Kg | K3: Fat% | L3: Snf% | M3: From | N3: Tanker No | O3: Qty Kg | P3: Fat% | Q3: Snf% | R3: Qty Kg | S3: FAT Kg | T3: SNF Kg | U3: Tanker | V3: Challan | W3: To | X3: Qty KG | Y3: Fat% | Z3: Snf% | AA3: FAT Kg | AB3: SNF Kg | AC3: Qty KG | AD3: Fat% | AE3: Snf% | AF3: FAT Kg | AG3: SNF Kg | AH3: Qty KG | AI3: Fat% | AJ3: Snf% | AK3: FAT Kg | AL3: SNF Kg | AM3: Qty KG | AN3: FAT Kg | AO3: SNF Kg | AP3: TS Loss% | AQ3: Amount
A4: =CONCATENATE(B4,C4) -> 46174M | B4: 46174 | C4: M | D4: 0 | E4: 0 | F4: 0 | G4: =+D4*E4% -> 0 | H4: =+D4*F4% -> 0 | I4: 3293.8 | J4: 3392.614 | K4: 4.0941162 | L4: 8.1930992 | M4: 0 | N4: 0 | O4: 0 | P4: 0 | Q4: 0 | R4: =+J4+O4 -> 3392.614 | S4: =+J4*K4%+O4*P4% -> 138.89756 | T4: =+J4*L4%+O4*Q4% -> 277.96023 | U4: 0 | V4: 0 | W4: 0 | X4: 0 | Y4: 0 | Z4: 0 | AA4: =X4*Y4% -> 0 | AB4: =X4*Z4% -> 0 | AF4: =AC4*AD4% -> 0 | AG4: =AC4*AE4% -> 0 | AH4: 3393 | AI4: 4.09 | AJ4: 8.19 | AK4: =AH4*AI4% -> 138.7737 | AL4: =AH4*AJ4% -> 277.8867 | AM4: =+D4+R4-AC4-AH4 -> -0.386 | AN4: =+G4+S4-AF4-AK4 -> 0.12386 | AO4: =+H4+T4-AG4-AL4 -> 0.073529 | AP4: =(AN4+AO4)/(S4+T4) -> 0.0004735164 | AQ4: =($AP$1*AN4+$AQ$1*AO4) -> 77.607262 | AR4: =(D4+J4+O4)-(X4+AH4) -> -0.386
A5: =CONCATENATE(B5,C5) -> 46174E | B5: =+B4 -> 46174 | C5: E | D5: 3393 | E5: 4.09 | F5: 8.19 | G5: =+D5*E5% -> 138.7737 | H5: =+D5*F5% -> 277.8867 | I5: 2696.3 | J5: 2777.189 | K5: 3.5424841 | L5: 8.2520528 | M5: 0 | N5: 0 | O5: 0 | P5: 0 | Q5: 0 | R5: =+J5+O5 -> 2777.189 | S5: =+J5*K5%+O5*P5% -> 98.38148 | T5: =+J5*L5%+O5*Q5% -> 229.1751 | U5: 3461 | V5: 86742 | W5: Muzaffarpur | X5: 3410 | Y5: 4.15 | Z5: 8.18 | AA5: =X5*Y5% -> 141.515 | AB5: =X5*Z5% -> 278.938 | AC5: 3360 | AD5: 4.05 | AE5: 7.91 | AF5: =AC5*AD5% -> 136.08 | AG5: =AC5*AE5% -> 265.776 | AH5: 2761 | AI5: 3.84 | AJ5: 8.22 | AK5: =AH5*AI5% -> 106.0224 | AL5: =AH5*AJ5% -> 226.9542 | AM5: =+D5+R5-AC5-AH5 -> 49.189 | AN5: =+G5+S5-AF5-AK5 -> -4.94722 | AO5: =+H5+T5-AG5-AL5 -> 14.331603 | AP5: =(AN5+AO5)/(S5+T5) -> 0.028649655 | AQ5: =($AP$1*AN5+$AQ$1*AO5) -> 2068.2101 | AR5: =(D5+J5+O5)-(X5+AH5) -> -0.811
A6: =CONCATENATE(B6,C6) -> 46175M | B6: =+B4+1 -> 46175 | C6: M | D6: 2761 | E6: 3.84 | F6: 8.22 | G6: =+D6*E6% -> 106.0224 | H6: =+D6*F6% -> 226.9542 | I6: 3101.6 | J6: 3194.648 | K6: 4.0556455 | L6: 8.173072 | M6: 0 | N6: 0 | O6: 0 | P6: 0 | Q6: 0 | R6: =+J6+O6 -> 3194.648 | S6: =+J6*K6%+O6*P6% -> 129.5636 | T6: =+J6*L6%+O6*Q6% -> 261.10088 | U6: 0 | V6: 0 | W6: 0 | X6: 0 | Y6: 0 | Z6: 0 | AA6: =X6*Y6% -> 0 | AB6: =X6*Z6% -> 0 | AF6: =AC6*AD6% -> 0 | AG6: =AC6*AE6% -> 0 | AH6: 5957 | AI6: 3.96 | AJ6: 8.19 | AK6: =AH6*AI6% -> 235.8972 | AL6: =AH6*AJ6% -> 487.8783 | AM6: =+D6+R6-AC6-AH6 -> -1.352 | AN6: =+G6+S6-AF6-AK6 -> -0.311203 | AO6: =+H6+T6-AG6-AL6 -> 0.17678 | AP6: =(AN6+AO6)/(S6+T6) -> -0.00034408811 | AQ6: =($AP$1*AN6+$AQ$1*AO6) -> -86.796599 | AR6: =(D6+J6+O6)-(X6+AH6) -> -1.352
A7: =CONCATENATE(B7,C7) -> 46175E | B7: =+B5+1 -> 46175 | C7: E | D7: 5957 | E7: 3.96 | F7: 8.19 | G7: =+D7*E7% -> 235.8972 | H7: =+D7*F7% -> 487.8783 | I7: 1478.6 | J7: 1522.958 | K7: 4.0840322 | L7: 8.3095902 | M7: 0 | N7: 0 | O7: 0 | P7: 0 | Q7: 0 | R7: =+J7+O7 -> 1522.958 | S7: =+J7*K7%+O7*P7% -> 62.198095 | T7: =+J7*L7%+O7*Q7% -> 126.55157 | U7: 1842 | V7: 86743 | W7: itc munger | X7: 5000 | Y7: 3.75 | Z7: 8.29 | AA7: =X7*Y7% -> 187.5 | AB7: =X7*Z7% -> 414.5 | AC7: 4990 | AD7: 3.7 | AE7: 8.15 | AF7: =AC7*AD7% -> 184.63 | AG7: =AC7*AE7% -> 406.685 | AH7: 2481 | AI7: 3.98 | AJ7: 8.21 | AK7: =AH7*AI7% -> 98.7438 | AL7: =AH7*AJ7% -> 203.6901 | AM7: =+D7+R7-AC7-AH7 -> 8.958 | AN7: =+G7+S7-AF7-AK7 -> 14.721495 | AO7: =+H7+T7-AG7-AL7 -> 4.054768 | AP7: =(AN7+AO7)/(S7+T7) -> 0.099477068 | AQ7: =($AP$1*AN7+$AQ$1*AO7) -> 7822.1103 | AR7: =(D7+J7+O7)-(X7+AH7) -> -1.042
A8: =CONCATENATE(B8,C8) -> 46176M | B8: =+B6+1 -> 46176 | C8: M | D8: 2481 | E8: 3.98 | F8: 8.21 | G8: =+D8*E8% -> 98.7438 | H8: =+D8*F8% -> 203.6901 | I8: 807.9 | J8: 832.137 | K8: 4.6610595 | L8: 8.3896522 | M8: 0 | N8: 0 | O8: 0 | P8: 0 | Q8: 0 | R8: =+J8+O8 -> 832.137 | S8: =+J8*K8%+O8*P8% -> 38.786401 | T8: =+J8*L8%+O8*Q8% -> 69.8134 | U8: 9071 | V8: 86744 | W8: itc munger | X8: 3100 | Y8: 4.05 | Z8: 7.97 | AA8: =X8*Y8% -> 125.55 | AB8: =X8*Z8% -> 247.07 | AC8: 3060 | AD8: 4 | AE8: 7.96 | AF8: =AC8*AD8% -> 122.4 | AG8: =AC8*AE8% -> 243.576 | AH8: 400 | AI8: 4.15 | AJ8: 8.26 | AK8: =AH8*AI8% -> 16.6 | AL8: =AH8*AJ8% -> 33.04 | AM8: =+D8+R8-AC8-AH8 -> -146.863 | AN8: =+G8+S8-AF8-AK8 -> -1.469799 | AO8: =+H8+T8-AG8-AL8 -> -3.1125 | AP8: =(AN8+AO8)/(S8+T8) -> -0.042194359 | AQ8: =($AP$1*AN8+$AQ$1*AO8) -> -1591.2957 | AR8: =(D8+J8+O8)-(X8+AH8) -> -186.863
A9: =CONCATENATE(B9,C9) -> 46176E | B9: =+B7+1 -> 46176 | C9: E | D9: 400 | E9: 4.15 | F9: 8.26 | G9: =+D9*E9% -> 16.6 | H9: =+D9*F9% -> 33.04 | I9: 5444.3 | J9: 5607.629 | K9: 3.7320666 | L9: 8.0834212 | M9: 0 | N9: 0 | O9: 0 | P9: 0 | Q9: 0 | R9: =+J9+O9 -> 5607.629 | S9: =+J9*K9%+O9*P9% -> 209.28045 | T9: =+J9*L9%+O9*Q9% -> 453.28827 | U9: 5239 | V9: 86745 | W9: skamal | X9: 6290 | Y9: 4 | Z9: 8.09 | AA9: =X9*Y9% -> 251.6 | AB9: =X9*Z9% -> 508.861 | AC9: 6200 | AD9: 3.85 | AE9: 8.07 | AF9: =AC9*AD9% -> 238.7 | AG9: =AC9*AE9% -> 500.34 | AH9: 0 | AI9: 0 | AJ9: 0 | AK9: =AH9*AI9% -> 0 | AL9: =AH9*AJ9% -> 0 | AM9: =+D9+R9-AC9-AH9 -> -192.371 | AN9: =+G9+S9-AF9-AK9 -> -12.819553 | AO9: =+H9+T9-AG9-AL9 -> -14.011729 | AP9: =(AN9+AO9)/(S9+T9) -> -0.040495848 | AQ9: =($AP$1*AN9+$AQ$1*AO9) -> -9948.1624 | AR9: =(D9+J9+O9)-(X9+AH9) -> -282.371
A10: =CONCATENATE(B10,C10) -> 46177M | B10: =+B8+1 -> 46177 | C10: M | D10: 0 | E10: 0 | F10: 0 | G10: =+D10*E10% -> 0 | H10: =+D10*F10% -> 0 | I10: 5358.5 | J10: 5519.255 | K10: 3.6109975 | L10: 8.0503387 | M10: 0 | N10: 0 | O10: 0 | P10: 0 | Q10: 0 | R10: =+J10+O10 -> 5519.255 | S10: =+J10*K10%+O10*P10% -> 199.30016 | T10: =+J10*L10%+O10*Q10% -> 444.31872 | U10: 0 | V10: Route Vechicle | W10: skamal | X10: 3222 | Y10: 3.6 | Z10: 8 | AA10: =X10*Y10% -> 115.992 | AB10: =X10*Z10% -> 257.76 | AC10: 3222 | AD10: 3.6 | AE10: 8 | AF10: =AC10*AD10% -> 115.992 | AG10: =AC10*AE10% -> 257.76 | AH10: 2298 | AI10: 3.61 | AJ10: 8.05 | AK10: =AH10*AI10% -> 82.9578 | AL10: =AH10*AJ10% -> 184.989 | AM10: =+D10+R10-AC10-AH10 -> -0.745 | AN10: =+G10+S10-AF10-AK10 -> 0.350359 | AO10: =+H10+T10-AG10-AL10 -> 1.569722 | AP10: =(AN10+AO10)/(S10+T10) -> 0.0029832577 | AQ10: =($AP$1*AN10+$AQ$1*AO10) -> 627.05559 | AR10: =(D10+J10+O10)-(X10+AH10) -> -0.745
A11: =CONCATENATE(B11,C11) -> 46177E | B11: =+B9+1 -> 46177 | C11: E | D11: 2298 | E11: 3.61 | F11: 8.05 | G11: =+D11*E11% -> 82.9578 | H11: =+D11*F11% -> 184.989 | I11: 4968.6 | J11: 5117.658 | K11: 3.9713642 | L11: 8.0935918 | M11: 0 | N11: 0 | O11: 0 | P11: 0 | Q11: 0 | R11: =+J11+O11 -> 5117.658 | S11: =+J11*K11%+O11*P11% -> 203.24084 | T11: =+J11*L11%+O11*Q11% -> 414.20235 | U11: 6545 | V11: 86746 | W11: skamal | X11: 3130 | Y11: 3.95 | Z11: 8.01 | AA11: =X11*Y11% -> 123.635 | AB11: =X11*Z11% -> 250.713 | AC11: 3130 | AD11: 3.9 | AE11: 7.94 | AF11: =AC11*AD11% -> 122.07 | AG11: =AC11*AE11% -> 248.522 | AH11: 4287 | AI11: 3.86 | AJ11: 8.08 | AK11: =AH11*AI11% -> 165.4782 | AL11: =AH11*AJ11% -> 346.3896 | AM11: =+D11+R11-AC11-AH11 -> -1.342 | AN11: =+G11+S11-AF11-AK11 -> -1.349564 | AO11: =+H11+T11-AG11-AL11 -> 4.279746 | AP11: =(AN11+AO11)/(S11+T11) -> 0.0047456707 | AQ11: =($AP$1*AN11+$AQ$1*AO11) -> 674.98108 | AR11: =(D11+J11+O11)-(X11+AH11) -> -1.342
A12: =CONCATENATE(B12,C12) -> 46178M | B12: =+B10+1 -> 46178 | C12: M | D12: 4287 | E12: 3.86 | F12: 8.08 | G12: =+D12*E12% -> 165.4782 | H12: =+D12*F12% -> 346.3896 | I12: 4315.5 | J12: 4444.965 | K12: 4.02 | L12: 8.07 | M12: 0 | N12: 0 | O12: 0 | P12: 0 | Q12: 0 | R12: =+J12+O12 -> 4444.965 | S12: =+J12*K12%+O12*P12% -> 178.68759 | T12: =+J12*L12%+O12*Q12% -> 358.70868 | U12: 0 | V12: 0 | W12: 0 | X12: 0 | Y12: 0 | Z12: 0 | AA12: =X12*Y12% -> 0 | AB12: =X12*Z12% -> 0 | AF12: =AC12*AD12% -> 0 | AG12: =AC12*AE12% -> 0 | AH12: 8733 | AI12: 3.94 | AJ12: 8.08 | AK12: =AH12*AI12% -> 344.0802 | AL12: =AH12*AJ12% -> 705.6264 | AM12: =+D12+R12-AC12-AH12 -> -1.035 | AN12: =+G12+S12-AF12-AK12 -> 0.085593 | AO12: =+H12+T12-AG12-AL12 -> -0.5281245 | AP12: =(AN12+AO12)/(S12+T12) -> -0.00082347334 | AQ12: =($AP$1*AN12+$AQ$1*AO12) -> -119.63003 | AR12: =(D12+J12+O12)-(X12+AH12) -> -1.035
A13: =CONCATENATE(B13,C13) -> 46178E | B13: =+B11+1 -> 46178 | C13: E | D13: 8733 | E13: 3.94 | F13: 8.08 | G13: =+D13*E13% -> 344.0802 | H13: =+D13*F13% -> 705.6264 | I13: 4212.1 | J13: 4338.463 | K13: 3.59 | L13: 8.11 | M13: 0 | N13: 0 | O13: 0 | P13: 0 | Q13: 0 | R13: =+J13+O13 -> 4338.463 | S13: =+J13*K13%+O13*P13% -> 155.75082 | T13: =+J13*L13%+O13*Q13% -> 351.84935 | U13: 7770 | V13: 86747 | W13: Muzaffarpur | X13: 10100 | Y13: 3.95 | Z13: 8.08 | AA13: =X13*Y13% -> 398.95 | AB13: =X13*Z13% -> 816.08 | AC13: 10100 | AD13: 3.85 | AE13: 7.99 | AF13: =AC13*AD13% -> 388.85 | AG13: =AC13*AE13% -> 806.99 | AH13: 2973 | AI13: 3.82 | AJ13: 8.09 | AK13: =AH13*AI13% -> 113.5686 | AL13: =AH13*AJ13% -> 240.5157 | AM13: =+D13+R13-AC13-AH13 -> -1.537 | AN13: =+G13+S13-AF13-AK13 -> -2.5875783 | AO13: =+H13+T13-AG13-AL13 -> 9.9700493 | AP13: =(AN13+AO13)/(S13+T13) -> 0.01454387 | AQ13: =($AP$1*AN13+$AQ$1*AO13) -> 1822.1801 | AR13: =(D13+J13+O13)-(X13+AH13) -> -1.537
A14: =CONCATENATE(B14,C14) -> 46179M | B14: =+B12+1 -> 46179 | C14: M | D14: 2973 | E14: 3.82 | F14: 8.09 | G14: =+D14*E14% -> 113.5686 | H14: =+D14*F14% -> 240.5157 | I14: 2141.4 | J14: 2205.642 | K14: 3.71 | L14: 8.1 | M14: 0 | N14: 0 | O14: 0 | P14: 0 | Q14: 0 | R14: =+J14+O14 -> 2205.642 | S14: =+J14*K14%+O14*P14% -> 81.829318 | T14: =+J14*L14%+O14*Q14% -> 178.657 | U14: 0 | V14: 00 | W14: 0 | X14: 0 | Y14: 0 | Z14: 0 | AA14: =X14*Y14% -> 0 | AB14: =X14*Z14% -> 0 | AF14: =AC14*AD14% -> 0 | AG14: =AC14*AE14% -> 0 | AH14: 5180 | AI14: 3.77 | AJ14: 8.09 | AK14: =AH14*AI14% -> 195.286 | AL14: =AH14*AJ14% -> 419.062 | AM14: =+D14+R14-AC14-AH14 -> -1.358 | AN14: =+G14+S14-AF14-AK14 -> 0.1119182 | AO14: =+H14+T14-AG14-AL14 -> 0.110702 | AP14: =(AN14+AO14)/(S14+T14) -> 0.00085463298 | AQ14: =($AP$1*AN14+$AQ$1*AO14) -> 83.371356 | AR14: =(D14+J14+O14)-(X14+AH14) -> -1.358
A15: =CONCATENATE(B15,C15) -> 46179E | B15: =+B13+1 -> 46179 | C15: E | D15: 5180 | E15: 3.77 | F15: 8.09 | G15: =+D15*E15% -> 195.286 | H15: =+D15*F15% -> 419.062 | I15: 3467.5 | J15: 3571.525 | K15: 4.1 | L15: 8.09 | M15: 0 | N15: 0 | O15: 0 | P15: 0 | Q15: 0 | R15: =+J15+O15 -> 3571.525 | S15: =+J15*K15%+O15*P15% -> 146.43252 | T15: =+J15*L15%+O15*Q15% -> 288.93637 | U15: 6102 | V15: 86748 | W15: itc munger | X15: 4870 | Y15: 3.95 | Z15: 8.26 | AA15: =X15*Y15% -> 192.365 | AB15: =X15*Z15% -> 402.262 | AC15: 4910 | AD15: 3.9 | AE15: 8.25 | AF15: =AC15*AD15% -> 191.49 | AG15: =AC15*AE15% -> 405.075 | AH15: 3883 | AI15: 3.9 | AJ15: 8.09 | AK15: =AH15*AI15% -> 151.437 | AL15: =AH15*AJ15% -> 314.1347 | AM15: =+D15+R15-AC15-AH15 -> -41.475 | AN15: =+G15+S15-AF15-AK15 -> -1.208475 | AO15: =+H15+T15-AG15-AL15 -> -11.211328 | AP15: =(AN15+AO15)/(S15+T15) -> -0.028527078 | AQ15: =($AP$1*AN15+$AQ$1*AO15) -> -3897.7479 | AR15: =(D15+J15+O15)-(X15+AH15) -> -1.475
A16: =CONCATENATE(B16,C16) -> 46180M | B16: =+B14+1 -> 46180 | C16: M | D16: 3883 | E16: 3.9 | F16: 8.09 | G16: =+D16*E16% -> 151.437 | H16: =+D16*F16% -> 314.1347 | I16: 691.9 | J16: 712.657 | K16: 4.58 | L16: 8.36 | M16: Bachwara | N16: 3461/89381 | O16: 3089 | P16: 4.35 | Q16: 8.03 | R16: =+J16+O16 -> 3801.657 | S16: =+J16*K16%+O16*P16% -> 167.01119 | T16: =+J16*L16%+O16*Q16% -> 307.62483 | U16: 3461 | V16: 86749 | W16: itc munger | X16: 7130 | Y16: 4.35 | Z16: 8.38 | AA16: =X16*Y16% -> 310.155 | AB16: =X16*Z16% -> 597.494 | AC16: 7160 | AD16: 4.3 | AE16: 8.27 | AF16: =AC16*AD16% -> 307.88 | AG16: =AC16*AE16% -> 592.132 | AH16: 561 | AI16: 4.14 | AJ16: 8.08 | AK16: =AH16*AI16% -> 23.2254 | AL16: =AH16*AJ16% -> 45.3288 | AM16: =+D16+R16-AC16-AH16 -> -36.343 | AN16: =+G16+S16-AF16-AK16 -> -12.657209 | AO16: =+H16+T16-AG16-AL16 -> -15.701275 | AP16: =(AN16+AO16)/(S16+T16) -> -0.059747856 | AQ16: =($AP$1*AN16+$AQ$1*AO16) -> -10380.921 | AR16: =(D16+J16+O16)-(X16+AH16) -> -6.343
A17: =CONCATENATE(B17,C17) -> 46180E | B17: =+B15+1 -> 46180 | C17: E | D17: 561 | E17: 4.14 | F17: 8.08 | G17: =+D17*E17% -> 23.2254 | H17: =+D17*F17% -> 45.3288 | I17: 1306.9 | J17: 1346.107 | K17: 4.15 | L17: 8.36 | M17: 0 | N17: 0 | O17: 0 | P17: 0 | Q17: 0 | R17: =+J17+O17 -> 1346.107 | S17: =+J17*K17%+O17*P17% -> 55.863441 | T17: =+J17*L17%+O17*Q17% -> 112.53455 | U17: 0 | V17: 0 | W17: 0 | X17: 0 | Y17: 0 | Z17: 0 | AA17: =X17*Y17% -> 0 | AB17: =X17*Z17% -> 0 | AF17: =AC17*AD17% -> 0 | AG17: =AC17*AE17% -> 0 | AH17: 1908 | AI17: 4.15 | AJ17: 8.28 | AK17: =AH17*AI17% -> 79.182 | AL17: =AH17*AJ17% -> 157.9824 | AM17: =+D17+R17-AC17-AH17 -> -0.893 | AN17: =+G17+S17-AF17-AK17 -> -0.0931595 | AO17: =+H17+T17-AG17-AL17 -> -0.1190548 | AP17: =(AN17+AO17)/(S17+T17) -> -0.001260195 | AQ17: =($AP$1*AN17+$AQ$1*AO17) -> -77.450158 | AR17: =(D17+J17+O17)-(X17+AH17) -> -0.893
A18: =CONCATENATE(B18,C18) -> 46181M | B18: =+B16+1 -> 46181 | C18: M | D18: 1908 | E18: 4.15 | F18: 8.28 | G18: =+D18*E18% -> 79.182 | H18: =+D18*F18% -> 157.9824 | I18: 3875.2 | J18: 3991.456 | K18: 4.2 | L18: 8.07 | M18: 0 | N18: 0 | O18: 0 | P18: 0 | Q18: 0 | R18: =+J18+O18 -> 3991.456 | S18: =+J18*K18%+O18*P18% -> 167.64115 | T18: =+J18*L18%+O18*Q18% -> 322.1105 | U18: 0 | V18: Route Vechicle | W18: skamal | X18: 3035 | Y18: 4.1 | Z18: 8 | AA18: =X18*Y18% -> 124.435 | AB18: =X18*Z18% -> 242.8 | AC18: 3035 | AD18: 4.1 | AE18: 8 | AF18: =AC18*AD18% -> 124.435 | AG18: =AC18*AE18% -> 242.8 | AH18: 2866 | AI18: 4.18 | AJ18: 8.14 | AK18: =AH18*AI18% -> 119.7988 | AL18: =AH18*AJ18% -> 233.2924 | AM18: =+D18+R18-AC18-AH18 -> -1.544 | AN18: =+G18+S18-AF18-AK18 -> 2.589352 | AO18: =+H18+T18-AG18-AL18 -> 4.0004992 | AP18: =(AN18+AO18)/(S18+T18) -> 0.013455496 | AQ18: =($AP$1*AN18+$AQ$1*AO18) -> 2359.6287 | AR18: =(D18+J18+O18)-(X18+AH18) -> -1.544
A19: =CONCATENATE(B19,C19) -> 46181E | B19: =+B17+1 -> 46181 | C19: E | D19: 2866 | E19: 4.18 | F19: 8.14 | G19: =+D19*E19% -> 119.7988 | H19: =+D19*F19% -> 233.2924 | I19: 3571.5 | J19: 3678.645 | K19: 3.71 | L19: 8.14 | M19: 0 | N19: 0 | O19: 0 | P19: 0 | Q19: 0 | R19: =+J19+O19 -> 3678.645 | S19: =+J19*K19%+O19*P19% -> 136.47773 | T19: =+J19*L19%+O19*Q19% -> 299.4417 | U19: 0 | V19: 0 | W19: 0 | X19: 0 | Y19: 0 | Z19: 0 | AA19: =X19*Y19% -> 0 | AB19: =X19*Z19% -> 0 | AF19: =AC19*AD19% -> 0 | AG19: =AC19*AE19% -> 0 | AH19: 6546 | AI19: 3.92 | AJ19: 8.14 | AK19: =AH19*AI19% -> 256.6032 | AL19: =AH19*AJ19% -> 532.8444 | AM19: =+D19+R19-AC19-AH19 -> -1.355 | AN19: =+G19+S19-AF19-AK19 -> -0.3266705 | AO19: =+H19+T19-AG19-AL19 -> -0.110297 | AP19: =(AN19+AO19)/(S19+T19) -> -0.0010024043 | AQ19: =($AP$1*AN19+$AQ$1*AO19) -> -179.65461 | AR19: =(D19+J19+O19)-(X19+AH19) -> -1.355
A20: =CONCATENATE(B20,C20) -> 46182M | B20: =+B18+1 -> 46182 | C20: M | D20: 6546 | E20: 3.92 | F20: 8.14 | G20: =+D20*E20% -> 256.6032 | H20: =+D20*F20% -> 532.8444 | I20: 776.4 | J20: 799.692 | K20: 4.57 | L20: 8.42 | M20: 0 | N20: 0 | O20: 0 | P20: 0 | Q20: 0 | R20: =+J20+O20 -> 799.692 | S20: =+J20*K20%+O20*P20% -> 36.545924 | T20: =+J20*L20%+O20*Q20% -> 67.334066 | U20: 0 | V20: 0 | W20: 0 | X20: 0 | Y20: 0 | Z20: 0 | AA20: =X20*Y20% -> 0 | AB20: =X20*Z20% -> 0 | AF20: =AC20*AD20% -> 0 | AG20: =AC20*AE20% -> 0 | AH20: 7346 | AI20: 3.99 | AJ20: 8.17 | AK20: =AH20*AI20% -> 293.1054 | AL20: =AH20*AJ20% -> 600.1682 | AM20: =+D20+R20-AC20-AH20 -> -0.308 | AN20: =+G20+S20-AF20-AK20 -> 0.0437244 | AO20: =+H20+T20-AG20-AL20 -> 0.0102664 | AP20: =(AN20+AO20)/(S20+T20) -> 0.00051974206 | AQ20: =($AP$1*AN20+$AQ$1*AO20) -> 22.70078 | AR20: =(D20+J20+O20)-(X20+AH20) -> -0.308
A21: =CONCATENATE(B21,C21) -> 46182E | B21: =+B19+1 -> 46182 | C21: E | D21: 7346 | E21: 3.99 | F21: 8.17 | G21: =+D21*E21% -> 293.1054 | H21: =+D21*F21% -> 600.1682 | I21: 1845.4 | J21: 1900.762 | K21: 4.26 | L21: 8.25 | M21: 0 | N21: 0 | O21: 0 | P21: 0 | Q21: 0 | R21: =+J21+O21 -> 1900.762 | S21: =+J21*K21%+O21*P21% -> 80.972461 | T21: =+J21*L21%+O21*Q21% -> 156.81287 | U21: 6102 | V21: 86750 | W21: itc munger | X21: 4870 | Y21: 3.85 | Z21: 8.06 | AA21: =X21*Y21% -> 187.495 | AB21: =X21*Z21% -> 392.522 | AC21: 4840 | AD21: 3.8 | AE21: 8.04 | AF21: =AC21*AD21% -> 183.92 | AG21: =AC21*AE21% -> 389.136 | AH21: 4378 | AI21: 4.05 | AJ21: 8.19 | AK21: =AH21*AI21% -> 177.309 | AL21: =AH21*AJ21% -> 358.5582 | AM21: =+D21+R21-AC21-AH21 -> 28.762 | AN21: =+G21+S21-AF21-AK21 -> 12.848861 | AO21: =+H21+T21-AG21-AL21 -> 9.286865 | AP21: =(AN21+AO21)/(S21+T21) -> 0.09309122 | AQ21: =($AP$1*AN21+$AQ$1*AO21) -> 8547.2933 | AR21: =(D21+J21+O21)-(X21+AH21) -> -1.238
A22: =CONCATENATE(B22,C22) -> 46183M | B22: =+B20+1 -> 46183 | C22: M | D22: 4378 | E22: 4.05 | F22: 8.19 | G22: =+D22*E22% -> 177.309 | H22: =+D22*F22% -> 358.5582 | I22: 838.1 | J22: 863.243 | K22: 4.44 | L22: 8.42 | M22: 0 | N22: 0 | O22: 0 | P22: 0 | Q22: 0 | R22: =+J22+O22 -> 863.243 | S22: =+J22*K22%+O22*P22% -> 38.327989 | T22: =+J22*L22%+O22*Q22% -> 72.685061 | U22: 0 | V22: 0 | W22: 0 | X22: 0 | Y22: 0 | Z22: 0 | AA22: =X22*Y22% -> 0 | AB22: =X22*Z22% -> 0 | AF22: =AC22*AD22% -> 0 | AG22: =AC22*AE22% -> 0 | AH22: 5243 | AI22: 4.11 | AJ22: 8.23 | AK22: =AH22*AI22% -> 215.4873 | AL22: =AH22*AJ22% -> 431.4989 | AM22: =+D22+R22-AC22-AH22 -> -1.757 | AN22: =+G22+S22-AF22-AK22 -> 0.1496892 | AO22: =+H22+T22-AG22-AL22 -> -0.2556394 | AP22: =(AN22+AO22)/(S22+T22) -> -0.0009543941 | AQ22: =($AP$1*AN22+$AQ$1*AO22) -> -9.3090766 | AR22: =(D22+J22+O22)-(X22+AH22) -> -1.757
A23: =CONCATENATE(B23,C23) -> 46183E | B23: =+B21+1 -> 46183 | C23: E | D23: 5243 | E23: 4.11 | F23: 8.23 | G23: =+D23*E23% -> 215.4873 | H23: =+D23*F23% -> 431.4989 | I23: 7988.7 | J23: 8228.361 | K23: 3.94 | L23: 8.02 | M23: skamal | N23: 5239/80434 | O23: 5930 | P23: 4.15 | Q23: 8.23 | R23: =+J23+O23 -> 14158.361 | S23: =+J23*K23%+O23*P23% -> 570.29242 | T23: =+J23*L23%+O23*Q23% -> 1147.9536 | U23: 7181/5239 | V23: 80351/80352 | W23: Muzaffarpur | X23: 15770 | Y23: 4.21 | Z23: 8.25 | AA23: =X23*Y23% -> 663.917 | AB23: =X23*Z23% -> 1301.025 | AC23: 15770 | AD23: 4.21 | AE23: 8.25 | AF23: =AC23*AD23% -> 663.917 | AG23: =AC23*AE23% -> 1301.025 | AH23: 3752 | AI23: 4.05 | AJ23: 8.14 | AK23: =AH23*AI23% -> 151.956 | AL23: =AH23*AJ23% -> 305.4128 | AM23: =+D23+R23-AC23-AH23 -> -120.639 | AN23: =+G23+S23-AF23-AK23 -> -30.093277 | AO23: =+H23+T23-AG23-AL23 -> -26.985348 | AP23: =(AN23+AO23)/(S23+T23) -> -0.033219123 | AQ23: =($AP$1*AN23+$AQ$1*AO23) -> -21585.168 | AR23: =(D23+J23+O23)-(X23+AH23) -> -120.639
A24: =CONCATENATE(B24,C24) -> 46184M | B24: =+B22+1 -> 46184 | C24: M | D24: 3752 | E24: 4.05 | F24: 8.14 | G24: =+D24*E24% -> 151.956 | H24: =+D24*F24% -> 305.4128 | I24: 3994.7 | J24: 4114.541 | K24: 4.1 | L24: 8.08 | M24: 0 | N24: 0 | O24: 0 | P24: 0 | Q24: 0 | R24: =+J24+O24 -> 4114.541 | S24: =+J24*K24%+O24*P24% -> 168.69618 | T24: =+J24*L24%+O24*Q24% -> 332.45491 | U24: 7181 | V24: 80353 | W24: itc munger | X24: 5900 | Y24: 3.93 | Z24: 8.26 | AA24: =X24*Y24% -> 231.87 | AB24: =X24*Z24% -> 487.34 | AC24: 5900 | AD24: 3.93 | AE24: 8.26 | AF24: =AC24*AD24% -> 231.87 | AG24: =AC24*AE24% -> 487.34 | AH24: 1967 | AI24: 4.08 | AJ24: 8.11 | AK24: =AH24*AI24% -> 80.2536 | AL24: =AH24*AJ24% -> 159.5237 | AM24: =+D24+R24-AC24-AH24 -> -0.459 | AN24: =+G24+S24-AF24-AK24 -> 8.528581 | AO24: =+H24+T24-AG24-AL24 -> -8.9959872 | AP24: =(AN24+AO24)/(S24+T24) -> -0.00093266523 | AQ24: =($AP$1*AN24+$AQ$1*AO24) -> 1136.3062 | AR24: =(D24+J24+O24)-(X24+AH24) -> -0.459
A25: =CONCATENATE(B25,C25) -> 46184E | B25: =+B23+1 -> 46184 | C25: E | D25: 1967 | E25: 4.08 | F25: 8.11 | G25: =+D25*E25% -> 80.2536 | H25: =+D25*F25% -> 159.5237 | I25: 4928.6 | J25: 5076.458 | K25: 3.95 | L25: 8.14 | M25: 0 | N25: 0 | O25: 0 | P25: 0 | Q25: 0 | R25: =+J25+O25 -> 5076.458 | S25: =+J25*K25%+O25*P25% -> 200.52009 | T25: =+J25*L25%+O25*Q25% -> 413.22368 | U25: 3461 | V25: Route vechicle/80354 | W25: skamal/itc munger | X25: 5350 | Y25: 4.04 | Z25: 8.24 | AA25: =X25*Y25% -> 216.14 | AB25: =X25*Z25% -> 440.84 | AC25: 5350 | AD25: 4.04 | AE25: 8.24 | AF25: =AC25*AD25% -> 216.14 | AG25: =AC25*AE25% -> 440.84 | AH25: 1694 | AI25: 3.99 | AJ25: 8.13 | AK25: =AH25*AI25% -> 67.5906 | AL25: =AH25*AJ25% -> 137.7222 | AM25: =+D25+R25-AC25-AH25 -> -0.542 | AN25: =+G25+S25-AF25-AK25 -> -2.956909 | AO25: =+H25+T25-AG25-AL25 -> -5.8148188 | AP25: =(AN25+AO25)/(S25+T25) -> -0.014292166 | AQ25: =($AP$1*AN25+$AQ$1*AO25) -> -3067.6062 | AR25: =(D25+J25+O25)-(X25+AH25) -> -0.542
A26: =CONCATENATE(B26,C26) -> 46185M | B26: =+B24+1 -> 46185 | C26: M | G26: =+D26*E26% -> 0 | H26: =+D26*F26% -> 0 | R26: =+J26+O26 -> 0 | S26: =+J26*K26%+O26*P26% -> 0 | T26: =+J26*L26%+O26*Q26% -> 0 | AA26: =X26*Y26% -> 0 | AB26: =X26*Z26% -> 0 | AF26: =AC26*AD26% -> 0 | AG26: =AC26*AE26% -> 0 | AK26: =AH26*AI26% -> 0 | AL26: =AH26*AJ26% -> 0 | AM26: =+D26+R26-AC26-AH26 -> 0 | AN26: =+G26+S26-AF26-AK26 -> 0 | AO26: =+H26+T26-AG26-AL26 -> 0 | AP26: =(AN26+AO26)/(S26+T26) -> #DIV/0! | AQ26: =($AP$1*AN26+$AQ$1*AO26) -> 0 | AR26: =(D26+J26+O26)-(X26+AH26) -> 0
A27: =CONCATENATE(B27,C27) -> 46185E | B27: =+B25+1 -> 46185 | C27: E | G27: =+D27*E27% -> 0 | H27: =+D27*F27% -> 0 | R27: =+J27+O27 -> 0 | S27: =+J27*K27%+O27*P27% -> 0 | T27: =+J27*L27%+O27*Q27% -> 0 | AA27: =X27*Y27% -> 0 | AB27: =X27*Z27% -> 0 | AF27: =AC27*AD27% -> 0 | AG27: =AC27*AE27% -> 0 | AK27: =AH27*AI27% -> 0 | AL27: =AH27*AJ27% -> 0 | AM27: =+D27+R27-AC27-AH27 -> 0 | AN27: =+G27+S27-AF27-AK27 -> 0 | AO27: =+H27+T27-AG27-AL27 -> 0 | AP27: =(AN27+AO27)/(S27+T27) -> #DIV/0! | AQ27: =($AP$1*AN27+$AQ$1*AO27) -> 0 | AR27: =(D27+J27+O27)-(X27+AH27) -> 0
A28: =CONCATENATE(B28,C28) -> 46186M | B28: =+B26+1 -> 46186 | C28: M | G28: =+D28*E28% -> 0 | H28: =+D28*F28% -> 0 | R28: =+J28+O28 -> 0 | S28: =+J28*K28%+O28*P28% -> 0 | T28: =+J28*L28%+O28*Q28% -> 0 | AA28: =X28*Y28% -> 0 | AB28: =X28*Z28% -> 0 | AF28: =AC28*AD28% -> 0 | AG28: =AC28*AE28% -> 0 | AK28: =AH28*AI28% -> 0 | AL28: =AH28*AJ28% -> 0 | AM28: =+D28+R28-AC28-AH28 -> 0 | AN28: =+G28+S28-AF28-AK28 -> 0 | AO28: =+H28+T28-AG28-AL28 -> 0 | AP28: =(AN28+AO28)/(S28+T28) -> #DIV/0! | AQ28: =($AP$1*AN28+$AQ$1*AO28) -> 0 | AR28: =(D28+J28+O28)-(X28+AH28) -> 0
A29: =CONCATENATE(B29,C29) -> 46186E | B29: =+B27+1 -> 46186 | C29: E | G29: =+D29*E29% -> 0 | H29: =+D29*F29% -> 0 | R29: =+J29+O29 -> 0 | S29: =+J29*K29%+O29*P29% -> 0 | T29: =+J29*L29%+O29*Q29% -> 0 | AA29: =X29*Y29% -> 0 | AB29: =X29*Z29% -> 0 | AF29: =AC29*AD29% -> 0 | AG29: =AC29*AE29% -> 0 | AK29: =AH29*AI29% -> 0 | AL29: =AH29*AJ29% -> 0 | AM29: =+D29+R29-AC29-AH29 -> 0 | AN29: =+G29+S29-AF29-AK29 -> 0 | AO29: =+H29+T29-AG29-AL29 -> 0 | AP29: =(AN29+AO29)/(S29+T29) -> #DIV/0! | AQ29: =($AP$1*AN29+$AQ$1*AO29) -> 0 | AR29: =(D29+J29+O29)-(X29+AH29) -> 0
A30: =CONCATENATE(B30,C30) -> 46187M | B30: =+B28+1 -> 46187 | C30: M | G30: =+D30*E30% -> 0 | H30: =+D30*F30% -> 0 | R30: =+J30+O30 -> 0 | S30: =+J30*K30%+O30*P30% -> 0 | T30: =+J30*L30%+O30*Q30% -> 0 | AA30: =X30*Y30% -> 0 | AB30: =X30*Z30% -> 0 | AF30: =AC30*AD30% -> 0 | AG30: =AC30*AE30% -> 0 | AK30: =AH30*AI30% -> 0 | AL30: =AH30*AJ30% -> 0 | AM30: =+D30+R30-AC30-AH30 -> 0 | AN30: =+G30+S30-AF30-AK30 -> 0 | AO30: =+H30+T30-AG30-AL30 -> 0 | AP30: =(AN30+AO30)/(S30+T30) -> #DIV/0! | AQ30: =($AP$1*AN30+$AQ$1*AO30) -> 0 | AR30: =(D30+J30+O30)-(X30+AH30) -> 0
A31: =CONCATENATE(B31,C31) -> 46187E | B31: =+B29+1 -> 46187 | C31: E | G31: =+D31*E31% -> 0 | H31: =+D31*F31% -> 0 | R31: =+J31+O31 -> 0 | S31: =+J31*K31%+O31*P31% -> 0 | T31: =+J31*L31%+O31*Q31% -> 0 | AA31: =X31*Y31% -> 0 | AB31: =X31*Z31% -> 0 | AF31: =AC31*AD31% -> 0 | AG31: =AC31*AE31% -> 0 | AK31: =AH31*AI31% -> 0 | AL31: =AH31*AJ31% -> 0 | AM31: =+D31+R31-AC31-AH31 -> 0 | AN31: =+G31+S31-AF31-AK31 -> 0 | AO31: =+H31+T31-AG31-AL31 -> 0 | AP31: =(AN31+AO31)/(S31+T31) -> #DIV/0! | AQ31: =($AP$1*AN31+$AQ$1*AO31) -> 0 | AR31: =(D31+J31+O31)-(X31+AH31) -> 0
A32: =CONCATENATE(B32,C32) -> 46188M | B32: =+B30+1 -> 46188 | C32: M | G32: =+D32*E32% -> 0 | H32: =+D32*F32% -> 0 | R32: =+J32+O32 -> 0 | S32: =+J32*K32%+O32*P32% -> 0 | T32: =+J32*L32%+O32*Q32% -> 0 | AA32: =X32*Y32% -> 0 | AB32: =X32*Z32% -> 0 | AF32: =AC32*AD32% -> 0 | AG32: =AC32*AE32% -> 0 | AK32: =AH32*AI32% -> 0 | AL32: =AH32*AJ32% -> 0 | AM32: =+D32+R32-AC32-AH32 -> 0 | AN32: =+G32+S32-AF32-AK32 -> 0 | AO32: =+H32+T32-AG32-AL32 -> 0 | AP32: =(AN32+AO32)/(S32+T32) -> #DIV/0! | AQ32: =($AP$1*AN32+$AQ$1*AO32) -> 0 | AR32: =(D32+J32+O32)-(X32+AH32) -> 0
A33: =CONCATENATE(B33,C33) -> 46188E | B33: =+B31+1 -> 46188 | C33: E | G33: =+D33*E33% -> 0 | H33: =+D33*F33% -> 0 | R33: =+J33+O33 -> 0 | S33: =+J33*K33%+O33*P33% -> 0 | T33: =+J33*L33%+O33*Q33% -> 0 | AA33: =X33*Y33% -> 0 | AB33: =X33*Z33% -> 0 | AF33: =AC33*AD33% -> 0 | AG33: =AC33*AE33% -> 0 | AK33: =AH33*AI33% -> 0 | AL33: =AH33*AJ33% -> 0 | AM33: =+D33+R33-AC33-AH33 -> 0 | AN33: =+G33+S33-AF33-AK33 -> 0 | AO33: =+H33+T33-AG33-AL33 -> 0 | AP33: =(AN33+AO33)/(S33+T33) -> #DIV/0! | AQ33: =($AP$1*AN33+$AQ$1*AO33) -> 0 | AR33: =(D33+J33+O33)-(X33+AH33) -> 0
A34: =CONCATENATE(B34,C34) -> 46189M | B34: =+B32+1 -> 46189 | C34: M | G34: =+D34*E34% -> 0 | H34: =+D34*F34% -> 0 | R34: =+J34+O34 -> 0 | S34: =+J34*K34%+O34*P34% -> 0 | T34: =+J34*L34%+O34*Q34% -> 0 | AA34: =X34*Y34% -> 0 | AB34: =X34*Z34% -> 0 | AF34: =AC34*AD34% -> 0 | AG34: =AC34*AE34% -> 0 | AK34: =AH34*AI34% -> 0 | AL34: =AH34*AJ34% -> 0 | AM34: =+D34+R34-AC34-AH34 -> 0 | AN34: =+G34+S34-AF34-AK34 -> 0 | AO34: =+H34+T34-AG34-AL34 -> 0 | AP34: =(AN34+AO34)/(S34+T34) -> #DIV/0! | AQ34: =($AP$1*AN34+$AQ$1*AO34) -> 0 | AR34: =(D34+J34+O34)-(X34+AH34) -> 0
A35: =CONCATENATE(B35,C35) -> 46189E | B35: =+B33+1 -> 46189 | C35: E | G35: =+D35*E35% -> 0 | H35: =+D35*F35% -> 0 | R35: =+J35+O35 -> 0 | S35: =+J35*K35%+O35*P35% -> 0 | T35: =+J35*L35%+O35*Q35% -> 0 | AA35: =X35*Y35% -> 0 | AB35: =X35*Z35% -> 0 | AF35: =AC35*AD35% -> 0 | AG35: =AC35*AE35% -> 0 | AK35: =AH35*AI35% -> 0 | AL35: =AH35*AJ35% -> 0 | AM35: =+D35+R35-AC35-AH35 -> 0 | AN35: =+G35+S35-AF35-AK35 -> 0 | AO35: =+H35+T35-AG35-AL35 -> 0 | AP35: =(AN35+AO35)/(S35+T35) -> #DIV/0! | AQ35: =($AP$1*AN35+$AQ$1*AO35) -> 0 | AR35: =(D35+J35+O35)-(X35+AH35) -> 0
A36: =CONCATENATE(B36,C36) -> 46190M | B36: =+B34+1 -> 46190 | C36: M | G36: =+D36*E36% -> 0 | H36: =+D36*F36% -> 0 | R36: =+J36+O36 -> 0 | S36: =+J36*K36%+O36*P36% -> 0 | T36: =+J36*L36%+O36*Q36% -> 0 | AA36: =X36*Y36% -> 0 | AB36: =X36*Z36% -> 0 | AF36: =AC36*AD36% -> 0 | AG36: =AC36*AE36% -> 0 | AK36: =AH36*AI36% -> 0 | AL36: =AH36*AJ36% -> 0 | AM36: =+D36+R36-AC36-AH36 -> 0 | AN36: =+G36+S36-AF36-AK36 -> 0 | AO36: =+H36+T36-AG36-AL36 -> 0 | AP36: =(AN36+AO36)/(S36+T36) -> #DIV/0! | AQ36: =($AP$1*AN36+$AQ$1*AO36) -> 0 | AR36: =(D36+J36+O36)-(X36+AH36) -> 0
A37: =CONCATENATE(B37,C37) -> 46190E | B37: =+B35+1 -> 46190 | C37: E | G37: =+D37*E37% -> 0 | H37: =+D37*F37% -> 0 | R37: =+J37+O37 -> 0 | S37: =+J37*K37%+O37*P37% -> 0 | T37: =+J37*L37%+O37*Q37% -> 0 | AA37: =X37*Y37% -> 0 | AB37: =X37*Z37% -> 0 | AF37: =AC37*AD37% -> 0 | AG37: =AC37*AE37% -> 0 | AK37: =AH37*AI37% -> 0 | AL37: =AH37*AJ37% -> 0 | AM37: =+D37+R37-AC37-AH37 -> 0 | AN37: =+G37+S37-AF37-AK37 -> 0 | AO37: =+H37+T37-AG37-AL37 -> 0 | AP37: =(AN37+AO37)/(S37+T37) -> #DIV/0! | AQ37: =($AP$1*AN37+$AQ$1*AO37) -> 0 | AR37: =(D37+J37+O37)-(X37+AH37) -> 0
... A62: =CONCATENATE(B62,C62) -> 46203M | B62: =+B60+1 -> 46203 | C62: M | G62: =+D62*E62% -> 0 | H62: =+D62*F62% -> 0 | R62: =+J62+O62 -> 0 | S62: =+J62*K62%+O62*P62% -> 0 | T62: =+J62*L62%+O62*Q62% -> 0 | AA62: =X62*Y62% -> 0 | AB62: =X62*Z62% -> 0 | AF62: =AC62*AD62% -> 0 | AG62: =AC62*AE62% -> 0 | AK62: =AH62*AI62% -> 0 | AL62: =AH62*AJ62% -> 0 | AM62: =+D62+R62-AC62-AH62 -> 0 | AN62: =+G62+S62-AF62-AK62 -> 0 | AO62: =+H62+T62-AG62-AL62 -> 0 | AP62: =(AN62+AO62)/(S62+T62) -> #DIV/0! | AQ62: =($AP$1*AN62+$AQ$1*AO62) -> 0 | AR62: =(D62+J62+O62)-(X62+AH62) -> 0
A63: =CONCATENATE(B63,C63) -> 46203E | B63: =+B61+1 -> 46203 | C63: E | G63: =+D63*E63% -> 0 | H63: =+D63*F63% -> 0 | R63: =+J63+O63 -> 0 | S63: =+J63*K63%+O63*P63% -> 0 | T63: =+J63*L63%+O63*Q63% -> 0 | AA63: =X63*Y63% -> 0 | AB63: =X63*Z63% -> 0 | AF63: =AC63*AD63% -> 0 | AG63: =AC63*AE63% -> 0 | AK63: =AH63*AI63% -> 0 | AL63: =AH63*AJ63% -> 0 | AM63: =+D63+R63-AC63-AH63 -> 0 | AN63: =+G63+S63-AF63-AK63 -> 0 | AO63: =+H63+T63-AG63-AL63 -> 0 | AP63: =(AN63+AO63)/(S63+T63) -> #DIV/0! | AQ63: =($AP$1*AN63+$AQ$1*AO63) -> 0 | AR63: 0
A64: =CONCATENATE(B64,C64) -> 46204M | B64: =+B62+1 -> 46204 | C64: M | G64: =+D64*E64% -> 0 | H64: =+D64*F64% -> 0 | R64: =+J64+O64 -> 0 | S64: =+J64*K64%+O64*P64% -> 0 | T64: =+J64*L64%+O64*Q64% -> 0 | AA64: =X64*Y64% -> 0 | AB64: =X64*Z64% -> 0 | AF64: =AC64*AD64% -> 0 | AG64: =AC64*AE64% -> 0 | AK64: =AH64*AI64% -> 0 | AL64: =AH64*AJ64% -> 0 | AM64: =+D64+R64-AC64-AH64 -> 0 | AN64: =+G64+S64-AF64-AK64 -> 0 | AO64: =+H64+T64-AG64-AL64 -> 0 | AP64: =(AN64+AO64)/(S64+T64) -> #DIV/0! | AQ64: =($AP$1*AN64+$AQ$1*AO64) -> 0 | AR64: =(D64+J64+O64)-(X64+AH64) -> 0
A65: =CONCATENATE(B65,C65) -> 46204E | B65: =+B63+1 -> 46204 | C65: E | G65: =+D65*E65% -> 0 | H65: =+D65*F65% -> 0 | R65: =+J65+O65 -> 0 | S65: =+J65*K65%+O65*P65% -> 0 | T65: =+J65*L65%+O65*Q65% -> 0 | AA65: =X65*Y65% -> 0 | AB65: =X65*Z65% -> 0 | AF65: =AC65*AD65% -> 0 | AG65: =AC65*AE65% -> 0 | AK65: =AH65*AI65% -> 0 | AL65: =AH65*AJ65% -> 0 | AM65: =+D65+R65-AC65-AH65 -> 0 | AN65: =+G65+S65-AF65-AK65 -> 0 | AO65: =+H65+T65-AG65-AL65 -> 0 | AP65: =(AN65+AO65)/(S65+T65) -> #DIV/0! | AQ65: =($AP$1*AN65+$AQ$1*AO65) -> 0 | AR65: =(D65+J65+O65)-(X65+AH65) -> 0
J66: =SUM(J4:J65) -> 73236.605 | R66: =SUM(R4:R65) -> 82255.605 | S66: =SUM(S4:S65) -> 3264.6974 | T66: =SUM(T4:T65) -> 6686.7376 | AM66: =-SUM(AM4:AM65) -> 465.395 | AN66: =-SUM(AN4:AN65) -> 31.267184 | AO66: =-SUM(AO4:AO65) -> 38.981571 | AQ66: =-SUM(AQ4:AQ65) -> 25702.296
V69: 4640 | W69: 4.9 | X69: 8.39 | Y69: =+V69*W69% -> 227.36 | Z69: =+V69*X69% -> 389.296
V70: 5300 | W70: 4.3 | X70: 8.52 | Y70: =+V70*W70% -> 227.9 | Z70: =+V70*X70% -> 451.56
V71: =SUM(V69:V70) -> 9940 | W71: =+Y71/V71% -> 4.5800805 | X71: =+Z71/V71% -> 8.4593159 | Y71: =SUM(Y69:Y70) -> 455.26 | Z71: =SUM(Z69:Z70) -> 840.856

Sheet Daily Losses
A1: Date | B1: Shift | C1: Own BMC | I1: Service Provider BMC
C2: Majhaul | D2: Sahibpur Kamal | E2: Dalsingsarai | F2: Musrigharari | G2: Kalyanpur | H2: Dumrao | I2: Laldiyara | J2: Asarganj | K2: Mahadatpur | L2: Sonvarsha | M2: Aariya | N2: Teghra | O2: Halsi
A3: =Manjhaul!B4 -> 46174 | B3: =Manjhaul!C4 -> M | C3: =Manjhaul!AQ4 -> -712.12494 | D3: ='Sahibpur Kamal'!AQ4 -> -1225.5854 | E3: =Dalsingsarai!AQ4 -> -15586.85 | F3: =Musrigharari!AQ4 -> -4574.2162 | H3: =Buxar!AQ4 -> -201.93887 | I3: =Laldiyara!AQ4 -> 9635.5465 | J3: =Asarganj!AQ4 -> 11932.999 | K3: =Madhatpur!AQ4 -> 136.96663 | L3: =Sonvarsha!AQ4 -> 45.280654 | M3: =Araiya!AQ4 -> 4472.0464 | N3: =Teghra!AQ4 -> 264.63095 | O3: =Halsi!AQ4 -> -24744.867
A4: =Manjhaul!B5 -> 46174 | B4: =Manjhaul!C5 -> E | C4: =Manjhaul!AQ5 -> 699.1242 | D4: ='Sahibpur Kamal'!AQ5 -> -108.74156 | E4: =Dalsingsarai!AQ5 -> -60.812117 | F4: =Musrigharari!AQ5 -> 470.5741 | H4: =Buxar!AQ5 -> 9202.3162 | I4: =Laldiyara!AQ5 -> -2585.4448 | J4: =Asarganj!AQ5 -> 4633.0589 | K4: =Madhatpur!AQ5 -> 1655.0668 | L4: =Sonvarsha!AQ5 -> 97.647053 | M4: =Araiya!AQ5 -> -3706.9185 | N4: =Teghra!AQ5 -> -3068.2591 | O4: =Halsi!AQ5 -> 13218.156
A5: =Manjhaul!B6 -> 46175 | B5: =Manjhaul!C6 -> M | C5: =Manjhaul!AQ6 -> -692.59152 | D5: ='Sahibpur Kamal'!AQ6 -> -6404.5417 | E5: =Dalsingsarai!AQ6 -> -24.879116 | F5: =Musrigharari!AQ6 -> 692.75716 | H5: =Buxar!AQ6 -> -200.66486 | I5: =Laldiyara!AQ6 -> 10428.387 | J5: =Asarganj!AQ6 -> 1991.08 | K5: =Madhatpur!AQ6 -> 51.713534 | L5: =Sonvarsha!AQ6 -> 81.888067 | M5: =Araiya!AQ6 -> 388.23263 | N5: =Teghra!AQ6 -> 342.97218 | O5: =Halsi!AQ6 -> 19009.654
A6: =Manjhaul!B7 -> 46175 | B6: =Manjhaul!C7 -> E | C6: =Manjhaul!AQ7 -> -1418.5709 | D6: ='Sahibpur Kamal'!AQ7 -> -5015.6797 | E6: =Dalsingsarai!AQ7 -> -1812.3637 | F6: =Musrigharari!AQ7 -> 683.42866 | H6: =Buxar!AQ7 -> 261.69313 | I6: =Laldiyara!AQ7 -> 724.25867 | J6: =Asarganj!AQ7 -> 421.64837 | K6: =Madhatpur!AQ7 -> 123.26979 | L6: =Sonvarsha!AQ7 -> 177.46385 | M6: =Araiya!AQ7 -> -2376.7483 | N6: =Teghra!AQ7 -> -3563.6658 | O6: =Halsi!AQ7 -> 3693.8268
A7: =Manjhaul!B8 -> 46176 | B7: =Manjhaul!C8 -> M | C7: =Manjhaul!AQ8 -> 135.79183 | D7: ='Sahibpur Kamal'!AQ8 -> 33.556322 | E7: =Dalsingsarai!AQ8 -> 5583.343 | F7: =Musrigharari!AQ8 -> -5301.3657 | H7: =Buxar!AQ8 -> -6156.0879 | I7: =Laldiyara!AQ8 -> 5856.6062 | J7: =Asarganj!AQ8 -> 2514.3755 | K7: =Madhatpur!AQ8 -> 143.18209 | L7: =Sonvarsha!AQ8 -> -35.106558 | M7: =Araiya!AQ8 -> 2508.1927 | N7: =Teghra!AQ8 -> -757.50226 | O7: =Halsi!AQ8 -> -580.45619
A8: =Manjhaul!B9 -> 46176 | B8: =Manjhaul!C9 -> E | C8: =Manjhaul!AQ9 -> 337.80163 | D8: ='Sahibpur Kamal'!AQ9 -> -1443.3305 | E8: =Dalsingsarai!AQ9 -> 310.94522 | F8: =Musrigharari!AQ9 -> 910.59029 | H8: =Buxar!AQ9 -> 291.51512 | I8: =Laldiyara!AQ9 -> -504.78224 | J8: =Asarganj!AQ9 -> -620.65967 | K8: =Madhatpur!AQ9 -> 164.06149 | L8: =Sonvarsha!AQ9 -> 226.66543 | M8: =Araiya!AQ9 -> -6945.6219 | N8: =Teghra!AQ9 -> -4654.126 | O8: =Halsi!AQ9 -> -7726.0432
A9: =Manjhaul!B10 -> 46177 | B9: =Manjhaul!C10 -> M | C9: =Manjhaul!AQ10 -> -2190.9897 | D9: ='Sahibpur Kamal'!AQ10 -> 7046.6908 | E9: =Dalsingsarai!AQ10 -> 866.30382 | F9: =Musrigharari!AQ10 -> -1928.3804 | H9: =Buxar!AQ10 -> -2879.4671 | I9: =Laldiyara!AQ10 -> -1901.9181 | J9: =Asarganj!AQ10 -> 411.69394 | K9: =Madhatpur!AQ10 -> 236.87439 | L9: =Sonvarsha!AQ10 -> -212.68174 | M9: =Araiya!AQ10 -> 476.17964 | N9: =Teghra!AQ10 -> 235.32506 | O9: =Halsi!AQ10 -> -16275.111
A10: =Manjhaul!B11 -> 46177 | B10: =Manjhaul!C11 -> E | C10: =Manjhaul!AQ11 -> 1005.6221 | D10: ='Sahibpur Kamal'!AQ11 -> -1049.8298 | E10: =Dalsingsarai!AQ11 -> 21220.485 | F10: =Musrigharari!AQ11 -> 149.25285 | H10: =Buxar!AQ11 -> -21.631626 | I10: =Laldiyara!AQ11 -> -19977.974 | J10: =Asarganj!AQ11 -> -20238.003 | K10: =Madhatpur!AQ11 -> 98.084441 | L10: =Sonvarsha!AQ11 -> 147.67029 | M10: =Araiya!AQ11 -> 7378.23 | N10: =Teghra!AQ11 -> 10803.284 | O10: =Halsi!AQ11 -> 14431.835
A11: =Manjhaul!B12 -> 46178 | B11: =Manjhaul!C12 -> M | C11: =Manjhaul!AQ12 -> -5808.5466 | D11: ='Sahibpur Kamal'!AQ12 -> -11982.749 | E11: =Dalsingsarai!AQ12 -> 421.88571 | F11: =Musrigharari!AQ12 -> 1261.8137 | H11: =Buxar!AQ12 -> 79.534642 | I11: =Laldiyara!AQ12 -> 31414.939 | J11: =Asarganj!AQ12 -> 15684.148 | K11: =Madhatpur!AQ12 -> -1.8481625 | L11: =Sonvarsha!AQ12 -> -71.163218 | M11: =Araiya!AQ12 -> -3846.9525 | N11: =Teghra!AQ12 -> -665.41672 | O11: =Halsi!AQ12 -> -24270.918
A12: =Manjhaul!B13 -> 46178 | B12: =Manjhaul!C13 -> E | C12: =Manjhaul!AQ13 -> -16.020401 | D12: ='Sahibpur Kamal'!AQ13 -> 103.50293 | E12: =Dalsingsarai!AQ13 -> -19958.332 | F12: =Musrigharari!AQ13 -> 19.57921 | H12: =Buxar!AQ13 -> 1179.5157 | I12: =Laldiyara!AQ13 -> -64.185152 | J12: =Asarganj!AQ13 -> -470.46911 | K12: =Madhatpur!AQ13 -> 79.672547 | L12: =Sonvarsha!AQ13 -> 77.611062 | M12: =Araiya!AQ13 -> -2116.1487 | N12: =Teghra!AQ13 -> -132.01126 | O12: =Halsi!AQ13 -> 13941.674
A13: =Manjhaul!B14 -> 46179 | B13: =Manjhaul!C14 -> M | C13: =Manjhaul!AQ14 -> 28.603872 | D13: ='Sahibpur Kamal'!AQ14 -> -4379.2639 | E13: =Dalsingsarai!AQ14 -> 6954.3295 | F13: =Musrigharari!AQ14 -> 194.64169 | H13: =Buxar!AQ14 -> 97.947852 | I13: =Laldiyara!AQ14 -> -10081.953 | J13: =Asarganj!AQ14 -> 5899.6397 | K13: =Madhatpur!AQ14 -> 13.848874 | L13: =Sonvarsha!AQ14 -> -288.12423 | M13: =Araiya!AQ14 -> 2494.9453 | N13: =Teghra!AQ14 -> 1524.023 | O13: =Halsi!AQ14 -> 12357.095
A14: =Manjhaul!B15 -> 46179 | B14: =Manjhaul!C15 -> E | C14: =Manjhaul!AQ15 -> 1843.4295 | D14: ='Sahibpur Kamal'!AQ15 -> 12.996304 | E14: =Dalsingsarai!AQ15 -> 319.65614 | F14: =Musrigharari!AQ15 -> 391.80931 | H14: =Buxar!AQ15 -> -17.554356 | I14: =Laldiyara!AQ15 -> 13355.589 | J14: =Asarganj!AQ15 -> 220.36253 | K14: =Madhatpur!AQ15 -> 1162.3897 | L14: =Sonvarsha!AQ15 -> -117.88831 | M14: =Araiya!AQ15 -> 5302.1367 | N14: =Teghra!AQ15 -> 282.51452 | O14: =Halsi!AQ15 -> 3829.3283
... A58: =Manjhaul!B59 -> 46201 | B58: =Manjhaul!C59 -> E | C58: =Manjhaul!AQ59 -> 0 | D58: ='Sahibpur Kamal'!AQ59 -> 0 | E58: =Dalsingsarai!AQ59 -> 0 | F58: =Musrigharari!AQ59 -> 0 | H58: =Buxar!AQ59 -> 0 | I58: =Laldiyara!AQ59 -> 0 | J58: =Asarganj!AQ59 -> 0 | K58: =Madhatpur!AQ59 -> 0 | L58: =Sonvarsha!AQ59 -> 0 | M58: =Araiya!AQ59 -> 0 | N58: =Teghra!AQ59 -> 0 | O58: =Halsi!AQ59 -> 0
A59: =Manjhaul!B60 -> 46202 | B59: =Manjhaul!C60 -> M | C59: =Manjhaul!AQ60 -> 0 | D59: ='Sahibpur Kamal'!AQ60 -> 0 | E59: =Dalsingsarai!AQ60 -> 0 | F59: =Musrigharari!AQ60 -> 0 | H59: =Buxar!AQ60 -> 0 | I59: =Laldiyara!AQ60 -> 0 | J59: =Asarganj!AQ60 -> 0 | K59: =Madhatpur!AQ60 -> 0 | L59: =Sonvarsha!AQ60 -> 0 | M59: =Araiya!#REF! -> #REF! | N59: =Teghra!AQ60 -> 0 | O59: =Halsi!#REF! -> #REF!
A60: =Manjhaul!B61 -> 46202 | B60: =Manjhaul!C61 -> E | C60: =Manjhaul!AQ61 -> 0 | D60: ='Sahibpur Kamal'!AQ61 -> 0 | E60: =Dalsingsarai!AQ61 -> 0 | F60: =Musrigharari!AQ61 -> 0 | H60: =Buxar!AQ61 -> 0 | I60: =Laldiyara!AQ61 -> 0 | J60: =Asarganj!AQ61 -> 0 | K60: =Madhatpur!AQ61 -> 0 | L60: =Sonvarsha!AQ61 -> 0 | M60: =Araiya!#REF! -> #REF! | N60: =Teghra!AQ61 -> 0 | O60: =Halsi!#REF! -> #REF!
A61: =Manjhaul!B62 -> 46203 | B61: =Manjhaul!C62 -> M | C61: =Manjhaul!AQ62 -> 0 | D61: ='Sahibpur Kamal'!AQ62 -> 0 | E61: =Dalsingsarai!AQ62 -> 0 | F61: =Musrigharari!AQ62 -> 0 | H61: =Buxar!AQ62 -> 0 | I61: =Laldiyara!AQ62 -> 0 | J61: =Asarganj!AQ62 -> 0 | K61: =Madhatpur!AQ62 -> 0 | L61: =Sonvarsha!AQ62 -> 0 | M61: =Araiya!#REF! -> #REF! | N61: =Teghra!AQ62 -> 0 | O61: =Halsi!#REF! -> #REF!
A62: =Manjhaul!B63 -> 46203 | B62: =Manjhaul!C63 -> E | C62: =Manjhaul!AQ63 -> 0 | D62: ='Sahibpur Kamal'!AQ63 -> 0 | E62: =Dalsingsarai!AQ63 -> 0 | F62: =Musrigharari!AQ63 -> 0 | H62: =Buxar!AQ63 -> 0 | I62: =Laldiyara!AQ63 -> 0 | J62: =Asarganj!AQ63 -> 0 | K62: =Madhatpur!AQ63 -> 0 | L62: =Sonvarsha!AQ63 -> 0 | M62: =Araiya!#REF! -> #REF! | N62: =Teghra!AQ63 -> 0 | O62: =Halsi!#REF! -> #REF!
A63: =Manjhaul!B64 -> 46204 | B63: =Manjhaul!C64 -> M | C63: =Manjhaul!AQ64 -> 0 | D63: ='Sahibpur Kamal'!AQ64 -> 0 | E63: =Dalsingsarai!AQ64 -> 0 | F63: =Musrigharari!AQ64 -> 0 | H63: =Buxar!AQ64 -> 0 | I63: =Laldiyara!AQ64 -> 0 | J63: =Asarganj!AQ64 -> 0 | K63: =Madhatpur!AQ64 -> 0 | L63: =Sonvarsha!AQ64 -> 0 | M63: =Araiya!#REF! -> #REF! | N63: =Teghra!AQ64 -> 0 | O63: =Halsi!#REF! -> #REF!
A64: =Manjhaul!B65 -> 46204 | B64: =Manjhaul!C65 -> E | C64: =Manjhaul!AQ65 -> 0 | D64: ='Sahibpur Kamal'!AQ65 -> 0 | E64: =Dalsingsarai!AQ65 -> 0 | F64: =Musrigharari!AQ65 -> 0 | H64: =Buxar!AQ65 -> 0 | I64: =Laldiyara!AQ65 -> 0 | J64: =Asarganj!AQ65 -> 0 | K64: =Madhatpur!AQ65 -> 0 | L64: =Sonvarsha!AQ65 -> 0 | M64: =Araiya!#REF! -> #REF! | N64: =Teghra!AQ65 -> 0 | O64: =Halsi!#REF! -> #REF!
A65: Total | C65: =SUM(C3:C64) -> 333.93315 | D65: =SUM(D3:D64) -> -31980.175 | E65: =SUM(E3:E64) -> -15450.646 | F65: =SUM(F3:F64) -> -22411.289 | G65: =SUM(G3:G64) -> 0 | H65: =SUM(H3:H64) -> -13849.988 | I65: =SUM(I3:I64) -> 20642.405 | J65: =SUM(J3:J64) -> 23212.639 | ... O65: =SUM(O3:O64) -> #REF!

Sheet Bachhwara
B1: Bachhwara Bmc | AG1: 392 | AP1: =Sumarry!$K$4 -> 448.91 | AQ1: =Sumarry!$L$4 -> 299.27333
B2: Date | C2: Shift | D2: OB | I2: Milk from MPG in Ltr | M2: Transfer from other BMC/RMC | R2: Total Milk Receipt in Kg | U2: Tanker Dispatch Details | AC2: Plant Receipt | AH2: CB | AM2: Loss/(Gain)
D3: Qty KG | E3: Fat% | F3: Snf% | G3: FAT Kg | H3: SNF Kg | I3: Qty Ltr | J3: Qty Kg | K3: Fat% | L3: Snf% | M3: From | N3: Tanker No | O3: Qty Kg | P3: Fat% | Q3: Snf% | R3: Qty Kg | S3: FAT Kg | T3: SNF Kg | U3: Tanker | V3: Challan | W3: To | X3: Qty KG | Y3: Fat% | Z3: Snf% | AA3: FAT Kg | AB3: SNF Kg | AC3: Qty KG | AD3: Fat% | AE3: Snf% | AF3: FAT Kg | AG3: SNF Kg | AH3: Qty KG | AI3: Fat% | AJ3: Snf% | AK3: FAT Kg | AL3: SNF Kg | AM3: Qty KG | AN3: FAT Kg | AO3: SNF Kg | AP3: TS Loss% | AQ3: Amount
A4: =CONCATENATE(B4,C4) -> 46174M | B4: 46174 | C4: M | D4: 664 | E4: 3.9 | F4: 8.19 | G4: =+D4*E4% -> 25.896 | H4: =+D4*F4% -> 54.3816 | I4: 371.4 | J4: 382.542 | K4: 4.5020194 | L4: 8.5975498 | M4: 0 | N4: 0 | O4: 0 | P4: 0 | Q4: 0 | R4: =+J4+O4 -> 382.542 | S4: =+J4*K4%+O4*P4% -> 17.222115 | T4: =+J4*L4%+O4*Q4% -> 32.889239 | U4: 0 | V4: 0 | W4: 0 | X4: 0 | Y4: 0 | Z4: 0 | AA4: =X4*Y4% -> 0 | AB4: =X4*Z4% -> 0 | AF4: =AC4*AD4% -> 0 | AG4: =AC4*AE4% -> 0 | AH4: 2527 | AI4: 3.75 | AJ4: 8.34 | AK4: =AH4*AI4% -> 94.7625 | AL4: =AH4*AJ4% -> 210.7518 | AM4: =+D4+R4-AC4-AH4 -> -1480.458 | AN4: =+G4+S4-AF4-AK4 -> -51.644385 | AO4: =+H4+T4-AG4-AL4 -> -123.48096 | AP4: =(AN4+AO4)/(S4+T4) -> -3.4947239 | AQ4: =($AP$1*AN4+$AQ$1*AO4) -> -60138.24 | AR4: =(D4+J4+O4)-(X4+AH4) -> -1480.458
A5: =CONCATENATE(B5,C5) -> 46174E | B5: =+B4 -> 46174 | C5: E | D5: 2527 | E5: 3.75 | F5: 8.34 | G5: =+D5*E5% -> 94.7625 | H5: =+D5*F5% -> 210.7518 | I5: 543.4 | J5: 559.702 | K5: 3.9036069 | L5: 8.3540302 | M5: 0 | N5: 0 | O5: 0 | P5: 0 | Q5: 0 | R5: =+J5+O5 -> 559.702 | S5: =+J5*K5%+O5*P5% -> 21.848566 | T5: =+J5*L5%+O5*Q5% -> 46.757674 | U5: 0 | V5: 0 | W5: 0 | X5: 0 | Y5: 0 | Z5: 0 | AA5: =X5*Y5% -> 0 | AB5: =X5*Z5% -> 0 | AF5: =AC5*AD5% -> 0 | AG5: =AC5*AE5% -> 0 | AH5: 3087 | AI5: 3.8 | AJ5: 8.42 | AK5: =AH5*AI5% -> 117.306 | AL5: =AH5*AJ5% -> 259.9254 | AM5: =+D5+R5-AC5-AH5 -> -0.298 | AN5: =+G5+S5-AF5-AK5 -> -0.694934 | AO5: =+H5+T5-AG5-AL5 -> -2.415926 | AP5: =(AN5+AO5)/(S5+T5) -> -0.045343689 | AQ5: =($AP$1*AN5+$AQ$1*AO5) -> -1034.985 | AR5: =(D5+J5+O5)-(X5+AH5) -> -0.298
A6: =CONCATENATE(B6,C6) -> 46175M | B6: =+B4+1 -> 46175 | C6: M | D6: 3087 | E6: 3.8 | F6: 8.42 | G6: =+D6*E6% -> 117.306 | H6: =+D6*F6% -> 259.9254 | I6: 1724.6 | J6: 1776.338 | K6: 4.2137945 | L6: 8.2776122 | M6: 0 | N6: 0 | O6: 0 | P6: 0 | Q6: 0 | R6: =+J6+O6 -> 1776.338 | S6: =+J6*K6%+O6*P6% -> 74.851233 | T6: =+J6*L6%+O6*Q6% -> 147.03837 | U6: 0 | V6: 00 | W6: 0 | X6: 0 | Y6: 0 | Z6: 0 | AA6: =X6*Y6% -> 0 | AB6: =X6*Z6% -> 0 | AF6: =AC6*AD6% -> 0 | AG6: =AC6*AE6% -> 0 | AH6: 4863 | AI6: 3.94 | AJ6: 8.36 | AK6: =AH6*AI6% -> 191.6022 | AL6: =AH6*AJ6% -> 406.5468 | AM6: =+D6+R6-AC6-AH6 -> 0.338 | AN6: =+G6+S6-AF6-AK6 -> 0.555033 | AO6: =+H6+T6-AG6-AL6 -> 0.416971 | AP6: =(AN6+AO6)/(S6+T6) -> 0.0043805748 | AQ6: =($AP$1*AN6+$AQ$1*AO6) -> 373.94817 | AR6: =(D6+J6+O6)-(X6+AH6) -> 0.338
A7: =CONCATENATE(B7,C7) -> 46175E | B7: =+B5+1 -> 46175 | C7: E | D7: 4863 | E7: 3.94 | F7: 8.36 | G7: =+D7*E7% -> 191.6022 | H7: =+D7*F7% -> 406.5468 | I7: 540 | J7: 556.2 | K7: 3.9041111 | L7: 8.408 | M7: 0 | N7: 0 | O7: 0 | P7: 0 | Q7: 0 | R7: =+J7+O7 -> 556.2 | S7: =+J7*K7%+O7*P7% -> 21.714666 | T7: =+J7*L7%+O7*Q7% -> 46.765296 | U7: 0 | V7: 0 | W7: 0 | X7: 0 | Y7: 0 | Z7: 0 | AA7: =X7*Y7% -> 0 | AB7: =X7*Z7% -> 0 | AF7: =AC7*AD7% -> 0 | AG7: =AC7*AE7% -> 0 | AH7: 5419 | AI7: 4 | AJ7: 8.46 | AK7: =AH7*AI7% -> 216.76 | AL7: =AH7*AJ7% -> 458.4474 | AM7: =+D7+R7-AC7-AH7 -> 0.2 | AN7: =+G7+S7-AF7-AK7 -> -3.443134 | AO7: =+H7+T7-AG7-AL7 -> -5.135304 | AP7: =(AN7+AO7)/(S7+T7) -> -0.12526932 | AQ7: =($AP$1*AN7+$AQ$1*AO7) -> -3082.5168 | AR7: =(D7+J7+O7)-(X7+AH7) -> 0.2
A8: =CONCATENATE(B8,C8) -> 46176M | B8: =+B6+1 -> 46176 | C8: M | D8: 5419 | E8: 4 | F8: 8.46 | G8: =+D8*E8% -> 216.76 | H8: =+D8*F8% -> 458.4474 | I8: 1212.7 | J8: 1249.081 | K8: 3.9837305 | L8: 8.1322421 | M8: 0 | N8: 0 | O8: 0 | P8: 0 | Q8: 0 | R8: =+J8+O8 -> 1249.081 | S8: =+J8*K8%+O8*P8% -> 49.760021 | T8: =+J8*L8%+O8*Q8% -> 101.57829 | U8: 6545 | V8: 89379 | W8: Kaliyanpur | X8: 6280 | Y8: 4.05 | Z8: 8.2 | AA8: =X8*Y8% -> 254.34 | AB8: =X8*Z8% -> 514.96 | AC8: 6280 | AD8: 4.05 | AE8: 8.2 | AF8: =AC8*AD8% -> 254.34 | AG8: =AC8*AE8% -> 514.96 | AH8: 388 | AI8: 4.05 | AJ8: 8.1 | AK8: =AH8*AI8% -> 15.714 | AL8: =AH8*AJ8% -> 31.428 | AM8: =+D8+R8-AC8-AH8 -> 0.081 | AN8: =+G8+S8-AF8-AK8 -> -3.533979 | AO8: =+H8+T8-AG8-AL8 -> 13.637691 | AP8: =(AN8+AO8)/(S8+T8) -> 0.06676242 | AQ8: =($AP$1*AN8+$AQ$1*AO8) -> 2494.9587 | AR8: =(D8+J8+O8)-(X8+AH8) -> 0.081
A9: =CONCATENATE(B9,C9) -> 46176E | B9: =+B7+1 -> 46176 | C9: E | D9: 388 | E9: 4.05 | F9: 8.1 | G9: =+D9*E9% -> 15.714 | H9: =+D9*F9% -> 31.428 | I9: 2018.3 | J9: 2078.849 | K9: 3.6619779 | L9: 8.32295 | M9: 0 | N9: 0 | O9: 0 | P9: 0 | Q9: 0 | R9: =+J9+O9 -> 2078.849 | S9: =+J9*K9%+O9*P9% -> 76.126991 | T9: =+J9*L9%+O9*Q9% -> 173.02156 | U9: 0 | V9: 0 | W9: 0 | X9: 0 | Y9: 0 | Z9: 0 | AA9: =X9*Y9% -> 0 | AB9: =X9*Z9% -> 0 | AF9: =AC9*AD9% -> 0 | AG9: =AC9*AE9% -> 0 | AH9: 986 | AI9: 4.01 | AJ9: 8.22 | AK9: =AH9*AI9% -> 39.5386 | AL9: =AH9*AJ9% -> 81.0492 | AM9: =+D9+R9-AC9-AH9 -> 1480.849 | AN9: =+G9+S9-AF9-AK9 -> 52.302391 | AO9: =+H9+T9-AG9-AL9 -> 123.40036 | AP9: =(AN9+AO9)/(S9+T9) -> 0.70521282 | AQ9: =($AP$1*AN9+$AQ$1*AO9) -> 60409.504 | AR9: =(D9+J9+O9)-(X9+AH9) -> 1480.849
A10: =CONCATENATE(B10,C10) -> 46177M | B10: =+B8+1 -> 46177 | C10: M | D10: 986 | E10: 4.01 | F10: 8.22 | G10: =+D10*E10% -> 39.5386 | H10: =+D10*F10% -> 81.0492 | I10: 354.3 | J10: 364.929 | K10: 4.7771662 | L10: 8.6207169 | M10: 0 | N10: 0 | O10: 0 | P10: 0 | Q10: 0 | R10: =+J10+O10 -> 364.929 | S10: =+J10*K10%+O10*P10% -> 17.433265 | T10: =+J10*L10%+O10*Q10% -> 31.459496 | U10: 3461 | V10: 89380 | W10: Manjhaul | X10: 1367 | Y10: 4.2 | Z10: 8.13 | AA10: =X10*Y10% -> 57.414 | AB10: =X10*Z10% -> 111.1371 | AC10: 1360 | AD10: 4.1 | AE10: 8.04 | AF10: =AC10*AD10% -> 55.76 | AG10: =AC10*AE10% -> 109.344 | AH10: 0 | AI10: 0 | AJ10: 0 | AK10: =AH10*AI10% -> 0 | AL10: =AH10*AJ10% -> 0 | AM10: =+D10+R10-AC10-AH10 -> -9.071 | AN10: =+G10+S10-AF10-AK10 -> 1.211865 | AO10: =+H10+T10-AG10-AL10 -> 3.164696 | AP10: =(AN10+AO10)/(S10+T10) -> 0.089513476 | AQ10: =($AP$1*AN10+$AQ$1*AO10) -> 1491.1274 | AR10: =(D10+J10+O10)-(X10+AH10) -> -16.071
A11: =CONCATENATE(B11,C11) -> 46177E | B11: =+B9+1 -> 46177 | C11: E | D11: 0 | E11: 0 | F11: 0 | G11: =+D11*E11% -> 0 | H11: =+D11*F11% -> 0 | I11: 528.1 | J11: 543.943 | K11: 3.9505775 | L11: 8.3646279 | M11: 0 | N11: 0 | O11: 0 | P11: 0 | Q11: 0 | R11: =+J11+O11 -> 543.943 | S11: =+J11*K11%+O11*P11% -> 21.48889 | T11: =+J11*L11%+O11*Q11% -> 45.498808 | U11: 0 | V11: 0 | W11: 0 | X11: 0 | Y11: 0 | Z11: 0 | AA11: =X11*Y11% -> 0 | AB11: =X11*Z11% -> 0 | AF11: =AC11*AD11% -> 0 | AG11: =AC11*AE11% -> 0 | AH11: 544 | AI11: 3.9 | AJ11: 8.19 | AK11: =AH11*AI11% -> 21.216 | AL11: =AH11*AJ11% -> 44.5536 | AM11: =+D11+R11-AC11-AH11 -> -0.057 | AN11: =+G11+S11-AF11-AK11 -> 0.27289 | AO11: =+H11+T11-AG11-AL11 -> 0.945208 | AP11: =(AN11+AO11)/(S11+T11) -> 0.018183906 | AQ11: =($AP$1*AN11+$AQ$1*AO11) -> 405.3786 | AR11: =(D11+J11+O11)-(X11+AH11) -> -0.057
A12: =CONCATENATE(B12,C12) -> 46178M | B12: =+B10+1 -> 46178 | C12: M | D12: 544 | E12: 3.9 | F12: 8.19 | G12: =+D12*E12% -> 21.216 | H12: =+D12*F12% -> 44.5536 | I12: 335 | J12: 345.05 | K12: 5.09 | L12: 8.56 | M12: 0 | N12: 0 | O12: 0 | P12: 0 | Q12: 0 | R12: =+J12+O12 -> 345.05 | S12: =+J12*K12%+O12*P12% -> 17.563045 | T12: =+J12*L12%+O12*Q12% -> 29.53628 | U12: 0 | V12: 0 | W12: 0 | X12: 0 | Y12: 0 | Z12: 0 | AA12: =X12*Y12% -> 0 | AB12: =X12*Z12% -> 0 | AF12: =AC12*AD12% -> 0 | AG12: =AC12*AE12% -> 0 | AH12: 889 | AI12: 4.5 | AJ12: 8.31 | AK12: =AH12*AI12% -> 40.005 | AL12: =AH12*AJ12% -> 73.8759 | AM12: =+D12+R12-AC12-AH12 -> 0.05 | AN12: =+G12+S12-AF12-AK12 -> -1.225955 | AO12: =+H12+T12-AG12-AL12 -> 0.21398 | AP12: =(AN12+AO12)/(S12+T12) -> -0.021485977 | AQ12: =($AP$1*AN12+$AQ$1*AO12) -> -486.30495 | AR12: =(D12+J12+O12)-(X12+AH12) -> 0.05
A13: =CONCATENATE(B13,C13) -> 46178E | B13: =+B11+1 -> 46178 | C13: E | D13: 889 | E13: 4.5 | F13: 8.31 | G13: =+D13*E13% -> 40.005 | H13: =+D13*F13% -> 73.8759 | I13: 666.3 | J13: 686.289 | K13: 3.93 | L13: 8.25 | M13: 0 | N13: 0 | O13: 0 | P13: 0 | Q13: 0 | R13: =+J13+O13 -> 686.289 | S13: =+J13*K13%+O13*P13% -> 26.971158 | T13: =+J13*L13%+O13*Q13% -> 56.618842 | U13: 0 | V13: 00 | W13: 0 | X13: 0 | Y13: 0 | Z13: 0 | AA13: =X13*Y13% -> 0 | AB13: =X13*Z13% -> 0 | AF13: =AC13*AD13% -> 0 | AG13: =AC13*AE13% -> 0 | AH13: 1575 | AI13: 4.25 | AJ13: 8.28 | AK13: =AH13*AI13% -> 66.9375 | AL13: =AH13*AJ13% -> 130.41 | AM13: =+D13+R13-AC13-AH13 -> 0.289 | AN13: =+G13+S13-AF13-AK13 -> 0.0386577 | AO13: =+H13+T13-AG13-AL13 -> 0.0847425 | AP13: =(AN13+AO13)/(S13+T13) -> 0.0014762555 | AQ13: =($AP$1*AN13+$AQ$1*AO13) -> 42.714999 | AR13: =(D13+J13+O13)-(X13+AH13) -> 0.289
A14: =CONCATENATE(B14,C14) -> 46179M | B14: =+B12+1 -> 46179 | C14: M | D14: 1575 | E14: 4.25 | F14: 8.28 | G14: =+D14*E14% -> 66.9375 | H14: =+D14*F14% -> 130.41 | I14: 359.8 | J14: 370.594 | K14: 4.97 | L14: 8.59 | M14: 0 | N14: 0 | O14: 0 | P14: 0 | Q14: 0 | R14: =+J14+O14 -> 370.594 | S14: =+J14*K14%+O14*P14% -> 18.418522 | T14: =+J14*L14%+O14*Q14% -> 31.834025 | U14: 0 | V14: 00 | W14: 0 | X14: 0 | Y14: 0 | Z14: 0 | AA14: =X14*Y14% -> 0 | AB14: =X14*Z14% -> 0 | AF14: =AC14*AD14% -> 0 | AG14: =AC14*AE14% -> 0 | AH14: 1946 | AI14: 4.3 | AJ14: 8.33 | AK14: =AH14*AI14% -> 83.678 | AL14: =AH14*AJ14% -> 162.1018 | AM14: =+D14+R14-AC14-AH14 -> -0.406 | AN14: =+G14+S14-AF14-AK14 -> 1.6780218 | AO14: =+H14+T14-AG14-AL14 -> 0.1422246 | AP14: =(AN14+AO14)/(S14+T14) -> 0.036221973 | AQ14: =($AP$1*AN14+$AQ$1*AO14) -> 795.8448 | AR14: =(D14+J14+O14)-(X14+AH14) -> -0.406
A15: =CONCATENATE(B15,C15) -> 46179E | B15: =+B13+1 -> 46179 | C15: E | D15: 1946 | E15: 4.3 | F15: 8.33 | G15: =+D15*E15% -> 83.678 | H15: =+D15*F15% -> 162.1018 | I15: 648.8 | J15: 668.264 | K15: 3.94 | L15: 8.31 | M15: 0 | N15: 0 | O15: 0 | P15: 0 | Q15: 0 | R15: =+J15+O15 -> 668.264 | S15: =+J15*K15%+O15*P15% -> 26.329602 | T15: =+J15*L15%+O15*Q15% -> 55.532738 | U15: 0 | V15: 00 | W15: 0 | X15: 0 | Y15: 0 | Z15: 0 | AA15: =X15*Y15% -> 0 | AB15: =X15*Z15% -> 0 | AF15: =AC15*AD15% -> 0 | AG15: =AC15*AE15% -> 0 | AH15: 2614 | AI15: 4.2 | AJ15: 8.32 | AK15: =AH15*AI15% -> 109.788 | AL15: =AH15*AJ15% -> 217.4848 | AM15: =+D15+R15-AC15-AH15 -> 0.264 | AN15: =+G15+S15-AF15-AK15 -> 0.2196016 | AO15: =+H15+T15-AG15-AL15 -> 0.1497384 | AP15: =(AN15+AO15)/(S15+T15) -> 0.0045117205 | AQ15: =($AP$1*AN15+$AQ$1*AO15) -> 143.39406 | AR15: =(D15+J15+O15)-(X15+AH15) -> 0.264
A16: =CONCATENATE(B16,C16) -> 46180M | B16: =+B14+1 -> 46180 | C16: M | D16: 2614 | E16: 4.2 | F16: 8.32 | G16: =+D16*E16% -> 109.788 | H16: =+D16*F16% -> 217.4848 | I16: 430.6 | J16: 443.518 | K16: 4.58 | L16: 8.58 | M16: 0 | N16: 0 | O16: 0 | P16: 0 | Q16: 0 | R16: =+J16+O16 -> 443.518 | S16: =+J16*K16%+O16*P16% -> 20.313124 | T16: =+J16*L16%+O16*Q16% -> 38.053844 | U16: 3461 | V16: 89381 | W16: Matihani | X16: 3089 | Y16: 4.35 | Z16: 8.03 | AA16: =X16*Y16% -> 134.3715 | AB16: =X16*Z16% -> 248.0467 | AC16: 3089 | AD16: 4.35 | AE16: 8.03 | AF16: =AC16*AD16% -> 134.3715 | AG16: =AC16*AE16% -> 248.0467 | AH16: 0 | AI16: 0 | AJ16: 0 | AK16: =AH16*AI16% -> 0 | AL16: =AH16*AJ16% -> 0 | AM16: =+D16+R16-AC16-AH16 -> -31.482 | AN16: =+G16+S16-AF16-AK16 -> -4.2703756 | AO16: =+H16+T16-AG16-AL16 -> 7.4919444 | AP16: =(AN16+AO16)/(S16+T16) -> 0.055195068 | AQ16: =($AP$1*AN16+$AQ$1*AO16) -> 325.12486 | AR16: =(D16+J16+O16)-(X16+AH16) -> -31.482
A17: =CONCATENATE(B17,C17) -> 46180E | B17: =+B15+1 -> 46180 | C17: E | D17: 0 | E17: 0 | F17: 0 | G17: =+D17*E17% -> 0 | H17: =+D17*F17% -> 0 | I17: 639.6 | J17: 658.788 | K17: 3.83 | L17: 8.32 | M17: 0 | N17: 0 | O17: 0 | P17: 0 | Q17: 0 | R17: =+J17+O17 -> 658.788 | S17: =+J17*K17%+O17*P17% -> 25.23158 | T17: =+J17*L17%+O17*Q17% -> 54.811162 | U17: 0 | V17: 00 | W17: 0 | X17: 0 | Y17: 0 | Z17: 0 | AA17: =X17*Y17% -> 0 | AB17: =X17*Z17% -> 0 | AF17: =AC17*AD17% -> 0 | AG17: =AC17*AE17% -> 0 | AH17: 659 | AI17: 3.95 | AJ17: 8.2 | AK17: =AH17*AI17% -> 26.0305 | AL17: =AH17*AJ17% -> 54.038 | AM17: =+D17+R17-AC17-AH17 -> -0.212 | AN17: =+G17+S17-AF17-AK17 -> -0.7989196 | AO17: =+H17+T17-AG17-AL17 -> 0.7731616 | AP17: =(AN17+AO17)/(S17+T17) -> -0.00032180307 | AQ17: =($AP$1*AN17+$AQ$1*AO17) -> -127.25635 | AR17: =(D17+J17+O17)-(X17+AH17) -> -0.212
A18: =CONCATENATE(B18,C18) -> 46181M | B18: =+B16+1 -> 46181 | C18: M | D18: 659 | E18: 3.95 | F18: 8.2 | G18: =+D18*E18% -> 26.0305 | H18: =+D18*F18% -> 54.038 | I18: 398.9 | J18: 410.867 | K18: 4.77 | L18: 8.56 | M18: 0 | N18: 0 | O18: 0 | P18: 0 | Q18: 0 | R18: =+J18+O18 -> 410.867 | S18: =+J18*K18%+O18*P18% -> 19.598356 | T18: =+J18*L18%+O18*Q18% -> 35.170215 | U18: 0 | V18: 00 | W18: 0 | X18: 0 | Y18: 0 | Z18: 0 | AA18: =X18*Y18% -> 0 | AB18: =X18*Z18% -> 0 | AF18: =AC18*AD18% -> 0 | AG18: =AC18*AE18% -> 0 | AH18: 1070 | AI18: 4.75 | AJ18: 8.36 | AK18: =AH18*AI18% -> 50.825 | AL18: =AH18*AJ18% -> 89.452 | AM18: =+D18+R18-AC18-AH18 -> -0.133 | AN18: =+G18+S18-AF18-AK18 -> -5.1961441 | AO18: =+H18+T18-AG18-AL18 -> -0.2437848 | AP18: =(AN18+AO18)/(S18+T18) -> -0.099325741 | AQ18: =($AP$1*AN18+$AQ$1*AO18) -> -2405.5593 | AR18: =(D18+J18+O18)-(X18+AH18) -> -0.133
A19: =CONCATENATE(B19,C19) -> 46181E | B19: =+B17+1 -> 46181 | C19: E | D19: 1070 | E19: 4.75 | F19: 8.36 | G19: =+D19*E19% -> 50.825 | H19: =+D19*F19% -> 89.452 | I19: 896.3 | J19: 923.189 | K19: 4.31 | L19: 8.33 | M19: 0 | N19: 0 | O19: 0 | P19: 0 | Q19: 0 | R19: =+J19+O19 -> 923.189 | S19: =+J19*K19%+O19*P19% -> 39.789446 | T19: =+J19*L19%+O19*Q19% -> 76.901644 | U19: 0 | V19: 00 | W19: 0 | X19: 0 | Y19: 0 | Z19: 0 | AA19: =X19*Y19% -> 0 | AB19: =X19*Z19% -> 0 | AF19: =AC19*AD19% -> 0 | AG19: =AC19*AE19% -> 0 | AH19: 1993 | AI19: 4.54 | AJ19: 8.34 | AK19: =AH19*AI19% -> 90.4822 | AL19: =AH19*AJ19% -> 166.2162 | AM19: =+D19+R19-AC19-AH19 -> 0.189 | AN19: =+G19+S19-AF19-AK19 -> 0.1322459 | AO19: =+H19+T19-AG19-AL19 -> 0.1374437 | AP19: =(AN19+AO19)/(S19+T19) -> 0.0023111413 | AQ19: =($AP$1*AN19+$AQ$1*AO19) -> 100.49974 | AR19: =(D19+J19+O19)-(X19+AH19) -> 0.189
A20: =CONCATENATE(B20,C20) -> 46182M | B20: =+B18+1 -> 46182 | C20: M | D20: 1993 | E20: 4.54 | F20: 8.34 | G20: =+D20*E20% -> 90.4822 | H20: =+D20*F20% -> 166.2162 | I20: 352 | J20: 362.56 | K20: 4.8 | L20: 8.66 | M20: 0 | N20: 0 | O20: 0 | P20: 0 | Q20: 0 | R20: =+J20+O20 -> 362.56 | S20: =+J20*K20%+O20*P20% -> 17.40288 | T20: =+J20*L20%+O20*Q20% -> 31.397696 | U20: 6545 | V20: 89382 | W20: Manjhaul | X20: 2375 | Y20: 4.3 | Z20: 8.02 | AA20: =X20*Y20% -> 102.125 | AB20: =X20*Z20% -> 190.475 | AC20: 2370 | AD20: 4.2 | AE20: 8 | AF20: =AC20*AD20% -> 99.54 | AG20: =AC20*AE20% -> 189.6 | AH20: 0 | AI20: 0 | AJ20: 0 | AK20: =AH20*AI20% -> 0 | AL20: =AH20*AJ20% -> 0 | AM20: =+D20+R20-AC20-AH20 -> -14.44 | AN20: =+G20+S20-AF20-AK20 -> 8.34508 | AO20: =+H20+T20-AG20-AL20 -> 8.013896 | AP20: =(AN20+AO20)/(S20+T20) -> 0.33522096 | AQ20: =($AP$1*AN20+$AQ$1*AO20) -> 6144.5352 | AR20: =(D20+J20+O20)-(X20+AH20) -> -19.44
A21: =CONCATENATE(B21,C21) -> 46182E | B21: =+B19+1 -> 46182 | C21: E | D21: 0 | E21: 0 | F21: 0 | G21: =+D21*E21% -> 0 | H21: =+D21*F21% -> 0 | I21: 608.1 | J21: 626.343 | K21: 3.94 | L21: 8.29 | M21: 0 | N21: 0 | O21: 0 | P21: 0 | Q21: 0 | R21: =+J21+O21 -> 626.343 | S21: =+J21*K21%+O21*P21% -> 24.677914 | T21: =+J21*L21%+O21*Q21% -> 51.923835 | U21: 0 | V21: 0 | W21: 0 | X21: 0 | Y21: 0 | Z21: 0 | AA21: =X21*Y21% -> 0 | AB21: =X21*Z21% -> 0 | AF21: =AC21*AD21% -> 0 | AG21: =AC21*AE21% -> 0 | AH21: 627 | AI21: 4.1 | AJ21: 8.23 | AK21: =AH21*AI21% -> 25.707 | AL21: =AH21*AJ21% -> 51.6021 | AM21: =+D21+R21-AC21-AH21 -> -0.657 | AN21: =+G21+S21-AF21-AK21 -> -1.0290858 | AO21: =+H21+T21-AG21-AL21 -> 0.3217347 | AP21: =(AN21+AO21)/(S21+T21) -> -0.0092341377 | AQ21: =($AP$1*AN21+$AQ$1*AO21) -> -365.68029 | AR21: =(D21+J21+O21)-(X21+AH21) -> -0.657
A22: =CONCATENATE(B22,C22) -> 46183M | B22: =+B20+1 -> 46183 | C22: M | D22: 627 | E22: 4.1 | F22: 8.23 | G22: =+D22*E22% -> 25.707 | H22: =+D22*F22% -> 51.6021 | I22: 427.7 | J22: 440.531 | K22: 4.41 | L22: 8.46 | M22: 0 | N22: 0 | O22: 0 | P22: 0 | Q22: 0 | R22: =+J22+O22 -> 440.531 | S22: =+J22*K22%+O22*P22% -> 19.427417 | T22: =+J22*L22%+O22*Q22% -> 37.268923 | U22: 0 | V22: 0 | W22: 0 | X22: 0 | Y22: 0 | Z22: 0 | AA22: =X22*Y22% -> 0 | AB22: =X22*Z22% -> 0 | AF22: =AC22*AD22% -> 0 | AG22: =AC22*AE22% -> 0 | AH22: 1068 | AI22: 4.2 | AJ22: 8.25 | AK22: =AH22*AI22% -> 44.856 | AL22: =AH22*AJ22% -> 88.11 | AM22: =+D22+R22-AC22-AH22 -> -0.469 | AN22: =+G22+S22-AF22-AK22 -> 0.2784171 | AO22: =+H22+T22-AG22-AL22 -> 0.7610226 | AP22: =(AN22+AO22)/(S22+T22) -> 0.018333453 | AQ22: =($AP$1*AN22+$AQ$1*AO22) -> 352.73799 | AR22: =(D22+J22+O22)-(X22+AH22) -> -0.469
A23: =CONCATENATE(B23,C23) -> 46183E | B23: =+B21+1 -> 46183 | C23: E | D23: 1068 | E23: 4.2 | F23: 8.25 | G23: =+D23*E23% -> 44.856 | H23: =+D23*F23% -> 88.11 | I23: 579.7 | J23: 597.091 | K23: 3.91 | L23: 8.36 | M23: 0 | N23: 0 | O23: 0 | P23: 0 | Q23: 0 | R23: =+J23+O23 -> 597.091 | S23: =+J23*K23%+O23*P23% -> 23.346258 | T23: =+J23*L23%+O23*Q23% -> 49.916808 | U23: 0 | V23: 00 | W23: 0 | X23: 0 | Y23: 0 | Z23: 0 | AA23: =X23*Y23% -> 0 | AB23: =X23*Z23% -> 0 | AF23: =AC23*AD23% -> 0 | AG23: =AC23*AE23% -> 0 | AH23: 1665 | AI23: 4.09 | AJ23: 8.28 | AK23: =AH23*AI23% -> 68.0985 | AL23: =AH23*AJ23% -> 137.862 | AM23: =+D23+R23-AC23-AH23 -> 0.091 | AN23: =+G23+S23-AF23-AK23 -> 0.1037581 | AO23: =+H23+T23-AG23-AL23 -> 0.1648076 | AP23: =(AN23+AO23)/(S23+T23) -> 0.0036657721 | AQ23: =($AP$1*AN23+$AQ$1*AO23) -> 95.900568 | AR23: =(D23+J23+O23)-(X23+AH23) -> 0.091
A24: =CONCATENATE(B24,C24) -> 46184M | B24: =+B22+1 -> 46184 | C24: M | D24: 1665 | E24: 4.09 | F24: 8.28 | G24: =+D24*E24% -> 68.0985 | H24: =+D24*F24% -> 137.862 | I24: 397.7 | J24: 409.631 | K24: 4.3 | L24: 8.32 | M24: 0 | N24: 0 | O24: 0 | P24: 0 | Q24: 0 | R24: =+J24+O24 -> 409.631 | S24: =+J24*K24%+O24*P24% -> 17.614133 | T24: =+J24*L24%+O24*Q24% -> 34.081299 | U24: 00 | V24: 0 | W24: 0 | X24: 0 | Y24: 0 | Z24: 0 | AA24: =X24*Y24% -> 0 | AB24: =X24*Z24% -> 0 | AF24: =AC24*AD24% -> 0 | AG24: =AC24*AE24% -> 0 | AH24: 2074 | AI24: 4.1 | AJ24: 8.26 | AK24: =AH24*AI24% -> 85.034 | AL24: =AH24*AJ24% -> 171.3124 | AM24: =+D24+R24-AC24-AH24 -> 0.631 | AN24: =+G24+S24-AF24-AK24 -> 0.678633 | AO24: =+H24+T24-AG24-AL24 -> 0.6308992 | AP24: =(AN24+AO24)/(S24+T24) -> 0.025331681 | AQ24: =($AP$1*AN24+$AQ$1*AO24) -> 493.45645 | AR24: =(D24+J24+O24)-(X24+AH24) -> 0.631
A25: =CONCATENATE(B25,C25) -> 46184E | B25: =+B23+1 -> 46184 | C25: E | D25: 2074 | E25: 4.1 | F25: 8.26 | G25: =+D25*E25% -> 85.034 | H25: =+D25*F25% -> 171.3124 | I25: 510.2 | J25: 525.506 | K25: 3.81 | L25: 8.25 | M25: 0 | N25: 0 | O25: 0 | P25: 0 | Q25: 0 | R25: =+J25+O25 -> 525.506 | S25: =+J25*K25%+O25*P25% -> 20.021779 | T25: =+J25*L25%+O25*Q25% -> 43.354245 | U25: 0 | V25: 00 | W25: 0 | X25: 0 | Y25: 0 | Z25: 0 | AA25: =X25*Y25% -> 0 | AB25: =X25*Z25% -> 0 | AF25: =AC25*AD25% -> 0 | AG25: =AC25*AE25% -> 0 | AH25: 2599 | AI25: 4.04 | AJ25: 8.52 | AK25: =AH25*AI25% -> 104.9996 | AL25: =AH25*AJ25% -> 221.4348 | AM25: =+D25+R25-AC25-AH25 -> 0.506 | AN25: =+G25+S25-AF25-AK25 -> 0.0561786 | AO25: =+H25+T25-AG25-AL25 -> -6.768155 | AP25: =(AN25+AO25)/(S25+T25) -> -0.10590719 | AQ25: =($AP$1*AN25+$AQ$1*AO25) -> -2000.3092 | AR25: =(D25+J25+O25)-(X25+AH25) -> 0.506
A26: =CONCATENATE(B26,C26) -> 46185M | B26: =+B24+1 -> 46185 | C26: M | G26: =+D26*E26% -> 0 | H26: =+D26*F26% -> 0 | R26: =+J26+O26 -> 0 | S26: =+J26*K26%+O26*P26% -> 0 | T26: =+J26*L26%+O26*Q26% -> 0 | AA26: =X26*Y26% -> 0 | AB26: =X26*Z26% -> 0 | AF26: =AC26*AD26% -> 0 | AG26: =AC26*AE26% -> 0 | AK26: =AH26*AI26% -> 0 | AL26: =AH26*AJ26% -> 0 | AM26: =+D26+R26-AC26-AH26 -> 0 | AN26: =+G26+S26-AF26-AK26 -> 0 | AO26: =+H26+T26-AG26-AL26 -> 0 | AP26: =(AN26+AO26)/(S26+T26) -> #DIV/0! | AQ26: =($AP$1*AN26+$AQ$1*AO26) -> 0 | AR26: =(D26+J26+O26)-(X26+AH26) -> 0
A27: =CONCATENATE(B27,C27) -> 46185E | B27: =+B25+1 -> 46185 | C27: E | G27: =+D27*E27% -> 0 | H27: =+D27*F27% -> 0 | R27: =+J27+O27 -> 0 | S27: =+J27*K27%+O27*P27% -> 0 | T27: =+J27*L27%+O27*Q27% -> 0 | AA27: =X27*Y27% -> 0 | AB27: =X27*Z27% -> 0 | AF27: =AC27*AD27% -> 0 | AG27: =AC27*AE27% -> 0 | AK27: =AH27*AI27% -> 0 | AL27: =AH27*AJ27% -> 0 | AM27: =+D27+R27-AC27-AH27 -> 0 | AN27: =+G27+S27-AF27-AK27 -> 0 | AO27: =+H27+T27-AG27-AL27 -> 0 | AP27: =(AN27+AO27)/(S27+T27) -> #DIV/0! | AQ27: =($AP$1*AN27+$AQ$1*AO27) -> 0 | AR27: =(D27+J27+O27)-(X27+AH27) -> 0
A28: =CONCATENATE(B28,C28) -> 46186M | B28: =+B26+1 -> 46186 | C28: M | G28: =+D28*E28% -> 0 | H28: =+D28*F28% -> 0 | R28: =+J28+O28 -> 0 | S28: =+J28*K28%+O28*P28% -> 0 | T28: =+J28*L28%+O28*Q28% -> 0 | AA28: =X28*Y28% -> 0 | AB28: =X28*Z28% -> 0 | AF28: =AC28*AD28% -> 0 | AG28: =AC28*AE28% -> 0 | AK28: =AH28*AI28% -> 0 | AL28: =AH28*AJ28% -> 0 | AM28: =+D28+R28-AC28-AH28 -> 0 | AN28: =+G28+S28-AF28-AK28 -> 0 | AO28: =+H28+T28-AG28-AL28 -> 0 | AP28: =(AN28+AO28)/(S28+T28) -> #DIV/0! | AQ28: =($AP$1*AN28+$AQ$1*AO28) -> 0 | AR28: =(D28+J28+O28)-(X28+AH28) -> 0
A29: =CONCATENATE(B29,C29) -> 46186E | B29: =+B27+1 -> 46186 | C29: E | G29: =+D29*E29% -> 0 | H29: =+D29*F29% -> 0 | R29: =+J29+O29 -> 0 | S29: =+J29*K29%+O29*P29% -> 0 | T29: =+J29*L29%+O29*Q29% -> 0 | AA29: =X29*Y29% -> 0 | AB29: =X29*Z29% -> 0 | AF29: =AC29*AD29% -> 0 | AG29: =AC29*AE29% -> 0 | AK29: =AH29*AI29% -> 0 | AL29: =AH29*AJ29% -> 0 | AM29: =+D29+R29-AC29-AH29 -> 0 | AN29: =+G29+S29-AF29-AK29 -> 0 | AO29: =+H29+T29-AG29-AL29 -> 0 | AP29: =(AN29+AO29)/(S29+T29) -> #DIV/0! | AQ29: =($AP$1*AN29+$AQ$1*AO29) -> 0 | AR29: =(D29+J29+O29)-(X29+AH29) -> 0
A30: =CONCATENATE(B30,C30) -> 46187M | B30: =+B28+1 -> 46187 | C30: M | G30: =+D30*E30% -> 0 | H30: =+D30*F30% -> 0 | R30: =+J30+O30 -> 0 | S30: =+J30*K30%+O30*P30% -> 0 | T30: =+J30*L30%+O30*Q30% -> 0 | AA30: =X30*Y30% -> 0 | AB30: =X30*Z30% -> 0 | AF30: =AC30*AD30% -> 0 | AG30: =AC30*AE30% -> 0 | AK30: =AH30*AI30% -> 0 | AL30: =AH30*AJ30% -> 0 | AM30: =+D30+R30-AC30-AH30 -> 0 | AN30: =+G30+S30-AF30-AK30 -> 0 | AO30: =+H30+T30-AG30-AL30 -> 0 | AP30: =(AN30+AO30)/(S30+T30) -> #DIV/0! | AQ30: =($AP$1*AN30+$AQ$1*AO30) -> 0 | AR30: =(D30+J30+O30)-(X30+AH30) -> 0
A31: =CONCATENATE(B31,C31) -> 46187E | B31: =+B29+1 -> 46187 | C31: E | G31: =+D31*E31% -> 0 | H31: =+D31*F31% -> 0 | R31: =+J31+O31 -> 0 | S31: =+J31*K31%+O31*P31% -> 0 | T31: =+J31*L31%+O31*Q31% -> 0 | AA31: =X31*Y31% -> 0 | AB31: =X31*Z31% -> 0 | AF31: =AC31*AD31% -> 0 | AG31: =AC31*AE31% -> 0 | AK31: =AH31*AI31% -> 0 | AL31: =AH31*AJ31% -> 0 | AM31: =+D31+R31-AC31-AH31 -> 0 | AN31: =+G31+S31-AF31-AK31 -> 0 | AO31: =+H31+T31-AG31-AL31 -> 0 | AP31: =(AN31+AO31)/(S31+T31) -> #DIV/0! | AQ31: =($AP$1*AN31+$AQ$1*AO31) -> 0 | AR31: =(D31+J31+O31)-(X31+AH31) -> 0
A32: =CONCATENATE(B32,C32) -> 46188M | B32: =+B30+1 -> 46188 | C32: M | G32: =+D32*E32% -> 0 | H32: =+D32*F32% -> 0 | R32: =+J32+O32 -> 0 | S32: =+J32*K32%+O32*P32% -> 0 | T32: =+J32*L32%+O32*Q32% -> 0 | AA32: =X32*Y32% -> 0 | AB32: =X32*Z32% -> 0 | AF32: =AC32*AD32% -> 0 | AG32: =AC32*AE32% -> 0 | AK32: =AH32*AI32% -> 0 | AL32: =AH32*AJ32% -> 0 | AM32: =+D32+R32-AC32-AH32 -> 0 | AN32: =+G32+S32-AF32-AK32 -> 0 | AO32: =+H32+T32-AG32-AL32 -> 0 | AP32: =(AN32+AO32)/(S32+T32) -> #DIV/0! | AQ32: =($AP$1*AN32+$AQ$1*AO32) -> 0 | AR32: =(D32+J32+O32)-(X32+AH32) -> 0
A33: =CONCATENATE(B33,C33) -> 46188E | B33: =+B31+1 -> 46188 | C33: E | G33: =+D33*E33% -> 0 | H33: =+D33*F33% -> 0 | R33: =+J33+O33 -> 0 | S33: =+J33*K33%+O33*P33% -> 0 | T33: =+J33*L33%+O33*Q33% -> 0 | AA33: =X33*Y33% -> 0 | AB33: =X33*Z33% -> 0 | AF33: =AC33*AD33% -> 0 | AG33: =AC33*AE33% -> 0 | AK33: =AH33*AI33% -> 0 | AL33: =AH33*AJ33% -> 0 | AM33: =+D33+R33-AC33-AH33 -> 0 | AN33: =+G33+S33-AF33-AK33 -> 0 | AO33: =+H33+T33-AG33-AL33 -> 0 | AP33: =(AN33+AO33)/(S33+T33) -> #DIV/0! | AQ33: =($AP$1*AN33+$AQ$1*AO33) -> 0 | AR33: =(D33+J33+O33)-(X33+AH33) -> 0
A34: =CONCATENATE(B34,C34) -> 46189M | B34: =+B32+1 -> 46189 | C34: M | G34: =+D34*E34% -> 0 | H34: =+D34*F34% -> 0 | R34: =+J34+O34 -> 0 | S34: =+J34*K34%+O34*P34% -> 0 | T34: =+J34*L34%+O34*Q34% -> 0 | AA34: =X34*Y34% -> 0 | AB34: =X34*Z34% -> 0 | AF34: =AC34*AD34% -> 0 | AG34: =AC34*AE34% -> 0 | AK34: =AH34*AI34% -> 0 | AL34: =AH34*AJ34% -> 0 | AM34: =+D34+R34-AC34-AH34 -> 0 | AN34: =+G34+S34-AF34-AK34 -> 0 | AO34: =+H34+T34-AG34-AL34 -> 0 | AP34: =(AN34+AO34)/(S34+T34) -> #DIV/0! | AQ34: =($AP$1*AN34+$AQ$1*AO34) -> 0 | AR34: =(D34+J34+O34)-(X34+AH34) -> 0
A35: =CONCATENATE(B35,C35) -> 46189E | B35: =+B33+1 -> 46189 | C35: E | G35: =+D35*E35% -> 0 | H35: =+D35*F35% -> 0 | R35: =+J35+O35 -> 0 | S35: =+J35*K35%+O35*P35% -> 0 | T35: =+J35*L35%+O35*Q35% -> 0 | AA35: =X35*Y35% -> 0 | AB35: =X35*Z35% -> 0 | AF35: =AC35*AD35% -> 0 | AG35: =AC35*AE35% -> 0 | AK35: =AH35*AI35% -> 0 | AL35: =AH35*AJ35% -> 0 | AM35: =+D35+R35-AC35-AH35 -> 0 | AN35: =+G35+S35-AF35-AK35 -> 0 | AO35: =+H35+T35-AG35-AL35 -> 0 | AP35: =(AN35+AO35)/(S35+T35) -> #DIV/0! | AQ35: =($AP$1*AN35+$AQ$1*AO35) -> 0 | AR35: =(D35+J35+O35)-(X35+AH35) -> 0
A36: =CONCATENATE(B36,C36) -> 46190M | B36: =+B34+1 -> 46190 | C36: M | G36: =+D36*E36% -> 0 | H36: =+D36*F36% -> 0 | R36: =+J36+O36 -> 0 | S36: =+J36*K36%+O36*P36% -> 0 | T36: =+J36*L36%+O36*Q36% -> 0 | AA36: =X36*Y36% -> 0 | AB36: =X36*Z36% -> 0 | AF36: =AC36*AD36% -> 0 | AG36: =AC36*AE36% -> 0 | AK36: =AH36*AI36% -> 0 | AL36: =AH36*AJ36% -> 0 | AM36: =+D36+R36-AC36-AH36 -> 0 | AN36: =+G36+S36-AF36-AK36 -> 0 | AO36: =+H36+T36-AG36-AL36 -> 0 | AP36: =(AN36+AO36)/(S36+T36) -> #DIV/0! | AQ36: =($AP$1*AN36+$AQ$1*AO36) -> 0 | AR36: =(D36+J36+O36)-(X36+AH36) -> 0
A37: =CONCATENATE(B37,C37) -> 46190E | B37: =+B35+1 -> 46190 | C37: E | G37: =+D37*E37% -> 0 | H37: =+D37*F37% -> 0 | R37: =+J37+O37 -> 0 | S37: =+J37*K37%+O37*P37% -> 0 | T37: =+J37*L37%+O37*Q37% -> 0 | AA37: =X37*Y37% -> 0 | AB37: =X37*Z37% -> 0 | AF37: =AC37*AD37% -> 0 | AG37: =AC37*AE37% -> 0 | AK37: =AH37*AI37% -> 0 | AL37: =AH37*AJ37% -> 0 | AM37: =+D37+R37-AC37-AH37 -> 0 | AN37: =+G37+S37-AF37-AK37 -> 0 | AO37: =+H37+T37-AG37-AL37 -> 0 | AP37: =(AN37+AO37)/(S37+T37) -> #DIV/0! | AQ37: =($AP$1*AN37+$AQ$1*AO37) -> 0 | AR37: =(D37+J37+O37)-(X37+AH37) -> 0
... A65: =CONCATENATE(B65,C65) -> 46204E | B65: =+B63+1 -> 46204 | C65: E | G65: =+D65*E65% -> 0 | H65: =+D65*F65% -> 0 | R65: =+J65+O65 -> 0 | S65: =+J65*K65%+O65*P65% -> 0 | T65: =+J65*L65%+O65*Q65% -> 0 | AA65: =X65*Y65% -> 0 | AB65: =X65*Z65% -> 0 | AF65: =AC65*AD65% -> 0 | AG65: =AC65*AE65% -> 0 | AK65: =AH65*AI65% -> 0 | AL65: =AH65*AJ65% -> 0 | AM65: =+D65+R65-AC65-AH65 -> 0 | AN65: =+G65+S65-AF65-AK65 -> 0 | AO65: =+H65+T65-AG65-AL65 -> 0 | AP65: =(AN65+AO65)/(S65+T65) -> #DIV/0! | AQ65: =($AP$1*AN65+$AQ$1*AO65) -> 0 | AR65: =(D65+J65+O65)-(X65+AH65) -> 0
J66: =SUM(J4:J65) -> 14979.805 | AM66: =-SUM(AM4:AM65) -> 54.195 | AN66: =-SUM(AN4:AN65) -> 5.9641393 | AO66: =-SUM(AO4:AO65) -> -22.406394 | AP66: =-SUM(AP4:AP65) -> #DIV/0! | AQ66: =-SUM(AQ4:AQ65) -> -4028.2743

Sheet Alauli
B1: Alauli Bmc | AG1: 392 | AP1: =Sumarry!$K$4 -> 448.91 | AQ1: =Sumarry!$L$4 -> 299.27333
B2: Date | C2: Shift | D2: OB | I2: Milk from MPG in Ltr | M2: Transfer from other BMC/RMC | R2: Total Milk Receipt in Kg | U2: Tanker Dispatch Details | AC2: Plant Receipt | AH2: CB | AM2: Loss/(Gain)
D3: Qty KG | E3: Fat% | F3: Snf% | G3: FAT Kg | H3: SNF Kg | I3: Qty Ltr | J3: Qty Kg | K3: Fat% | L3: Snf% | M3: From | N3: Tanker No | O3: Qty Kg | P3: Fat% | Q3: Snf% | R3: Qty Kg | S3: FAT Kg | T3: SNF Kg | U3: Tanker | V3: Challan | W3: To | X3: Qty KG | Y3: Fat% | Z3: Snf% | AA3: FAT Kg | AB3: SNF Kg | AC3: Qty KG | AD3: Fat% | AE3: Snf% | AF3: FAT Kg | AG3: SNF Kg | AH3: Qty KG | AI3: Fat% | AJ3: Snf% | AK3: FAT Kg | AL3: SNF Kg | AM3: Qty KG | AN3: FAT Kg | AO3: SNF Kg | AP3: TS Loss% | AQ3: Amount
A4: =CONCATENATE(B4,C4) -> 46174M | B4: 46174 | C4: M | D4: 10676.4 | E4: 4.53 | F4: 8.13 | G4: =+D4*E4% -> 483.64092 | H4: =+D4*F4% -> 867.99132 | I4: 2705.4 | J4: 2786.562 | K4: 4.8653767 | L4: 8.1485843 | M4: 0 | N4: 0 | O4: 0 | P4: 0 | Q4: 0 | R4: =+J4+O4 -> 2786.562 | S4: =+J4*K4%+O4*P4% -> 135.57674 | T4: =+J4*L4%+O4*Q4% -> 227.06535 | U4: 6545 | V4: 87593 | W4: Itc munger | X4: 6280 | Y4: 4.68 | Z4: 8.22 | AA4: =X4*Y4% -> 293.904 | AB4: =X4*Z4% -> 516.216 | AC4: 6260 | AD4: 4.5 | AE4: 8.18 | AF4: =AC4*AD4% -> 281.7 | AG4: =AC4*AE4% -> 512.068 | AH4: 7182.9 | AI4: 4.6 | AJ4: 8.13 | AK4: =AH4*AI4% -> 330.4134 | AL4: =AH4*AJ4% -> 583.96977 | AM4: =+D4+R4-AC4-AH4 -> 20.062 | AN4: =+G4+S4-AF4-AK4 -> 7.104257 | AO4: =+H4+T4-AG4-AL4 -> -0.981096 | AP4: =(AN4+AO4)/(S4+T4) -> 0.01688486 | AQ4: =($AP$1*AN4+$AQ$1*AO4) -> 2895.5561 | AR4: =(D4+J4+O4)-(X4+AH4) -> 0.062
A5: =CONCATENATE(B5,C5) -> 46174E | B5: =+B4 -> 46174 | C5: E | D5: 7182.9 | E5: 4.6 | F5: 8.13 | G5: =+D5*E5% -> 330.4134 | H5: =+D5*F5% -> 583.96977 | I5: 2113.6 | J5: 2177.008 | K5: 4.3340367 | L5: 8.18618 | M5: 0 | N5: 0 | O5: 0 | P5: 0 | Q5: 0 | R5: =+J5+O5 -> 2177.008 | S5: =+J5*K5%+O5*P5% -> 94.352326 | T5: =+J5*L5%+O5*Q5% -> 178.21379 | U5: 6102 | V5: 87594 | W5: Manjhaul | X5: 5200 | Y5: 4.75 | Z5: 8.29 | AA5: =X5*Y5% -> 247 | AB5: =X5*Z5% -> 431.08 | AC5: 5190 | AD5: 4.7 | AE5: 8.22 | AF5: =AC5*AD5% -> 243.93 | AG5: =AC5*AE5% -> 426.618 | AH5: 4159.9 | AI5: 4.53 | AJ5: 8.14 | AK5: =AH5*AI5% -> 188.44347 | AL5: =AH5*AJ5% -> 338.61586 | AM5: =+D5+R5-AC5-AH5 -> 10.008 | AN5: =+G5+S5-AF5-AK5 -> -7.607744 | AO5: =+H5+T5-AG5-AL5 -> -3.050297 | AP5: =(AN5+AO5)/(S5+T5) -> -0.039102589 | AQ5: =($AP$1*AN5+$AQ$1*AO5) -> -4328.0649 | AR5: =(D5+J5+O5)-(X5+AH5) -> 0.008
A6: =CONCATENATE(B6,C6) -> 46175M | B6: =+B4+1 -> 46175 | C6: M | D6: 4159.9 | E6: 4.53 | F6: 8.14 | G6: =+D6*E6% -> 188.44347 | H6: =+D6*F6% -> 338.61586 | I6: 2517.3 | J6: 2592.819 | K6: 4.7919199 | L6: 8.0470107 | M6: 0 | N6: 0 | O6: 0 | P6: 0 | Q6: 0 | R6: =+J6+O6 -> 2592.819 | S6: =+J6*K6%+O6*P6% -> 124.24581 | T6: =+J6*L6%+O6*Q6% -> 208.64442 | U6: 0 | V6: 00 | W6: 0 | X6: 0 | Y6: 0 | Z6: 0 | AA6: =X6*Y6% -> 0 | AB6: =X6*Z6% -> 0 | AF6: =AC6*AD6% -> 0 | AG6: =AC6*AE6% -> 0 | AH6: 6752.7 | AI6: 4.62 | AJ6: 8.1 | AK6: =AH6*AI6% -> 311.97474 | AL6: =AH6*AJ6% -> 546.9687 | AM6: =+D6+R6-AC6-AH6 -> 0.019 | AN6: =+G6+S6-AF6-AK6 -> 0.71454 | AO6: =+H6+T6-AG6-AL6 -> 0.291582 | AP6: =(AN6+AO6)/(S6+T6) -> 0.0030223837 | AQ6: =($AP$1*AN6+$AQ$1*AO6) -> 408.02687 | AR6: =(D6+J6+O6)-(X6+AH6) -> 0.019
A7: =CONCATENATE(B7,C7) -> 46175E | B7: =+B5+1 -> 46175 | C7: E | D7: 6752.7 | E7: 4.62 | F7: 8.1 | G7: =+D7*E7% -> 311.97474 | H7: =+D7*F7% -> 546.9687 | I7: 2645.4 | J7: 2724.762 | K7: 4.2898994 | L7: 8.1086452 | M7: 0 | N7: 0 | O7: 0 | P7: 0 | Q7: 0 | R7: =+J7+O7 -> 2724.762 | S7: =+J7*K7%+O7*P7% -> 116.88955 | T7: =+J7*L7%+O7*Q7% -> 220.94128 | U7: 0 | V7: 00 | W7: 0 | X7: 0 | Y7: 0 | Z7: 0 | AA7: =X7*Y7% -> 0 | AB7: =X7*Z7% -> 0 | AF7: =AC7*AD7% -> 0 | AG7: =AC7*AE7% -> 0 | AH7: 9477.4 | AI7: 4.52 | AJ7: 8.1 | AK7: =AH7*AI7% -> 428.37848 | AL7: =AH7*AJ7% -> 767.6694 | AM7: =+D7+R7-AC7-AH7 -> 0.062 | AN7: =+G7+S7-AF7-AK7 -> 0.48581 | AO7: =+H7+T7-AG7-AL7 -> 0.240583 | AP7: =(AN7+AO7)/(S7+T7) -> 0.0021501679 | AQ7: =($AP$1*AN7+$AQ$1*AO7) -> 290.08504 | AR7: =(D7+J7+O7)-(X7+AH7) -> 0.062
A8: =CONCATENATE(B8,C8) -> 46176M | B8: =+B6+1 -> 46176 | C8: M | D8: 9477.4 | E8: 4.52 | F8: 8.1 | G8: =+D8*E8% -> 428.37848 | H8: =+D8*F8% -> 767.6694 | I8: 2771.7 | J8: 2854.851 | K8: 4.8263629 | L8: 8.1715265 | M8: 0 | N8: 0 | O8: 0 | P8: 0 | Q8: 0 | R8: =+J8+O8 -> 2854.851 | S8: =+J8*K8%+O8*P8% -> 137.78547 | T8: =+J8*L8%+O8*Q8% -> 233.28491 | U8: 1842 | V8: 87595 | W8: Itc munger | X8: 10000 | Y8: 4.5 | Z8: 8.28 | AA8: =X8*Y8% -> 450 | AB8: =X8*Z8% -> 828 | AC8: 10000 | AD8: 4.4497 | AE8: 8.23507 | AF8: =AC8*AD8% -> 444.97 | AG8: =AC8*AE8% -> 823.507 | AH8: 2332.2 | AI8: 4.59 | AJ8: 8.12 | AK8: =AH8*AI8% -> 107.04798 | AL8: =AH8*AJ8% -> 189.37464 | AM8: =+D8+R8-AC8-AH8 -> 0.051 | AN8: =+G8+S8-AF8-AK8 -> 14.145969 | AO8: =+H8+T8-AG8-AL8 -> -11.927334 | AP8: =(AN8+AO8)/(S8+T8) -> 0.0059790141 | AQ8: =($AP$1*AN8+$AQ$1*AO8) -> 2780.7339 | AR8: =(D8+J8+O8)-(X8+AH8) -> 0.051
A9: =CONCATENATE(B9,C9) -> 46176E | B9: =+B7+1 -> 46176 | C9: E | D9: 2332.2 | E9: 4.59 | F9: 8.12 | G9: =+D9*E9% -> 107.04798 | H9: =+D9*F9% -> 189.37464 | I9: 2345.4 | J9: 2415.762 | K9: 4.3344845 | L9: 8.0979492 | M9: 0 | N9: 0 | O9: 0 | P9: 0 | Q9: 0 | R9: =+J9+O9 -> 2415.762 | S9: =+J9*K9%+O9*P9% -> 104.71083 | T9: =+J9*L9%+O9*Q9% -> 195.62718 | U9: 0 | V9: 0 | W9: 0 | X9: 0 | Y9: 0 | Z9: 0 | AA9: =X9*Y9% -> 0 | AB9: =X9*Z9% -> 0 | AF9: =AC9*AD9% -> 0 | AG9: =AC9*AE9% -> 0 | AH9: 4747.9 | AI9: 4.45 | AJ9: 8.1 | AK9: =AH9*AI9% -> 211.28155 | AL9: =AH9*AJ9% -> 384.5799 | AM9: =+D9+R9-AC9-AH9 -> 0.062 | AN9: =+G9+S9-AF9-AK9 -> 0.47726 | AO9: =+H9+T9-AG9-AL9 -> 0.421919 | AP9: =(AN9+AO9)/(S9+T9) -> 0.0029938901 | AQ9: =($AP$1*AN9+$AQ$1*AO9) -> 340.51589 | AR9: =(D9+J9+O9)-(X9+AH9) -> 0.062
A10: =CONCATENATE(B10,C10) -> 46177M | B10: =+B8+1 -> 46177 | C10: M | D10: 4747.9 | E10: 4.45 | F10: 8.1 | G10: =+D10*E10% -> 211.28155 | H10: =+D10*F10% -> 384.5799 | I10: 2535.7 | J10: 2611.771 | K10: 4.7959893 | L10: 8.2815238 | M10: 0 | N10: 0 | O10: 0 | P10: 0 | Q10: 0 | R10: =+J10+O10 -> 2611.771 | S10: =+J10*K10%+O10*P10% -> 125.26026 | T10: =+J10*L10%+O10*Q10% -> 216.29444 | U10: 0 | V10: 0 | W10: 00 | X10: 0 | Y10: 0 | Z10: 0 | AA10: =X10*Y10% -> 0 | AB10: =X10*Z10% -> 0 | AF10: =AC10*AD10% -> 0 | AG10: =AC10*AE10% -> 0 | AH10: 7359.6 | AI10: 4.57 | AJ10: 8.16 | AK10: =AH10*AI10% -> 336.33372 | AL10: =AH10*AJ10% -> 600.54336 | AM10: =+D10+R10-AC10-AH10 -> 0.071 | AN10: =+G10+S10-AF10-AK10 -> 0.208087 | AO10: =+H10+T10-AG10-AL10 -> 0.330978 | AP10: =(AN10+AO10)/(S10+T10) -> 0.0015782685 | AQ10: =($AP$1*AN10+$AQ$1*AO10) -> 192.46522 | AR10: =(D10+J10+O10)-(X10+AH10) -> 0.071
